support_id,job_id,design_type,reason,coverage_item,coverage_option,intensity,coherence,pattern,profile
257,teen_social_big_support_aug3_257,adaptive_uniform,repair measured equal-weight marginal deficits,,,,explicit,"{""connection_effect"": ""Makes me feel more connected"", ""late_night_use"": ""Rarely"", ""parental_rules"": ""No rules"", ""posting_frequency"": ""A few times a week"", ""primary_platform"": ""Another platform"", ""sleep_interference"": ""Often"", ""social_comparison"": ""Rarely"", ""social_media_hours"": ""Four or more hours""}",
258,teen_social_big_support_aug3_258,adaptive_uniform,repair measured equal-weight marginal deficits,,,,explicit,"{""connection_effect"": ""Makes me feel less connected"", ""late_night_use"": ""Often"", ""parental_rules"": ""Very strict rules"", ""posting_frequency"": ""Never or almost never"", ""primary_platform"": ""YouTube"", ""sleep_interference"": ""Often"", ""social_comparison"": ""Sometimes"", ""social_media_hours"": ""Less than one hour""}",
259,teen_social_big_support_aug3_259,adaptive_uniform,repair measured equal-weight marginal deficits,,,,explicit,"{""connection_effect"": ""Makes me feel less connected"", ""late_night_use"": ""Often"", ""parental_rules"": ""Some clear rules"", ""posting_frequency"": ""Never or almost never"", ""primary_platform"": ""TikTok"", ""sleep_interference"": ""Never"", ""social_comparison"": ""Rarely"", ""social_media_hours"": ""Less than one hour""}",
260,teen_social_big_support_aug3_260,adaptive_uniform,repair measured equal-weight marginal deficits,,,,explicit,"{""connection_effect"": ""Makes me feel less connected"", ""late_night_use"": ""Often"", ""parental_rules"": ""Very strict rules"", ""posting_frequency"": ""A few times a week"", ""primary_platform"": ""Instagram"", ""sleep_interference"": ""Often"", ""social_comparison"": ""Often"", ""social_media_hours"": ""Less than one hour""}",
261,teen_social_big_support_aug3_261,adaptive_uniform,repair measured equal-weight marginal deficits,,,,explicit,"{""connection_effect"": ""Makes me feel less connected"", ""late_night_use"": ""Often"", ""parental_rules"": ""Very strict rules"", ""posting_frequency"": ""Less than once a week"", ""primary_platform"": ""Instagram"", ""sleep_interference"": ""Sometimes"", ""social_comparison"": ""Rarely"", ""social_media_hours"": ""Less than one hour""}",
262,teen_social_big_support_aug3_262,adaptive_uniform,repair measured equal-weight marginal deficits,,,,explicit,"{""connection_effect"": ""Makes me feel less connected"", ""late_night_use"": ""Often"", ""parental_rules"": ""Very strict rules"", ""posting_frequency"": ""Never or almost never"", ""primary_platform"": ""I do not use social media"", ""sleep_interference"": ""Sometimes"", ""social_comparison"": ""Never"", ""social_media_hours"": ""One to three hours""}",
263,teen_social_big_support_aug3_263,adaptive_uniform,repair measured equal-weight marginal deficits,,,,explicit,"{""connection_effect"": ""Makes me feel less connected"", ""late_night_use"": ""Often"", ""parental_rules"": ""No rules"", ""posting_frequency"": ""Never or almost never"", ""primary_platform"": ""TikTok"", ""sleep_interference"": ""Sometimes"", ""social_comparison"": ""Never"", ""social_media_hours"": ""Four or more hours""}",
264,teen_social_big_support_aug3_264,adaptive_uniform,repair measured equal-weight marginal deficits,,,,explicit,"{""connection_effect"": ""Makes me feel more connected"", ""late_night_use"": ""Often"", ""parental_rules"": ""Some clear rules"", ""posting_frequency"": ""Less than once a week"", ""primary_platform"": ""Another platform"", ""sleep_interference"": ""Never"", ""social_comparison"": ""Never"", ""social_media_hours"": ""Four or more hours""}",
265,teen_social_big_support_aug3_265,adaptive_uniform,repair measured equal-weight marginal deficits,,,,explicit,"{""connection_effect"": ""Makes me feel more connected"", ""late_night_use"": ""Never"", ""parental_rules"": ""Some clear rules"", ""posting_frequency"": ""Never or almost never"", ""primary_platform"": ""Another platform"", ""sleep_interference"": ""Often"", ""social_comparison"": ""Never"", ""social_media_hours"": ""One to three hours""}",
266,teen_social_big_support_aug3_266,adaptive_uniform,repair measured equal-weight marginal deficits,,,,explicit,"{""connection_effect"": ""Makes me feel more connected"", ""late_night_use"": ""Rarely"", ""parental_rules"": ""Some clear rules"", ""posting_frequency"": ""Less than once a week"", ""primary_platform"": ""Snapchat"", ""sleep_interference"": ""Sometimes"", ""social_comparison"": ""Never"", ""social_media_hours"": ""Four or more hours""}",
267,teen_social_big_support_aug3_267,adaptive_uniform,repair measured equal-weight marginal deficits,,,,explicit,"{""connection_effect"": ""Makes me feel more connected"", ""late_night_use"": ""Sometimes"", ""parental_rules"": ""No rules"", ""posting_frequency"": ""Never or almost never"", ""primary_platform"": ""Instagram"", ""sleep_interference"": ""Often"", ""social_comparison"": ""Often"", ""social_media_hours"": ""Less than one hour""}",
268,teen_social_big_support_aug3_268,adaptive_uniform,repair measured equal-weight marginal deficits,,,,explicit,"{""connection_effect"": ""Makes little difference"", ""late_night_use"": ""Often"", ""parental_rules"": ""No rules"", ""posting_frequency"": ""Never or almost never"", ""primary_platform"": ""TikTok"", ""sleep_interference"": ""Often"", ""social_comparison"": ""Often"", ""social_media_hours"": ""Less than one hour""}",
269,teen_social_big_support_aug3_269,adaptive_uniform,repair measured equal-weight marginal deficits,,,,explicit,"{""connection_effect"": ""Makes me feel more connected"", ""late_night_use"": ""Often"", ""parental_rules"": ""Very strict rules"", ""posting_frequency"": ""Less than once a week"", ""primary_platform"": ""Another platform"", ""sleep_interference"": ""Often"", ""social_comparison"": ""Sometimes"", ""social_media_hours"": ""Less than one hour""}",
270,teen_social_big_support_aug3_270,adaptive_uniform,repair measured equal-weight marginal deficits,,,,explicit,"{""connection_effect"": ""Makes me feel more connected"", ""late_night_use"": ""Never"", ""parental_rules"": ""Some clear rules"", ""posting_frequency"": ""Less than once a week"", ""primary_platform"": ""Instagram"", ""sleep_interference"": ""Sometimes"", ""social_comparison"": ""Sometimes"", ""social_media_hours"": ""Four or more hours""}",
271,teen_social_big_support_aug3_271,adaptive_uniform,repair measured equal-weight marginal deficits,,,,explicit,"{""connection_effect"": ""Makes me feel less connected"", ""late_night_use"": ""Never"", ""parental_rules"": ""A few loose rules"", ""posting_frequency"": ""At least once a day"", ""primary_platform"": ""YouTube"", ""sleep_interference"": ""Never"", ""social_comparison"": ""Rarely"", ""social_media_hours"": ""Four or more hours""}",
272,teen_social_big_support_aug3_272,adaptive_uniform,repair measured equal-weight marginal deficits,,,,explicit,"{""connection_effect"": ""Makes me feel less connected"", ""late_night_use"": ""Often"", ""parental_rules"": ""No rules"", ""posting_frequency"": ""At least once a day"", ""primary_platform"": ""Another platform"", ""sleep_interference"": ""Rarely"", ""social_comparison"": ""Often"", ""social_media_hours"": ""One to three hours""}",
273,teen_social_big_support_aug3_273,adaptive_uniform,repair measured equal-weight marginal deficits,,,,explicit,"{""connection_effect"": ""Makes me feel less connected"", ""late_night_use"": ""Sometimes"", ""parental_rules"": ""Very strict rules"", ""posting_frequency"": ""Less than once a week"", ""primary_platform"": ""I do not use social media"", ""sleep_interference"": ""Sometimes"", ""social_comparison"": ""Never"", ""social_media_hours"": ""Less than one hour""}",
274,teen_social_big_support_aug3_274,adaptive_uniform,repair measured equal-weight marginal deficits,,,,explicit,"{""connection_effect"": ""Makes me feel more connected"", ""late_night_use"": ""Never"", ""parental_rules"": ""A few loose rules"", ""posting_frequency"": ""Less than once a week"", ""primary_platform"": ""Another platform"", ""sleep_interference"": ""Never"", ""social_comparison"": ""Rarely"", ""social_media_hours"": ""Four or more hours""}",
275,teen_social_big_support_aug3_275,adaptive_uniform,repair measured equal-weight marginal deficits,,,,explicit,"{""connection_effect"": ""Makes me feel less connected"", ""late_night_use"": ""Often"", ""parental_rules"": ""Some clear rules"", ""posting_frequency"": ""Less than once a week"", ""primary_platform"": ""Instagram"", ""sleep_interference"": ""Rarely"", ""social_comparison"": ""Sometimes"", ""social_media_hours"": ""Four or more hours""}",
276,teen_social_big_support_aug3_276,adaptive_uniform,repair measured equal-weight marginal deficits,,,,explicit,"{""connection_effect"": ""Makes me feel more connected"", ""late_night_use"": ""Never"", ""parental_rules"": ""Very strict rules"", ""posting_frequency"": ""At least once a day"", ""primary_platform"": ""Another platform"", ""sleep_interference"": ""Sometimes"", ""social_comparison"": ""Never"", ""social_media_hours"": ""Four or more hours""}",
277,teen_social_big_support_aug3_277,adaptive_uniform,repair measured equal-weight marginal deficits,,,,explicit,"{""connection_effect"": ""Makes me feel less connected"", ""late_night_use"": ""Rarely"", ""parental_rules"": ""Some clear rules"", ""posting_frequency"": ""Never or almost never"", ""primary_platform"": ""I do not use social media"", ""sleep_interference"": ""Often"", ""social_comparison"": ""Sometimes"", ""social_media_hours"": ""Four or more hours""}",
278,teen_social_big_support_aug3_278,adaptive_uniform,repair measured equal-weight marginal deficits,,,,explicit,"{""connection_effect"": ""Makes me feel less connected"", ""late_night_use"": ""Rarely"", ""parental_rules"": ""Some clear rules"", ""posting_frequency"": ""Never or almost never"", ""primary_platform"": ""I do not use social media"", ""sleep_interference"": ""Often"", ""social_comparison"": ""Rarely"", ""social_media_hours"": ""Four or more hours""}",
279,teen_social_big_support_aug3_279,adaptive_uniform,repair measured equal-weight marginal deficits,,,,explicit,"{""connection_effect"": ""Makes me feel less connected"", ""late_night_use"": ""Never"", ""parental_rules"": ""Some clear rules"", ""posting_frequency"": ""A few times a week"", ""primary_platform"": ""YouTube"", ""sleep_interference"": ""Sometimes"", ""social_comparison"": ""Often"", ""social_media_hours"": ""One to three hours""}",
280,teen_social_big_support_aug3_280,adaptive_uniform,repair measured equal-weight marginal deficits,,,,explicit,"{""connection_effect"": ""Makes me feel more connected"", ""late_night_use"": ""Rarely"", ""parental_rules"": ""No rules"", ""posting_frequency"": ""At least once a day"", ""primary_platform"": ""I do not use social media"", ""sleep_interference"": ""Sometimes"", ""social_comparison"": ""Rarely"", ""social_media_hours"": ""Four or more hours""}",
281,teen_social_big_support_aug3_281,adaptive_uniform,repair measured equal-weight marginal deficits,,,,explicit,"{""connection_effect"": ""Makes me feel less connected"", ""late_night_use"": ""Rarely"", ""parental_rules"": ""A few loose rules"", ""posting_frequency"": ""Never or almost never"", ""primary_platform"": ""I do not use social media"", ""sleep_interference"": ""Sometimes"", ""social_comparison"": ""Rarely"", ""social_media_hours"": ""Four or more hours""}",
282,teen_social_big_support_aug3_282,adaptive_uniform,repair measured equal-weight marginal deficits,,,,explicit,"{""connection_effect"": ""Makes little difference"", ""late_night_use"": ""Often"", ""parental_rules"": ""Some clear rules"", ""posting_frequency"": ""Less than once a week"", ""primary_platform"": ""Another platform"", ""sleep_interference"": ""Sometimes"", ""social_comparison"": ""Sometimes"", ""social_media_hours"": ""One to three hours""}",
283,teen_social_big_support_aug3_283,adaptive_uniform,repair measured equal-weight marginal deficits,,,,explicit,"{""connection_effect"": ""Makes me feel less connected"", ""late_night_use"": ""Sometimes"", ""parental_rules"": ""A few loose rules"", ""posting_frequency"": ""Less than once a week"", ""primary_platform"": ""Snapchat"", ""sleep_interference"": ""Often"", ""social_comparison"": ""Rarely"", ""social_media_hours"": ""One to three hours""}",
284,teen_social_big_support_aug3_284,adaptive_uniform,repair measured equal-weight marginal deficits,,,,explicit,"{""connection_effect"": ""Makes little difference"", ""late_night_use"": ""Often"", ""parental_rules"": ""A few loose rules"", ""posting_frequency"": ""A few times a week"", ""primary_platform"": ""Instagram"", ""sleep_interference"": ""Never"", ""social_comparison"": ""Rarely"", ""social_media_hours"": ""Four or more hours""}",
285,teen_social_big_support_aug3_285,adaptive_uniform,repair measured equal-weight marginal deficits,,,,explicit,"{""connection_effect"": ""Makes little difference"", ""late_night_use"": ""Sometimes"", ""parental_rules"": ""Some clear rules"", ""posting_frequency"": ""Never or almost never"", ""primary_platform"": ""I do not use social media"", ""sleep_interference"": ""Never"", ""social_comparison"": ""Never"", ""social_media_hours"": ""Less than one hour""}",
286,teen_social_big_support_aug3_286,adaptive_uniform,repair measured equal-weight marginal deficits,,,,explicit,"{""connection_effect"": ""Makes me feel less connected"", ""late_night_use"": ""Often"", ""parental_rules"": ""No rules"", ""posting_frequency"": ""Never or almost never"", ""primary_platform"": ""YouTube"", ""sleep_interference"": ""Sometimes"", ""social_comparison"": ""Sometimes"", ""social_media_hours"": ""One to three hours""}",
287,teen_social_big_support_aug3_287,adaptive_uniform,repair measured equal-weight marginal deficits,,,,explicit,"{""connection_effect"": ""Makes me feel more connected"", ""late_night_use"": ""Often"", ""parental_rules"": ""No rules"", ""posting_frequency"": ""Never or almost never"", ""primary_platform"": ""TikTok"", ""sleep_interference"": ""Rarely"", ""social_comparison"": ""Often"", ""social_media_hours"": ""Four or more hours""}",
288,teen_social_big_support_aug3_288,adaptive_uniform,repair measured equal-weight marginal deficits,,,,explicit,"{""connection_effect"": ""Makes me feel less connected"", ""late_night_use"": ""Sometimes"", ""parental_rules"": ""No rules"", ""posting_frequency"": ""Less than once a week"", ""primary_platform"": ""I do not use social media"", ""sleep_interference"": ""Often"", ""social_comparison"": ""Sometimes"", ""social_media_hours"": ""One to three hours""}",
289,teen_social_big_support_aug3_289,adaptive_uniform,repair measured equal-weight marginal deficits,,,,explicit,"{""connection_effect"": ""Makes me feel less connected"", ""late_night_use"": ""Never"", ""parental_rules"": ""Some clear rules"", ""posting_frequency"": ""A few times a week"", ""primary_platform"": ""I do not use social media"", ""sleep_interference"": ""Rarely"", ""social_comparison"": ""Often"", ""social_media_hours"": ""Less than one hour""}",
290,teen_social_big_support_aug3_290,adaptive_uniform,repair measured equal-weight marginal deficits,,,,explicit,"{""connection_effect"": ""Makes little difference"", ""late_night_use"": ""Rarely"", ""parental_rules"": ""Very strict rules"", ""posting_frequency"": ""At least once a day"", ""primary_platform"": ""YouTube"", ""sleep_interference"": ""Sometimes"", ""social_comparison"": ""Sometimes"", ""social_media_hours"": ""Four or more hours""}",
291,teen_social_big_support_aug3_291,adaptive_uniform,repair measured equal-weight marginal deficits,,,,explicit,"{""connection_effect"": ""Makes me feel more connected"", ""late_night_use"": ""Rarely"", ""parental_rules"": ""Very strict rules"", ""posting_frequency"": ""A few times a week"", ""primary_platform"": ""Another platform"", ""sleep_interference"": ""Rarely"", ""social_comparison"": ""Rarely"", ""social_media_hours"": ""Four or more hours""}",
292,teen_social_big_support_aug3_292,adaptive_uniform,repair measured equal-weight marginal deficits,,,,explicit,"{""connection_effect"": ""Makes little difference"", ""late_night_use"": ""Often"", ""parental_rules"": ""Some clear rules"", ""posting_frequency"": ""Less than once a week"", ""primary_platform"": ""Instagram"", ""sleep_interference"": ""Rarely"", ""social_comparison"": ""Often"", ""social_media_hours"": ""Four or more hours""}",
293,teen_social_big_support_aug3_293,adaptive_uniform,repair measured equal-weight marginal deficits,,,,explicit,"{""connection_effect"": ""Makes little difference"", ""late_night_use"": ""Sometimes"", ""parental_rules"": ""No rules"", ""posting_frequency"": ""Never or almost never"", ""primary_platform"": ""I do not use social media"", ""sleep_interference"": ""Never"", ""social_comparison"": ""Never"", ""social_media_hours"": ""One to three hours""}",
294,teen_social_big_support_aug3_294,adaptive_uniform,repair measured equal-weight marginal deficits,,,,explicit,"{""connection_effect"": ""Makes me feel less connected"", ""late_night_use"": ""Never"", ""parental_rules"": ""Very strict rules"", ""posting_frequency"": ""Less than once a week"", ""primary_platform"": ""YouTube"", ""sleep_interference"": ""Often"", ""social_comparison"": ""Often"", ""social_media_hours"": ""Less than one hour""}",
295,teen_social_big_support_aug3_295,adaptive_uniform,repair measured equal-weight marginal deficits,,,,explicit,"{""connection_effect"": ""Makes me feel more connected"", ""late_night_use"": ""Never"", ""parental_rules"": ""No rules"", ""posting_frequency"": ""A few times a week"", ""primary_platform"": ""TikTok"", ""sleep_interference"": ""Sometimes"", ""social_comparison"": ""Often"", ""social_media_hours"": ""Less than one hour""}",
296,teen_social_big_support_aug3_296,adaptive_uniform,repair measured equal-weight marginal deficits,,,,explicit,"{""connection_effect"": ""Makes me feel less connected"", ""late_night_use"": ""Often"", ""parental_rules"": ""No rules"", ""posting_frequency"": ""At least once a day"", ""primary_platform"": ""I do not use social media"", ""sleep_interference"": ""Rarely"", ""social_comparison"": ""Rarely"", ""social_media_hours"": ""One to three hours""}",
297,teen_social_big_support_aug3_297,adaptive_uniform,repair measured equal-weight marginal deficits,,,,explicit,"{""connection_effect"": ""Makes me feel more connected"", ""late_night_use"": ""Rarely"", ""parental_rules"": ""Very strict rules"", ""posting_frequency"": ""At least once a day"", ""primary_platform"": ""Instagram"", ""sleep_interference"": ""Sometimes"", ""social_comparison"": ""Never"", ""social_media_hours"": ""One to three hours""}",
298,teen_social_big_support_aug3_298,adaptive_uniform,repair measured equal-weight marginal deficits,,,,explicit,"{""connection_effect"": ""Makes me feel less connected"", ""late_night_use"": ""Sometimes"", ""parental_rules"": ""Some clear rules"", ""posting_frequency"": ""A few times a week"", ""primary_platform"": ""I do not use social media"", ""sleep_interference"": ""Rarely"", ""social_comparison"": ""Often"", ""social_media_hours"": ""One to three hours""}",
299,teen_social_big_support_aug3_299,adaptive_uniform,repair measured equal-weight marginal deficits,,,,explicit,"{""connection_effect"": ""Makes little difference"", ""late_night_use"": ""Sometimes"", ""parental_rules"": ""No rules"", ""posting_frequency"": ""At least once a day"", ""primary_platform"": ""Another platform"", ""sleep_interference"": ""Sometimes"", ""social_comparison"": ""Never"", ""social_media_hours"": ""Four or more hours""}",
300,teen_social_big_support_aug3_300,adaptive_uniform,repair measured equal-weight marginal deficits,,,,explicit,"{""connection_effect"": ""Makes me feel more connected"", ""late_night_use"": ""Sometimes"", ""parental_rules"": ""Very strict rules"", ""posting_frequency"": ""A few times a week"", ""primary_platform"": ""YouTube"", ""sleep_interference"": ""Often"", ""social_comparison"": ""Often"", ""social_media_hours"": ""Four or more hours""}",
301,teen_social_big_support_aug3_301,adaptive_uniform,repair measured equal-weight marginal deficits,,,,explicit,"{""connection_effect"": ""Makes me feel more connected"", ""late_night_use"": ""Sometimes"", ""parental_rules"": ""No rules"", ""posting_frequency"": ""At least once a day"", ""primary_platform"": ""YouTube"", ""sleep_interference"": ""Never"", ""social_comparison"": ""Sometimes"", ""social_media_hours"": ""Less than one hour""}",
302,teen_social_big_support_aug3_302,adaptive_uniform,repair measured equal-weight marginal deficits,,,,explicit,"{""connection_effect"": ""Makes me feel less connected"", ""late_night_use"": ""Sometimes"", ""parental_rules"": ""Very strict rules"", ""posting_frequency"": ""A few times a week"", ""primary_platform"": ""TikTok"", ""sleep_interference"": ""Often"", ""social_comparison"": ""Rarely"", ""social_media_hours"": ""One to three hours""}",
303,teen_social_big_support_aug3_303,adaptive_uniform,repair measured equal-weight marginal deficits,,,,explicit,"{""connection_effect"": ""Makes little difference"", ""late_night_use"": ""Often"", ""parental_rules"": ""A few loose rules"", ""posting_frequency"": ""Never or almost never"", ""primary_platform"": ""Snapchat"", ""sleep_interference"": ""Often"", ""social_comparison"": ""Rarely"", ""social_media_hours"": ""One to three hours""}",
304,teen_social_big_support_aug3_304,adaptive_uniform,repair measured equal-weight marginal deficits,,,,explicit,"{""connection_effect"": ""Makes me feel less connected"", ""late_night_use"": ""Rarely"", ""parental_rules"": ""Some clear rules"", ""posting_frequency"": ""A few times a week"", ""primary_platform"": ""TikTok"", ""sleep_interference"": ""Often"", ""social_comparison"": ""Sometimes"", ""social_media_hours"": ""Four or more hours""}",
305,teen_social_big_support_aug3_305,adaptive_uniform,repair measured equal-weight marginal deficits,,,,explicit,"{""connection_effect"": ""Makes me feel more connected"", ""late_night_use"": ""Often"", ""parental_rules"": ""No rules"", ""posting_frequency"": ""Less than once a week"", ""primary_platform"": ""TikTok"", ""sleep_interference"": ""Often"", ""social_comparison"": ""Never"", ""social_media_hours"": ""Less than one hour""}",
306,teen_social_big_support_aug3_306,adaptive_uniform,repair measured equal-weight marginal deficits,,,,explicit,"{""connection_effect"": ""Makes me feel less connected"", ""late_night_use"": ""Never"", ""parental_rules"": ""Very strict rules"", ""posting_frequency"": ""Less than once a week"", ""primary_platform"": ""Instagram"", ""sleep_interference"": ""Often"", ""social_comparison"": ""Often"", ""social_media_hours"": ""One to three hours""}",
307,teen_social_big_support_aug3_307,adaptive_uniform,repair measured equal-weight marginal deficits,,,,explicit,"{""connection_effect"": ""Makes little difference"", ""late_night_use"": ""Often"", ""parental_rules"": ""A few loose rules"", ""posting_frequency"": ""At least once a day"", ""primary_platform"": ""YouTube"", ""sleep_interference"": ""Never"", ""social_comparison"": ""Often"", ""social_media_hours"": ""One to three hours""}",
308,teen_social_big_support_aug3_308,adaptive_uniform,repair measured equal-weight marginal deficits,,,,explicit,"{""connection_effect"": ""Makes me feel less connected"", ""late_night_use"": ""Sometimes"", ""parental_rules"": ""No rules"", ""posting_frequency"": ""At least once a day"", ""primary_platform"": ""Instagram"", ""sleep_interference"": ""Sometimes"", ""social_comparison"": ""Often"", ""social_media_hours"": ""Four or more hours""}",
309,teen_social_big_support_aug3_309,adaptive_uniform,repair measured equal-weight marginal deficits,,,,explicit,"{""connection_effect"": ""Makes little difference"", ""late_night_use"": ""Sometimes"", ""parental_rules"": ""No rules"", ""posting_frequency"": ""Never or almost never"", ""primary_platform"": ""Instagram"", ""sleep_interference"": ""Rarely"", ""social_comparison"": ""Never"", ""social_media_hours"": ""Four or more hours""}",
310,teen_social_big_support_aug3_310,adaptive_uniform,repair measured equal-weight marginal deficits,,,,explicit,"{""connection_effect"": ""Makes me feel more connected"", ""late_night_use"": ""Rarely"", ""parental_rules"": ""No rules"", ""posting_frequency"": ""At least once a day"", ""primary_platform"": ""TikTok"", ""sleep_interference"": ""Rarely"", ""social_comparison"": ""Often"", ""social_media_hours"": ""One to three hours""}",
311,teen_social_big_support_aug3_311,adaptive_uniform,repair measured equal-weight marginal deficits,,,,explicit,"{""connection_effect"": ""Makes little difference"", ""late_night_use"": ""Often"", ""parental_rules"": ""No rules"", ""posting_frequency"": ""A few times a week"", ""primary_platform"": ""I do not use social media"", ""sleep_interference"": ""Rarely"", ""social_comparison"": ""Rarely"", ""social_media_hours"": ""Four or more hours""}",
312,teen_social_big_support_aug3_312,adaptive_uniform,repair measured equal-weight marginal deficits,,,,explicit,"{""connection_effect"": ""Makes me feel less connected"", ""late_night_use"": ""Often"", ""parental_rules"": ""A few loose rules"", ""posting_frequency"": ""A few times a week"", ""primary_platform"": ""I do not use social media"", ""sleep_interference"": ""Often"", ""social_comparison"": ""Often"", ""social_media_hours"": ""Less than one hour""}",
313,teen_social_big_support_aug3_313,adaptive_uniform,repair measured equal-weight marginal deficits,,,,explicit,"{""connection_effect"": ""Makes little difference"", ""late_night_use"": ""Sometimes"", ""parental_rules"": ""A few loose rules"", ""posting_frequency"": ""A few times a week"", ""primary_platform"": ""I do not use social media"", ""sleep_interference"": ""Sometimes"", ""social_comparison"": ""Sometimes"", ""social_media_hours"": ""One to three hours""}",
314,teen_social_big_support_aug3_314,adaptive_uniform,repair measured equal-weight marginal deficits,,,,explicit,"{""connection_effect"": ""Makes little difference"", ""late_night_use"": ""Sometimes"", ""parental_rules"": ""Very strict rules"", ""posting_frequency"": ""At least once a day"", ""primary_platform"": ""Snapchat"", ""sleep_interference"": ""Never"", ""social_comparison"": ""Sometimes"", ""social_media_hours"": ""One to three hours""}",
315,teen_social_big_support_aug3_315,adaptive_uniform,repair measured equal-weight marginal deficits,,,,explicit,"{""connection_effect"": ""Makes me feel more connected"", ""late_night_use"": ""Often"", ""parental_rules"": ""A few loose rules"", ""posting_frequency"": ""At least once a day"", ""primary_platform"": ""TikTok"", ""sleep_interference"": ""Rarely"", ""social_comparison"": ""Rarely"", ""social_media_hours"": ""One to three hours""}",
316,teen_social_big_support_aug3_316,adaptive_uniform,repair measured equal-weight marginal deficits,,,,explicit,"{""connection_effect"": ""Makes me feel less connected"", ""late_night_use"": ""Rarely"", ""parental_rules"": ""Some clear rules"", ""posting_frequency"": ""At least once a day"", ""primary_platform"": ""TikTok"", ""sleep_interference"": ""Often"", ""social_comparison"": ""Often"", ""social_media_hours"": ""Four or more hours""}",
317,teen_social_big_support_aug3_317,adaptive_uniform,repair measured equal-weight marginal deficits,,,,explicit,"{""connection_effect"": ""Makes me feel more connected"", ""late_night_use"": ""Rarely"", ""parental_rules"": ""No rules"", ""posting_frequency"": ""Never or almost never"", ""primary_platform"": ""I do not use social media"", ""sleep_interference"": ""Often"", ""social_comparison"": ""Sometimes"", ""social_media_hours"": ""Four or more hours""}",
318,teen_social_big_support_aug3_318,adaptive_uniform,repair measured equal-weight marginal deficits,,,,explicit,"{""connection_effect"": ""Makes me feel less connected"", ""late_night_use"": ""Never"", ""parental_rules"": ""Very strict rules"", ""posting_frequency"": ""Never or almost never"", ""primary_platform"": ""Snapchat"", ""sleep_interference"": ""Never"", ""social_comparison"": ""Sometimes"", ""social_media_hours"": ""Less than one hour""}",
319,teen_social_big_support_aug3_319,adaptive_uniform,repair measured equal-weight marginal deficits,,,,explicit,"{""connection_effect"": ""Makes me feel less connected"", ""late_night_use"": ""Often"", ""parental_rules"": ""No rules"", ""posting_frequency"": ""Never or almost never"", ""primary_platform"": ""Instagram"", ""sleep_interference"": ""Sometimes"", ""social_comparison"": ""Never"", ""social_media_hours"": ""One to three hours""}",
320,teen_social_big_support_aug3_320,adaptive_uniform,repair measured equal-weight marginal deficits,,,,explicit,"{""connection_effect"": ""Makes me feel less connected"", ""late_night_use"": ""Sometimes"", ""parental_rules"": ""Very strict rules"", ""posting_frequency"": ""Less than once a week"", ""primary_platform"": ""TikTok"", ""sleep_interference"": ""Never"", ""social_comparison"": ""Never"", ""social_media_hours"": ""Less than one hour""}",
321,teen_social_big_support_aug3_321,adaptive_uniform,repair measured equal-weight marginal deficits,,,,explicit,"{""connection_effect"": ""Makes me feel less connected"", ""late_night_use"": ""Often"", ""parental_rules"": ""Very strict rules"", ""posting_frequency"": ""Never or almost never"", ""primary_platform"": ""Another platform"", ""sleep_interference"": ""Rarely"", ""social_comparison"": ""Sometimes"", ""social_media_hours"": ""One to three hours""}",
322,teen_social_big_support_aug3_322,adaptive_uniform,repair measured equal-weight marginal deficits,,,,explicit,"{""connection_effect"": ""Makes me feel less connected"", ""late_night_use"": ""Often"", ""parental_rules"": ""A few loose rules"", ""posting_frequency"": ""Never or almost never"", ""primary_platform"": ""Snapchat"", ""sleep_interference"": ""Rarely"", ""social_comparison"": ""Rarely"", ""social_media_hours"": ""One to three hours""}",
323,teen_social_big_support_aug3_323,adaptive_uniform,repair measured equal-weight marginal deficits,,,,explicit,"{""connection_effect"": ""Makes little difference"", ""late_night_use"": ""Often"", ""parental_rules"": ""No rules"", ""posting_frequency"": ""A few times a week"", ""primary_platform"": ""Snapchat"", ""sleep_interference"": ""Often"", ""social_comparison"": ""Never"", ""social_media_hours"": ""Four or more hours""}",
324,teen_social_big_support_aug3_324,adaptive_uniform,repair measured equal-weight marginal deficits,,,,explicit,"{""connection_effect"": ""Makes me feel less connected"", ""late_night_use"": ""Never"", ""parental_rules"": ""No rules"", ""posting_frequency"": ""Less than once a week"", ""primary_platform"": ""TikTok"", ""sleep_interference"": ""Rarely"", ""social_comparison"": ""Never"", ""social_media_hours"": ""One to three hours""}",
325,teen_social_big_support_aug3_325,adaptive_uniform,repair measured equal-weight marginal deficits,,,,explicit,"{""connection_effect"": ""Makes me feel more connected"", ""late_night_use"": ""Rarely"", ""parental_rules"": ""No rules"", ""posting_frequency"": ""Never or almost never"", ""primary_platform"": ""Snapchat"", ""sleep_interference"": ""Sometimes"", ""social_comparison"": ""Rarely"", ""social_media_hours"": ""Less than one hour""}",
326,teen_social_big_support_aug3_326,adaptive_uniform,repair measured equal-weight marginal deficits,,,,explicit,"{""connection_effect"": ""Makes me feel less connected"", ""late_night_use"": ""Never"", ""parental_rules"": ""A few loose rules"", ""posting_frequency"": ""Less than once a week"", ""primary_platform"": ""I do not use social media"", ""sleep_interference"": ""Rarely"", ""social_comparison"": ""Sometimes"", ""social_media_hours"": ""Less than one hour""}",
327,teen_social_big_support_aug3_327,adaptive_uniform,repair measured equal-weight marginal deficits,,,,explicit,"{""connection_effect"": ""Makes me feel more connected"", ""late_night_use"": ""Rarely"", ""parental_rules"": ""Very strict rules"", ""posting_frequency"": ""Less than once a week"", ""primary_platform"": ""Instagram"", ""sleep_interference"": ""Rarely"", ""social_comparison"": ""Never"", ""social_media_hours"": ""Less than one hour""}",
328,teen_social_big_support_aug3_328,adaptive_uniform,repair measured equal-weight marginal deficits,,,,explicit,"{""connection_effect"": ""Makes little difference"", ""late_night_use"": ""Sometimes"", ""parental_rules"": ""No rules"", ""posting_frequency"": ""Less than once a week"", ""primary_platform"": ""YouTube"", ""sleep_interference"": ""Often"", ""social_comparison"": ""Never"", ""social_media_hours"": ""Less than one hour""}",
329,teen_social_big_support_aug3_329,adaptive_uniform,repair measured equal-weight marginal deficits,,,,explicit,"{""connection_effect"": ""Makes me feel more connected"", ""late_night_use"": ""Rarely"", ""parental_rules"": ""Some clear rules"", ""posting_frequency"": ""Less than once a week"", ""primary_platform"": ""I do not use social media"", ""sleep_interference"": ""Never"", ""social_comparison"": ""Sometimes"", ""social_media_hours"": ""Four or more hours""}",
330,teen_social_big_support_aug3_330,adaptive_uniform,repair measured equal-weight marginal deficits,,,,explicit,"{""connection_effect"": ""Makes me feel more connected"", ""late_night_use"": ""Rarely"", ""parental_rules"": ""No rules"", ""posting_frequency"": ""At least once a day"", ""primary_platform"": ""Snapchat"", ""sleep_interference"": ""Rarely"", ""social_comparison"": ""Never"", ""social_media_hours"": ""Less than one hour""}",
331,teen_social_big_support_aug3_331,adaptive_uniform,repair measured equal-weight marginal deficits,,,,explicit,"{""connection_effect"": ""Makes me feel less connected"", ""late_night_use"": ""Never"", ""parental_rules"": ""Very strict rules"", ""posting_frequency"": ""Less than once a week"", ""primary_platform"": ""Another platform"", ""sleep_interference"": ""Often"", ""social_comparison"": ""Rarely"", ""social_media_hours"": ""One to three hours""}",
332,teen_social_big_support_aug3_332,adaptive_uniform,repair measured equal-weight marginal deficits,,,,explicit,"{""connection_effect"": ""Makes me feel more connected"", ""late_night_use"": ""Never"", ""parental_rules"": ""No rules"", ""posting_frequency"": ""A few times a week"", ""primary_platform"": ""YouTube"", ""sleep_interference"": ""Often"", ""social_comparison"": ""Often"", ""social_media_hours"": ""Four or more hours""}",
333,teen_social_big_support_aug3_333,adaptive_uniform,repair measured equal-weight marginal deficits,,,,explicit,"{""connection_effect"": ""Makes little difference"", ""late_night_use"": ""Often"", ""parental_rules"": ""Very strict rules"", ""posting_frequency"": ""A few times a week"", ""primary_platform"": ""Instagram"", ""sleep_interference"": ""Often"", ""social_comparison"": ""Sometimes"", ""social_media_hours"": ""One to three hours""}",
334,teen_social_big_support_aug3_334,adaptive_uniform,repair measured equal-weight marginal deficits,,,,explicit,"{""connection_effect"": ""Makes me feel more connected"", ""late_night_use"": ""Sometimes"", ""parental_rules"": ""A few loose rules"", ""posting_frequency"": ""A few times a week"", ""primary_platform"": ""Another platform"", ""sleep_interference"": ""Never"", ""social_comparison"": ""Never"", ""social_media_hours"": ""Four or more hours""}",
335,teen_social_big_support_aug3_335,adaptive_uniform,repair measured equal-weight marginal deficits,,,,explicit,"{""connection_effect"": ""Makes me feel less connected"", ""late_night_use"": ""Sometimes"", ""parental_rules"": ""Very strict rules"", ""posting_frequency"": ""Never or almost never"", ""primary_platform"": ""YouTube"", ""sleep_interference"": ""Sometimes"", ""social_comparison"": ""Never"", ""social_media_hours"": ""Four or more hours""}",
336,teen_social_big_support_aug3_336,adaptive_uniform,repair measured equal-weight marginal deficits,,,,explicit,"{""connection_effect"": ""Makes me feel more connected"", ""late_night_use"": ""Never"", ""parental_rules"": ""Very strict rules"", ""posting_frequency"": ""At least once a day"", ""primary_platform"": ""Another platform"", ""sleep_interference"": ""Rarely"", ""social_comparison"": ""Rarely"", ""social_media_hours"": ""One to three hours""}",
337,teen_social_big_support_aug3_337,adaptive_uniform,repair measured equal-weight marginal deficits,,,,explicit,"{""connection_effect"": ""Makes me feel less connected"", ""late_night_use"": ""Rarely"", ""parental_rules"": ""Very strict rules"", ""posting_frequency"": ""Less than once a week"", ""primary_platform"": ""Instagram"", ""sleep_interference"": ""Never"", ""social_comparison"": ""Often"", ""social_media_hours"": ""Four or more hours""}",
338,teen_social_big_support_aug3_338,adaptive_uniform,repair measured equal-weight marginal deficits,,,,explicit,"{""connection_effect"": ""Makes me feel less connected"", ""late_night_use"": ""Often"", ""parental_rules"": ""No rules"", ""posting_frequency"": ""At least once a day"", ""primary_platform"": ""Another platform"", ""sleep_interference"": ""Never"", ""social_comparison"": ""Sometimes"", ""social_media_hours"": ""Less than one hour""}",
339,teen_social_big_support_aug3_339,adaptive_uniform,repair measured equal-weight marginal deficits,,,,explicit,"{""connection_effect"": ""Makes little difference"", ""late_night_use"": ""Never"", ""parental_rules"": ""No rules"", ""posting_frequency"": ""Never or almost never"", ""primary_platform"": ""Another platform"", ""sleep_interference"": ""Never"", ""social_comparison"": ""Often"", ""social_media_hours"": ""Four or more hours""}",
340,teen_social_big_support_aug3_340,adaptive_uniform,repair measured equal-weight marginal deficits,,,,explicit,"{""connection_effect"": ""Makes little difference"", ""late_night_use"": ""Often"", ""parental_rules"": ""No rules"", ""posting_frequency"": ""Less than once a week"", ""primary_platform"": ""Snapchat"", ""sleep_interference"": ""Rarely"", ""social_comparison"": ""Often"", ""social_media_hours"": ""Four or more hours""}",
341,teen_social_big_support_aug3_341,adaptive_uniform,repair measured equal-weight marginal deficits,,,,explicit,"{""connection_effect"": ""Makes me feel less connected"", ""late_night_use"": ""Sometimes"", ""parental_rules"": ""Some clear rules"", ""posting_frequency"": ""Less than once a week"", ""primary_platform"": ""I do not use social media"", ""sleep_interference"": ""Rarely"", ""social_comparison"": ""Sometimes"", ""social_media_hours"": ""Less than one hour""}",
342,teen_social_big_support_aug3_342,adaptive_uniform,repair measured equal-weight marginal deficits,,,,explicit,"{""connection_effect"": ""Makes little difference"", ""late_night_use"": ""Never"", ""parental_rules"": ""No rules"", ""posting_frequency"": ""A few times a week"", ""primary_platform"": ""I do not use social media"", ""sleep_interference"": ""Often"", ""social_comparison"": ""Sometimes"", ""social_media_hours"": ""Less than one hour""}",
343,teen_social_big_support_aug3_343,adaptive_uniform,repair measured equal-weight marginal deficits,,,,explicit,"{""connection_effect"": ""Makes me feel less connected"", ""late_night_use"": ""Sometimes"", ""parental_rules"": ""Very strict rules"", ""posting_frequency"": ""Less than once a week"", ""primary_platform"": ""Snapchat"", ""sleep_interference"": ""Often"", ""social_comparison"": ""Rarely"", ""social_media_hours"": ""Four or more hours""}",
344,teen_social_big_support_aug3_344,adaptive_uniform,repair measured equal-weight marginal deficits,,,,explicit,"{""connection_effect"": ""Makes me feel less connected"", ""late_night_use"": ""Often"", ""parental_rules"": ""Very strict rules"", ""posting_frequency"": ""Never or almost never"", ""primary_platform"": ""I do not use social media"", ""sleep_interference"": ""Never"", ""social_comparison"": ""Sometimes"", ""social_media_hours"": ""Four or more hours""}",
345,teen_social_big_support_aug3_345,adaptive_uniform,repair measured equal-weight marginal deficits,,,,explicit,"{""connection_effect"": ""Makes me feel less connected"", ""late_night_use"": ""Rarely"", ""parental_rules"": ""No rules"", ""posting_frequency"": ""Less than once a week"", ""primary_platform"": ""I do not use social media"", ""sleep_interference"": ""Never"", ""social_comparison"": ""Often"", ""social_media_hours"": ""Less than one hour""}",
346,teen_social_big_support_aug3_346,adaptive_uniform,repair measured equal-weight marginal deficits,,,,explicit,"{""connection_effect"": ""Makes little difference"", ""late_night_use"": ""Never"", ""parental_rules"": ""Very strict rules"", ""posting_frequency"": ""Never or almost never"", ""primary_platform"": ""Another platform"", ""sleep_interference"": ""Often"", ""social_comparison"": ""Never"", ""social_media_hours"": ""Less than one hour""}",
347,teen_social_big_support_aug3_347,adaptive_uniform,repair measured equal-weight marginal deficits,,,,explicit,"{""connection_effect"": ""Makes little difference"", ""late_night_use"": ""Never"", ""parental_rules"": ""A few loose rules"", ""posting_frequency"": ""At least once a day"", ""primary_platform"": ""I do not use social media"", ""sleep_interference"": ""Never"", ""social_comparison"": ""Sometimes"", ""social_media_hours"": ""One to three hours""}",
348,teen_social_big_support_aug3_348,adaptive_uniform,repair measured equal-weight marginal deficits,,,,explicit,"{""connection_effect"": ""Makes me feel more connected"", ""late_night_use"": ""Rarely"", ""parental_rules"": ""Some clear rules"", ""posting_frequency"": ""At least once a day"", ""primary_platform"": ""I do not use social media"", ""sleep_interference"": ""Often"", ""social_comparison"": ""Never"", ""social_media_hours"": ""Less than one hour""}",
349,teen_social_big_support_aug3_349,adaptive_uniform,repair measured equal-weight marginal deficits,,,,explicit,"{""connection_effect"": ""Makes me feel less connected"", ""late_night_use"": ""Often"", ""parental_rules"": ""Some clear rules"", ""posting_frequency"": ""A few times a week"", ""primary_platform"": ""YouTube"", ""sleep_interference"": ""Never"", ""social_comparison"": ""Often"", ""social_media_hours"": ""Less than one hour""}",
350,teen_social_big_support_aug3_350,adaptive_uniform,repair measured equal-weight marginal deficits,,,,explicit,"{""connection_effect"": ""Makes me feel less connected"", ""late_night_use"": ""Rarely"", ""parental_rules"": ""Some clear rules"", ""posting_frequency"": ""At least once a day"", ""primary_platform"": ""Another platform"", ""sleep_interference"": ""Sometimes"", ""social_comparison"": ""Often"", ""social_media_hours"": ""One to three hours""}",
351,teen_social_big_support_aug3_351,adaptive_uniform,repair measured equal-weight marginal deficits,,,,explicit,"{""connection_effect"": ""Makes me feel more connected"", ""late_night_use"": ""Sometimes"", ""parental_rules"": ""A few loose rules"", ""posting_frequency"": ""At least once a day"", ""primary_platform"": ""I do not use social media"", ""sleep_interference"": ""Never"", ""social_comparison"": ""Never"", ""social_media_hours"": ""Four or more hours""}",
352,teen_social_big_support_aug3_352,adaptive_uniform,repair measured equal-weight marginal deficits,,,,explicit,"{""connection_effect"": ""Makes me feel more connected"", ""late_night_use"": ""Often"", ""parental_rules"": ""Some clear rules"", ""posting_frequency"": ""Never or almost never"", ""primary_platform"": ""I do not use social media"", ""sleep_interference"": ""Never"", ""social_comparison"": ""Never"", ""social_media_hours"": ""Less than one hour""}",
353,teen_social_big_support_aug3_353,adaptive_uniform,repair measured equal-weight marginal deficits,,,,explicit,"{""connection_effect"": ""Makes little difference"", ""late_night_use"": ""Sometimes"", ""parental_rules"": ""Some clear rules"", ""posting_frequency"": ""A few times a week"", ""primary_platform"": ""Instagram"", ""sleep_interference"": ""Often"", ""social_comparison"": ""Often"", ""social_media_hours"": ""Four or more hours""}",
354,teen_social_big_support_aug3_354,adaptive_uniform,repair measured equal-weight marginal deficits,,,,explicit,"{""connection_effect"": ""Makes little difference"", ""late_night_use"": ""Never"", ""parental_rules"": ""Some clear rules"", ""posting_frequency"": ""At least once a day"", ""primary_platform"": ""YouTube"", ""sleep_interference"": ""Often"", ""social_comparison"": ""Often"", ""social_media_hours"": ""One to three hours""}",
355,teen_social_big_support_aug3_355,adaptive_uniform,repair measured equal-weight marginal deficits,,,,explicit,"{""connection_effect"": ""Makes me feel less connected"", ""late_night_use"": ""Sometimes"", ""parental_rules"": ""Some clear rules"", ""posting_frequency"": ""Never or almost never"", ""primary_platform"": ""Another platform"", ""sleep_interference"": ""Sometimes"", ""social_comparison"": ""Rarely"", ""social_media_hours"": ""One to three hours""}",
356,teen_social_big_support_aug3_356,adaptive_uniform,repair measured equal-weight marginal deficits,,,,explicit,"{""connection_effect"": ""Makes me feel less connected"", ""late_night_use"": ""Rarely"", ""parental_rules"": ""Very strict rules"", ""posting_frequency"": ""Less than once a week"", ""primary_platform"": ""Another platform"", ""sleep_interference"": ""Never"", ""social_comparison"": ""Often"", ""social_media_hours"": ""Less than one hour""}",
357,teen_social_big_support_aug3_357,adaptive_uniform,repair measured equal-weight marginal deficits,,,,explicit,"{""connection_effect"": ""Makes me feel less connected"", ""late_night_use"": ""Rarely"", ""parental_rules"": ""A few loose rules"", ""posting_frequency"": ""At least once a day"", ""primary_platform"": ""I do not use social media"", ""sleep_interference"": ""Never"", ""social_comparison"": ""Often"", ""social_media_hours"": ""Four or more hours""}",
358,teen_social_big_support_aug3_358,adaptive_uniform,repair measured equal-weight marginal deficits,,,,explicit,"{""connection_effect"": ""Makes me feel more connected"", ""late_night_use"": ""Often"", ""parental_rules"": ""Very strict rules"", ""posting_frequency"": ""A few times a week"", ""primary_platform"": ""Snapchat"", ""sleep_interference"": ""Sometimes"", ""social_comparison"": ""Never"", ""social_media_hours"": ""One to three hours""}",
359,teen_social_big_support_aug3_359,adaptive_uniform,repair measured equal-weight marginal deficits,,,,explicit,"{""connection_effect"": ""Makes little difference"", ""late_night_use"": ""Rarely"", ""parental_rules"": ""Some clear rules"", ""posting_frequency"": ""Never or almost never"", ""primary_platform"": ""YouTube"", ""sleep_interference"": ""Rarely"", ""social_comparison"": ""Rarely"", ""social_media_hours"": ""One to three hours""}",
360,teen_social_big_support_aug3_360,adaptive_uniform,repair measured equal-weight marginal deficits,,,,explicit,"{""connection_effect"": ""Makes me feel more connected"", ""late_night_use"": ""Often"", ""parental_rules"": ""Some clear rules"", ""posting_frequency"": ""Less than once a week"", ""primary_platform"": ""YouTube"", ""sleep_interference"": ""Often"", ""social_comparison"": ""Never"", ""social_media_hours"": ""One to three hours""}",
361,teen_social_big_support_aug3_361,adaptive_uniform,repair measured equal-weight marginal deficits,,,,explicit,"{""connection_effect"": ""Makes me feel less connected"", ""late_night_use"": ""Rarely"", ""parental_rules"": ""Very strict rules"", ""posting_frequency"": ""A few times a week"", ""primary_platform"": ""Instagram"", ""sleep_interference"": ""Sometimes"", ""social_comparison"": ""Sometimes"", ""social_media_hours"": ""Four or more hours""}",
362,teen_social_big_support_aug3_362,adaptive_uniform,repair measured equal-weight marginal deficits,,,,explicit,"{""connection_effect"": ""Makes me feel more connected"", ""late_night_use"": ""Often"", ""parental_rules"": ""A few loose rules"", ""posting_frequency"": ""At least once a day"", ""primary_platform"": ""I do not use social media"", ""sleep_interference"": ""Never"", ""social_comparison"": ""Never"", ""social_media_hours"": ""Four or more hours""}",
363,teen_social_big_support_aug3_363,adaptive_uniform,repair measured equal-weight marginal deficits,,,,explicit,"{""connection_effect"": ""Makes me feel more connected"", ""late_night_use"": ""Never"", ""parental_rules"": ""No rules"", ""posting_frequency"": ""At least once a day"", ""primary_platform"": ""Snapchat"", ""sleep_interference"": ""Sometimes"", ""social_comparison"": ""Sometimes"", ""social_media_hours"": ""Four or more hours""}",
364,teen_social_big_support_aug3_364,adaptive_uniform,repair measured equal-weight marginal deficits,,,,explicit,"{""connection_effect"": ""Makes me feel more connected"", ""late_night_use"": ""Never"", ""parental_rules"": ""Very strict rules"", ""posting_frequency"": ""At least once a day"", ""primary_platform"": ""Another platform"", ""sleep_interference"": ""Often"", ""social_comparison"": ""Often"", ""social_media_hours"": ""Four or more hours""}",
365,teen_social_big_support_aug3_365,adaptive_uniform,repair measured equal-weight marginal deficits,,,,explicit,"{""connection_effect"": ""Makes me feel less connected"", ""late_night_use"": ""Sometimes"", ""parental_rules"": ""No rules"", ""posting_frequency"": ""A few times a week"", ""primary_platform"": ""Another platform"", ""sleep_interference"": ""Sometimes"", ""social_comparison"": ""Sometimes"", ""social_media_hours"": ""Four or more hours""}",
366,teen_social_big_support_aug3_366,adaptive_uniform,repair measured equal-weight marginal deficits,,,,explicit,"{""connection_effect"": ""Makes me feel less connected"", ""late_night_use"": ""Rarely"", ""parental_rules"": ""Very strict rules"", ""posting_frequency"": ""At least once a day"", ""primary_platform"": ""Another platform"", ""sleep_interference"": ""Often"", ""social_comparison"": ""Never"", ""social_media_hours"": ""Four or more hours""}",
367,teen_social_big_support_aug3_367,adaptive_uniform,repair measured equal-weight marginal deficits,,,,explicit,"{""connection_effect"": ""Makes little difference"", ""late_night_use"": ""Never"", ""parental_rules"": ""No rules"", ""posting_frequency"": ""A few times a week"", ""primary_platform"": ""I do not use social media"", ""sleep_interference"": ""Never"", ""social_comparison"": ""Never"", ""social_media_hours"": ""Less than one hour""}",
368,teen_social_big_support_aug3_368,adaptive_uniform,repair measured equal-weight marginal deficits,,,,explicit,"{""connection_effect"": ""Makes me feel more connected"", ""late_night_use"": ""Never"", ""parental_rules"": ""Very strict rules"", ""posting_frequency"": ""At least once a day"", ""primary_platform"": ""YouTube"", ""sleep_interference"": ""Rarely"", ""social_comparison"": ""Rarely"", ""social_media_hours"": ""One to three hours""}",
369,teen_social_big_support_aug3_369,adaptive_uniform,repair measured equal-weight marginal deficits,,,,explicit,"{""connection_effect"": ""Makes me feel less connected"", ""late_night_use"": ""Never"", ""parental_rules"": ""Very strict rules"", ""posting_frequency"": ""At least once a day"", ""primary_platform"": ""Instagram"", ""sleep_interference"": ""Often"", ""social_comparison"": ""Never"", ""social_media_hours"": ""Less than one hour""}",
370,teen_social_big_support_aug3_370,adaptive_uniform,repair measured equal-weight marginal deficits,,,,explicit,"{""connection_effect"": ""Makes me feel more connected"", ""late_night_use"": ""Never"", ""parental_rules"": ""No rules"", ""posting_frequency"": ""Less than once a week"", ""primary_platform"": ""Instagram"", ""sleep_interference"": ""Rarely"", ""social_comparison"": ""Never"", ""social_media_hours"": ""Less than one hour""}",
371,teen_social_big_support_aug3_371,adaptive_uniform,repair measured equal-weight marginal deficits,,,,explicit,"{""connection_effect"": ""Makes little difference"", ""late_night_use"": ""Never"", ""parental_rules"": ""A few loose rules"", ""posting_frequency"": ""A few times a week"", ""primary_platform"": ""TikTok"", ""sleep_interference"": ""Never"", ""social_comparison"": ""Sometimes"", ""social_media_hours"": ""Four or more hours""}",
372,teen_social_big_support_aug3_372,adaptive_uniform,repair measured equal-weight marginal deficits,,,,explicit,"{""connection_effect"": ""Makes me feel less connected"", ""late_night_use"": ""Often"", ""parental_rules"": ""No rules"", ""posting_frequency"": ""At least once a day"", ""primary_platform"": ""Snapchat"", ""sleep_interference"": ""Never"", ""social_comparison"": ""Never"", ""social_media_hours"": ""One to three hours""}",
373,teen_social_big_support_aug3_373,adaptive_uniform,repair measured equal-weight marginal deficits,,,,explicit,"{""connection_effect"": ""Makes me feel less connected"", ""late_night_use"": ""Sometimes"", ""parental_rules"": ""A few loose rules"", ""posting_frequency"": ""At least once a day"", ""primary_platform"": ""Snapchat"", ""sleep_interference"": ""Rarely"", ""social_comparison"": ""Often"", ""social_media_hours"": ""Less than one hour""}",
374,teen_social_big_support_aug3_374,adaptive_uniform,repair measured equal-weight marginal deficits,,,,explicit,"{""connection_effect"": ""Makes me feel more connected"", ""late_night_use"": ""Sometimes"", ""parental_rules"": ""No rules"", ""posting_frequency"": ""Less than once a week"", ""primary_platform"": ""TikTok"", ""sleep_interference"": ""Sometimes"", ""social_comparison"": ""Sometimes"", ""social_media_hours"": ""Four or more hours""}",
375,teen_social_big_support_aug3_375,adaptive_uniform,repair measured equal-weight marginal deficits,,,,explicit,"{""connection_effect"": ""Makes me feel more connected"", ""late_night_use"": ""Often"", ""parental_rules"": ""Some clear rules"", ""posting_frequency"": ""Less than once a week"", ""primary_platform"": ""I do not use social media"", ""sleep_interference"": ""Often"", ""social_comparison"": ""Sometimes"", ""social_media_hours"": ""One to three hours""}",
376,teen_social_big_support_aug3_376,adaptive_uniform,repair measured equal-weight marginal deficits,,,,explicit,"{""connection_effect"": ""Makes little difference"", ""late_night_use"": ""Rarely"", ""parental_rules"": ""No rules"", ""posting_frequency"": ""A few times a week"", ""primary_platform"": ""I do not use social media"", ""sleep_interference"": ""Sometimes"", ""social_comparison"": ""Rarely"", ""social_media_hours"": ""Less than one hour""}",
377,teen_social_big_support_aug3_377,adaptive_uniform,repair measured equal-weight marginal deficits,,,,explicit,"{""connection_effect"": ""Makes little difference"", ""late_night_use"": ""Often"", ""parental_rules"": ""Some clear rules"", ""posting_frequency"": ""Never or almost never"", ""primary_platform"": ""Snapchat"", ""sleep_interference"": ""Rarely"", ""social_comparison"": ""Often"", ""social_media_hours"": ""Four or more hours""}",
378,teen_social_big_support_aug3_378,adaptive_uniform,repair measured equal-weight marginal deficits,,,,explicit,"{""connection_effect"": ""Makes me feel less connected"", ""late_night_use"": ""Rarely"", ""parental_rules"": ""No rules"", ""posting_frequency"": ""A few times a week"", ""primary_platform"": ""TikTok"", ""sleep_interference"": ""Sometimes"", ""social_comparison"": ""Rarely"", ""social_media_hours"": ""Less than one hour""}",
379,teen_social_big_support_aug3_379,adaptive_uniform,repair measured equal-weight marginal deficits,,,,explicit,"{""connection_effect"": ""Makes me feel less connected"", ""late_night_use"": ""Often"", ""parental_rules"": ""No rules"", ""posting_frequency"": ""Less than once a week"", ""primary_platform"": ""Snapchat"", ""sleep_interference"": ""Sometimes"", ""social_comparison"": ""Often"", ""social_media_hours"": ""Four or more hours""}",
380,teen_social_big_support_aug3_380,adaptive_uniform,repair measured equal-weight marginal deficits,,,,explicit,"{""connection_effect"": ""Makes me feel less connected"", ""late_night_use"": ""Often"", ""parental_rules"": ""No rules"", ""posting_frequency"": ""Never or almost never"", ""primary_platform"": ""I do not use social media"", ""sleep_interference"": ""Never"", ""social_comparison"": ""Often"", ""social_media_hours"": ""One to three hours""}",
381,teen_social_big_support_aug3_381,adaptive_uniform,repair measured equal-weight marginal deficits,,,,explicit,"{""connection_effect"": ""Makes me feel more connected"", ""late_night_use"": ""Rarely"", ""parental_rules"": ""A few loose rules"", ""posting_frequency"": ""At least once a day"", ""primary_platform"": ""Another platform"", ""sleep_interference"": ""Sometimes"", ""social_comparison"": ""Often"", ""social_media_hours"": ""Less than one hour""}",
382,teen_social_big_support_aug3_382,adaptive_uniform,repair measured equal-weight marginal deficits,,,,explicit,"{""connection_effect"": ""Makes little difference"", ""late_night_use"": ""Often"", ""parental_rules"": ""No rules"", ""posting_frequency"": ""A few times a week"", ""primary_platform"": ""Snapchat"", ""sleep_interference"": ""Often"", ""social_comparison"": ""Rarely"", ""social_media_hours"": ""Less than one hour""}",
383,teen_social_big_support_aug3_383,adaptive_uniform,repair measured equal-weight marginal deficits,,,,explicit,"{""connection_effect"": ""Makes little difference"", ""late_night_use"": ""Rarely"", ""parental_rules"": ""Very strict rules"", ""posting_frequency"": ""A few times a week"", ""primary_platform"": ""YouTube"", ""sleep_interference"": ""Never"", ""social_comparison"": ""Often"", ""social_media_hours"": ""One to three hours""}",
384,teen_social_big_support_aug3_384,adaptive_uniform,repair measured equal-weight marginal deficits,,,,explicit,"{""connection_effect"": ""Makes me feel more connected"", ""late_night_use"": ""Never"", ""parental_rules"": ""No rules"", ""posting_frequency"": ""Never or almost never"", ""primary_platform"": ""Snapchat"", ""sleep_interference"": ""Sometimes"", ""social_comparison"": ""Rarely"", ""social_media_hours"": ""Less than one hour""}",
385,teen_social_big_support_aug3_385,adaptive_uniform,repair measured equal-weight marginal deficits,,,,explicit,"{""connection_effect"": ""Makes little difference"", ""late_night_use"": ""Sometimes"", ""parental_rules"": ""Very strict rules"", ""posting_frequency"": ""At least once a day"", ""primary_platform"": ""TikTok"", ""sleep_interference"": ""Never"", ""social_comparison"": ""Never"", ""social_media_hours"": ""Less than one hour""}",
386,teen_social_big_support_aug3_386,adaptive_uniform,repair measured equal-weight marginal deficits,,,,explicit,"{""connection_effect"": ""Makes little difference"", ""late_night_use"": ""Sometimes"", ""parental_rules"": ""No rules"", ""posting_frequency"": ""Never or almost never"", ""primary_platform"": ""I do not use social media"", ""sleep_interference"": ""Never"", ""social_comparison"": ""Never"", ""social_media_hours"": ""Less than one hour""}",
387,teen_social_big_support_aug3_387,adaptive_uniform,repair measured equal-weight marginal deficits,,,,explicit,"{""connection_effect"": ""Makes little difference"", ""late_night_use"": ""Never"", ""parental_rules"": ""Some clear rules"", ""posting_frequency"": ""A few times a week"", ""primary_platform"": ""TikTok"", ""sleep_interference"": ""Often"", ""social_comparison"": ""Often"", ""social_media_hours"": ""Less than one hour""}",
388,teen_social_big_support_aug3_388,adaptive_uniform,repair measured equal-weight marginal deficits,,,,explicit,"{""connection_effect"": ""Makes me feel more connected"", ""late_night_use"": ""Rarely"", ""parental_rules"": ""Very strict rules"", ""posting_frequency"": ""Less than once a week"", ""primary_platform"": ""Another platform"", ""sleep_interference"": ""Never"", ""social_comparison"": ""Never"", ""social_media_hours"": ""Less than one hour""}",
389,teen_social_big_support_aug3_389,adaptive_uniform,repair measured equal-weight marginal deficits,,,,explicit,"{""connection_effect"": ""Makes me feel less connected"", ""late_night_use"": ""Rarely"", ""parental_rules"": ""Very strict rules"", ""posting_frequency"": ""A few times a week"", ""primary_platform"": ""Instagram"", ""sleep_interference"": ""Rarely"", ""social_comparison"": ""Rarely"", ""social_media_hours"": ""Less than one hour""}",
390,teen_social_big_support_aug3_390,adaptive_uniform,repair measured equal-weight marginal deficits,,,,explicit,"{""connection_effect"": ""Makes me feel less connected"", ""late_night_use"": ""Often"", ""parental_rules"": ""Very strict rules"", ""posting_frequency"": ""Less than once a week"", ""primary_platform"": ""Instagram"", ""sleep_interference"": ""Rarely"", ""social_comparison"": ""Rarely"", ""social_media_hours"": ""Less than one hour""}",
391,teen_social_big_support_aug3_391,adaptive_uniform,repair measured equal-weight marginal deficits,,,,explicit,"{""connection_effect"": ""Makes me feel more connected"", ""late_night_use"": ""Rarely"", ""parental_rules"": ""Some clear rules"", ""posting_frequency"": ""Never or almost never"", ""primary_platform"": ""Another platform"", ""sleep_interference"": ""Often"", ""social_comparison"": ""Never"", ""social_media_hours"": ""One to three hours""}",
392,teen_social_big_support_aug3_392,adaptive_uniform,repair measured equal-weight marginal deficits,,,,explicit,"{""connection_effect"": ""Makes me feel more connected"", ""late_night_use"": ""Sometimes"", ""parental_rules"": ""No rules"", ""posting_frequency"": ""Never or almost never"", ""primary_platform"": ""Another platform"", ""sleep_interference"": ""Often"", ""social_comparison"": ""Sometimes"", ""social_media_hours"": ""Four or more hours""}",
393,teen_social_big_support_aug3_393,adaptive_uniform,repair measured equal-weight marginal deficits,,,,explicit,"{""connection_effect"": ""Makes little difference"", ""late_night_use"": ""Rarely"", ""parental_rules"": ""A few loose rules"", ""posting_frequency"": ""Never or almost never"", ""primary_platform"": ""Another platform"", ""sleep_interference"": ""Never"", ""social_comparison"": ""Sometimes"", ""social_media_hours"": ""Four or more hours""}",
394,teen_social_big_support_aug3_394,adaptive_uniform,repair measured equal-weight marginal deficits,,,,explicit,"{""connection_effect"": ""Makes little difference"", ""late_night_use"": ""Often"", ""parental_rules"": ""No rules"", ""posting_frequency"": ""A few times a week"", ""primary_platform"": ""Instagram"", ""sleep_interference"": ""Often"", ""social_comparison"": ""Often"", ""social_media_hours"": ""One to three hours""}",
395,teen_social_big_support_aug3_395,adaptive_uniform,repair measured equal-weight marginal deficits,,,,explicit,"{""connection_effect"": ""Makes me feel less connected"", ""late_night_use"": ""Never"", ""parental_rules"": ""Very strict rules"", ""posting_frequency"": ""At least once a day"", ""primary_platform"": ""YouTube"", ""sleep_interference"": ""Rarely"", ""social_comparison"": ""Often"", ""social_media_hours"": ""Less than one hour""}",
396,teen_social_big_support_aug3_396,adaptive_uniform,repair measured equal-weight marginal deficits,,,,explicit,"{""connection_effect"": ""Makes little difference"", ""late_night_use"": ""Sometimes"", ""parental_rules"": ""Very strict rules"", ""posting_frequency"": ""Never or almost never"", ""primary_platform"": ""Snapchat"", ""sleep_interference"": ""Rarely"", ""social_comparison"": ""Rarely"", ""social_media_hours"": ""Less than one hour""}",
397,teen_social_big_support_aug3_397,adaptive_uniform,repair measured equal-weight marginal deficits,,,,explicit,"{""connection_effect"": ""Makes me feel less connected"", ""late_night_use"": ""Never"", ""parental_rules"": ""Very strict rules"", ""posting_frequency"": ""A few times a week"", ""primary_platform"": ""Snapchat"", ""sleep_interference"": ""Rarely"", ""social_comparison"": ""Rarely"", ""social_media_hours"": ""One to three hours""}",
398,teen_social_big_support_aug3_398,adaptive_uniform,repair measured equal-weight marginal deficits,,,,explicit,"{""connection_effect"": ""Makes me feel more connected"", ""late_night_use"": ""Never"", ""parental_rules"": ""Some clear rules"", ""posting_frequency"": ""At least once a day"", ""primary_platform"": ""YouTube"", ""sleep_interference"": ""Never"", ""social_comparison"": ""Rarely"", ""social_media_hours"": ""Four or more hours""}",
399,teen_social_big_support_aug3_399,adaptive_uniform,repair measured equal-weight marginal deficits,,,,explicit,"{""connection_effect"": ""Makes me feel less connected"", ""late_night_use"": ""Often"", ""parental_rules"": ""Some clear rules"", ""posting_frequency"": ""Never or almost never"", ""primary_platform"": ""I do not use social media"", ""sleep_interference"": ""Never"", ""social_comparison"": ""Rarely"", ""social_media_hours"": ""Four or more hours""}",
400,teen_social_big_support_aug3_400,adaptive_uniform,repair measured equal-weight marginal deficits,,,,explicit,"{""connection_effect"": ""Makes me feel more connected"", ""late_night_use"": ""Often"", ""parental_rules"": ""No rules"", ""posting_frequency"": ""A few times a week"", ""primary_platform"": ""Instagram"", ""sleep_interference"": ""Sometimes"", ""social_comparison"": ""Rarely"", ""social_media_hours"": ""Four or more hours""}",
401,teen_social_big_support_aug3_401,adaptive_uniform,repair measured equal-weight marginal deficits,,,,explicit,"{""connection_effect"": ""Makes me feel less connected"", ""late_night_use"": ""Rarely"", ""parental_rules"": ""Some clear rules"", ""posting_frequency"": ""Less than once a week"", ""primary_platform"": ""YouTube"", ""sleep_interference"": ""Never"", ""social_comparison"": ""Sometimes"", ""social_media_hours"": ""Four or more hours""}",
402,teen_social_big_support_aug3_402,adaptive_uniform,repair measured equal-weight marginal deficits,,,,explicit,"{""connection_effect"": ""Makes me feel more connected"", ""late_night_use"": ""Often"", ""parental_rules"": ""A few loose rules"", ""posting_frequency"": ""Less than once a week"", ""primary_platform"": ""YouTube"", ""sleep_interference"": ""Often"", ""social_comparison"": ""Rarely"", ""social_media_hours"": ""Less than one hour""}",
403,teen_social_big_support_aug3_403,adaptive_uniform,repair measured equal-weight marginal deficits,,,,explicit,"{""connection_effect"": ""Makes me feel less connected"", ""late_night_use"": ""Often"", ""parental_rules"": ""A few loose rules"", ""posting_frequency"": ""Never or almost never"", ""primary_platform"": ""Instagram"", ""sleep_interference"": ""Rarely"", ""social_comparison"": ""Sometimes"", ""social_media_hours"": ""Four or more hours""}",
404,teen_social_big_support_aug3_404,adaptive_uniform,repair measured equal-weight marginal deficits,,,,explicit,"{""connection_effect"": ""Makes little difference"", ""late_night_use"": ""Rarely"", ""parental_rules"": ""A few loose rules"", ""posting_frequency"": ""Never or almost never"", ""primary_platform"": ""I do not use social media"", ""sleep_interference"": ""Never"", ""social_comparison"": ""Never"", ""social_media_hours"": ""Four or more hours""}",
405,teen_social_big_support_aug3_405,adaptive_uniform,repair measured equal-weight marginal deficits,,,,explicit,"{""connection_effect"": ""Makes me feel more connected"", ""late_night_use"": ""Never"", ""parental_rules"": ""Very strict rules"", ""posting_frequency"": ""At least once a day"", ""primary_platform"": ""I do not use social media"", ""sleep_interference"": ""Sometimes"", ""social_comparison"": ""Often"", ""social_media_hours"": ""Less than one hour""}",
406,teen_social_big_support_aug3_406,adaptive_uniform,repair measured equal-weight marginal deficits,,,,explicit,"{""connection_effect"": ""Makes me feel less connected"", ""late_night_use"": ""Often"", ""parental_rules"": ""No rules"", ""posting_frequency"": ""Never or almost never"", ""primary_platform"": ""YouTube"", ""sleep_interference"": ""Often"", ""social_comparison"": ""Rarely"", ""social_media_hours"": ""One to three hours""}",
407,teen_social_big_support_aug3_407,adaptive_uniform,repair measured equal-weight marginal deficits,,,,explicit,"{""connection_effect"": ""Makes me feel less connected"", ""late_night_use"": ""Sometimes"", ""parental_rules"": ""Some clear rules"", ""posting_frequency"": ""At least once a day"", ""primary_platform"": ""Another platform"", ""sleep_interference"": ""Never"", ""social_comparison"": ""Sometimes"", ""social_media_hours"": ""Four or more hours""}",
408,teen_social_big_support_aug3_408,adaptive_uniform,repair measured equal-weight marginal deficits,,,,explicit,"{""connection_effect"": ""Makes me feel more connected"", ""late_night_use"": ""Rarely"", ""parental_rules"": ""No rules"", ""posting_frequency"": ""At least once a day"", ""primary_platform"": ""Another platform"", ""sleep_interference"": ""Often"", ""social_comparison"": ""Rarely"", ""social_media_hours"": ""Less than one hour""}",
409,teen_social_big_support_aug3_409,adaptive_uniform,repair measured equal-weight marginal deficits,,,,explicit,"{""connection_effect"": ""Makes me feel more connected"", ""late_night_use"": ""Often"", ""parental_rules"": ""A few loose rules"", ""posting_frequency"": ""Less than once a week"", ""primary_platform"": ""Snapchat"", ""sleep_interference"": ""Often"", ""social_comparison"": ""Never"", ""social_media_hours"": ""Less than one hour""}",
410,teen_social_big_support_aug3_410,adaptive_uniform,repair measured equal-weight marginal deficits,,,,explicit,"{""connection_effect"": ""Makes me feel more connected"", ""late_night_use"": ""Never"", ""parental_rules"": ""No rules"", ""posting_frequency"": ""Less than once a week"", ""primary_platform"": ""TikTok"", ""sleep_interference"": ""Never"", ""social_comparison"": ""Often"", ""social_media_hours"": ""Four or more hours""}",
411,teen_social_big_support_aug3_411,adaptive_uniform,repair measured equal-weight marginal deficits,,,,explicit,"{""connection_effect"": ""Makes me feel more connected"", ""late_night_use"": ""Rarely"", ""parental_rules"": ""A few loose rules"", ""posting_frequency"": ""At least once a day"", ""primary_platform"": ""Snapchat"", ""sleep_interference"": ""Often"", ""social_comparison"": ""Sometimes"", ""social_media_hours"": ""Less than one hour""}",
412,teen_social_big_support_aug3_412,adaptive_uniform,repair measured equal-weight marginal deficits,,,,explicit,"{""connection_effect"": ""Makes me feel less connected"", ""late_night_use"": ""Often"", ""parental_rules"": ""Very strict rules"", ""posting_frequency"": ""Less than once a week"", ""primary_platform"": ""TikTok"", ""sleep_interference"": ""Sometimes"", ""social_comparison"": ""Often"", ""social_media_hours"": ""One to three hours""}",
413,teen_social_big_support_aug3_413,adaptive_uniform,repair measured equal-weight marginal deficits,,,,explicit,"{""connection_effect"": ""Makes little difference"", ""late_night_use"": ""Never"", ""parental_rules"": ""No rules"", ""posting_frequency"": ""A few times a week"", ""primary_platform"": ""YouTube"", ""sleep_interference"": ""Often"", ""social_comparison"": ""Never"", ""social_media_hours"": ""Less than one hour""}",
414,teen_social_big_support_aug3_414,adaptive_uniform,repair measured equal-weight marginal deficits,,,,explicit,"{""connection_effect"": ""Makes me feel more connected"", ""late_night_use"": ""Rarely"", ""parental_rules"": ""A few loose rules"", ""posting_frequency"": ""A few times a week"", ""primary_platform"": ""TikTok"", ""sleep_interference"": ""Never"", ""social_comparison"": ""Rarely"", ""social_media_hours"": ""Less than one hour""}",
415,teen_social_big_support_aug3_415,adaptive_uniform,repair measured equal-weight marginal deficits,,,,explicit,"{""connection_effect"": ""Makes me feel more connected"", ""late_night_use"": ""Rarely"", ""parental_rules"": ""A few loose rules"", ""posting_frequency"": ""At least once a day"", ""primary_platform"": ""YouTube"", ""sleep_interference"": ""Sometimes"", ""social_comparison"": ""Never"", ""social_media_hours"": ""One to three hours""}",
416,teen_social_big_support_aug3_416,adaptive_uniform,repair measured equal-weight marginal deficits,,,,explicit,"{""connection_effect"": ""Makes little difference"", ""late_night_use"": ""Sometimes"", ""parental_rules"": ""Some clear rules"", ""posting_frequency"": ""At least once a day"", ""primary_platform"": ""TikTok"", ""sleep_interference"": ""Never"", ""social_comparison"": ""Often"", ""social_media_hours"": ""One to three hours""}",
417,teen_social_big_support_aug3_417,adaptive_uniform,repair measured equal-weight marginal deficits,,,,explicit,"{""connection_effect"": ""Makes me feel more connected"", ""late_night_use"": ""Rarely"", ""parental_rules"": ""No rules"", ""posting_frequency"": ""Never or almost never"", ""primary_platform"": ""I do not use social media"", ""sleep_interference"": ""Never"", ""social_comparison"": ""Rarely"", ""social_media_hours"": ""Less than one hour""}",
418,teen_social_big_support_aug3_418,adaptive_uniform,repair measured equal-weight marginal deficits,,,,explicit,"{""connection_effect"": ""Makes me feel less connected"", ""late_night_use"": ""Often"", ""parental_rules"": ""No rules"", ""posting_frequency"": ""Never or almost never"", ""primary_platform"": ""Instagram"", ""sleep_interference"": ""Never"", ""social_comparison"": ""Sometimes"", ""social_media_hours"": ""Four or more hours""}",
419,teen_social_big_support_aug3_419,adaptive_uniform,repair measured equal-weight marginal deficits,,,,explicit,"{""connection_effect"": ""Makes me feel more connected"", ""late_night_use"": ""Never"", ""parental_rules"": ""Very strict rules"", ""posting_frequency"": ""Less than once a week"", ""primary_platform"": ""I do not use social media"", ""sleep_interference"": ""Sometimes"", ""social_comparison"": ""Sometimes"", ""social_media_hours"": ""Four or more hours""}",
420,teen_social_big_support_aug3_420,adaptive_uniform,repair measured equal-weight marginal deficits,,,,explicit,"{""connection_effect"": ""Makes me feel less connected"", ""late_night_use"": ""Sometimes"", ""parental_rules"": ""Very strict rules"", ""posting_frequency"": ""A few times a week"", ""primary_platform"": ""YouTube"", ""sleep_interference"": ""Often"", ""social_comparison"": ""Often"", ""social_media_hours"": ""One to three hours""}",
421,teen_social_big_support_aug3_421,adaptive_uniform,repair measured equal-weight marginal deficits,,,,explicit,"{""connection_effect"": ""Makes me feel less connected"", ""late_night_use"": ""Rarely"", ""parental_rules"": ""Some clear rules"", ""posting_frequency"": ""At least once a day"", ""primary_platform"": ""Snapchat"", ""sleep_interference"": ""Sometimes"", ""social_comparison"": ""Rarely"", ""social_media_hours"": ""Less than one hour""}",
422,teen_social_big_support_aug3_422,adaptive_uniform,repair measured equal-weight marginal deficits,,,,explicit,"{""connection_effect"": ""Makes little difference"", ""late_night_use"": ""Sometimes"", ""parental_rules"": ""Very strict rules"", ""posting_frequency"": ""A few times a week"", ""primary_platform"": ""I do not use social media"", ""sleep_interference"": ""Never"", ""social_comparison"": ""Often"", ""social_media_hours"": ""Less than one hour""}",
423,teen_social_big_support_aug3_423,adaptive_uniform,repair measured equal-weight marginal deficits,,,,explicit,"{""connection_effect"": ""Makes me feel more connected"", ""late_night_use"": ""Never"", ""parental_rules"": ""Very strict rules"", ""posting_frequency"": ""At least once a day"", ""primary_platform"": ""I do not use social media"", ""sleep_interference"": ""Rarely"", ""social_comparison"": ""Often"", ""social_media_hours"": ""One to three hours""}",
424,teen_social_big_support_aug3_424,adaptive_uniform,repair measured equal-weight marginal deficits,,,,explicit,"{""connection_effect"": ""Makes me feel less connected"", ""late_night_use"": ""Often"", ""parental_rules"": ""A few loose rules"", ""posting_frequency"": ""At least once a day"", ""primary_platform"": ""Snapchat"", ""sleep_interference"": ""Rarely"", ""social_comparison"": ""Never"", ""social_media_hours"": ""Less than one hour""}",
425,teen_social_big_support_aug3_425,adaptive_uniform,repair measured equal-weight marginal deficits,,,,explicit,"{""connection_effect"": ""Makes little difference"", ""late_night_use"": ""Often"", ""parental_rules"": ""A few loose rules"", ""posting_frequency"": ""Less than once a week"", ""primary_platform"": ""TikTok"", ""sleep_interference"": ""Never"", ""social_comparison"": ""Never"", ""social_media_hours"": ""Four or more hours""}",
426,teen_social_big_support_aug3_426,adaptive_uniform,repair measured equal-weight marginal deficits,,,,explicit,"{""connection_effect"": ""Makes me feel less connected"", ""late_night_use"": ""Sometimes"", ""parental_rules"": ""Very strict rules"", ""posting_frequency"": ""A few times a week"", ""primary_platform"": ""TikTok"", ""sleep_interference"": ""Often"", ""social_comparison"": ""Never"", ""social_media_hours"": ""One to three hours""}",
427,teen_social_big_support_aug3_427,adaptive_uniform,repair measured equal-weight marginal deficits,,,,explicit,"{""connection_effect"": ""Makes little difference"", ""late_night_use"": ""Often"", ""parental_rules"": ""Some clear rules"", ""posting_frequency"": ""At least once a day"", ""primary_platform"": ""YouTube"", ""sleep_interference"": ""Sometimes"", ""social_comparison"": ""Often"", ""social_media_hours"": ""Four or more hours""}",
428,teen_social_big_support_aug3_428,adaptive_uniform,repair measured equal-weight marginal deficits,,,,explicit,"{""connection_effect"": ""Makes me feel more connected"", ""late_night_use"": ""Rarely"", ""parental_rules"": ""A few loose rules"", ""posting_frequency"": ""A few times a week"", ""primary_platform"": ""Instagram"", ""sleep_interference"": ""Often"", ""social_comparison"": ""Rarely"", ""social_media_hours"": ""One to three hours""}",
429,teen_social_big_support_aug3_429,adaptive_uniform,repair measured equal-weight marginal deficits,,,,explicit,"{""connection_effect"": ""Makes little difference"", ""late_night_use"": ""Rarely"", ""parental_rules"": ""A few loose rules"", ""posting_frequency"": ""Less than once a week"", ""primary_platform"": ""Snapchat"", ""sleep_interference"": ""Often"", ""social_comparison"": ""Often"", ""social_media_hours"": ""One to three hours""}",
430,teen_social_big_support_aug3_430,adaptive_uniform,repair measured equal-weight marginal deficits,,,,explicit,"{""connection_effect"": ""Makes me feel less connected"", ""late_night_use"": ""Rarely"", ""parental_rules"": ""Some clear rules"", ""posting_frequency"": ""Less than once a week"", ""primary_platform"": ""Instagram"", ""sleep_interference"": ""Often"", ""social_comparison"": ""Often"", ""social_media_hours"": ""One to three hours""}",
431,teen_social_big_support_aug3_431,adaptive_uniform,repair measured equal-weight marginal deficits,,,,explicit,"{""connection_effect"": ""Makes little difference"", ""late_night_use"": ""Often"", ""parental_rules"": ""A few loose rules"", ""posting_frequency"": ""Less than once a week"", ""primary_platform"": ""Snapchat"", ""sleep_interference"": ""Sometimes"", ""social_comparison"": ""Often"", ""social_media_hours"": ""Four or more hours""}",
432,teen_social_big_support_aug3_432,adaptive_uniform,repair measured equal-weight marginal deficits,,,,explicit,"{""connection_effect"": ""Makes me feel more connected"", ""late_night_use"": ""Often"", ""parental_rules"": ""Some clear rules"", ""posting_frequency"": ""Less than once a week"", ""primary_platform"": ""Instagram"", ""sleep_interference"": ""Often"", ""social_comparison"": ""Rarely"", ""social_media_hours"": ""Four or more hours""}",
433,teen_social_big_support_aug3_433,adaptive_uniform,repair measured equal-weight marginal deficits,,,,explicit,"{""connection_effect"": ""Makes little difference"", ""late_night_use"": ""Never"", ""parental_rules"": ""Very strict rules"", ""posting_frequency"": ""A few times a week"", ""primary_platform"": ""Another platform"", ""sleep_interference"": ""Rarely"", ""social_comparison"": ""Often"", ""social_media_hours"": ""Four or more hours""}",
434,teen_social_big_support_aug3_434,adaptive_uniform,repair measured equal-weight marginal deficits,,,,explicit,"{""connection_effect"": ""Makes little difference"", ""late_night_use"": ""Rarely"", ""parental_rules"": ""A few loose rules"", ""posting_frequency"": ""Less than once a week"", ""primary_platform"": ""Another platform"", ""sleep_interference"": ""Rarely"", ""social_comparison"": ""Never"", ""social_media_hours"": ""Less than one hour""}",
435,teen_social_big_support_aug3_435,adaptive_uniform,repair measured equal-weight marginal deficits,,,,explicit,"{""connection_effect"": ""Makes me feel more connected"", ""late_night_use"": ""Sometimes"", ""parental_rules"": ""No rules"", ""posting_frequency"": ""At least once a day"", ""primary_platform"": ""Snapchat"", ""sleep_interference"": ""Sometimes"", ""social_comparison"": ""Never"", ""social_media_hours"": ""Less than one hour""}",
436,teen_social_big_support_aug3_436,adaptive_uniform,repair measured equal-weight marginal deficits,,,,explicit,"{""connection_effect"": ""Makes me feel more connected"", ""late_night_use"": ""Sometimes"", ""parental_rules"": ""No rules"", ""posting_frequency"": ""Never or almost never"", ""primary_platform"": ""Snapchat"", ""sleep_interference"": ""Never"", ""social_comparison"": ""Never"", ""social_media_hours"": ""Less than one hour""}",
437,teen_social_big_support_aug3_437,adaptive_uniform,repair measured equal-weight marginal deficits,,,,explicit,"{""connection_effect"": ""Makes me feel more connected"", ""late_night_use"": ""Never"", ""parental_rules"": ""No rules"", ""posting_frequency"": ""A few times a week"", ""primary_platform"": ""Another platform"", ""sleep_interference"": ""Never"", ""social_comparison"": ""Rarely"", ""social_media_hours"": ""Less than one hour""}",
438,teen_social_big_support_aug3_438,adaptive_uniform,repair measured equal-weight marginal deficits,,,,explicit,"{""connection_effect"": ""Makes me feel more connected"", ""late_night_use"": ""Never"", ""parental_rules"": ""No rules"", ""posting_frequency"": ""At least once a day"", ""primary_platform"": ""Snapchat"", ""sleep_interference"": ""Never"", ""social_comparison"": ""Never"", ""social_media_hours"": ""Less than one hour""}",
439,teen_social_big_support_aug3_439,adaptive_uniform,repair measured equal-weight marginal deficits,,,,explicit,"{""connection_effect"": ""Makes little difference"", ""late_night_use"": ""Sometimes"", ""parental_rules"": ""No rules"", ""posting_frequency"": ""At least once a day"", ""primary_platform"": ""Snapchat"", ""sleep_interference"": ""Often"", ""social_comparison"": ""Never"", ""social_media_hours"": ""Less than one hour""}",
440,teen_social_big_support_aug3_440,adaptive_uniform,repair measured equal-weight marginal deficits,,,,explicit,"{""connection_effect"": ""Makes me feel less connected"", ""late_night_use"": ""Sometimes"", ""parental_rules"": ""Some clear rules"", ""posting_frequency"": ""Less than once a week"", ""primary_platform"": ""Snapchat"", ""sleep_interference"": ""Rarely"", ""social_comparison"": ""Often"", ""social_media_hours"": ""Less than one hour""}",
441,teen_social_big_support_aug3_441,adaptive_uniform,repair measured equal-weight marginal deficits,,,,explicit,"{""connection_effect"": ""Makes me feel less connected"", ""late_night_use"": ""Rarely"", ""parental_rules"": ""Very strict rules"", ""posting_frequency"": ""Never or almost never"", ""primary_platform"": ""Instagram"", ""sleep_interference"": ""Never"", ""social_comparison"": ""Often"", ""social_media_hours"": ""Four or more hours""}",
442,teen_social_big_support_aug3_442,adaptive_uniform,repair measured equal-weight marginal deficits,,,,explicit,"{""connection_effect"": ""Makes me feel less connected"", ""late_night_use"": ""Often"", ""parental_rules"": ""A few loose rules"", ""posting_frequency"": ""A few times a week"", ""primary_platform"": ""Another platform"", ""sleep_interference"": ""Often"", ""social_comparison"": ""Never"", ""social_media_hours"": ""Less than one hour""}",
443,teen_social_big_support_aug3_443,adaptive_uniform,repair measured equal-weight marginal deficits,,,,explicit,"{""connection_effect"": ""Makes me feel more connected"", ""late_night_use"": ""Never"", ""parental_rules"": ""A few loose rules"", ""posting_frequency"": ""At least once a day"", ""primary_platform"": ""Another platform"", ""sleep_interference"": ""Sometimes"", ""social_comparison"": ""Sometimes"", ""social_media_hours"": ""Less than one hour""}",
444,teen_social_big_support_aug3_444,adaptive_uniform,repair measured equal-weight marginal deficits,,,,explicit,"{""connection_effect"": ""Makes little difference"", ""late_night_use"": ""Never"", ""parental_rules"": ""No rules"", ""posting_frequency"": ""A few times a week"", ""primary_platform"": ""YouTube"", ""sleep_interference"": ""Rarely"", ""social_comparison"": ""Often"", ""social_media_hours"": ""Less than one hour""}",
445,teen_social_big_support_aug3_445,adaptive_uniform,repair measured equal-weight marginal deficits,,,,explicit,"{""connection_effect"": ""Makes me feel less connected"", ""late_night_use"": ""Rarely"", ""parental_rules"": ""Some clear rules"", ""posting_frequency"": ""Never or almost never"", ""primary_platform"": ""Snapchat"", ""sleep_interference"": ""Never"", ""social_comparison"": ""Rarely"", ""social_media_hours"": ""Less than one hour""}",
446,teen_social_big_support_aug3_446,adaptive_uniform,repair measured equal-weight marginal deficits,,,,explicit,"{""connection_effect"": ""Makes me feel less connected"", ""late_night_use"": ""Often"", ""parental_rules"": ""Very strict rules"", ""posting_frequency"": ""Never or almost never"", ""primary_platform"": ""I do not use social media"", ""sleep_interference"": ""Never"", ""social_comparison"": ""Often"", ""social_media_hours"": ""Less than one hour""}",
447,teen_social_big_support_aug3_447,adaptive_uniform,repair measured equal-weight marginal deficits,,,,explicit,"{""connection_effect"": ""Makes me feel less connected"", ""late_night_use"": ""Rarely"", ""parental_rules"": ""Some clear rules"", ""posting_frequency"": ""A few times a week"", ""primary_platform"": ""Snapchat"", ""sleep_interference"": ""Rarely"", ""social_comparison"": ""Often"", ""social_media_hours"": ""Less than one hour""}",
448,teen_social_big_support_aug3_448,adaptive_uniform,repair measured equal-weight marginal deficits,,,,explicit,"{""connection_effect"": ""Makes me feel more connected"", ""late_night_use"": ""Often"", ""parental_rules"": ""Very strict rules"", ""posting_frequency"": ""Never or almost never"", ""primary_platform"": ""Another platform"", ""sleep_interference"": ""Sometimes"", ""social_comparison"": ""Rarely"", ""social_media_hours"": ""One to three hours""}",
449,teen_social_big_support_aug3_449,adaptive_uniform,repair measured equal-weight marginal deficits,,,,explicit,"{""connection_effect"": ""Makes me feel more connected"", ""late_night_use"": ""Never"", ""parental_rules"": ""A few loose rules"", ""posting_frequency"": ""A few times a week"", ""primary_platform"": ""I do not use social media"", ""sleep_interference"": ""Often"", ""social_comparison"": ""Often"", ""social_media_hours"": ""One to three hours""}",
450,teen_social_big_support_aug3_450,adaptive_uniform,repair measured equal-weight marginal deficits,,,,explicit,"{""connection_effect"": ""Makes little difference"", ""late_night_use"": ""Rarely"", ""parental_rules"": ""A few loose rules"", ""posting_frequency"": ""Never or almost never"", ""primary_platform"": ""Another platform"", ""sleep_interference"": ""Never"", ""social_comparison"": ""Never"", ""social_media_hours"": ""Four or more hours""}",
451,teen_social_big_support_aug3_451,adaptive_uniform,repair measured equal-weight marginal deficits,,,,explicit,"{""connection_effect"": ""Makes me feel less connected"", ""late_night_use"": ""Never"", ""parental_rules"": ""Some clear rules"", ""posting_frequency"": ""Never or almost never"", ""primary_platform"": ""I do not use social media"", ""sleep_interference"": ""Often"", ""social_comparison"": ""Rarely"", ""social_media_hours"": ""One to three hours""}",
452,teen_social_big_support_aug3_452,adaptive_uniform,repair measured equal-weight marginal deficits,,,,explicit,"{""connection_effect"": ""Makes me feel more connected"", ""late_night_use"": ""Never"", ""parental_rules"": ""Very strict rules"", ""posting_frequency"": ""A few times a week"", ""primary_platform"": ""YouTube"", ""sleep_interference"": ""Often"", ""social_comparison"": ""Sometimes"", ""social_media_hours"": ""One to three hours""}",
453,teen_social_big_support_aug3_453,adaptive_uniform,repair measured equal-weight marginal deficits,,,,explicit,"{""connection_effect"": ""Makes me feel more connected"", ""late_night_use"": ""Never"", ""parental_rules"": ""Some clear rules"", ""posting_frequency"": ""A few times a week"", ""primary_platform"": ""TikTok"", ""sleep_interference"": ""Sometimes"", ""social_comparison"": ""Sometimes"", ""social_media_hours"": ""Less than one hour""}",
454,teen_social_big_support_aug3_454,adaptive_uniform,repair measured equal-weight marginal deficits,,,,explicit,"{""connection_effect"": ""Makes little difference"", ""late_night_use"": ""Often"", ""parental_rules"": ""A few loose rules"", ""posting_frequency"": ""At least once a day"", ""primary_platform"": ""Snapchat"", ""sleep_interference"": ""Never"", ""social_comparison"": ""Rarely"", ""social_media_hours"": ""Less than one hour""}",
455,teen_social_big_support_aug3_455,adaptive_uniform,repair measured equal-weight marginal deficits,,,,explicit,"{""connection_effect"": ""Makes little difference"", ""late_night_use"": ""Never"", ""parental_rules"": ""Some clear rules"", ""posting_frequency"": ""Never or almost never"", ""primary_platform"": ""Another platform"", ""sleep_interference"": ""Never"", ""social_comparison"": ""Often"", ""social_media_hours"": ""Four or more hours""}",
456,teen_social_big_support_aug3_456,adaptive_uniform,repair measured equal-weight marginal deficits,,,,explicit,"{""connection_effect"": ""Makes me feel less connected"", ""late_night_use"": ""Sometimes"", ""parental_rules"": ""Some clear rules"", ""posting_frequency"": ""Never or almost never"", ""primary_platform"": ""Instagram"", ""sleep_interference"": ""Often"", ""social_comparison"": ""Never"", ""social_media_hours"": ""Less than one hour""}",
457,teen_social_big_support_aug3_457,adaptive_uniform,repair measured equal-weight marginal deficits,,,,explicit,"{""connection_effect"": ""Makes little difference"", ""late_night_use"": ""Rarely"", ""parental_rules"": ""Very strict rules"", ""posting_frequency"": ""A few times a week"", ""primary_platform"": ""Instagram"", ""sleep_interference"": ""Often"", ""social_comparison"": ""Sometimes"", ""social_media_hours"": ""Less than one hour""}",
458,teen_social_big_support_aug3_458,adaptive_uniform,repair measured equal-weight marginal deficits,,,,explicit,"{""connection_effect"": ""Makes me feel less connected"", ""late_night_use"": ""Often"", ""parental_rules"": ""A few loose rules"", ""posting_frequency"": ""Less than once a week"", ""primary_platform"": ""I do not use social media"", ""sleep_interference"": ""Rarely"", ""social_comparison"": ""Sometimes"", ""social_media_hours"": ""Less than one hour""}",
459,teen_social_big_support_aug3_459,adaptive_uniform,repair measured equal-weight marginal deficits,,,,explicit,"{""connection_effect"": ""Makes me feel less connected"", ""late_night_use"": ""Often"", ""parental_rules"": ""Very strict rules"", ""posting_frequency"": ""Never or almost never"", ""primary_platform"": ""Instagram"", ""sleep_interference"": ""Often"", ""social_comparison"": ""Never"", ""social_media_hours"": ""Four or more hours""}",
460,teen_social_big_support_aug3_460,adaptive_uniform,repair measured equal-weight marginal deficits,,,,explicit,"{""connection_effect"": ""Makes little difference"", ""late_night_use"": ""Never"", ""parental_rules"": ""Some clear rules"", ""posting_frequency"": ""At least once a day"", ""primary_platform"": ""Snapchat"", ""sleep_interference"": ""Never"", ""social_comparison"": ""Never"", ""social_media_hours"": ""Four or more hours""}",
461,teen_social_big_support_aug3_461,adaptive_uniform,repair measured equal-weight marginal deficits,,,,explicit,"{""connection_effect"": ""Makes little difference"", ""late_night_use"": ""Sometimes"", ""parental_rules"": ""No rules"", ""posting_frequency"": ""Never or almost never"", ""primary_platform"": ""YouTube"", ""sleep_interference"": ""Often"", ""social_comparison"": ""Rarely"", ""social_media_hours"": ""Less than one hour""}",
462,teen_social_big_support_aug3_462,adaptive_uniform,repair measured equal-weight marginal deficits,,,,explicit,"{""connection_effect"": ""Makes me feel more connected"", ""late_night_use"": ""Never"", ""parental_rules"": ""A few loose rules"", ""posting_frequency"": ""A few times a week"", ""primary_platform"": ""YouTube"", ""sleep_interference"": ""Rarely"", ""social_comparison"": ""Rarely"", ""social_media_hours"": ""Four or more hours""}",
463,teen_social_big_support_aug3_463,adaptive_uniform,repair measured equal-weight marginal deficits,,,,explicit,"{""connection_effect"": ""Makes me feel more connected"", ""late_night_use"": ""Never"", ""parental_rules"": ""No rules"", ""posting_frequency"": ""Never or almost never"", ""primary_platform"": ""Another platform"", ""sleep_interference"": ""Often"", ""social_comparison"": ""Rarely"", ""social_media_hours"": ""Four or more hours""}",
464,teen_social_big_support_aug3_464,adaptive_uniform,repair measured equal-weight marginal deficits,,,,explicit,"{""connection_effect"": ""Makes me feel less connected"", ""late_night_use"": ""Never"", ""parental_rules"": ""A few loose rules"", ""posting_frequency"": ""Never or almost never"", ""primary_platform"": ""YouTube"", ""sleep_interference"": ""Often"", ""social_comparison"": ""Never"", ""social_media_hours"": ""Four or more hours""}",
465,teen_social_big_support_aug3_465,adaptive_uniform,repair measured equal-weight marginal deficits,,,,explicit,"{""connection_effect"": ""Makes little difference"", ""late_night_use"": ""Rarely"", ""parental_rules"": ""Very strict rules"", ""posting_frequency"": ""Less than once a week"", ""primary_platform"": ""I do not use social media"", ""sleep_interference"": ""Rarely"", ""social_comparison"": ""Often"", ""social_media_hours"": ""Less than one hour""}",
466,teen_social_big_support_aug3_466,adaptive_uniform,repair measured equal-weight marginal deficits,,,,explicit,"{""connection_effect"": ""Makes me feel less connected"", ""late_night_use"": ""Never"", ""parental_rules"": ""No rules"", ""posting_frequency"": ""Never or almost never"", ""primary_platform"": ""TikTok"", ""sleep_interference"": ""Sometimes"", ""social_comparison"": ""Never"", ""social_media_hours"": ""Less than one hour""}",
467,teen_social_big_support_aug3_467,adaptive_uniform,repair measured equal-weight marginal deficits,,,,explicit,"{""connection_effect"": ""Makes little difference"", ""late_night_use"": ""Never"", ""parental_rules"": ""No rules"", ""posting_frequency"": ""At least once a day"", ""primary_platform"": ""TikTok"", ""sleep_interference"": ""Never"", ""social_comparison"": ""Never"", ""social_media_hours"": ""Four or more hours""}",
468,teen_social_big_support_aug3_468,adaptive_uniform,repair measured equal-weight marginal deficits,,,,explicit,"{""connection_effect"": ""Makes little difference"", ""late_night_use"": ""Rarely"", ""parental_rules"": ""A few loose rules"", ""posting_frequency"": ""Never or almost never"", ""primary_platform"": ""Another platform"", ""sleep_interference"": ""Often"", ""social_comparison"": ""Sometimes"", ""social_media_hours"": ""Less than one hour""}",
469,teen_social_big_support_aug3_469,adaptive_uniform,repair measured equal-weight marginal deficits,,,,explicit,"{""connection_effect"": ""Makes little difference"", ""late_night_use"": ""Never"", ""parental_rules"": ""A few loose rules"", ""posting_frequency"": ""Less than once a week"", ""primary_platform"": ""Another platform"", ""sleep_interference"": ""Sometimes"", ""social_comparison"": ""Often"", ""social_media_hours"": ""One to three hours""}",
470,teen_social_big_support_aug3_470,adaptive_uniform,repair measured equal-weight marginal deficits,,,,explicit,"{""connection_effect"": ""Makes me feel less connected"", ""late_night_use"": ""Often"", ""parental_rules"": ""No rules"", ""posting_frequency"": ""A few times a week"", ""primary_platform"": ""YouTube"", ""sleep_interference"": ""Often"", ""social_comparison"": ""Never"", ""social_media_hours"": ""Less than one hour""}",
471,teen_social_big_support_aug3_471,adaptive_uniform,repair measured equal-weight marginal deficits,,,,explicit,"{""connection_effect"": ""Makes me feel less connected"", ""late_night_use"": ""Sometimes"", ""parental_rules"": ""Very strict rules"", ""posting_frequency"": ""At least once a day"", ""primary_platform"": ""Another platform"", ""sleep_interference"": ""Sometimes"", ""social_comparison"": ""Sometimes"", ""social_media_hours"": ""Four or more hours""}",
472,teen_social_big_support_aug3_472,adaptive_uniform,repair measured equal-weight marginal deficits,,,,explicit,"{""connection_effect"": ""Makes me feel more connected"", ""late_night_use"": ""Never"", ""parental_rules"": ""Very strict rules"", ""posting_frequency"": ""Never or almost never"", ""primary_platform"": ""TikTok"", ""sleep_interference"": ""Rarely"", ""social_comparison"": ""Sometimes"", ""social_media_hours"": ""Less than one hour""}",
473,teen_social_big_support_aug3_473,adaptive_uniform,repair measured equal-weight marginal deficits,,,,explicit,"{""connection_effect"": ""Makes me feel more connected"", ""late_night_use"": ""Sometimes"", ""parental_rules"": ""Some clear rules"", ""posting_frequency"": ""Never or almost never"", ""primary_platform"": ""TikTok"", ""sleep_interference"": ""Often"", ""social_comparison"": ""Sometimes"", ""social_media_hours"": ""Less than one hour""}",
474,teen_social_big_support_aug3_474,adaptive_uniform,repair measured equal-weight marginal deficits,,,,explicit,"{""connection_effect"": ""Makes me feel more connected"", ""late_night_use"": ""Rarely"", ""parental_rules"": ""No rules"", ""posting_frequency"": ""Never or almost never"", ""primary_platform"": ""YouTube"", ""sleep_interference"": ""Sometimes"", ""social_comparison"": ""Never"", ""social_media_hours"": ""Less than one hour""}",
475,teen_social_big_support_aug3_475,adaptive_uniform,repair measured equal-weight marginal deficits,,,,explicit,"{""connection_effect"": ""Makes me feel less connected"", ""late_night_use"": ""Never"", ""parental_rules"": ""No rules"", ""posting_frequency"": ""At least once a day"", ""primary_platform"": ""Another platform"", ""sleep_interference"": ""Never"", ""social_comparison"": ""Never"", ""social_media_hours"": ""Less than one hour""}",
476,teen_social_big_support_aug3_476,adaptive_uniform,repair measured equal-weight marginal deficits,,,,explicit,"{""connection_effect"": ""Makes me feel less connected"", ""late_night_use"": ""Rarely"", ""parental_rules"": ""Some clear rules"", ""posting_frequency"": ""At least once a day"", ""primary_platform"": ""I do not use social media"", ""sleep_interference"": ""Sometimes"", ""social_comparison"": ""Often"", ""social_media_hours"": ""One to three hours""}",
477,teen_social_big_support_aug3_477,adaptive_uniform,repair measured equal-weight marginal deficits,,,,explicit,"{""connection_effect"": ""Makes me feel less connected"", ""late_night_use"": ""Sometimes"", ""parental_rules"": ""Some clear rules"", ""posting_frequency"": ""Never or almost never"", ""primary_platform"": ""Another platform"", ""sleep_interference"": ""Rarely"", ""social_comparison"": ""Never"", ""social_media_hours"": ""One to three hours""}",
478,teen_social_big_support_aug3_478,adaptive_uniform,repair measured equal-weight marginal deficits,,,,explicit,"{""connection_effect"": ""Makes little difference"", ""late_night_use"": ""Often"", ""parental_rules"": ""A few loose rules"", ""posting_frequency"": ""A few times a week"", ""primary_platform"": ""YouTube"", ""sleep_interference"": ""Sometimes"", ""social_comparison"": ""Often"", ""social_media_hours"": ""Less than one hour""}",
479,teen_social_big_support_aug3_479,adaptive_uniform,repair measured equal-weight marginal deficits,,,,explicit,"{""connection_effect"": ""Makes me feel less connected"", ""late_night_use"": ""Never"", ""parental_rules"": ""Very strict rules"", ""posting_frequency"": ""At least once a day"", ""primary_platform"": ""I do not use social media"", ""sleep_interference"": ""Never"", ""social_comparison"": ""Never"", ""social_media_hours"": ""Less than one hour""}",
480,teen_social_big_support_aug3_480,adaptive_uniform,repair measured equal-weight marginal deficits,,,,explicit,"{""connection_effect"": ""Makes me feel less connected"", ""late_night_use"": ""Never"", ""parental_rules"": ""A few loose rules"", ""posting_frequency"": ""Never or almost never"", ""primary_platform"": ""Another platform"", ""sleep_interference"": ""Never"", ""social_comparison"": ""Sometimes"", ""social_media_hours"": ""Four or more hours""}",
481,teen_social_big_support_aug3_481,adaptive_uniform,repair measured equal-weight marginal deficits,,,,explicit,"{""connection_effect"": ""Makes me feel less connected"", ""late_night_use"": ""Never"", ""parental_rules"": ""Very strict rules"", ""posting_frequency"": ""At least once a day"", ""primary_platform"": ""I do not use social media"", ""sleep_interference"": ""Rarely"", ""social_comparison"": ""Rarely"", ""social_media_hours"": ""Four or more hours""}",
482,teen_social_big_support_aug3_482,adaptive_uniform,repair measured equal-weight marginal deficits,,,,explicit,"{""connection_effect"": ""Makes me feel more connected"", ""late_night_use"": ""Never"", ""parental_rules"": ""Very strict rules"", ""posting_frequency"": ""At least once a day"", ""primary_platform"": ""Another platform"", ""sleep_interference"": ""Sometimes"", ""social_comparison"": ""Often"", ""social_media_hours"": ""One to three hours""}",
483,teen_social_big_support_aug3_483,adaptive_uniform,repair measured equal-weight marginal deficits,,,,explicit,"{""connection_effect"": ""Makes me feel less connected"", ""late_night_use"": ""Often"", ""parental_rules"": ""Very strict rules"", ""posting_frequency"": ""Never or almost never"", ""primary_platform"": ""I do not use social media"", ""sleep_interference"": ""Sometimes"", ""social_comparison"": ""Sometimes"", ""social_media_hours"": ""Four or more hours""}",
484,teen_social_big_support_aug3_484,adaptive_uniform,repair measured equal-weight marginal deficits,,,,explicit,"{""connection_effect"": ""Makes little difference"", ""late_night_use"": ""Sometimes"", ""parental_rules"": ""Very strict rules"", ""posting_frequency"": ""Less than once a week"", ""primary_platform"": ""I do not use social media"", ""sleep_interference"": ""Often"", ""social_comparison"": ""Sometimes"", ""social_media_hours"": ""Four or more hours""}",
485,teen_social_big_support_aug3_485,adaptive_uniform,repair measured equal-weight marginal deficits,,,,explicit,"{""connection_effect"": ""Makes me feel less connected"", ""late_night_use"": ""Sometimes"", ""parental_rules"": ""Very strict rules"", ""posting_frequency"": ""Less than once a week"", ""primary_platform"": ""TikTok"", ""sleep_interference"": ""Rarely"", ""social_comparison"": ""Rarely"", ""social_media_hours"": ""Less than one hour""}",
486,teen_social_big_support_aug3_486,adaptive_uniform,repair measured equal-weight marginal deficits,,,,explicit,"{""connection_effect"": ""Makes me feel more connected"", ""late_night_use"": ""Sometimes"", ""parental_rules"": ""Some clear rules"", ""posting_frequency"": ""Less than once a week"", ""primary_platform"": ""Snapchat"", ""sleep_interference"": ""Rarely"", ""social_comparison"": ""Often"", ""social_media_hours"": ""Four or more hours""}",
487,teen_social_big_support_aug3_487,adaptive_uniform,repair measured equal-weight marginal deficits,,,,explicit,"{""connection_effect"": ""Makes little difference"", ""late_night_use"": ""Sometimes"", ""parental_rules"": ""A few loose rules"", ""posting_frequency"": ""Never or almost never"", ""primary_platform"": ""YouTube"", ""sleep_interference"": ""Sometimes"", ""social_comparison"": ""Often"", ""social_media_hours"": ""Four or more hours""}",
488,teen_social_big_support_aug3_488,adaptive_uniform,repair measured equal-weight marginal deficits,,,,explicit,"{""connection_effect"": ""Makes me feel less connected"", ""late_night_use"": ""Sometimes"", ""parental_rules"": ""No rules"", ""posting_frequency"": ""At least once a day"", ""primary_platform"": ""Instagram"", ""sleep_interference"": ""Often"", ""social_comparison"": ""Often"", ""social_media_hours"": ""Less than one hour""}",
489,teen_social_big_support_aug3_489,adaptive_uniform,repair measured equal-weight marginal deficits,,,,explicit,"{""connection_effect"": ""Makes little difference"", ""late_night_use"": ""Sometimes"", ""parental_rules"": ""Very strict rules"", ""posting_frequency"": ""Less than once a week"", ""primary_platform"": ""TikTok"", ""sleep_interference"": ""Rarely"", ""social_comparison"": ""Sometimes"", ""social_media_hours"": ""Four or more hours""}",
490,teen_social_big_support_aug3_490,adaptive_uniform,repair measured equal-weight marginal deficits,,,,explicit,"{""connection_effect"": ""Makes me feel less connected"", ""late_night_use"": ""Often"", ""parental_rules"": ""No rules"", ""posting_frequency"": ""Less than once a week"", ""primary_platform"": ""I do not use social media"", ""sleep_interference"": ""Rarely"", ""social_comparison"": ""Sometimes"", ""social_media_hours"": ""Four or more hours""}",
491,teen_social_big_support_aug3_491,adaptive_uniform,repair measured equal-weight marginal deficits,,,,explicit,"{""connection_effect"": ""Makes me feel less connected"", ""late_night_use"": ""Rarely"", ""parental_rules"": ""No rules"", ""posting_frequency"": ""At least once a day"", ""primary_platform"": ""YouTube"", ""sleep_interference"": ""Never"", ""social_comparison"": ""Often"", ""social_media_hours"": ""Less than one hour""}",
492,teen_social_big_support_aug3_492,adaptive_uniform,repair measured equal-weight marginal deficits,,,,explicit,"{""connection_effect"": ""Makes me feel more connected"", ""late_night_use"": ""Sometimes"", ""parental_rules"": ""A few loose rules"", ""posting_frequency"": ""Less than once a week"", ""primary_platform"": ""TikTok"", ""sleep_interference"": ""Sometimes"", ""social_comparison"": ""Never"", ""social_media_hours"": ""Less than one hour""}",
493,teen_social_big_support_aug3_493,adaptive_uniform,repair measured equal-weight marginal deficits,,,,explicit,"{""connection_effect"": ""Makes little difference"", ""late_night_use"": ""Sometimes"", ""parental_rules"": ""A few loose rules"", ""posting_frequency"": ""At least once a day"", ""primary_platform"": ""I do not use social media"", ""sleep_interference"": ""Sometimes"", ""social_comparison"": ""Often"", ""social_media_hours"": ""Four or more hours""}",
494,teen_social_big_support_aug3_494,adaptive_uniform,repair measured equal-weight marginal deficits,,,,explicit,"{""connection_effect"": ""Makes me feel more connected"", ""late_night_use"": ""Never"", ""parental_rules"": ""A few loose rules"", ""posting_frequency"": ""Less than once a week"", ""primary_platform"": ""I do not use social media"", ""sleep_interference"": ""Rarely"", ""social_comparison"": ""Often"", ""social_media_hours"": ""One to three hours""}",
495,teen_social_big_support_aug3_495,adaptive_uniform,repair measured equal-weight marginal deficits,,,,explicit,"{""connection_effect"": ""Makes little difference"", ""late_night_use"": ""Sometimes"", ""parental_rules"": ""A few loose rules"", ""posting_frequency"": ""At least once a day"", ""primary_platform"": ""Instagram"", ""sleep_interference"": ""Rarely"", ""social_comparison"": ""Often"", ""social_media_hours"": ""One to three hours""}",
496,teen_social_big_support_aug3_496,adaptive_uniform,repair measured equal-weight marginal deficits,,,,explicit,"{""connection_effect"": ""Makes little difference"", ""late_night_use"": ""Never"", ""parental_rules"": ""A few loose rules"", ""posting_frequency"": ""Less than once a week"", ""primary_platform"": ""Another platform"", ""sleep_interference"": ""Rarely"", ""social_comparison"": ""Sometimes"", ""social_media_hours"": ""One to three hours""}",
497,teen_social_big_support_aug3_497,adaptive_uniform,repair measured equal-weight marginal deficits,,,,explicit,"{""connection_effect"": ""Makes little difference"", ""late_night_use"": ""Often"", ""parental_rules"": ""No rules"", ""posting_frequency"": ""Less than once a week"", ""primary_platform"": ""Instagram"", ""sleep_interference"": ""Rarely"", ""social_comparison"": ""Often"", ""social_media_hours"": ""Four or more hours""}",
498,teen_social_big_support_aug3_498,adaptive_uniform,repair measured equal-weight marginal deficits,,,,explicit,"{""connection_effect"": ""Makes little difference"", ""late_night_use"": ""Sometimes"", ""parental_rules"": ""No rules"", ""posting_frequency"": ""A few times a week"", ""primary_platform"": ""I do not use social media"", ""sleep_interference"": ""Never"", ""social_comparison"": ""Often"", ""social_media_hours"": ""One to three hours""}",
499,teen_social_big_support_aug3_499,adaptive_uniform,repair measured equal-weight marginal deficits,,,,explicit,"{""connection_effect"": ""Makes little difference"", ""late_night_use"": ""Often"", ""parental_rules"": ""A few loose rules"", ""posting_frequency"": ""At least once a day"", ""primary_platform"": ""Instagram"", ""sleep_interference"": ""Sometimes"", ""social_comparison"": ""Rarely"", ""social_media_hours"": ""One to three hours""}",
500,teen_social_big_support_aug3_500,adaptive_uniform,repair measured equal-weight marginal deficits,,,,explicit,"{""connection_effect"": ""Makes little difference"", ""late_night_use"": ""Often"", ""parental_rules"": ""A few loose rules"", ""posting_frequency"": ""At least once a day"", ""primary_platform"": ""TikTok"", ""sleep_interference"": ""Often"", ""social_comparison"": ""Rarely"", ""social_media_hours"": ""Four or more hours""}",
501,teen_social_big_support_aug3_501,adaptive_uniform,repair measured equal-weight marginal deficits,,,,explicit,"{""connection_effect"": ""Makes me feel less connected"", ""late_night_use"": ""Rarely"", ""parental_rules"": ""Very strict rules"", ""posting_frequency"": ""Less than once a week"", ""primary_platform"": ""Snapchat"", ""sleep_interference"": ""Often"", ""social_comparison"": ""Often"", ""social_media_hours"": ""Four or more hours""}",
502,teen_social_big_support_aug3_502,adaptive_uniform,repair measured equal-weight marginal deficits,,,,explicit,"{""connection_effect"": ""Makes me feel less connected"", ""late_night_use"": ""Sometimes"", ""parental_rules"": ""Some clear rules"", ""posting_frequency"": ""Less than once a week"", ""primary_platform"": ""Instagram"", ""sleep_interference"": ""Sometimes"", ""social_comparison"": ""Never"", ""social_media_hours"": ""Less than one hour""}",
503,teen_social_big_support_aug3_503,adaptive_uniform,repair measured equal-weight marginal deficits,,,,explicit,"{""connection_effect"": ""Makes me feel more connected"", ""late_night_use"": ""Sometimes"", ""parental_rules"": ""Very strict rules"", ""posting_frequency"": ""At least once a day"", ""primary_platform"": ""I do not use social media"", ""sleep_interference"": ""Often"", ""social_comparison"": ""Rarely"", ""social_media_hours"": ""Less than one hour""}",
504,teen_social_big_support_aug3_504,adaptive_uniform,repair measured equal-weight marginal deficits,,,,explicit,"{""connection_effect"": ""Makes me feel more connected"", ""late_night_use"": ""Often"", ""parental_rules"": ""Some clear rules"", ""posting_frequency"": ""A few times a week"", ""primary_platform"": ""Snapchat"", ""sleep_interference"": ""Often"", ""social_comparison"": ""Often"", ""social_media_hours"": ""Less than one hour""}",
505,teen_social_big_support_aug3_505,adaptive_uniform,repair measured equal-weight marginal deficits,,,,explicit,"{""connection_effect"": ""Makes me feel less connected"", ""late_night_use"": ""Rarely"", ""parental_rules"": ""A few loose rules"", ""posting_frequency"": ""At least once a day"", ""primary_platform"": ""Snapchat"", ""sleep_interference"": ""Often"", ""social_comparison"": ""Sometimes"", ""social_media_hours"": ""Four or more hours""}",
506,teen_social_big_support_aug3_506,adaptive_uniform,repair measured equal-weight marginal deficits,,,,explicit,"{""connection_effect"": ""Makes me feel less connected"", ""late_night_use"": ""Never"", ""parental_rules"": ""No rules"", ""posting_frequency"": ""Never or almost never"", ""primary_platform"": ""I do not use social media"", ""sleep_interference"": ""Rarely"", ""social_comparison"": ""Rarely"", ""social_media_hours"": ""Four or more hours""}",
507,teen_social_big_support_aug3_507,adaptive_uniform,repair measured equal-weight marginal deficits,,,,explicit,"{""connection_effect"": ""Makes me feel more connected"", ""late_night_use"": ""Rarely"", ""parental_rules"": ""A few loose rules"", ""posting_frequency"": ""A few times a week"", ""primary_platform"": ""Instagram"", ""sleep_interference"": ""Rarely"", ""social_comparison"": ""Never"", ""social_media_hours"": ""Four or more hours""}",
508,teen_social_big_support_aug3_508,adaptive_uniform,repair measured equal-weight marginal deficits,,,,explicit,"{""connection_effect"": ""Makes me feel less connected"", ""late_night_use"": ""Never"", ""parental_rules"": ""Very strict rules"", ""posting_frequency"": ""Less than once a week"", ""primary_platform"": ""Another platform"", ""sleep_interference"": ""Never"", ""social_comparison"": ""Sometimes"", ""social_media_hours"": ""One to three hours""}",
509,teen_social_big_support_aug3_509,adaptive_uniform,repair measured equal-weight marginal deficits,,,,explicit,"{""connection_effect"": ""Makes me feel more connected"", ""late_night_use"": ""Rarely"", ""parental_rules"": ""No rules"", ""posting_frequency"": ""A few times a week"", ""primary_platform"": ""Another platform"", ""sleep_interference"": ""Often"", ""social_comparison"": ""Never"", ""social_media_hours"": ""Less than one hour""}",
510,teen_social_big_support_aug3_510,adaptive_uniform,repair measured equal-weight marginal deficits,,,,explicit,"{""connection_effect"": ""Makes me feel less connected"", ""late_night_use"": ""Never"", ""parental_rules"": ""Very strict rules"", ""posting_frequency"": ""At least once a day"", ""primary_platform"": ""TikTok"", ""sleep_interference"": ""Rarely"", ""social_comparison"": ""Often"", ""social_media_hours"": ""One to three hours""}",
511,teen_social_big_support_aug3_511,adaptive_uniform,repair measured equal-weight marginal deficits,,,,explicit,"{""connection_effect"": ""Makes little difference"", ""late_night_use"": ""Never"", ""parental_rules"": ""A few loose rules"", ""posting_frequency"": ""Less than once a week"", ""primary_platform"": ""Instagram"", ""sleep_interference"": ""Rarely"", ""social_comparison"": ""Sometimes"", ""social_media_hours"": ""Less than one hour""}",
512,teen_social_big_support_aug3_512,adaptive_uniform,repair measured equal-weight marginal deficits,,,,explicit,"{""connection_effect"": ""Makes me feel less connected"", ""late_night_use"": ""Often"", ""parental_rules"": ""No rules"", ""posting_frequency"": ""At least once a day"", ""primary_platform"": ""Another platform"", ""sleep_interference"": ""Rarely"", ""social_comparison"": ""Often"", ""social_media_hours"": ""Less than one hour""}",
