battery,coherence,design_schema_version,design_type,job_id,pattern,prompt,reason,support_id
W154_DIFF1,explicit,1,pattern_anchor,pew_w154_diff1_uniform_n96_001,"{'feelings': 'Men and women are basically similar', 'hobbies': 'Men and women are basically similar', 'parenting': 'Men and women are basically similar', 'physical_abilities': 'Men and women are basically similar', 'workplace': 'Men and women are basically similar'}","Support point identifier: pew_w154_diff1_uniform_n96_001

Survey context: A nationally representative Pew Research Center American Trends Panel survey of U.S. adults fielded in September 2024.
Battery topic: whether men and women are basically similar or basically different across domains

Construct a synthetic survey-response profile organized around this declared answer pattern:
- hobbies: Men and women are basically similar
- physical_abilities: Men and women are basically similar
- parenting: Men and women are basically similar
- feelings: Men and women are basically similar
- workplace: Men and women are basically similar

Follow the complete response pattern explicitly supplied below.
Do not invent demographic characteristics unless the design explicitly supplies them.

Provide a short profile summary describing the attitudes that distinguish this response pattern. Then provide subjective
response probabilities for every item. Each vector must follow the displayed option order, contain nonnegative numbers,
and sum to 1. Each probability must be at least 0.01.

Items and response options:
- hobbies: Their hobbies and personal interests
  Options, in output order: 1. Men and women are basically similar; 2. Men and women are basically different
- physical_abilities: Their physical abilities
  Options, in output order: 1. Men and women are basically similar; 2. Men and women are basically different
- parenting: Their approach to parenting
  Options, in output order: 1. Men and women are basically similar; 2. Men and women are basically different
- feelings: How they express their feelings
  Options, in output order: 1. Men and women are basically similar; 2. Men and women are basically different
- workplace: The things they are good at in the workplace
  Options, in output order: 1. Men and women are basically similar; 2. Men and women are basically different

Return only valid JSON with exactly this schema:
{
  ""profile_summary"": ""short substantive description"",
  ""probabilities"": {
    ""hobbies"": [numbers in option order],
    ""physical_abilities"": [numbers in option order],
    ""parenting"": [numbers in option order],
    ""feelings"": [numbers in option order],
    ""workplace"": [numbers in option order]
  }
}",uniform full-pattern replicate 1,1
W154_DIFF1,explicit,1,pattern_anchor,pew_w154_diff1_uniform_n96_002,"{'feelings': 'Men and women are basically similar', 'hobbies': 'Men and women are basically similar', 'parenting': 'Men and women are basically similar', 'physical_abilities': 'Men and women are basically similar', 'workplace': 'Men and women are basically different'}","Support point identifier: pew_w154_diff1_uniform_n96_002

Survey context: A nationally representative Pew Research Center American Trends Panel survey of U.S. adults fielded in September 2024.
Battery topic: whether men and women are basically similar or basically different across domains

Construct a synthetic survey-response profile organized around this declared answer pattern:
- hobbies: Men and women are basically similar
- physical_abilities: Men and women are basically similar
- parenting: Men and women are basically similar
- feelings: Men and women are basically similar
- workplace: Men and women are basically different

Follow the complete response pattern explicitly supplied below.
Do not invent demographic characteristics unless the design explicitly supplies them.

Provide a short profile summary describing the attitudes that distinguish this response pattern. Then provide subjective
response probabilities for every item. Each vector must follow the displayed option order, contain nonnegative numbers,
and sum to 1. Each probability must be at least 0.01.

Items and response options:
- hobbies: Their hobbies and personal interests
  Options, in output order: 1. Men and women are basically similar; 2. Men and women are basically different
- physical_abilities: Their physical abilities
  Options, in output order: 1. Men and women are basically similar; 2. Men and women are basically different
- parenting: Their approach to parenting
  Options, in output order: 1. Men and women are basically similar; 2. Men and women are basically different
- feelings: How they express their feelings
  Options, in output order: 1. Men and women are basically similar; 2. Men and women are basically different
- workplace: The things they are good at in the workplace
  Options, in output order: 1. Men and women are basically similar; 2. Men and women are basically different

Return only valid JSON with exactly this schema:
{
  ""profile_summary"": ""short substantive description"",
  ""probabilities"": {
    ""hobbies"": [numbers in option order],
    ""physical_abilities"": [numbers in option order],
    ""parenting"": [numbers in option order],
    ""feelings"": [numbers in option order],
    ""workplace"": [numbers in option order]
  }
}",uniform full-pattern replicate 1,2
W154_DIFF1,explicit,1,pattern_anchor,pew_w154_diff1_uniform_n96_003,"{'feelings': 'Men and women are basically different', 'hobbies': 'Men and women are basically similar', 'parenting': 'Men and women are basically similar', 'physical_abilities': 'Men and women are basically similar', 'workplace': 'Men and women are basically similar'}","Support point identifier: pew_w154_diff1_uniform_n96_003

Survey context: A nationally representative Pew Research Center American Trends Panel survey of U.S. adults fielded in September 2024.
Battery topic: whether men and women are basically similar or basically different across domains

Construct a synthetic survey-response profile organized around this declared answer pattern:
- hobbies: Men and women are basically similar
- physical_abilities: Men and women are basically similar
- parenting: Men and women are basically similar
- feelings: Men and women are basically different
- workplace: Men and women are basically similar

Follow the complete response pattern explicitly supplied below.
Do not invent demographic characteristics unless the design explicitly supplies them.

Provide a short profile summary describing the attitudes that distinguish this response pattern. Then provide subjective
response probabilities for every item. Each vector must follow the displayed option order, contain nonnegative numbers,
and sum to 1. Each probability must be at least 0.01.

Items and response options:
- hobbies: Their hobbies and personal interests
  Options, in output order: 1. Men and women are basically similar; 2. Men and women are basically different
- physical_abilities: Their physical abilities
  Options, in output order: 1. Men and women are basically similar; 2. Men and women are basically different
- parenting: Their approach to parenting
  Options, in output order: 1. Men and women are basically similar; 2. Men and women are basically different
- feelings: How they express their feelings
  Options, in output order: 1. Men and women are basically similar; 2. Men and women are basically different
- workplace: The things they are good at in the workplace
  Options, in output order: 1. Men and women are basically similar; 2. Men and women are basically different

Return only valid JSON with exactly this schema:
{
  ""profile_summary"": ""short substantive description"",
  ""probabilities"": {
    ""hobbies"": [numbers in option order],
    ""physical_abilities"": [numbers in option order],
    ""parenting"": [numbers in option order],
    ""feelings"": [numbers in option order],
    ""workplace"": [numbers in option order]
  }
}",uniform full-pattern replicate 1,3
W154_DIFF1,explicit,1,pattern_anchor,pew_w154_diff1_uniform_n96_004,"{'feelings': 'Men and women are basically different', 'hobbies': 'Men and women are basically similar', 'parenting': 'Men and women are basically similar', 'physical_abilities': 'Men and women are basically similar', 'workplace': 'Men and women are basically different'}","Support point identifier: pew_w154_diff1_uniform_n96_004

Survey context: A nationally representative Pew Research Center American Trends Panel survey of U.S. adults fielded in September 2024.
Battery topic: whether men and women are basically similar or basically different across domains

Construct a synthetic survey-response profile organized around this declared answer pattern:
- hobbies: Men and women are basically similar
- physical_abilities: Men and women are basically similar
- parenting: Men and women are basically similar
- feelings: Men and women are basically different
- workplace: Men and women are basically different

Follow the complete response pattern explicitly supplied below.
Do not invent demographic characteristics unless the design explicitly supplies them.

Provide a short profile summary describing the attitudes that distinguish this response pattern. Then provide subjective
response probabilities for every item. Each vector must follow the displayed option order, contain nonnegative numbers,
and sum to 1. Each probability must be at least 0.01.

Items and response options:
- hobbies: Their hobbies and personal interests
  Options, in output order: 1. Men and women are basically similar; 2. Men and women are basically different
- physical_abilities: Their physical abilities
  Options, in output order: 1. Men and women are basically similar; 2. Men and women are basically different
- parenting: Their approach to parenting
  Options, in output order: 1. Men and women are basically similar; 2. Men and women are basically different
- feelings: How they express their feelings
  Options, in output order: 1. Men and women are basically similar; 2. Men and women are basically different
- workplace: The things they are good at in the workplace
  Options, in output order: 1. Men and women are basically similar; 2. Men and women are basically different

Return only valid JSON with exactly this schema:
{
  ""profile_summary"": ""short substantive description"",
  ""probabilities"": {
    ""hobbies"": [numbers in option order],
    ""physical_abilities"": [numbers in option order],
    ""parenting"": [numbers in option order],
    ""feelings"": [numbers in option order],
    ""workplace"": [numbers in option order]
  }
}",uniform full-pattern replicate 1,4
W154_DIFF1,explicit,1,pattern_anchor,pew_w154_diff1_uniform_n96_005,"{'feelings': 'Men and women are basically similar', 'hobbies': 'Men and women are basically similar', 'parenting': 'Men and women are basically different', 'physical_abilities': 'Men and women are basically similar', 'workplace': 'Men and women are basically similar'}","Support point identifier: pew_w154_diff1_uniform_n96_005

Survey context: A nationally representative Pew Research Center American Trends Panel survey of U.S. adults fielded in September 2024.
Battery topic: whether men and women are basically similar or basically different across domains

Construct a synthetic survey-response profile organized around this declared answer pattern:
- hobbies: Men and women are basically similar
- physical_abilities: Men and women are basically similar
- parenting: Men and women are basically different
- feelings: Men and women are basically similar
- workplace: Men and women are basically similar

Follow the complete response pattern explicitly supplied below.
Do not invent demographic characteristics unless the design explicitly supplies them.

Provide a short profile summary describing the attitudes that distinguish this response pattern. Then provide subjective
response probabilities for every item. Each vector must follow the displayed option order, contain nonnegative numbers,
and sum to 1. Each probability must be at least 0.01.

Items and response options:
- hobbies: Their hobbies and personal interests
  Options, in output order: 1. Men and women are basically similar; 2. Men and women are basically different
- physical_abilities: Their physical abilities
  Options, in output order: 1. Men and women are basically similar; 2. Men and women are basically different
- parenting: Their approach to parenting
  Options, in output order: 1. Men and women are basically similar; 2. Men and women are basically different
- feelings: How they express their feelings
  Options, in output order: 1. Men and women are basically similar; 2. Men and women are basically different
- workplace: The things they are good at in the workplace
  Options, in output order: 1. Men and women are basically similar; 2. Men and women are basically different

Return only valid JSON with exactly this schema:
{
  ""profile_summary"": ""short substantive description"",
  ""probabilities"": {
    ""hobbies"": [numbers in option order],
    ""physical_abilities"": [numbers in option order],
    ""parenting"": [numbers in option order],
    ""feelings"": [numbers in option order],
    ""workplace"": [numbers in option order]
  }
}",uniform full-pattern replicate 1,5
W154_DIFF1,explicit,1,pattern_anchor,pew_w154_diff1_uniform_n96_006,"{'feelings': 'Men and women are basically similar', 'hobbies': 'Men and women are basically similar', 'parenting': 'Men and women are basically different', 'physical_abilities': 'Men and women are basically similar', 'workplace': 'Men and women are basically different'}","Support point identifier: pew_w154_diff1_uniform_n96_006

Survey context: A nationally representative Pew Research Center American Trends Panel survey of U.S. adults fielded in September 2024.
Battery topic: whether men and women are basically similar or basically different across domains

Construct a synthetic survey-response profile organized around this declared answer pattern:
- hobbies: Men and women are basically similar
- physical_abilities: Men and women are basically similar
- parenting: Men and women are basically different
- feelings: Men and women are basically similar
- workplace: Men and women are basically different

Follow the complete response pattern explicitly supplied below.
Do not invent demographic characteristics unless the design explicitly supplies them.

Provide a short profile summary describing the attitudes that distinguish this response pattern. Then provide subjective
response probabilities for every item. Each vector must follow the displayed option order, contain nonnegative numbers,
and sum to 1. Each probability must be at least 0.01.

Items and response options:
- hobbies: Their hobbies and personal interests
  Options, in output order: 1. Men and women are basically similar; 2. Men and women are basically different
- physical_abilities: Their physical abilities
  Options, in output order: 1. Men and women are basically similar; 2. Men and women are basically different
- parenting: Their approach to parenting
  Options, in output order: 1. Men and women are basically similar; 2. Men and women are basically different
- feelings: How they express their feelings
  Options, in output order: 1. Men and women are basically similar; 2. Men and women are basically different
- workplace: The things they are good at in the workplace
  Options, in output order: 1. Men and women are basically similar; 2. Men and women are basically different

Return only valid JSON with exactly this schema:
{
  ""profile_summary"": ""short substantive description"",
  ""probabilities"": {
    ""hobbies"": [numbers in option order],
    ""physical_abilities"": [numbers in option order],
    ""parenting"": [numbers in option order],
    ""feelings"": [numbers in option order],
    ""workplace"": [numbers in option order]
  }
}",uniform full-pattern replicate 1,6
W154_DIFF1,explicit,1,pattern_anchor,pew_w154_diff1_uniform_n96_007,"{'feelings': 'Men and women are basically different', 'hobbies': 'Men and women are basically similar', 'parenting': 'Men and women are basically different', 'physical_abilities': 'Men and women are basically similar', 'workplace': 'Men and women are basically similar'}","Support point identifier: pew_w154_diff1_uniform_n96_007

Survey context: A nationally representative Pew Research Center American Trends Panel survey of U.S. adults fielded in September 2024.
Battery topic: whether men and women are basically similar or basically different across domains

Construct a synthetic survey-response profile organized around this declared answer pattern:
- hobbies: Men and women are basically similar
- physical_abilities: Men and women are basically similar
- parenting: Men and women are basically different
- feelings: Men and women are basically different
- workplace: Men and women are basically similar

Follow the complete response pattern explicitly supplied below.
Do not invent demographic characteristics unless the design explicitly supplies them.

Provide a short profile summary describing the attitudes that distinguish this response pattern. Then provide subjective
response probabilities for every item. Each vector must follow the displayed option order, contain nonnegative numbers,
and sum to 1. Each probability must be at least 0.01.

Items and response options:
- hobbies: Their hobbies and personal interests
  Options, in output order: 1. Men and women are basically similar; 2. Men and women are basically different
- physical_abilities: Their physical abilities
  Options, in output order: 1. Men and women are basically similar; 2. Men and women are basically different
- parenting: Their approach to parenting
  Options, in output order: 1. Men and women are basically similar; 2. Men and women are basically different
- feelings: How they express their feelings
  Options, in output order: 1. Men and women are basically similar; 2. Men and women are basically different
- workplace: The things they are good at in the workplace
  Options, in output order: 1. Men and women are basically similar; 2. Men and women are basically different

Return only valid JSON with exactly this schema:
{
  ""profile_summary"": ""short substantive description"",
  ""probabilities"": {
    ""hobbies"": [numbers in option order],
    ""physical_abilities"": [numbers in option order],
    ""parenting"": [numbers in option order],
    ""feelings"": [numbers in option order],
    ""workplace"": [numbers in option order]
  }
}",uniform full-pattern replicate 1,7
W154_DIFF1,explicit,1,pattern_anchor,pew_w154_diff1_uniform_n96_008,"{'feelings': 'Men and women are basically different', 'hobbies': 'Men and women are basically similar', 'parenting': 'Men and women are basically different', 'physical_abilities': 'Men and women are basically similar', 'workplace': 'Men and women are basically different'}","Support point identifier: pew_w154_diff1_uniform_n96_008

Survey context: A nationally representative Pew Research Center American Trends Panel survey of U.S. adults fielded in September 2024.
Battery topic: whether men and women are basically similar or basically different across domains

Construct a synthetic survey-response profile organized around this declared answer pattern:
- hobbies: Men and women are basically similar
- physical_abilities: Men and women are basically similar
- parenting: Men and women are basically different
- feelings: Men and women are basically different
- workplace: Men and women are basically different

Follow the complete response pattern explicitly supplied below.
Do not invent demographic characteristics unless the design explicitly supplies them.

Provide a short profile summary describing the attitudes that distinguish this response pattern. Then provide subjective
response probabilities for every item. Each vector must follow the displayed option order, contain nonnegative numbers,
and sum to 1. Each probability must be at least 0.01.

Items and response options:
- hobbies: Their hobbies and personal interests
  Options, in output order: 1. Men and women are basically similar; 2. Men and women are basically different
- physical_abilities: Their physical abilities
  Options, in output order: 1. Men and women are basically similar; 2. Men and women are basically different
- parenting: Their approach to parenting
  Options, in output order: 1. Men and women are basically similar; 2. Men and women are basically different
- feelings: How they express their feelings
  Options, in output order: 1. Men and women are basically similar; 2. Men and women are basically different
- workplace: The things they are good at in the workplace
  Options, in output order: 1. Men and women are basically similar; 2. Men and women are basically different

Return only valid JSON with exactly this schema:
{
  ""profile_summary"": ""short substantive description"",
  ""probabilities"": {
    ""hobbies"": [numbers in option order],
    ""physical_abilities"": [numbers in option order],
    ""parenting"": [numbers in option order],
    ""feelings"": [numbers in option order],
    ""workplace"": [numbers in option order]
  }
}",uniform full-pattern replicate 1,8
W154_DIFF1,explicit,1,pattern_anchor,pew_w154_diff1_uniform_n96_009,"{'feelings': 'Men and women are basically similar', 'hobbies': 'Men and women are basically similar', 'parenting': 'Men and women are basically similar', 'physical_abilities': 'Men and women are basically different', 'workplace': 'Men and women are basically similar'}","Support point identifier: pew_w154_diff1_uniform_n96_009

Survey context: A nationally representative Pew Research Center American Trends Panel survey of U.S. adults fielded in September 2024.
Battery topic: whether men and women are basically similar or basically different across domains

Construct a synthetic survey-response profile organized around this declared answer pattern:
- hobbies: Men and women are basically similar
- physical_abilities: Men and women are basically different
- parenting: Men and women are basically similar
- feelings: Men and women are basically similar
- workplace: Men and women are basically similar

Follow the complete response pattern explicitly supplied below.
Do not invent demographic characteristics unless the design explicitly supplies them.

Provide a short profile summary describing the attitudes that distinguish this response pattern. Then provide subjective
response probabilities for every item. Each vector must follow the displayed option order, contain nonnegative numbers,
and sum to 1. Each probability must be at least 0.01.

Items and response options:
- hobbies: Their hobbies and personal interests
  Options, in output order: 1. Men and women are basically similar; 2. Men and women are basically different
- physical_abilities: Their physical abilities
  Options, in output order: 1. Men and women are basically similar; 2. Men and women are basically different
- parenting: Their approach to parenting
  Options, in output order: 1. Men and women are basically similar; 2. Men and women are basically different
- feelings: How they express their feelings
  Options, in output order: 1. Men and women are basically similar; 2. Men and women are basically different
- workplace: The things they are good at in the workplace
  Options, in output order: 1. Men and women are basically similar; 2. Men and women are basically different

Return only valid JSON with exactly this schema:
{
  ""profile_summary"": ""short substantive description"",
  ""probabilities"": {
    ""hobbies"": [numbers in option order],
    ""physical_abilities"": [numbers in option order],
    ""parenting"": [numbers in option order],
    ""feelings"": [numbers in option order],
    ""workplace"": [numbers in option order]
  }
}",uniform full-pattern replicate 1,9
W154_DIFF1,explicit,1,pattern_anchor,pew_w154_diff1_uniform_n96_010,"{'feelings': 'Men and women are basically similar', 'hobbies': 'Men and women are basically similar', 'parenting': 'Men and women are basically similar', 'physical_abilities': 'Men and women are basically different', 'workplace': 'Men and women are basically different'}","Support point identifier: pew_w154_diff1_uniform_n96_010

Survey context: A nationally representative Pew Research Center American Trends Panel survey of U.S. adults fielded in September 2024.
Battery topic: whether men and women are basically similar or basically different across domains

Construct a synthetic survey-response profile organized around this declared answer pattern:
- hobbies: Men and women are basically similar
- physical_abilities: Men and women are basically different
- parenting: Men and women are basically similar
- feelings: Men and women are basically similar
- workplace: Men and women are basically different

Follow the complete response pattern explicitly supplied below.
Do not invent demographic characteristics unless the design explicitly supplies them.

Provide a short profile summary describing the attitudes that distinguish this response pattern. Then provide subjective
response probabilities for every item. Each vector must follow the displayed option order, contain nonnegative numbers,
and sum to 1. Each probability must be at least 0.01.

Items and response options:
- hobbies: Their hobbies and personal interests
  Options, in output order: 1. Men and women are basically similar; 2. Men and women are basically different
- physical_abilities: Their physical abilities
  Options, in output order: 1. Men and women are basically similar; 2. Men and women are basically different
- parenting: Their approach to parenting
  Options, in output order: 1. Men and women are basically similar; 2. Men and women are basically different
- feelings: How they express their feelings
  Options, in output order: 1. Men and women are basically similar; 2. Men and women are basically different
- workplace: The things they are good at in the workplace
  Options, in output order: 1. Men and women are basically similar; 2. Men and women are basically different

Return only valid JSON with exactly this schema:
{
  ""profile_summary"": ""short substantive description"",
  ""probabilities"": {
    ""hobbies"": [numbers in option order],
    ""physical_abilities"": [numbers in option order],
    ""parenting"": [numbers in option order],
    ""feelings"": [numbers in option order],
    ""workplace"": [numbers in option order]
  }
}",uniform full-pattern replicate 1,10
W154_DIFF1,explicit,1,pattern_anchor,pew_w154_diff1_uniform_n96_011,"{'feelings': 'Men and women are basically different', 'hobbies': 'Men and women are basically similar', 'parenting': 'Men and women are basically similar', 'physical_abilities': 'Men and women are basically different', 'workplace': 'Men and women are basically similar'}","Support point identifier: pew_w154_diff1_uniform_n96_011

Survey context: A nationally representative Pew Research Center American Trends Panel survey of U.S. adults fielded in September 2024.
Battery topic: whether men and women are basically similar or basically different across domains

Construct a synthetic survey-response profile organized around this declared answer pattern:
- hobbies: Men and women are basically similar
- physical_abilities: Men and women are basically different
- parenting: Men and women are basically similar
- feelings: Men and women are basically different
- workplace: Men and women are basically similar

Follow the complete response pattern explicitly supplied below.
Do not invent demographic characteristics unless the design explicitly supplies them.

Provide a short profile summary describing the attitudes that distinguish this response pattern. Then provide subjective
response probabilities for every item. Each vector must follow the displayed option order, contain nonnegative numbers,
and sum to 1. Each probability must be at least 0.01.

Items and response options:
- hobbies: Their hobbies and personal interests
  Options, in output order: 1. Men and women are basically similar; 2. Men and women are basically different
- physical_abilities: Their physical abilities
  Options, in output order: 1. Men and women are basically similar; 2. Men and women are basically different
- parenting: Their approach to parenting
  Options, in output order: 1. Men and women are basically similar; 2. Men and women are basically different
- feelings: How they express their feelings
  Options, in output order: 1. Men and women are basically similar; 2. Men and women are basically different
- workplace: The things they are good at in the workplace
  Options, in output order: 1. Men and women are basically similar; 2. Men and women are basically different

Return only valid JSON with exactly this schema:
{
  ""profile_summary"": ""short substantive description"",
  ""probabilities"": {
    ""hobbies"": [numbers in option order],
    ""physical_abilities"": [numbers in option order],
    ""parenting"": [numbers in option order],
    ""feelings"": [numbers in option order],
    ""workplace"": [numbers in option order]
  }
}",uniform full-pattern replicate 1,11
W154_DIFF1,explicit,1,pattern_anchor,pew_w154_diff1_uniform_n96_012,"{'feelings': 'Men and women are basically different', 'hobbies': 'Men and women are basically similar', 'parenting': 'Men and women are basically similar', 'physical_abilities': 'Men and women are basically different', 'workplace': 'Men and women are basically different'}","Support point identifier: pew_w154_diff1_uniform_n96_012

Survey context: A nationally representative Pew Research Center American Trends Panel survey of U.S. adults fielded in September 2024.
Battery topic: whether men and women are basically similar or basically different across domains

Construct a synthetic survey-response profile organized around this declared answer pattern:
- hobbies: Men and women are basically similar
- physical_abilities: Men and women are basically different
- parenting: Men and women are basically similar
- feelings: Men and women are basically different
- workplace: Men and women are basically different

Follow the complete response pattern explicitly supplied below.
Do not invent demographic characteristics unless the design explicitly supplies them.

Provide a short profile summary describing the attitudes that distinguish this response pattern. Then provide subjective
response probabilities for every item. Each vector must follow the displayed option order, contain nonnegative numbers,
and sum to 1. Each probability must be at least 0.01.

Items and response options:
- hobbies: Their hobbies and personal interests
  Options, in output order: 1. Men and women are basically similar; 2. Men and women are basically different
- physical_abilities: Their physical abilities
  Options, in output order: 1. Men and women are basically similar; 2. Men and women are basically different
- parenting: Their approach to parenting
  Options, in output order: 1. Men and women are basically similar; 2. Men and women are basically different
- feelings: How they express their feelings
  Options, in output order: 1. Men and women are basically similar; 2. Men and women are basically different
- workplace: The things they are good at in the workplace
  Options, in output order: 1. Men and women are basically similar; 2. Men and women are basically different

Return only valid JSON with exactly this schema:
{
  ""profile_summary"": ""short substantive description"",
  ""probabilities"": {
    ""hobbies"": [numbers in option order],
    ""physical_abilities"": [numbers in option order],
    ""parenting"": [numbers in option order],
    ""feelings"": [numbers in option order],
    ""workplace"": [numbers in option order]
  }
}",uniform full-pattern replicate 1,12
W154_DIFF1,explicit,1,pattern_anchor,pew_w154_diff1_uniform_n96_013,"{'feelings': 'Men and women are basically similar', 'hobbies': 'Men and women are basically similar', 'parenting': 'Men and women are basically different', 'physical_abilities': 'Men and women are basically different', 'workplace': 'Men and women are basically similar'}","Support point identifier: pew_w154_diff1_uniform_n96_013

Survey context: A nationally representative Pew Research Center American Trends Panel survey of U.S. adults fielded in September 2024.
Battery topic: whether men and women are basically similar or basically different across domains

Construct a synthetic survey-response profile organized around this declared answer pattern:
- hobbies: Men and women are basically similar
- physical_abilities: Men and women are basically different
- parenting: Men and women are basically different
- feelings: Men and women are basically similar
- workplace: Men and women are basically similar

Follow the complete response pattern explicitly supplied below.
Do not invent demographic characteristics unless the design explicitly supplies them.

Provide a short profile summary describing the attitudes that distinguish this response pattern. Then provide subjective
response probabilities for every item. Each vector must follow the displayed option order, contain nonnegative numbers,
and sum to 1. Each probability must be at least 0.01.

Items and response options:
- hobbies: Their hobbies and personal interests
  Options, in output order: 1. Men and women are basically similar; 2. Men and women are basically different
- physical_abilities: Their physical abilities
  Options, in output order: 1. Men and women are basically similar; 2. Men and women are basically different
- parenting: Their approach to parenting
  Options, in output order: 1. Men and women are basically similar; 2. Men and women are basically different
- feelings: How they express their feelings
  Options, in output order: 1. Men and women are basically similar; 2. Men and women are basically different
- workplace: The things they are good at in the workplace
  Options, in output order: 1. Men and women are basically similar; 2. Men and women are basically different

Return only valid JSON with exactly this schema:
{
  ""profile_summary"": ""short substantive description"",
  ""probabilities"": {
    ""hobbies"": [numbers in option order],
    ""physical_abilities"": [numbers in option order],
    ""parenting"": [numbers in option order],
    ""feelings"": [numbers in option order],
    ""workplace"": [numbers in option order]
  }
}",uniform full-pattern replicate 1,13
W154_DIFF1,explicit,1,pattern_anchor,pew_w154_diff1_uniform_n96_014,"{'feelings': 'Men and women are basically similar', 'hobbies': 'Men and women are basically similar', 'parenting': 'Men and women are basically different', 'physical_abilities': 'Men and women are basically different', 'workplace': 'Men and women are basically different'}","Support point identifier: pew_w154_diff1_uniform_n96_014

Survey context: A nationally representative Pew Research Center American Trends Panel survey of U.S. adults fielded in September 2024.
Battery topic: whether men and women are basically similar or basically different across domains

Construct a synthetic survey-response profile organized around this declared answer pattern:
- hobbies: Men and women are basically similar
- physical_abilities: Men and women are basically different
- parenting: Men and women are basically different
- feelings: Men and women are basically similar
- workplace: Men and women are basically different

Follow the complete response pattern explicitly supplied below.
Do not invent demographic characteristics unless the design explicitly supplies them.

Provide a short profile summary describing the attitudes that distinguish this response pattern. Then provide subjective
response probabilities for every item. Each vector must follow the displayed option order, contain nonnegative numbers,
and sum to 1. Each probability must be at least 0.01.

Items and response options:
- hobbies: Their hobbies and personal interests
  Options, in output order: 1. Men and women are basically similar; 2. Men and women are basically different
- physical_abilities: Their physical abilities
  Options, in output order: 1. Men and women are basically similar; 2. Men and women are basically different
- parenting: Their approach to parenting
  Options, in output order: 1. Men and women are basically similar; 2. Men and women are basically different
- feelings: How they express their feelings
  Options, in output order: 1. Men and women are basically similar; 2. Men and women are basically different
- workplace: The things they are good at in the workplace
  Options, in output order: 1. Men and women are basically similar; 2. Men and women are basically different

Return only valid JSON with exactly this schema:
{
  ""profile_summary"": ""short substantive description"",
  ""probabilities"": {
    ""hobbies"": [numbers in option order],
    ""physical_abilities"": [numbers in option order],
    ""parenting"": [numbers in option order],
    ""feelings"": [numbers in option order],
    ""workplace"": [numbers in option order]
  }
}",uniform full-pattern replicate 1,14
W154_DIFF1,explicit,1,pattern_anchor,pew_w154_diff1_uniform_n96_015,"{'feelings': 'Men and women are basically different', 'hobbies': 'Men and women are basically similar', 'parenting': 'Men and women are basically different', 'physical_abilities': 'Men and women are basically different', 'workplace': 'Men and women are basically similar'}","Support point identifier: pew_w154_diff1_uniform_n96_015

Survey context: A nationally representative Pew Research Center American Trends Panel survey of U.S. adults fielded in September 2024.
Battery topic: whether men and women are basically similar or basically different across domains

Construct a synthetic survey-response profile organized around this declared answer pattern:
- hobbies: Men and women are basically similar
- physical_abilities: Men and women are basically different
- parenting: Men and women are basically different
- feelings: Men and women are basically different
- workplace: Men and women are basically similar

Follow the complete response pattern explicitly supplied below.
Do not invent demographic characteristics unless the design explicitly supplies them.

Provide a short profile summary describing the attitudes that distinguish this response pattern. Then provide subjective
response probabilities for every item. Each vector must follow the displayed option order, contain nonnegative numbers,
and sum to 1. Each probability must be at least 0.01.

Items and response options:
- hobbies: Their hobbies and personal interests
  Options, in output order: 1. Men and women are basically similar; 2. Men and women are basically different
- physical_abilities: Their physical abilities
  Options, in output order: 1. Men and women are basically similar; 2. Men and women are basically different
- parenting: Their approach to parenting
  Options, in output order: 1. Men and women are basically similar; 2. Men and women are basically different
- feelings: How they express their feelings
  Options, in output order: 1. Men and women are basically similar; 2. Men and women are basically different
- workplace: The things they are good at in the workplace
  Options, in output order: 1. Men and women are basically similar; 2. Men and women are basically different

Return only valid JSON with exactly this schema:
{
  ""profile_summary"": ""short substantive description"",
  ""probabilities"": {
    ""hobbies"": [numbers in option order],
    ""physical_abilities"": [numbers in option order],
    ""parenting"": [numbers in option order],
    ""feelings"": [numbers in option order],
    ""workplace"": [numbers in option order]
  }
}",uniform full-pattern replicate 1,15
W154_DIFF1,explicit,1,pattern_anchor,pew_w154_diff1_uniform_n96_016,"{'feelings': 'Men and women are basically different', 'hobbies': 'Men and women are basically similar', 'parenting': 'Men and women are basically different', 'physical_abilities': 'Men and women are basically different', 'workplace': 'Men and women are basically different'}","Support point identifier: pew_w154_diff1_uniform_n96_016

Survey context: A nationally representative Pew Research Center American Trends Panel survey of U.S. adults fielded in September 2024.
Battery topic: whether men and women are basically similar or basically different across domains

Construct a synthetic survey-response profile organized around this declared answer pattern:
- hobbies: Men and women are basically similar
- physical_abilities: Men and women are basically different
- parenting: Men and women are basically different
- feelings: Men and women are basically different
- workplace: Men and women are basically different

Follow the complete response pattern explicitly supplied below.
Do not invent demographic characteristics unless the design explicitly supplies them.

Provide a short profile summary describing the attitudes that distinguish this response pattern. Then provide subjective
response probabilities for every item. Each vector must follow the displayed option order, contain nonnegative numbers,
and sum to 1. Each probability must be at least 0.01.

Items and response options:
- hobbies: Their hobbies and personal interests
  Options, in output order: 1. Men and women are basically similar; 2. Men and women are basically different
- physical_abilities: Their physical abilities
  Options, in output order: 1. Men and women are basically similar; 2. Men and women are basically different
- parenting: Their approach to parenting
  Options, in output order: 1. Men and women are basically similar; 2. Men and women are basically different
- feelings: How they express their feelings
  Options, in output order: 1. Men and women are basically similar; 2. Men and women are basically different
- workplace: The things they are good at in the workplace
  Options, in output order: 1. Men and women are basically similar; 2. Men and women are basically different

Return only valid JSON with exactly this schema:
{
  ""profile_summary"": ""short substantive description"",
  ""probabilities"": {
    ""hobbies"": [numbers in option order],
    ""physical_abilities"": [numbers in option order],
    ""parenting"": [numbers in option order],
    ""feelings"": [numbers in option order],
    ""workplace"": [numbers in option order]
  }
}",uniform full-pattern replicate 1,16
W154_DIFF1,explicit,1,pattern_anchor,pew_w154_diff1_uniform_n96_017,"{'feelings': 'Men and women are basically similar', 'hobbies': 'Men and women are basically different', 'parenting': 'Men and women are basically similar', 'physical_abilities': 'Men and women are basically similar', 'workplace': 'Men and women are basically similar'}","Support point identifier: pew_w154_diff1_uniform_n96_017

Survey context: A nationally representative Pew Research Center American Trends Panel survey of U.S. adults fielded in September 2024.
Battery topic: whether men and women are basically similar or basically different across domains

Construct a synthetic survey-response profile organized around this declared answer pattern:
- hobbies: Men and women are basically different
- physical_abilities: Men and women are basically similar
- parenting: Men and women are basically similar
- feelings: Men and women are basically similar
- workplace: Men and women are basically similar

Follow the complete response pattern explicitly supplied below.
Do not invent demographic characteristics unless the design explicitly supplies them.

Provide a short profile summary describing the attitudes that distinguish this response pattern. Then provide subjective
response probabilities for every item. Each vector must follow the displayed option order, contain nonnegative numbers,
and sum to 1. Each probability must be at least 0.01.

Items and response options:
- hobbies: Their hobbies and personal interests
  Options, in output order: 1. Men and women are basically similar; 2. Men and women are basically different
- physical_abilities: Their physical abilities
  Options, in output order: 1. Men and women are basically similar; 2. Men and women are basically different
- parenting: Their approach to parenting
  Options, in output order: 1. Men and women are basically similar; 2. Men and women are basically different
- feelings: How they express their feelings
  Options, in output order: 1. Men and women are basically similar; 2. Men and women are basically different
- workplace: The things they are good at in the workplace
  Options, in output order: 1. Men and women are basically similar; 2. Men and women are basically different

Return only valid JSON with exactly this schema:
{
  ""profile_summary"": ""short substantive description"",
  ""probabilities"": {
    ""hobbies"": [numbers in option order],
    ""physical_abilities"": [numbers in option order],
    ""parenting"": [numbers in option order],
    ""feelings"": [numbers in option order],
    ""workplace"": [numbers in option order]
  }
}",uniform full-pattern replicate 1,17
W154_DIFF1,explicit,1,pattern_anchor,pew_w154_diff1_uniform_n96_018,"{'feelings': 'Men and women are basically similar', 'hobbies': 'Men and women are basically different', 'parenting': 'Men and women are basically similar', 'physical_abilities': 'Men and women are basically similar', 'workplace': 'Men and women are basically different'}","Support point identifier: pew_w154_diff1_uniform_n96_018

Survey context: A nationally representative Pew Research Center American Trends Panel survey of U.S. adults fielded in September 2024.
Battery topic: whether men and women are basically similar or basically different across domains

Construct a synthetic survey-response profile organized around this declared answer pattern:
- hobbies: Men and women are basically different
- physical_abilities: Men and women are basically similar
- parenting: Men and women are basically similar
- feelings: Men and women are basically similar
- workplace: Men and women are basically different

Follow the complete response pattern explicitly supplied below.
Do not invent demographic characteristics unless the design explicitly supplies them.

Provide a short profile summary describing the attitudes that distinguish this response pattern. Then provide subjective
response probabilities for every item. Each vector must follow the displayed option order, contain nonnegative numbers,
and sum to 1. Each probability must be at least 0.01.

Items and response options:
- hobbies: Their hobbies and personal interests
  Options, in output order: 1. Men and women are basically similar; 2. Men and women are basically different
- physical_abilities: Their physical abilities
  Options, in output order: 1. Men and women are basically similar; 2. Men and women are basically different
- parenting: Their approach to parenting
  Options, in output order: 1. Men and women are basically similar; 2. Men and women are basically different
- feelings: How they express their feelings
  Options, in output order: 1. Men and women are basically similar; 2. Men and women are basically different
- workplace: The things they are good at in the workplace
  Options, in output order: 1. Men and women are basically similar; 2. Men and women are basically different

Return only valid JSON with exactly this schema:
{
  ""profile_summary"": ""short substantive description"",
  ""probabilities"": {
    ""hobbies"": [numbers in option order],
    ""physical_abilities"": [numbers in option order],
    ""parenting"": [numbers in option order],
    ""feelings"": [numbers in option order],
    ""workplace"": [numbers in option order]
  }
}",uniform full-pattern replicate 1,18
W154_DIFF1,explicit,1,pattern_anchor,pew_w154_diff1_uniform_n96_019,"{'feelings': 'Men and women are basically different', 'hobbies': 'Men and women are basically different', 'parenting': 'Men and women are basically similar', 'physical_abilities': 'Men and women are basically similar', 'workplace': 'Men and women are basically similar'}","Support point identifier: pew_w154_diff1_uniform_n96_019

Survey context: A nationally representative Pew Research Center American Trends Panel survey of U.S. adults fielded in September 2024.
Battery topic: whether men and women are basically similar or basically different across domains

Construct a synthetic survey-response profile organized around this declared answer pattern:
- hobbies: Men and women are basically different
- physical_abilities: Men and women are basically similar
- parenting: Men and women are basically similar
- feelings: Men and women are basically different
- workplace: Men and women are basically similar

Follow the complete response pattern explicitly supplied below.
Do not invent demographic characteristics unless the design explicitly supplies them.

Provide a short profile summary describing the attitudes that distinguish this response pattern. Then provide subjective
response probabilities for every item. Each vector must follow the displayed option order, contain nonnegative numbers,
and sum to 1. Each probability must be at least 0.01.

Items and response options:
- hobbies: Their hobbies and personal interests
  Options, in output order: 1. Men and women are basically similar; 2. Men and women are basically different
- physical_abilities: Their physical abilities
  Options, in output order: 1. Men and women are basically similar; 2. Men and women are basically different
- parenting: Their approach to parenting
  Options, in output order: 1. Men and women are basically similar; 2. Men and women are basically different
- feelings: How they express their feelings
  Options, in output order: 1. Men and women are basically similar; 2. Men and women are basically different
- workplace: The things they are good at in the workplace
  Options, in output order: 1. Men and women are basically similar; 2. Men and women are basically different

Return only valid JSON with exactly this schema:
{
  ""profile_summary"": ""short substantive description"",
  ""probabilities"": {
    ""hobbies"": [numbers in option order],
    ""physical_abilities"": [numbers in option order],
    ""parenting"": [numbers in option order],
    ""feelings"": [numbers in option order],
    ""workplace"": [numbers in option order]
  }
}",uniform full-pattern replicate 1,19
W154_DIFF1,explicit,1,pattern_anchor,pew_w154_diff1_uniform_n96_020,"{'feelings': 'Men and women are basically different', 'hobbies': 'Men and women are basically different', 'parenting': 'Men and women are basically similar', 'physical_abilities': 'Men and women are basically similar', 'workplace': 'Men and women are basically different'}","Support point identifier: pew_w154_diff1_uniform_n96_020

Survey context: A nationally representative Pew Research Center American Trends Panel survey of U.S. adults fielded in September 2024.
Battery topic: whether men and women are basically similar or basically different across domains

Construct a synthetic survey-response profile organized around this declared answer pattern:
- hobbies: Men and women are basically different
- physical_abilities: Men and women are basically similar
- parenting: Men and women are basically similar
- feelings: Men and women are basically different
- workplace: Men and women are basically different

Follow the complete response pattern explicitly supplied below.
Do not invent demographic characteristics unless the design explicitly supplies them.

Provide a short profile summary describing the attitudes that distinguish this response pattern. Then provide subjective
response probabilities for every item. Each vector must follow the displayed option order, contain nonnegative numbers,
and sum to 1. Each probability must be at least 0.01.

Items and response options:
- hobbies: Their hobbies and personal interests
  Options, in output order: 1. Men and women are basically similar; 2. Men and women are basically different
- physical_abilities: Their physical abilities
  Options, in output order: 1. Men and women are basically similar; 2. Men and women are basically different
- parenting: Their approach to parenting
  Options, in output order: 1. Men and women are basically similar; 2. Men and women are basically different
- feelings: How they express their feelings
  Options, in output order: 1. Men and women are basically similar; 2. Men and women are basically different
- workplace: The things they are good at in the workplace
  Options, in output order: 1. Men and women are basically similar; 2. Men and women are basically different

Return only valid JSON with exactly this schema:
{
  ""profile_summary"": ""short substantive description"",
  ""probabilities"": {
    ""hobbies"": [numbers in option order],
    ""physical_abilities"": [numbers in option order],
    ""parenting"": [numbers in option order],
    ""feelings"": [numbers in option order],
    ""workplace"": [numbers in option order]
  }
}",uniform full-pattern replicate 1,20
W154_DIFF1,explicit,1,pattern_anchor,pew_w154_diff1_uniform_n96_021,"{'feelings': 'Men and women are basically similar', 'hobbies': 'Men and women are basically different', 'parenting': 'Men and women are basically different', 'physical_abilities': 'Men and women are basically similar', 'workplace': 'Men and women are basically similar'}","Support point identifier: pew_w154_diff1_uniform_n96_021

Survey context: A nationally representative Pew Research Center American Trends Panel survey of U.S. adults fielded in September 2024.
Battery topic: whether men and women are basically similar or basically different across domains

Construct a synthetic survey-response profile organized around this declared answer pattern:
- hobbies: Men and women are basically different
- physical_abilities: Men and women are basically similar
- parenting: Men and women are basically different
- feelings: Men and women are basically similar
- workplace: Men and women are basically similar

Follow the complete response pattern explicitly supplied below.
Do not invent demographic characteristics unless the design explicitly supplies them.

Provide a short profile summary describing the attitudes that distinguish this response pattern. Then provide subjective
response probabilities for every item. Each vector must follow the displayed option order, contain nonnegative numbers,
and sum to 1. Each probability must be at least 0.01.

Items and response options:
- hobbies: Their hobbies and personal interests
  Options, in output order: 1. Men and women are basically similar; 2. Men and women are basically different
- physical_abilities: Their physical abilities
  Options, in output order: 1. Men and women are basically similar; 2. Men and women are basically different
- parenting: Their approach to parenting
  Options, in output order: 1. Men and women are basically similar; 2. Men and women are basically different
- feelings: How they express their feelings
  Options, in output order: 1. Men and women are basically similar; 2. Men and women are basically different
- workplace: The things they are good at in the workplace
  Options, in output order: 1. Men and women are basically similar; 2. Men and women are basically different

Return only valid JSON with exactly this schema:
{
  ""profile_summary"": ""short substantive description"",
  ""probabilities"": {
    ""hobbies"": [numbers in option order],
    ""physical_abilities"": [numbers in option order],
    ""parenting"": [numbers in option order],
    ""feelings"": [numbers in option order],
    ""workplace"": [numbers in option order]
  }
}",uniform full-pattern replicate 1,21
W154_DIFF1,explicit,1,pattern_anchor,pew_w154_diff1_uniform_n96_022,"{'feelings': 'Men and women are basically similar', 'hobbies': 'Men and women are basically different', 'parenting': 'Men and women are basically different', 'physical_abilities': 'Men and women are basically similar', 'workplace': 'Men and women are basically different'}","Support point identifier: pew_w154_diff1_uniform_n96_022

Survey context: A nationally representative Pew Research Center American Trends Panel survey of U.S. adults fielded in September 2024.
Battery topic: whether men and women are basically similar or basically different across domains

Construct a synthetic survey-response profile organized around this declared answer pattern:
- hobbies: Men and women are basically different
- physical_abilities: Men and women are basically similar
- parenting: Men and women are basically different
- feelings: Men and women are basically similar
- workplace: Men and women are basically different

Follow the complete response pattern explicitly supplied below.
Do not invent demographic characteristics unless the design explicitly supplies them.

Provide a short profile summary describing the attitudes that distinguish this response pattern. Then provide subjective
response probabilities for every item. Each vector must follow the displayed option order, contain nonnegative numbers,
and sum to 1. Each probability must be at least 0.01.

Items and response options:
- hobbies: Their hobbies and personal interests
  Options, in output order: 1. Men and women are basically similar; 2. Men and women are basically different
- physical_abilities: Their physical abilities
  Options, in output order: 1. Men and women are basically similar; 2. Men and women are basically different
- parenting: Their approach to parenting
  Options, in output order: 1. Men and women are basically similar; 2. Men and women are basically different
- feelings: How they express their feelings
  Options, in output order: 1. Men and women are basically similar; 2. Men and women are basically different
- workplace: The things they are good at in the workplace
  Options, in output order: 1. Men and women are basically similar; 2. Men and women are basically different

Return only valid JSON with exactly this schema:
{
  ""profile_summary"": ""short substantive description"",
  ""probabilities"": {
    ""hobbies"": [numbers in option order],
    ""physical_abilities"": [numbers in option order],
    ""parenting"": [numbers in option order],
    ""feelings"": [numbers in option order],
    ""workplace"": [numbers in option order]
  }
}",uniform full-pattern replicate 1,22
W154_DIFF1,explicit,1,pattern_anchor,pew_w154_diff1_uniform_n96_023,"{'feelings': 'Men and women are basically different', 'hobbies': 'Men and women are basically different', 'parenting': 'Men and women are basically different', 'physical_abilities': 'Men and women are basically similar', 'workplace': 'Men and women are basically similar'}","Support point identifier: pew_w154_diff1_uniform_n96_023

Survey context: A nationally representative Pew Research Center American Trends Panel survey of U.S. adults fielded in September 2024.
Battery topic: whether men and women are basically similar or basically different across domains

Construct a synthetic survey-response profile organized around this declared answer pattern:
- hobbies: Men and women are basically different
- physical_abilities: Men and women are basically similar
- parenting: Men and women are basically different
- feelings: Men and women are basically different
- workplace: Men and women are basically similar

Follow the complete response pattern explicitly supplied below.
Do not invent demographic characteristics unless the design explicitly supplies them.

Provide a short profile summary describing the attitudes that distinguish this response pattern. Then provide subjective
response probabilities for every item. Each vector must follow the displayed option order, contain nonnegative numbers,
and sum to 1. Each probability must be at least 0.01.

Items and response options:
- hobbies: Their hobbies and personal interests
  Options, in output order: 1. Men and women are basically similar; 2. Men and women are basically different
- physical_abilities: Their physical abilities
  Options, in output order: 1. Men and women are basically similar; 2. Men and women are basically different
- parenting: Their approach to parenting
  Options, in output order: 1. Men and women are basically similar; 2. Men and women are basically different
- feelings: How they express their feelings
  Options, in output order: 1. Men and women are basically similar; 2. Men and women are basically different
- workplace: The things they are good at in the workplace
  Options, in output order: 1. Men and women are basically similar; 2. Men and women are basically different

Return only valid JSON with exactly this schema:
{
  ""profile_summary"": ""short substantive description"",
  ""probabilities"": {
    ""hobbies"": [numbers in option order],
    ""physical_abilities"": [numbers in option order],
    ""parenting"": [numbers in option order],
    ""feelings"": [numbers in option order],
    ""workplace"": [numbers in option order]
  }
}",uniform full-pattern replicate 1,23
W154_DIFF1,explicit,1,pattern_anchor,pew_w154_diff1_uniform_n96_024,"{'feelings': 'Men and women are basically different', 'hobbies': 'Men and women are basically different', 'parenting': 'Men and women are basically different', 'physical_abilities': 'Men and women are basically similar', 'workplace': 'Men and women are basically different'}","Support point identifier: pew_w154_diff1_uniform_n96_024

Survey context: A nationally representative Pew Research Center American Trends Panel survey of U.S. adults fielded in September 2024.
Battery topic: whether men and women are basically similar or basically different across domains

Construct a synthetic survey-response profile organized around this declared answer pattern:
- hobbies: Men and women are basically different
- physical_abilities: Men and women are basically similar
- parenting: Men and women are basically different
- feelings: Men and women are basically different
- workplace: Men and women are basically different

Follow the complete response pattern explicitly supplied below.
Do not invent demographic characteristics unless the design explicitly supplies them.

Provide a short profile summary describing the attitudes that distinguish this response pattern. Then provide subjective
response probabilities for every item. Each vector must follow the displayed option order, contain nonnegative numbers,
and sum to 1. Each probability must be at least 0.01.

Items and response options:
- hobbies: Their hobbies and personal interests
  Options, in output order: 1. Men and women are basically similar; 2. Men and women are basically different
- physical_abilities: Their physical abilities
  Options, in output order: 1. Men and women are basically similar; 2. Men and women are basically different
- parenting: Their approach to parenting
  Options, in output order: 1. Men and women are basically similar; 2. Men and women are basically different
- feelings: How they express their feelings
  Options, in output order: 1. Men and women are basically similar; 2. Men and women are basically different
- workplace: The things they are good at in the workplace
  Options, in output order: 1. Men and women are basically similar; 2. Men and women are basically different

Return only valid JSON with exactly this schema:
{
  ""profile_summary"": ""short substantive description"",
  ""probabilities"": {
    ""hobbies"": [numbers in option order],
    ""physical_abilities"": [numbers in option order],
    ""parenting"": [numbers in option order],
    ""feelings"": [numbers in option order],
    ""workplace"": [numbers in option order]
  }
}",uniform full-pattern replicate 1,24
W154_DIFF1,explicit,1,pattern_anchor,pew_w154_diff1_uniform_n96_025,"{'feelings': 'Men and women are basically similar', 'hobbies': 'Men and women are basically different', 'parenting': 'Men and women are basically similar', 'physical_abilities': 'Men and women are basically different', 'workplace': 'Men and women are basically similar'}","Support point identifier: pew_w154_diff1_uniform_n96_025

Survey context: A nationally representative Pew Research Center American Trends Panel survey of U.S. adults fielded in September 2024.
Battery topic: whether men and women are basically similar or basically different across domains

Construct a synthetic survey-response profile organized around this declared answer pattern:
- hobbies: Men and women are basically different
- physical_abilities: Men and women are basically different
- parenting: Men and women are basically similar
- feelings: Men and women are basically similar
- workplace: Men and women are basically similar

Follow the complete response pattern explicitly supplied below.
Do not invent demographic characteristics unless the design explicitly supplies them.

Provide a short profile summary describing the attitudes that distinguish this response pattern. Then provide subjective
response probabilities for every item. Each vector must follow the displayed option order, contain nonnegative numbers,
and sum to 1. Each probability must be at least 0.01.

Items and response options:
- hobbies: Their hobbies and personal interests
  Options, in output order: 1. Men and women are basically similar; 2. Men and women are basically different
- physical_abilities: Their physical abilities
  Options, in output order: 1. Men and women are basically similar; 2. Men and women are basically different
- parenting: Their approach to parenting
  Options, in output order: 1. Men and women are basically similar; 2. Men and women are basically different
- feelings: How they express their feelings
  Options, in output order: 1. Men and women are basically similar; 2. Men and women are basically different
- workplace: The things they are good at in the workplace
  Options, in output order: 1. Men and women are basically similar; 2. Men and women are basically different

Return only valid JSON with exactly this schema:
{
  ""profile_summary"": ""short substantive description"",
  ""probabilities"": {
    ""hobbies"": [numbers in option order],
    ""physical_abilities"": [numbers in option order],
    ""parenting"": [numbers in option order],
    ""feelings"": [numbers in option order],
    ""workplace"": [numbers in option order]
  }
}",uniform full-pattern replicate 1,25
W154_DIFF1,explicit,1,pattern_anchor,pew_w154_diff1_uniform_n96_026,"{'feelings': 'Men and women are basically similar', 'hobbies': 'Men and women are basically different', 'parenting': 'Men and women are basically similar', 'physical_abilities': 'Men and women are basically different', 'workplace': 'Men and women are basically different'}","Support point identifier: pew_w154_diff1_uniform_n96_026

Survey context: A nationally representative Pew Research Center American Trends Panel survey of U.S. adults fielded in September 2024.
Battery topic: whether men and women are basically similar or basically different across domains

Construct a synthetic survey-response profile organized around this declared answer pattern:
- hobbies: Men and women are basically different
- physical_abilities: Men and women are basically different
- parenting: Men and women are basically similar
- feelings: Men and women are basically similar
- workplace: Men and women are basically different

Follow the complete response pattern explicitly supplied below.
Do not invent demographic characteristics unless the design explicitly supplies them.

Provide a short profile summary describing the attitudes that distinguish this response pattern. Then provide subjective
response probabilities for every item. Each vector must follow the displayed option order, contain nonnegative numbers,
and sum to 1. Each probability must be at least 0.01.

Items and response options:
- hobbies: Their hobbies and personal interests
  Options, in output order: 1. Men and women are basically similar; 2. Men and women are basically different
- physical_abilities: Their physical abilities
  Options, in output order: 1. Men and women are basically similar; 2. Men and women are basically different
- parenting: Their approach to parenting
  Options, in output order: 1. Men and women are basically similar; 2. Men and women are basically different
- feelings: How they express their feelings
  Options, in output order: 1. Men and women are basically similar; 2. Men and women are basically different
- workplace: The things they are good at in the workplace
  Options, in output order: 1. Men and women are basically similar; 2. Men and women are basically different

Return only valid JSON with exactly this schema:
{
  ""profile_summary"": ""short substantive description"",
  ""probabilities"": {
    ""hobbies"": [numbers in option order],
    ""physical_abilities"": [numbers in option order],
    ""parenting"": [numbers in option order],
    ""feelings"": [numbers in option order],
    ""workplace"": [numbers in option order]
  }
}",uniform full-pattern replicate 1,26
W154_DIFF1,explicit,1,pattern_anchor,pew_w154_diff1_uniform_n96_027,"{'feelings': 'Men and women are basically different', 'hobbies': 'Men and women are basically different', 'parenting': 'Men and women are basically similar', 'physical_abilities': 'Men and women are basically different', 'workplace': 'Men and women are basically similar'}","Support point identifier: pew_w154_diff1_uniform_n96_027

Survey context: A nationally representative Pew Research Center American Trends Panel survey of U.S. adults fielded in September 2024.
Battery topic: whether men and women are basically similar or basically different across domains

Construct a synthetic survey-response profile organized around this declared answer pattern:
- hobbies: Men and women are basically different
- physical_abilities: Men and women are basically different
- parenting: Men and women are basically similar
- feelings: Men and women are basically different
- workplace: Men and women are basically similar

Follow the complete response pattern explicitly supplied below.
Do not invent demographic characteristics unless the design explicitly supplies them.

Provide a short profile summary describing the attitudes that distinguish this response pattern. Then provide subjective
response probabilities for every item. Each vector must follow the displayed option order, contain nonnegative numbers,
and sum to 1. Each probability must be at least 0.01.

Items and response options:
- hobbies: Their hobbies and personal interests
  Options, in output order: 1. Men and women are basically similar; 2. Men and women are basically different
- physical_abilities: Their physical abilities
  Options, in output order: 1. Men and women are basically similar; 2. Men and women are basically different
- parenting: Their approach to parenting
  Options, in output order: 1. Men and women are basically similar; 2. Men and women are basically different
- feelings: How they express their feelings
  Options, in output order: 1. Men and women are basically similar; 2. Men and women are basically different
- workplace: The things they are good at in the workplace
  Options, in output order: 1. Men and women are basically similar; 2. Men and women are basically different

Return only valid JSON with exactly this schema:
{
  ""profile_summary"": ""short substantive description"",
  ""probabilities"": {
    ""hobbies"": [numbers in option order],
    ""physical_abilities"": [numbers in option order],
    ""parenting"": [numbers in option order],
    ""feelings"": [numbers in option order],
    ""workplace"": [numbers in option order]
  }
}",uniform full-pattern replicate 1,27
W154_DIFF1,explicit,1,pattern_anchor,pew_w154_diff1_uniform_n96_028,"{'feelings': 'Men and women are basically different', 'hobbies': 'Men and women are basically different', 'parenting': 'Men and women are basically similar', 'physical_abilities': 'Men and women are basically different', 'workplace': 'Men and women are basically different'}","Support point identifier: pew_w154_diff1_uniform_n96_028

Survey context: A nationally representative Pew Research Center American Trends Panel survey of U.S. adults fielded in September 2024.
Battery topic: whether men and women are basically similar or basically different across domains

Construct a synthetic survey-response profile organized around this declared answer pattern:
- hobbies: Men and women are basically different
- physical_abilities: Men and women are basically different
- parenting: Men and women are basically similar
- feelings: Men and women are basically different
- workplace: Men and women are basically different

Follow the complete response pattern explicitly supplied below.
Do not invent demographic characteristics unless the design explicitly supplies them.

Provide a short profile summary describing the attitudes that distinguish this response pattern. Then provide subjective
response probabilities for every item. Each vector must follow the displayed option order, contain nonnegative numbers,
and sum to 1. Each probability must be at least 0.01.

Items and response options:
- hobbies: Their hobbies and personal interests
  Options, in output order: 1. Men and women are basically similar; 2. Men and women are basically different
- physical_abilities: Their physical abilities
  Options, in output order: 1. Men and women are basically similar; 2. Men and women are basically different
- parenting: Their approach to parenting
  Options, in output order: 1. Men and women are basically similar; 2. Men and women are basically different
- feelings: How they express their feelings
  Options, in output order: 1. Men and women are basically similar; 2. Men and women are basically different
- workplace: The things they are good at in the workplace
  Options, in output order: 1. Men and women are basically similar; 2. Men and women are basically different

Return only valid JSON with exactly this schema:
{
  ""profile_summary"": ""short substantive description"",
  ""probabilities"": {
    ""hobbies"": [numbers in option order],
    ""physical_abilities"": [numbers in option order],
    ""parenting"": [numbers in option order],
    ""feelings"": [numbers in option order],
    ""workplace"": [numbers in option order]
  }
}",uniform full-pattern replicate 1,28
W154_DIFF1,explicit,1,pattern_anchor,pew_w154_diff1_uniform_n96_029,"{'feelings': 'Men and women are basically similar', 'hobbies': 'Men and women are basically different', 'parenting': 'Men and women are basically different', 'physical_abilities': 'Men and women are basically different', 'workplace': 'Men and women are basically similar'}","Support point identifier: pew_w154_diff1_uniform_n96_029

Survey context: A nationally representative Pew Research Center American Trends Panel survey of U.S. adults fielded in September 2024.
Battery topic: whether men and women are basically similar or basically different across domains

Construct a synthetic survey-response profile organized around this declared answer pattern:
- hobbies: Men and women are basically different
- physical_abilities: Men and women are basically different
- parenting: Men and women are basically different
- feelings: Men and women are basically similar
- workplace: Men and women are basically similar

Follow the complete response pattern explicitly supplied below.
Do not invent demographic characteristics unless the design explicitly supplies them.

Provide a short profile summary describing the attitudes that distinguish this response pattern. Then provide subjective
response probabilities for every item. Each vector must follow the displayed option order, contain nonnegative numbers,
and sum to 1. Each probability must be at least 0.01.

Items and response options:
- hobbies: Their hobbies and personal interests
  Options, in output order: 1. Men and women are basically similar; 2. Men and women are basically different
- physical_abilities: Their physical abilities
  Options, in output order: 1. Men and women are basically similar; 2. Men and women are basically different
- parenting: Their approach to parenting
  Options, in output order: 1. Men and women are basically similar; 2. Men and women are basically different
- feelings: How they express their feelings
  Options, in output order: 1. Men and women are basically similar; 2. Men and women are basically different
- workplace: The things they are good at in the workplace
  Options, in output order: 1. Men and women are basically similar; 2. Men and women are basically different

Return only valid JSON with exactly this schema:
{
  ""profile_summary"": ""short substantive description"",
  ""probabilities"": {
    ""hobbies"": [numbers in option order],
    ""physical_abilities"": [numbers in option order],
    ""parenting"": [numbers in option order],
    ""feelings"": [numbers in option order],
    ""workplace"": [numbers in option order]
  }
}",uniform full-pattern replicate 1,29
W154_DIFF1,explicit,1,pattern_anchor,pew_w154_diff1_uniform_n96_030,"{'feelings': 'Men and women are basically similar', 'hobbies': 'Men and women are basically different', 'parenting': 'Men and women are basically different', 'physical_abilities': 'Men and women are basically different', 'workplace': 'Men and women are basically different'}","Support point identifier: pew_w154_diff1_uniform_n96_030

Survey context: A nationally representative Pew Research Center American Trends Panel survey of U.S. adults fielded in September 2024.
Battery topic: whether men and women are basically similar or basically different across domains

Construct a synthetic survey-response profile organized around this declared answer pattern:
- hobbies: Men and women are basically different
- physical_abilities: Men and women are basically different
- parenting: Men and women are basically different
- feelings: Men and women are basically similar
- workplace: Men and women are basically different

Follow the complete response pattern explicitly supplied below.
Do not invent demographic characteristics unless the design explicitly supplies them.

Provide a short profile summary describing the attitudes that distinguish this response pattern. Then provide subjective
response probabilities for every item. Each vector must follow the displayed option order, contain nonnegative numbers,
and sum to 1. Each probability must be at least 0.01.

Items and response options:
- hobbies: Their hobbies and personal interests
  Options, in output order: 1. Men and women are basically similar; 2. Men and women are basically different
- physical_abilities: Their physical abilities
  Options, in output order: 1. Men and women are basically similar; 2. Men and women are basically different
- parenting: Their approach to parenting
  Options, in output order: 1. Men and women are basically similar; 2. Men and women are basically different
- feelings: How they express their feelings
  Options, in output order: 1. Men and women are basically similar; 2. Men and women are basically different
- workplace: The things they are good at in the workplace
  Options, in output order: 1. Men and women are basically similar; 2. Men and women are basically different

Return only valid JSON with exactly this schema:
{
  ""profile_summary"": ""short substantive description"",
  ""probabilities"": {
    ""hobbies"": [numbers in option order],
    ""physical_abilities"": [numbers in option order],
    ""parenting"": [numbers in option order],
    ""feelings"": [numbers in option order],
    ""workplace"": [numbers in option order]
  }
}",uniform full-pattern replicate 1,30
W154_DIFF1,explicit,1,pattern_anchor,pew_w154_diff1_uniform_n96_031,"{'feelings': 'Men and women are basically different', 'hobbies': 'Men and women are basically different', 'parenting': 'Men and women are basically different', 'physical_abilities': 'Men and women are basically different', 'workplace': 'Men and women are basically similar'}","Support point identifier: pew_w154_diff1_uniform_n96_031

Survey context: A nationally representative Pew Research Center American Trends Panel survey of U.S. adults fielded in September 2024.
Battery topic: whether men and women are basically similar or basically different across domains

Construct a synthetic survey-response profile organized around this declared answer pattern:
- hobbies: Men and women are basically different
- physical_abilities: Men and women are basically different
- parenting: Men and women are basically different
- feelings: Men and women are basically different
- workplace: Men and women are basically similar

Follow the complete response pattern explicitly supplied below.
Do not invent demographic characteristics unless the design explicitly supplies them.

Provide a short profile summary describing the attitudes that distinguish this response pattern. Then provide subjective
response probabilities for every item. Each vector must follow the displayed option order, contain nonnegative numbers,
and sum to 1. Each probability must be at least 0.01.

Items and response options:
- hobbies: Their hobbies and personal interests
  Options, in output order: 1. Men and women are basically similar; 2. Men and women are basically different
- physical_abilities: Their physical abilities
  Options, in output order: 1. Men and women are basically similar; 2. Men and women are basically different
- parenting: Their approach to parenting
  Options, in output order: 1. Men and women are basically similar; 2. Men and women are basically different
- feelings: How they express their feelings
  Options, in output order: 1. Men and women are basically similar; 2. Men and women are basically different
- workplace: The things they are good at in the workplace
  Options, in output order: 1. Men and women are basically similar; 2. Men and women are basically different

Return only valid JSON with exactly this schema:
{
  ""profile_summary"": ""short substantive description"",
  ""probabilities"": {
    ""hobbies"": [numbers in option order],
    ""physical_abilities"": [numbers in option order],
    ""parenting"": [numbers in option order],
    ""feelings"": [numbers in option order],
    ""workplace"": [numbers in option order]
  }
}",uniform full-pattern replicate 1,31
W154_DIFF1,explicit,1,pattern_anchor,pew_w154_diff1_uniform_n96_032,"{'feelings': 'Men and women are basically different', 'hobbies': 'Men and women are basically different', 'parenting': 'Men and women are basically different', 'physical_abilities': 'Men and women are basically different', 'workplace': 'Men and women are basically different'}","Support point identifier: pew_w154_diff1_uniform_n96_032

Survey context: A nationally representative Pew Research Center American Trends Panel survey of U.S. adults fielded in September 2024.
Battery topic: whether men and women are basically similar or basically different across domains

Construct a synthetic survey-response profile organized around this declared answer pattern:
- hobbies: Men and women are basically different
- physical_abilities: Men and women are basically different
- parenting: Men and women are basically different
- feelings: Men and women are basically different
- workplace: Men and women are basically different

Follow the complete response pattern explicitly supplied below.
Do not invent demographic characteristics unless the design explicitly supplies them.

Provide a short profile summary describing the attitudes that distinguish this response pattern. Then provide subjective
response probabilities for every item. Each vector must follow the displayed option order, contain nonnegative numbers,
and sum to 1. Each probability must be at least 0.01.

Items and response options:
- hobbies: Their hobbies and personal interests
  Options, in output order: 1. Men and women are basically similar; 2. Men and women are basically different
- physical_abilities: Their physical abilities
  Options, in output order: 1. Men and women are basically similar; 2. Men and women are basically different
- parenting: Their approach to parenting
  Options, in output order: 1. Men and women are basically similar; 2. Men and women are basically different
- feelings: How they express their feelings
  Options, in output order: 1. Men and women are basically similar; 2. Men and women are basically different
- workplace: The things they are good at in the workplace
  Options, in output order: 1. Men and women are basically similar; 2. Men and women are basically different

Return only valid JSON with exactly this schema:
{
  ""profile_summary"": ""short substantive description"",
  ""probabilities"": {
    ""hobbies"": [numbers in option order],
    ""physical_abilities"": [numbers in option order],
    ""parenting"": [numbers in option order],
    ""feelings"": [numbers in option order],
    ""workplace"": [numbers in option order]
  }
}",uniform full-pattern replicate 1,32
W154_DIFF1,explicit,1,pattern_anchor,pew_w154_diff1_uniform_n96_033,"{'feelings': 'Men and women are basically similar', 'hobbies': 'Men and women are basically similar', 'parenting': 'Men and women are basically similar', 'physical_abilities': 'Men and women are basically similar', 'workplace': 'Men and women are basically similar'}","Support point identifier: pew_w154_diff1_uniform_n96_033

Survey context: A nationally representative Pew Research Center American Trends Panel survey of U.S. adults fielded in September 2024.
Battery topic: whether men and women are basically similar or basically different across domains

Construct a synthetic survey-response profile organized around this declared answer pattern:
- hobbies: Men and women are basically similar
- physical_abilities: Men and women are basically similar
- parenting: Men and women are basically similar
- feelings: Men and women are basically similar
- workplace: Men and women are basically similar

Follow the complete response pattern explicitly supplied below.
Do not invent demographic characteristics unless the design explicitly supplies them.

Provide a short profile summary describing the attitudes that distinguish this response pattern. Then provide subjective
response probabilities for every item. Each vector must follow the displayed option order, contain nonnegative numbers,
and sum to 1. Each probability must be at least 0.01.

Items and response options:
- hobbies: Their hobbies and personal interests
  Options, in output order: 1. Men and women are basically similar; 2. Men and women are basically different
- physical_abilities: Their physical abilities
  Options, in output order: 1. Men and women are basically similar; 2. Men and women are basically different
- parenting: Their approach to parenting
  Options, in output order: 1. Men and women are basically similar; 2. Men and women are basically different
- feelings: How they express their feelings
  Options, in output order: 1. Men and women are basically similar; 2. Men and women are basically different
- workplace: The things they are good at in the workplace
  Options, in output order: 1. Men and women are basically similar; 2. Men and women are basically different

Return only valid JSON with exactly this schema:
{
  ""profile_summary"": ""short substantive description"",
  ""probabilities"": {
    ""hobbies"": [numbers in option order],
    ""physical_abilities"": [numbers in option order],
    ""parenting"": [numbers in option order],
    ""feelings"": [numbers in option order],
    ""workplace"": [numbers in option order]
  }
}",uniform full-pattern replicate 2,33
W154_DIFF1,explicit,1,pattern_anchor,pew_w154_diff1_uniform_n96_034,"{'feelings': 'Men and women are basically similar', 'hobbies': 'Men and women are basically similar', 'parenting': 'Men and women are basically similar', 'physical_abilities': 'Men and women are basically similar', 'workplace': 'Men and women are basically different'}","Support point identifier: pew_w154_diff1_uniform_n96_034

Survey context: A nationally representative Pew Research Center American Trends Panel survey of U.S. adults fielded in September 2024.
Battery topic: whether men and women are basically similar or basically different across domains

Construct a synthetic survey-response profile organized around this declared answer pattern:
- hobbies: Men and women are basically similar
- physical_abilities: Men and women are basically similar
- parenting: Men and women are basically similar
- feelings: Men and women are basically similar
- workplace: Men and women are basically different

Follow the complete response pattern explicitly supplied below.
Do not invent demographic characteristics unless the design explicitly supplies them.

Provide a short profile summary describing the attitudes that distinguish this response pattern. Then provide subjective
response probabilities for every item. Each vector must follow the displayed option order, contain nonnegative numbers,
and sum to 1. Each probability must be at least 0.01.

Items and response options:
- hobbies: Their hobbies and personal interests
  Options, in output order: 1. Men and women are basically similar; 2. Men and women are basically different
- physical_abilities: Their physical abilities
  Options, in output order: 1. Men and women are basically similar; 2. Men and women are basically different
- parenting: Their approach to parenting
  Options, in output order: 1. Men and women are basically similar; 2. Men and women are basically different
- feelings: How they express their feelings
  Options, in output order: 1. Men and women are basically similar; 2. Men and women are basically different
- workplace: The things they are good at in the workplace
  Options, in output order: 1. Men and women are basically similar; 2. Men and women are basically different

Return only valid JSON with exactly this schema:
{
  ""profile_summary"": ""short substantive description"",
  ""probabilities"": {
    ""hobbies"": [numbers in option order],
    ""physical_abilities"": [numbers in option order],
    ""parenting"": [numbers in option order],
    ""feelings"": [numbers in option order],
    ""workplace"": [numbers in option order]
  }
}",uniform full-pattern replicate 2,34
W154_DIFF1,explicit,1,pattern_anchor,pew_w154_diff1_uniform_n96_035,"{'feelings': 'Men and women are basically different', 'hobbies': 'Men and women are basically similar', 'parenting': 'Men and women are basically similar', 'physical_abilities': 'Men and women are basically similar', 'workplace': 'Men and women are basically similar'}","Support point identifier: pew_w154_diff1_uniform_n96_035

Survey context: A nationally representative Pew Research Center American Trends Panel survey of U.S. adults fielded in September 2024.
Battery topic: whether men and women are basically similar or basically different across domains

Construct a synthetic survey-response profile organized around this declared answer pattern:
- hobbies: Men and women are basically similar
- physical_abilities: Men and women are basically similar
- parenting: Men and women are basically similar
- feelings: Men and women are basically different
- workplace: Men and women are basically similar

Follow the complete response pattern explicitly supplied below.
Do not invent demographic characteristics unless the design explicitly supplies them.

Provide a short profile summary describing the attitudes that distinguish this response pattern. Then provide subjective
response probabilities for every item. Each vector must follow the displayed option order, contain nonnegative numbers,
and sum to 1. Each probability must be at least 0.01.

Items and response options:
- hobbies: Their hobbies and personal interests
  Options, in output order: 1. Men and women are basically similar; 2. Men and women are basically different
- physical_abilities: Their physical abilities
  Options, in output order: 1. Men and women are basically similar; 2. Men and women are basically different
- parenting: Their approach to parenting
  Options, in output order: 1. Men and women are basically similar; 2. Men and women are basically different
- feelings: How they express their feelings
  Options, in output order: 1. Men and women are basically similar; 2. Men and women are basically different
- workplace: The things they are good at in the workplace
  Options, in output order: 1. Men and women are basically similar; 2. Men and women are basically different

Return only valid JSON with exactly this schema:
{
  ""profile_summary"": ""short substantive description"",
  ""probabilities"": {
    ""hobbies"": [numbers in option order],
    ""physical_abilities"": [numbers in option order],
    ""parenting"": [numbers in option order],
    ""feelings"": [numbers in option order],
    ""workplace"": [numbers in option order]
  }
}",uniform full-pattern replicate 2,35
W154_DIFF1,explicit,1,pattern_anchor,pew_w154_diff1_uniform_n96_036,"{'feelings': 'Men and women are basically different', 'hobbies': 'Men and women are basically similar', 'parenting': 'Men and women are basically similar', 'physical_abilities': 'Men and women are basically similar', 'workplace': 'Men and women are basically different'}","Support point identifier: pew_w154_diff1_uniform_n96_036

Survey context: A nationally representative Pew Research Center American Trends Panel survey of U.S. adults fielded in September 2024.
Battery topic: whether men and women are basically similar or basically different across domains

Construct a synthetic survey-response profile organized around this declared answer pattern:
- hobbies: Men and women are basically similar
- physical_abilities: Men and women are basically similar
- parenting: Men and women are basically similar
- feelings: Men and women are basically different
- workplace: Men and women are basically different

Follow the complete response pattern explicitly supplied below.
Do not invent demographic characteristics unless the design explicitly supplies them.

Provide a short profile summary describing the attitudes that distinguish this response pattern. Then provide subjective
response probabilities for every item. Each vector must follow the displayed option order, contain nonnegative numbers,
and sum to 1. Each probability must be at least 0.01.

Items and response options:
- hobbies: Their hobbies and personal interests
  Options, in output order: 1. Men and women are basically similar; 2. Men and women are basically different
- physical_abilities: Their physical abilities
  Options, in output order: 1. Men and women are basically similar; 2. Men and women are basically different
- parenting: Their approach to parenting
  Options, in output order: 1. Men and women are basically similar; 2. Men and women are basically different
- feelings: How they express their feelings
  Options, in output order: 1. Men and women are basically similar; 2. Men and women are basically different
- workplace: The things they are good at in the workplace
  Options, in output order: 1. Men and women are basically similar; 2. Men and women are basically different

Return only valid JSON with exactly this schema:
{
  ""profile_summary"": ""short substantive description"",
  ""probabilities"": {
    ""hobbies"": [numbers in option order],
    ""physical_abilities"": [numbers in option order],
    ""parenting"": [numbers in option order],
    ""feelings"": [numbers in option order],
    ""workplace"": [numbers in option order]
  }
}",uniform full-pattern replicate 2,36
W154_DIFF1,explicit,1,pattern_anchor,pew_w154_diff1_uniform_n96_037,"{'feelings': 'Men and women are basically similar', 'hobbies': 'Men and women are basically similar', 'parenting': 'Men and women are basically different', 'physical_abilities': 'Men and women are basically similar', 'workplace': 'Men and women are basically similar'}","Support point identifier: pew_w154_diff1_uniform_n96_037

Survey context: A nationally representative Pew Research Center American Trends Panel survey of U.S. adults fielded in September 2024.
Battery topic: whether men and women are basically similar or basically different across domains

Construct a synthetic survey-response profile organized around this declared answer pattern:
- hobbies: Men and women are basically similar
- physical_abilities: Men and women are basically similar
- parenting: Men and women are basically different
- feelings: Men and women are basically similar
- workplace: Men and women are basically similar

Follow the complete response pattern explicitly supplied below.
Do not invent demographic characteristics unless the design explicitly supplies them.

Provide a short profile summary describing the attitudes that distinguish this response pattern. Then provide subjective
response probabilities for every item. Each vector must follow the displayed option order, contain nonnegative numbers,
and sum to 1. Each probability must be at least 0.01.

Items and response options:
- hobbies: Their hobbies and personal interests
  Options, in output order: 1. Men and women are basically similar; 2. Men and women are basically different
- physical_abilities: Their physical abilities
  Options, in output order: 1. Men and women are basically similar; 2. Men and women are basically different
- parenting: Their approach to parenting
  Options, in output order: 1. Men and women are basically similar; 2. Men and women are basically different
- feelings: How they express their feelings
  Options, in output order: 1. Men and women are basically similar; 2. Men and women are basically different
- workplace: The things they are good at in the workplace
  Options, in output order: 1. Men and women are basically similar; 2. Men and women are basically different

Return only valid JSON with exactly this schema:
{
  ""profile_summary"": ""short substantive description"",
  ""probabilities"": {
    ""hobbies"": [numbers in option order],
    ""physical_abilities"": [numbers in option order],
    ""parenting"": [numbers in option order],
    ""feelings"": [numbers in option order],
    ""workplace"": [numbers in option order]
  }
}",uniform full-pattern replicate 2,37
W154_DIFF1,explicit,1,pattern_anchor,pew_w154_diff1_uniform_n96_038,"{'feelings': 'Men and women are basically similar', 'hobbies': 'Men and women are basically similar', 'parenting': 'Men and women are basically different', 'physical_abilities': 'Men and women are basically similar', 'workplace': 'Men and women are basically different'}","Support point identifier: pew_w154_diff1_uniform_n96_038

Survey context: A nationally representative Pew Research Center American Trends Panel survey of U.S. adults fielded in September 2024.
Battery topic: whether men and women are basically similar or basically different across domains

Construct a synthetic survey-response profile organized around this declared answer pattern:
- hobbies: Men and women are basically similar
- physical_abilities: Men and women are basically similar
- parenting: Men and women are basically different
- feelings: Men and women are basically similar
- workplace: Men and women are basically different

Follow the complete response pattern explicitly supplied below.
Do not invent demographic characteristics unless the design explicitly supplies them.

Provide a short profile summary describing the attitudes that distinguish this response pattern. Then provide subjective
response probabilities for every item. Each vector must follow the displayed option order, contain nonnegative numbers,
and sum to 1. Each probability must be at least 0.01.

Items and response options:
- hobbies: Their hobbies and personal interests
  Options, in output order: 1. Men and women are basically similar; 2. Men and women are basically different
- physical_abilities: Their physical abilities
  Options, in output order: 1. Men and women are basically similar; 2. Men and women are basically different
- parenting: Their approach to parenting
  Options, in output order: 1. Men and women are basically similar; 2. Men and women are basically different
- feelings: How they express their feelings
  Options, in output order: 1. Men and women are basically similar; 2. Men and women are basically different
- workplace: The things they are good at in the workplace
  Options, in output order: 1. Men and women are basically similar; 2. Men and women are basically different

Return only valid JSON with exactly this schema:
{
  ""profile_summary"": ""short substantive description"",
  ""probabilities"": {
    ""hobbies"": [numbers in option order],
    ""physical_abilities"": [numbers in option order],
    ""parenting"": [numbers in option order],
    ""feelings"": [numbers in option order],
    ""workplace"": [numbers in option order]
  }
}",uniform full-pattern replicate 2,38
W154_DIFF1,explicit,1,pattern_anchor,pew_w154_diff1_uniform_n96_039,"{'feelings': 'Men and women are basically different', 'hobbies': 'Men and women are basically similar', 'parenting': 'Men and women are basically different', 'physical_abilities': 'Men and women are basically similar', 'workplace': 'Men and women are basically similar'}","Support point identifier: pew_w154_diff1_uniform_n96_039

Survey context: A nationally representative Pew Research Center American Trends Panel survey of U.S. adults fielded in September 2024.
Battery topic: whether men and women are basically similar or basically different across domains

Construct a synthetic survey-response profile organized around this declared answer pattern:
- hobbies: Men and women are basically similar
- physical_abilities: Men and women are basically similar
- parenting: Men and women are basically different
- feelings: Men and women are basically different
- workplace: Men and women are basically similar

Follow the complete response pattern explicitly supplied below.
Do not invent demographic characteristics unless the design explicitly supplies them.

Provide a short profile summary describing the attitudes that distinguish this response pattern. Then provide subjective
response probabilities for every item. Each vector must follow the displayed option order, contain nonnegative numbers,
and sum to 1. Each probability must be at least 0.01.

Items and response options:
- hobbies: Their hobbies and personal interests
  Options, in output order: 1. Men and women are basically similar; 2. Men and women are basically different
- physical_abilities: Their physical abilities
  Options, in output order: 1. Men and women are basically similar; 2. Men and women are basically different
- parenting: Their approach to parenting
  Options, in output order: 1. Men and women are basically similar; 2. Men and women are basically different
- feelings: How they express their feelings
  Options, in output order: 1. Men and women are basically similar; 2. Men and women are basically different
- workplace: The things they are good at in the workplace
  Options, in output order: 1. Men and women are basically similar; 2. Men and women are basically different

Return only valid JSON with exactly this schema:
{
  ""profile_summary"": ""short substantive description"",
  ""probabilities"": {
    ""hobbies"": [numbers in option order],
    ""physical_abilities"": [numbers in option order],
    ""parenting"": [numbers in option order],
    ""feelings"": [numbers in option order],
    ""workplace"": [numbers in option order]
  }
}",uniform full-pattern replicate 2,39
W154_DIFF1,explicit,1,pattern_anchor,pew_w154_diff1_uniform_n96_040,"{'feelings': 'Men and women are basically different', 'hobbies': 'Men and women are basically similar', 'parenting': 'Men and women are basically different', 'physical_abilities': 'Men and women are basically similar', 'workplace': 'Men and women are basically different'}","Support point identifier: pew_w154_diff1_uniform_n96_040

Survey context: A nationally representative Pew Research Center American Trends Panel survey of U.S. adults fielded in September 2024.
Battery topic: whether men and women are basically similar or basically different across domains

Construct a synthetic survey-response profile organized around this declared answer pattern:
- hobbies: Men and women are basically similar
- physical_abilities: Men and women are basically similar
- parenting: Men and women are basically different
- feelings: Men and women are basically different
- workplace: Men and women are basically different

Follow the complete response pattern explicitly supplied below.
Do not invent demographic characteristics unless the design explicitly supplies them.

Provide a short profile summary describing the attitudes that distinguish this response pattern. Then provide subjective
response probabilities for every item. Each vector must follow the displayed option order, contain nonnegative numbers,
and sum to 1. Each probability must be at least 0.01.

Items and response options:
- hobbies: Their hobbies and personal interests
  Options, in output order: 1. Men and women are basically similar; 2. Men and women are basically different
- physical_abilities: Their physical abilities
  Options, in output order: 1. Men and women are basically similar; 2. Men and women are basically different
- parenting: Their approach to parenting
  Options, in output order: 1. Men and women are basically similar; 2. Men and women are basically different
- feelings: How they express their feelings
  Options, in output order: 1. Men and women are basically similar; 2. Men and women are basically different
- workplace: The things they are good at in the workplace
  Options, in output order: 1. Men and women are basically similar; 2. Men and women are basically different

Return only valid JSON with exactly this schema:
{
  ""profile_summary"": ""short substantive description"",
  ""probabilities"": {
    ""hobbies"": [numbers in option order],
    ""physical_abilities"": [numbers in option order],
    ""parenting"": [numbers in option order],
    ""feelings"": [numbers in option order],
    ""workplace"": [numbers in option order]
  }
}",uniform full-pattern replicate 2,40
W154_DIFF1,explicit,1,pattern_anchor,pew_w154_diff1_uniform_n96_041,"{'feelings': 'Men and women are basically similar', 'hobbies': 'Men and women are basically similar', 'parenting': 'Men and women are basically similar', 'physical_abilities': 'Men and women are basically different', 'workplace': 'Men and women are basically similar'}","Support point identifier: pew_w154_diff1_uniform_n96_041

Survey context: A nationally representative Pew Research Center American Trends Panel survey of U.S. adults fielded in September 2024.
Battery topic: whether men and women are basically similar or basically different across domains

Construct a synthetic survey-response profile organized around this declared answer pattern:
- hobbies: Men and women are basically similar
- physical_abilities: Men and women are basically different
- parenting: Men and women are basically similar
- feelings: Men and women are basically similar
- workplace: Men and women are basically similar

Follow the complete response pattern explicitly supplied below.
Do not invent demographic characteristics unless the design explicitly supplies them.

Provide a short profile summary describing the attitudes that distinguish this response pattern. Then provide subjective
response probabilities for every item. Each vector must follow the displayed option order, contain nonnegative numbers,
and sum to 1. Each probability must be at least 0.01.

Items and response options:
- hobbies: Their hobbies and personal interests
  Options, in output order: 1. Men and women are basically similar; 2. Men and women are basically different
- physical_abilities: Their physical abilities
  Options, in output order: 1. Men and women are basically similar; 2. Men and women are basically different
- parenting: Their approach to parenting
  Options, in output order: 1. Men and women are basically similar; 2. Men and women are basically different
- feelings: How they express their feelings
  Options, in output order: 1. Men and women are basically similar; 2. Men and women are basically different
- workplace: The things they are good at in the workplace
  Options, in output order: 1. Men and women are basically similar; 2. Men and women are basically different

Return only valid JSON with exactly this schema:
{
  ""profile_summary"": ""short substantive description"",
  ""probabilities"": {
    ""hobbies"": [numbers in option order],
    ""physical_abilities"": [numbers in option order],
    ""parenting"": [numbers in option order],
    ""feelings"": [numbers in option order],
    ""workplace"": [numbers in option order]
  }
}",uniform full-pattern replicate 2,41
W154_DIFF1,explicit,1,pattern_anchor,pew_w154_diff1_uniform_n96_042,"{'feelings': 'Men and women are basically similar', 'hobbies': 'Men and women are basically similar', 'parenting': 'Men and women are basically similar', 'physical_abilities': 'Men and women are basically different', 'workplace': 'Men and women are basically different'}","Support point identifier: pew_w154_diff1_uniform_n96_042

Survey context: A nationally representative Pew Research Center American Trends Panel survey of U.S. adults fielded in September 2024.
Battery topic: whether men and women are basically similar or basically different across domains

Construct a synthetic survey-response profile organized around this declared answer pattern:
- hobbies: Men and women are basically similar
- physical_abilities: Men and women are basically different
- parenting: Men and women are basically similar
- feelings: Men and women are basically similar
- workplace: Men and women are basically different

Follow the complete response pattern explicitly supplied below.
Do not invent demographic characteristics unless the design explicitly supplies them.

Provide a short profile summary describing the attitudes that distinguish this response pattern. Then provide subjective
response probabilities for every item. Each vector must follow the displayed option order, contain nonnegative numbers,
and sum to 1. Each probability must be at least 0.01.

Items and response options:
- hobbies: Their hobbies and personal interests
  Options, in output order: 1. Men and women are basically similar; 2. Men and women are basically different
- physical_abilities: Their physical abilities
  Options, in output order: 1. Men and women are basically similar; 2. Men and women are basically different
- parenting: Their approach to parenting
  Options, in output order: 1. Men and women are basically similar; 2. Men and women are basically different
- feelings: How they express their feelings
  Options, in output order: 1. Men and women are basically similar; 2. Men and women are basically different
- workplace: The things they are good at in the workplace
  Options, in output order: 1. Men and women are basically similar; 2. Men and women are basically different

Return only valid JSON with exactly this schema:
{
  ""profile_summary"": ""short substantive description"",
  ""probabilities"": {
    ""hobbies"": [numbers in option order],
    ""physical_abilities"": [numbers in option order],
    ""parenting"": [numbers in option order],
    ""feelings"": [numbers in option order],
    ""workplace"": [numbers in option order]
  }
}",uniform full-pattern replicate 2,42
W154_DIFF1,explicit,1,pattern_anchor,pew_w154_diff1_uniform_n96_043,"{'feelings': 'Men and women are basically different', 'hobbies': 'Men and women are basically similar', 'parenting': 'Men and women are basically similar', 'physical_abilities': 'Men and women are basically different', 'workplace': 'Men and women are basically similar'}","Support point identifier: pew_w154_diff1_uniform_n96_043

Survey context: A nationally representative Pew Research Center American Trends Panel survey of U.S. adults fielded in September 2024.
Battery topic: whether men and women are basically similar or basically different across domains

Construct a synthetic survey-response profile organized around this declared answer pattern:
- hobbies: Men and women are basically similar
- physical_abilities: Men and women are basically different
- parenting: Men and women are basically similar
- feelings: Men and women are basically different
- workplace: Men and women are basically similar

Follow the complete response pattern explicitly supplied below.
Do not invent demographic characteristics unless the design explicitly supplies them.

Provide a short profile summary describing the attitudes that distinguish this response pattern. Then provide subjective
response probabilities for every item. Each vector must follow the displayed option order, contain nonnegative numbers,
and sum to 1. Each probability must be at least 0.01.

Items and response options:
- hobbies: Their hobbies and personal interests
  Options, in output order: 1. Men and women are basically similar; 2. Men and women are basically different
- physical_abilities: Their physical abilities
  Options, in output order: 1. Men and women are basically similar; 2. Men and women are basically different
- parenting: Their approach to parenting
  Options, in output order: 1. Men and women are basically similar; 2. Men and women are basically different
- feelings: How they express their feelings
  Options, in output order: 1. Men and women are basically similar; 2. Men and women are basically different
- workplace: The things they are good at in the workplace
  Options, in output order: 1. Men and women are basically similar; 2. Men and women are basically different

Return only valid JSON with exactly this schema:
{
  ""profile_summary"": ""short substantive description"",
  ""probabilities"": {
    ""hobbies"": [numbers in option order],
    ""physical_abilities"": [numbers in option order],
    ""parenting"": [numbers in option order],
    ""feelings"": [numbers in option order],
    ""workplace"": [numbers in option order]
  }
}",uniform full-pattern replicate 2,43
W154_DIFF1,explicit,1,pattern_anchor,pew_w154_diff1_uniform_n96_044,"{'feelings': 'Men and women are basically different', 'hobbies': 'Men and women are basically similar', 'parenting': 'Men and women are basically similar', 'physical_abilities': 'Men and women are basically different', 'workplace': 'Men and women are basically different'}","Support point identifier: pew_w154_diff1_uniform_n96_044

Survey context: A nationally representative Pew Research Center American Trends Panel survey of U.S. adults fielded in September 2024.
Battery topic: whether men and women are basically similar or basically different across domains

Construct a synthetic survey-response profile organized around this declared answer pattern:
- hobbies: Men and women are basically similar
- physical_abilities: Men and women are basically different
- parenting: Men and women are basically similar
- feelings: Men and women are basically different
- workplace: Men and women are basically different

Follow the complete response pattern explicitly supplied below.
Do not invent demographic characteristics unless the design explicitly supplies them.

Provide a short profile summary describing the attitudes that distinguish this response pattern. Then provide subjective
response probabilities for every item. Each vector must follow the displayed option order, contain nonnegative numbers,
and sum to 1. Each probability must be at least 0.01.

Items and response options:
- hobbies: Their hobbies and personal interests
  Options, in output order: 1. Men and women are basically similar; 2. Men and women are basically different
- physical_abilities: Their physical abilities
  Options, in output order: 1. Men and women are basically similar; 2. Men and women are basically different
- parenting: Their approach to parenting
  Options, in output order: 1. Men and women are basically similar; 2. Men and women are basically different
- feelings: How they express their feelings
  Options, in output order: 1. Men and women are basically similar; 2. Men and women are basically different
- workplace: The things they are good at in the workplace
  Options, in output order: 1. Men and women are basically similar; 2. Men and women are basically different

Return only valid JSON with exactly this schema:
{
  ""profile_summary"": ""short substantive description"",
  ""probabilities"": {
    ""hobbies"": [numbers in option order],
    ""physical_abilities"": [numbers in option order],
    ""parenting"": [numbers in option order],
    ""feelings"": [numbers in option order],
    ""workplace"": [numbers in option order]
  }
}",uniform full-pattern replicate 2,44
W154_DIFF1,explicit,1,pattern_anchor,pew_w154_diff1_uniform_n96_045,"{'feelings': 'Men and women are basically similar', 'hobbies': 'Men and women are basically similar', 'parenting': 'Men and women are basically different', 'physical_abilities': 'Men and women are basically different', 'workplace': 'Men and women are basically similar'}","Support point identifier: pew_w154_diff1_uniform_n96_045

Survey context: A nationally representative Pew Research Center American Trends Panel survey of U.S. adults fielded in September 2024.
Battery topic: whether men and women are basically similar or basically different across domains

Construct a synthetic survey-response profile organized around this declared answer pattern:
- hobbies: Men and women are basically similar
- physical_abilities: Men and women are basically different
- parenting: Men and women are basically different
- feelings: Men and women are basically similar
- workplace: Men and women are basically similar

Follow the complete response pattern explicitly supplied below.
Do not invent demographic characteristics unless the design explicitly supplies them.

Provide a short profile summary describing the attitudes that distinguish this response pattern. Then provide subjective
response probabilities for every item. Each vector must follow the displayed option order, contain nonnegative numbers,
and sum to 1. Each probability must be at least 0.01.

Items and response options:
- hobbies: Their hobbies and personal interests
  Options, in output order: 1. Men and women are basically similar; 2. Men and women are basically different
- physical_abilities: Their physical abilities
  Options, in output order: 1. Men and women are basically similar; 2. Men and women are basically different
- parenting: Their approach to parenting
  Options, in output order: 1. Men and women are basically similar; 2. Men and women are basically different
- feelings: How they express their feelings
  Options, in output order: 1. Men and women are basically similar; 2. Men and women are basically different
- workplace: The things they are good at in the workplace
  Options, in output order: 1. Men and women are basically similar; 2. Men and women are basically different

Return only valid JSON with exactly this schema:
{
  ""profile_summary"": ""short substantive description"",
  ""probabilities"": {
    ""hobbies"": [numbers in option order],
    ""physical_abilities"": [numbers in option order],
    ""parenting"": [numbers in option order],
    ""feelings"": [numbers in option order],
    ""workplace"": [numbers in option order]
  }
}",uniform full-pattern replicate 2,45
W154_DIFF1,explicit,1,pattern_anchor,pew_w154_diff1_uniform_n96_046,"{'feelings': 'Men and women are basically similar', 'hobbies': 'Men and women are basically similar', 'parenting': 'Men and women are basically different', 'physical_abilities': 'Men and women are basically different', 'workplace': 'Men and women are basically different'}","Support point identifier: pew_w154_diff1_uniform_n96_046

Survey context: A nationally representative Pew Research Center American Trends Panel survey of U.S. adults fielded in September 2024.
Battery topic: whether men and women are basically similar or basically different across domains

Construct a synthetic survey-response profile organized around this declared answer pattern:
- hobbies: Men and women are basically similar
- physical_abilities: Men and women are basically different
- parenting: Men and women are basically different
- feelings: Men and women are basically similar
- workplace: Men and women are basically different

Follow the complete response pattern explicitly supplied below.
Do not invent demographic characteristics unless the design explicitly supplies them.

Provide a short profile summary describing the attitudes that distinguish this response pattern. Then provide subjective
response probabilities for every item. Each vector must follow the displayed option order, contain nonnegative numbers,
and sum to 1. Each probability must be at least 0.01.

Items and response options:
- hobbies: Their hobbies and personal interests
  Options, in output order: 1. Men and women are basically similar; 2. Men and women are basically different
- physical_abilities: Their physical abilities
  Options, in output order: 1. Men and women are basically similar; 2. Men and women are basically different
- parenting: Their approach to parenting
  Options, in output order: 1. Men and women are basically similar; 2. Men and women are basically different
- feelings: How they express their feelings
  Options, in output order: 1. Men and women are basically similar; 2. Men and women are basically different
- workplace: The things they are good at in the workplace
  Options, in output order: 1. Men and women are basically similar; 2. Men and women are basically different

Return only valid JSON with exactly this schema:
{
  ""profile_summary"": ""short substantive description"",
  ""probabilities"": {
    ""hobbies"": [numbers in option order],
    ""physical_abilities"": [numbers in option order],
    ""parenting"": [numbers in option order],
    ""feelings"": [numbers in option order],
    ""workplace"": [numbers in option order]
  }
}",uniform full-pattern replicate 2,46
W154_DIFF1,explicit,1,pattern_anchor,pew_w154_diff1_uniform_n96_047,"{'feelings': 'Men and women are basically different', 'hobbies': 'Men and women are basically similar', 'parenting': 'Men and women are basically different', 'physical_abilities': 'Men and women are basically different', 'workplace': 'Men and women are basically similar'}","Support point identifier: pew_w154_diff1_uniform_n96_047

Survey context: A nationally representative Pew Research Center American Trends Panel survey of U.S. adults fielded in September 2024.
Battery topic: whether men and women are basically similar or basically different across domains

Construct a synthetic survey-response profile organized around this declared answer pattern:
- hobbies: Men and women are basically similar
- physical_abilities: Men and women are basically different
- parenting: Men and women are basically different
- feelings: Men and women are basically different
- workplace: Men and women are basically similar

Follow the complete response pattern explicitly supplied below.
Do not invent demographic characteristics unless the design explicitly supplies them.

Provide a short profile summary describing the attitudes that distinguish this response pattern. Then provide subjective
response probabilities for every item. Each vector must follow the displayed option order, contain nonnegative numbers,
and sum to 1. Each probability must be at least 0.01.

Items and response options:
- hobbies: Their hobbies and personal interests
  Options, in output order: 1. Men and women are basically similar; 2. Men and women are basically different
- physical_abilities: Their physical abilities
  Options, in output order: 1. Men and women are basically similar; 2. Men and women are basically different
- parenting: Their approach to parenting
  Options, in output order: 1. Men and women are basically similar; 2. Men and women are basically different
- feelings: How they express their feelings
  Options, in output order: 1. Men and women are basically similar; 2. Men and women are basically different
- workplace: The things they are good at in the workplace
  Options, in output order: 1. Men and women are basically similar; 2. Men and women are basically different

Return only valid JSON with exactly this schema:
{
  ""profile_summary"": ""short substantive description"",
  ""probabilities"": {
    ""hobbies"": [numbers in option order],
    ""physical_abilities"": [numbers in option order],
    ""parenting"": [numbers in option order],
    ""feelings"": [numbers in option order],
    ""workplace"": [numbers in option order]
  }
}",uniform full-pattern replicate 2,47
W154_DIFF1,explicit,1,pattern_anchor,pew_w154_diff1_uniform_n96_048,"{'feelings': 'Men and women are basically different', 'hobbies': 'Men and women are basically similar', 'parenting': 'Men and women are basically different', 'physical_abilities': 'Men and women are basically different', 'workplace': 'Men and women are basically different'}","Support point identifier: pew_w154_diff1_uniform_n96_048

Survey context: A nationally representative Pew Research Center American Trends Panel survey of U.S. adults fielded in September 2024.
Battery topic: whether men and women are basically similar or basically different across domains

Construct a synthetic survey-response profile organized around this declared answer pattern:
- hobbies: Men and women are basically similar
- physical_abilities: Men and women are basically different
- parenting: Men and women are basically different
- feelings: Men and women are basically different
- workplace: Men and women are basically different

Follow the complete response pattern explicitly supplied below.
Do not invent demographic characteristics unless the design explicitly supplies them.

Provide a short profile summary describing the attitudes that distinguish this response pattern. Then provide subjective
response probabilities for every item. Each vector must follow the displayed option order, contain nonnegative numbers,
and sum to 1. Each probability must be at least 0.01.

Items and response options:
- hobbies: Their hobbies and personal interests
  Options, in output order: 1. Men and women are basically similar; 2. Men and women are basically different
- physical_abilities: Their physical abilities
  Options, in output order: 1. Men and women are basically similar; 2. Men and women are basically different
- parenting: Their approach to parenting
  Options, in output order: 1. Men and women are basically similar; 2. Men and women are basically different
- feelings: How they express their feelings
  Options, in output order: 1. Men and women are basically similar; 2. Men and women are basically different
- workplace: The things they are good at in the workplace
  Options, in output order: 1. Men and women are basically similar; 2. Men and women are basically different

Return only valid JSON with exactly this schema:
{
  ""profile_summary"": ""short substantive description"",
  ""probabilities"": {
    ""hobbies"": [numbers in option order],
    ""physical_abilities"": [numbers in option order],
    ""parenting"": [numbers in option order],
    ""feelings"": [numbers in option order],
    ""workplace"": [numbers in option order]
  }
}",uniform full-pattern replicate 2,48
W154_DIFF1,explicit,1,pattern_anchor,pew_w154_diff1_uniform_n96_049,"{'feelings': 'Men and women are basically similar', 'hobbies': 'Men and women are basically different', 'parenting': 'Men and women are basically similar', 'physical_abilities': 'Men and women are basically similar', 'workplace': 'Men and women are basically similar'}","Support point identifier: pew_w154_diff1_uniform_n96_049

Survey context: A nationally representative Pew Research Center American Trends Panel survey of U.S. adults fielded in September 2024.
Battery topic: whether men and women are basically similar or basically different across domains

Construct a synthetic survey-response profile organized around this declared answer pattern:
- hobbies: Men and women are basically different
- physical_abilities: Men and women are basically similar
- parenting: Men and women are basically similar
- feelings: Men and women are basically similar
- workplace: Men and women are basically similar

Follow the complete response pattern explicitly supplied below.
Do not invent demographic characteristics unless the design explicitly supplies them.

Provide a short profile summary describing the attitudes that distinguish this response pattern. Then provide subjective
response probabilities for every item. Each vector must follow the displayed option order, contain nonnegative numbers,
and sum to 1. Each probability must be at least 0.01.

Items and response options:
- hobbies: Their hobbies and personal interests
  Options, in output order: 1. Men and women are basically similar; 2. Men and women are basically different
- physical_abilities: Their physical abilities
  Options, in output order: 1. Men and women are basically similar; 2. Men and women are basically different
- parenting: Their approach to parenting
  Options, in output order: 1. Men and women are basically similar; 2. Men and women are basically different
- feelings: How they express their feelings
  Options, in output order: 1. Men and women are basically similar; 2. Men and women are basically different
- workplace: The things they are good at in the workplace
  Options, in output order: 1. Men and women are basically similar; 2. Men and women are basically different

Return only valid JSON with exactly this schema:
{
  ""profile_summary"": ""short substantive description"",
  ""probabilities"": {
    ""hobbies"": [numbers in option order],
    ""physical_abilities"": [numbers in option order],
    ""parenting"": [numbers in option order],
    ""feelings"": [numbers in option order],
    ""workplace"": [numbers in option order]
  }
}",uniform full-pattern replicate 2,49
W154_DIFF1,explicit,1,pattern_anchor,pew_w154_diff1_uniform_n96_050,"{'feelings': 'Men and women are basically similar', 'hobbies': 'Men and women are basically different', 'parenting': 'Men and women are basically similar', 'physical_abilities': 'Men and women are basically similar', 'workplace': 'Men and women are basically different'}","Support point identifier: pew_w154_diff1_uniform_n96_050

Survey context: A nationally representative Pew Research Center American Trends Panel survey of U.S. adults fielded in September 2024.
Battery topic: whether men and women are basically similar or basically different across domains

Construct a synthetic survey-response profile organized around this declared answer pattern:
- hobbies: Men and women are basically different
- physical_abilities: Men and women are basically similar
- parenting: Men and women are basically similar
- feelings: Men and women are basically similar
- workplace: Men and women are basically different

Follow the complete response pattern explicitly supplied below.
Do not invent demographic characteristics unless the design explicitly supplies them.

Provide a short profile summary describing the attitudes that distinguish this response pattern. Then provide subjective
response probabilities for every item. Each vector must follow the displayed option order, contain nonnegative numbers,
and sum to 1. Each probability must be at least 0.01.

Items and response options:
- hobbies: Their hobbies and personal interests
  Options, in output order: 1. Men and women are basically similar; 2. Men and women are basically different
- physical_abilities: Their physical abilities
  Options, in output order: 1. Men and women are basically similar; 2. Men and women are basically different
- parenting: Their approach to parenting
  Options, in output order: 1. Men and women are basically similar; 2. Men and women are basically different
- feelings: How they express their feelings
  Options, in output order: 1. Men and women are basically similar; 2. Men and women are basically different
- workplace: The things they are good at in the workplace
  Options, in output order: 1. Men and women are basically similar; 2. Men and women are basically different

Return only valid JSON with exactly this schema:
{
  ""profile_summary"": ""short substantive description"",
  ""probabilities"": {
    ""hobbies"": [numbers in option order],
    ""physical_abilities"": [numbers in option order],
    ""parenting"": [numbers in option order],
    ""feelings"": [numbers in option order],
    ""workplace"": [numbers in option order]
  }
}",uniform full-pattern replicate 2,50
W154_DIFF1,explicit,1,pattern_anchor,pew_w154_diff1_uniform_n96_051,"{'feelings': 'Men and women are basically different', 'hobbies': 'Men and women are basically different', 'parenting': 'Men and women are basically similar', 'physical_abilities': 'Men and women are basically similar', 'workplace': 'Men and women are basically similar'}","Support point identifier: pew_w154_diff1_uniform_n96_051

Survey context: A nationally representative Pew Research Center American Trends Panel survey of U.S. adults fielded in September 2024.
Battery topic: whether men and women are basically similar or basically different across domains

Construct a synthetic survey-response profile organized around this declared answer pattern:
- hobbies: Men and women are basically different
- physical_abilities: Men and women are basically similar
- parenting: Men and women are basically similar
- feelings: Men and women are basically different
- workplace: Men and women are basically similar

Follow the complete response pattern explicitly supplied below.
Do not invent demographic characteristics unless the design explicitly supplies them.

Provide a short profile summary describing the attitudes that distinguish this response pattern. Then provide subjective
response probabilities for every item. Each vector must follow the displayed option order, contain nonnegative numbers,
and sum to 1. Each probability must be at least 0.01.

Items and response options:
- hobbies: Their hobbies and personal interests
  Options, in output order: 1. Men and women are basically similar; 2. Men and women are basically different
- physical_abilities: Their physical abilities
  Options, in output order: 1. Men and women are basically similar; 2. Men and women are basically different
- parenting: Their approach to parenting
  Options, in output order: 1. Men and women are basically similar; 2. Men and women are basically different
- feelings: How they express their feelings
  Options, in output order: 1. Men and women are basically similar; 2. Men and women are basically different
- workplace: The things they are good at in the workplace
  Options, in output order: 1. Men and women are basically similar; 2. Men and women are basically different

Return only valid JSON with exactly this schema:
{
  ""profile_summary"": ""short substantive description"",
  ""probabilities"": {
    ""hobbies"": [numbers in option order],
    ""physical_abilities"": [numbers in option order],
    ""parenting"": [numbers in option order],
    ""feelings"": [numbers in option order],
    ""workplace"": [numbers in option order]
  }
}",uniform full-pattern replicate 2,51
W154_DIFF1,explicit,1,pattern_anchor,pew_w154_diff1_uniform_n96_052,"{'feelings': 'Men and women are basically different', 'hobbies': 'Men and women are basically different', 'parenting': 'Men and women are basically similar', 'physical_abilities': 'Men and women are basically similar', 'workplace': 'Men and women are basically different'}","Support point identifier: pew_w154_diff1_uniform_n96_052

Survey context: A nationally representative Pew Research Center American Trends Panel survey of U.S. adults fielded in September 2024.
Battery topic: whether men and women are basically similar or basically different across domains

Construct a synthetic survey-response profile organized around this declared answer pattern:
- hobbies: Men and women are basically different
- physical_abilities: Men and women are basically similar
- parenting: Men and women are basically similar
- feelings: Men and women are basically different
- workplace: Men and women are basically different

Follow the complete response pattern explicitly supplied below.
Do not invent demographic characteristics unless the design explicitly supplies them.

Provide a short profile summary describing the attitudes that distinguish this response pattern. Then provide subjective
response probabilities for every item. Each vector must follow the displayed option order, contain nonnegative numbers,
and sum to 1. Each probability must be at least 0.01.

Items and response options:
- hobbies: Their hobbies and personal interests
  Options, in output order: 1. Men and women are basically similar; 2. Men and women are basically different
- physical_abilities: Their physical abilities
  Options, in output order: 1. Men and women are basically similar; 2. Men and women are basically different
- parenting: Their approach to parenting
  Options, in output order: 1. Men and women are basically similar; 2. Men and women are basically different
- feelings: How they express their feelings
  Options, in output order: 1. Men and women are basically similar; 2. Men and women are basically different
- workplace: The things they are good at in the workplace
  Options, in output order: 1. Men and women are basically similar; 2. Men and women are basically different

Return only valid JSON with exactly this schema:
{
  ""profile_summary"": ""short substantive description"",
  ""probabilities"": {
    ""hobbies"": [numbers in option order],
    ""physical_abilities"": [numbers in option order],
    ""parenting"": [numbers in option order],
    ""feelings"": [numbers in option order],
    ""workplace"": [numbers in option order]
  }
}",uniform full-pattern replicate 2,52
W154_DIFF1,explicit,1,pattern_anchor,pew_w154_diff1_uniform_n96_053,"{'feelings': 'Men and women are basically similar', 'hobbies': 'Men and women are basically different', 'parenting': 'Men and women are basically different', 'physical_abilities': 'Men and women are basically similar', 'workplace': 'Men and women are basically similar'}","Support point identifier: pew_w154_diff1_uniform_n96_053

Survey context: A nationally representative Pew Research Center American Trends Panel survey of U.S. adults fielded in September 2024.
Battery topic: whether men and women are basically similar or basically different across domains

Construct a synthetic survey-response profile organized around this declared answer pattern:
- hobbies: Men and women are basically different
- physical_abilities: Men and women are basically similar
- parenting: Men and women are basically different
- feelings: Men and women are basically similar
- workplace: Men and women are basically similar

Follow the complete response pattern explicitly supplied below.
Do not invent demographic characteristics unless the design explicitly supplies them.

Provide a short profile summary describing the attitudes that distinguish this response pattern. Then provide subjective
response probabilities for every item. Each vector must follow the displayed option order, contain nonnegative numbers,
and sum to 1. Each probability must be at least 0.01.

Items and response options:
- hobbies: Their hobbies and personal interests
  Options, in output order: 1. Men and women are basically similar; 2. Men and women are basically different
- physical_abilities: Their physical abilities
  Options, in output order: 1. Men and women are basically similar; 2. Men and women are basically different
- parenting: Their approach to parenting
  Options, in output order: 1. Men and women are basically similar; 2. Men and women are basically different
- feelings: How they express their feelings
  Options, in output order: 1. Men and women are basically similar; 2. Men and women are basically different
- workplace: The things they are good at in the workplace
  Options, in output order: 1. Men and women are basically similar; 2. Men and women are basically different

Return only valid JSON with exactly this schema:
{
  ""profile_summary"": ""short substantive description"",
  ""probabilities"": {
    ""hobbies"": [numbers in option order],
    ""physical_abilities"": [numbers in option order],
    ""parenting"": [numbers in option order],
    ""feelings"": [numbers in option order],
    ""workplace"": [numbers in option order]
  }
}",uniform full-pattern replicate 2,53
W154_DIFF1,explicit,1,pattern_anchor,pew_w154_diff1_uniform_n96_054,"{'feelings': 'Men and women are basically similar', 'hobbies': 'Men and women are basically different', 'parenting': 'Men and women are basically different', 'physical_abilities': 'Men and women are basically similar', 'workplace': 'Men and women are basically different'}","Support point identifier: pew_w154_diff1_uniform_n96_054

Survey context: A nationally representative Pew Research Center American Trends Panel survey of U.S. adults fielded in September 2024.
Battery topic: whether men and women are basically similar or basically different across domains

Construct a synthetic survey-response profile organized around this declared answer pattern:
- hobbies: Men and women are basically different
- physical_abilities: Men and women are basically similar
- parenting: Men and women are basically different
- feelings: Men and women are basically similar
- workplace: Men and women are basically different

Follow the complete response pattern explicitly supplied below.
Do not invent demographic characteristics unless the design explicitly supplies them.

Provide a short profile summary describing the attitudes that distinguish this response pattern. Then provide subjective
response probabilities for every item. Each vector must follow the displayed option order, contain nonnegative numbers,
and sum to 1. Each probability must be at least 0.01.

Items and response options:
- hobbies: Their hobbies and personal interests
  Options, in output order: 1. Men and women are basically similar; 2. Men and women are basically different
- physical_abilities: Their physical abilities
  Options, in output order: 1. Men and women are basically similar; 2. Men and women are basically different
- parenting: Their approach to parenting
  Options, in output order: 1. Men and women are basically similar; 2. Men and women are basically different
- feelings: How they express their feelings
  Options, in output order: 1. Men and women are basically similar; 2. Men and women are basically different
- workplace: The things they are good at in the workplace
  Options, in output order: 1. Men and women are basically similar; 2. Men and women are basically different

Return only valid JSON with exactly this schema:
{
  ""profile_summary"": ""short substantive description"",
  ""probabilities"": {
    ""hobbies"": [numbers in option order],
    ""physical_abilities"": [numbers in option order],
    ""parenting"": [numbers in option order],
    ""feelings"": [numbers in option order],
    ""workplace"": [numbers in option order]
  }
}",uniform full-pattern replicate 2,54
W154_DIFF1,explicit,1,pattern_anchor,pew_w154_diff1_uniform_n96_055,"{'feelings': 'Men and women are basically different', 'hobbies': 'Men and women are basically different', 'parenting': 'Men and women are basically different', 'physical_abilities': 'Men and women are basically similar', 'workplace': 'Men and women are basically similar'}","Support point identifier: pew_w154_diff1_uniform_n96_055

Survey context: A nationally representative Pew Research Center American Trends Panel survey of U.S. adults fielded in September 2024.
Battery topic: whether men and women are basically similar or basically different across domains

Construct a synthetic survey-response profile organized around this declared answer pattern:
- hobbies: Men and women are basically different
- physical_abilities: Men and women are basically similar
- parenting: Men and women are basically different
- feelings: Men and women are basically different
- workplace: Men and women are basically similar

Follow the complete response pattern explicitly supplied below.
Do not invent demographic characteristics unless the design explicitly supplies them.

Provide a short profile summary describing the attitudes that distinguish this response pattern. Then provide subjective
response probabilities for every item. Each vector must follow the displayed option order, contain nonnegative numbers,
and sum to 1. Each probability must be at least 0.01.

Items and response options:
- hobbies: Their hobbies and personal interests
  Options, in output order: 1. Men and women are basically similar; 2. Men and women are basically different
- physical_abilities: Their physical abilities
  Options, in output order: 1. Men and women are basically similar; 2. Men and women are basically different
- parenting: Their approach to parenting
  Options, in output order: 1. Men and women are basically similar; 2. Men and women are basically different
- feelings: How they express their feelings
  Options, in output order: 1. Men and women are basically similar; 2. Men and women are basically different
- workplace: The things they are good at in the workplace
  Options, in output order: 1. Men and women are basically similar; 2. Men and women are basically different

Return only valid JSON with exactly this schema:
{
  ""profile_summary"": ""short substantive description"",
  ""probabilities"": {
    ""hobbies"": [numbers in option order],
    ""physical_abilities"": [numbers in option order],
    ""parenting"": [numbers in option order],
    ""feelings"": [numbers in option order],
    ""workplace"": [numbers in option order]
  }
}",uniform full-pattern replicate 2,55
W154_DIFF1,explicit,1,pattern_anchor,pew_w154_diff1_uniform_n96_056,"{'feelings': 'Men and women are basically different', 'hobbies': 'Men and women are basically different', 'parenting': 'Men and women are basically different', 'physical_abilities': 'Men and women are basically similar', 'workplace': 'Men and women are basically different'}","Support point identifier: pew_w154_diff1_uniform_n96_056

Survey context: A nationally representative Pew Research Center American Trends Panel survey of U.S. adults fielded in September 2024.
Battery topic: whether men and women are basically similar or basically different across domains

Construct a synthetic survey-response profile organized around this declared answer pattern:
- hobbies: Men and women are basically different
- physical_abilities: Men and women are basically similar
- parenting: Men and women are basically different
- feelings: Men and women are basically different
- workplace: Men and women are basically different

Follow the complete response pattern explicitly supplied below.
Do not invent demographic characteristics unless the design explicitly supplies them.

Provide a short profile summary describing the attitudes that distinguish this response pattern. Then provide subjective
response probabilities for every item. Each vector must follow the displayed option order, contain nonnegative numbers,
and sum to 1. Each probability must be at least 0.01.

Items and response options:
- hobbies: Their hobbies and personal interests
  Options, in output order: 1. Men and women are basically similar; 2. Men and women are basically different
- physical_abilities: Their physical abilities
  Options, in output order: 1. Men and women are basically similar; 2. Men and women are basically different
- parenting: Their approach to parenting
  Options, in output order: 1. Men and women are basically similar; 2. Men and women are basically different
- feelings: How they express their feelings
  Options, in output order: 1. Men and women are basically similar; 2. Men and women are basically different
- workplace: The things they are good at in the workplace
  Options, in output order: 1. Men and women are basically similar; 2. Men and women are basically different

Return only valid JSON with exactly this schema:
{
  ""profile_summary"": ""short substantive description"",
  ""probabilities"": {
    ""hobbies"": [numbers in option order],
    ""physical_abilities"": [numbers in option order],
    ""parenting"": [numbers in option order],
    ""feelings"": [numbers in option order],
    ""workplace"": [numbers in option order]
  }
}",uniform full-pattern replicate 2,56
W154_DIFF1,explicit,1,pattern_anchor,pew_w154_diff1_uniform_n96_057,"{'feelings': 'Men and women are basically similar', 'hobbies': 'Men and women are basically different', 'parenting': 'Men and women are basically similar', 'physical_abilities': 'Men and women are basically different', 'workplace': 'Men and women are basically similar'}","Support point identifier: pew_w154_diff1_uniform_n96_057

Survey context: A nationally representative Pew Research Center American Trends Panel survey of U.S. adults fielded in September 2024.
Battery topic: whether men and women are basically similar or basically different across domains

Construct a synthetic survey-response profile organized around this declared answer pattern:
- hobbies: Men and women are basically different
- physical_abilities: Men and women are basically different
- parenting: Men and women are basically similar
- feelings: Men and women are basically similar
- workplace: Men and women are basically similar

Follow the complete response pattern explicitly supplied below.
Do not invent demographic characteristics unless the design explicitly supplies them.

Provide a short profile summary describing the attitudes that distinguish this response pattern. Then provide subjective
response probabilities for every item. Each vector must follow the displayed option order, contain nonnegative numbers,
and sum to 1. Each probability must be at least 0.01.

Items and response options:
- hobbies: Their hobbies and personal interests
  Options, in output order: 1. Men and women are basically similar; 2. Men and women are basically different
- physical_abilities: Their physical abilities
  Options, in output order: 1. Men and women are basically similar; 2. Men and women are basically different
- parenting: Their approach to parenting
  Options, in output order: 1. Men and women are basically similar; 2. Men and women are basically different
- feelings: How they express their feelings
  Options, in output order: 1. Men and women are basically similar; 2. Men and women are basically different
- workplace: The things they are good at in the workplace
  Options, in output order: 1. Men and women are basically similar; 2. Men and women are basically different

Return only valid JSON with exactly this schema:
{
  ""profile_summary"": ""short substantive description"",
  ""probabilities"": {
    ""hobbies"": [numbers in option order],
    ""physical_abilities"": [numbers in option order],
    ""parenting"": [numbers in option order],
    ""feelings"": [numbers in option order],
    ""workplace"": [numbers in option order]
  }
}",uniform full-pattern replicate 2,57
W154_DIFF1,explicit,1,pattern_anchor,pew_w154_diff1_uniform_n96_058,"{'feelings': 'Men and women are basically similar', 'hobbies': 'Men and women are basically different', 'parenting': 'Men and women are basically similar', 'physical_abilities': 'Men and women are basically different', 'workplace': 'Men and women are basically different'}","Support point identifier: pew_w154_diff1_uniform_n96_058

Survey context: A nationally representative Pew Research Center American Trends Panel survey of U.S. adults fielded in September 2024.
Battery topic: whether men and women are basically similar or basically different across domains

Construct a synthetic survey-response profile organized around this declared answer pattern:
- hobbies: Men and women are basically different
- physical_abilities: Men and women are basically different
- parenting: Men and women are basically similar
- feelings: Men and women are basically similar
- workplace: Men and women are basically different

Follow the complete response pattern explicitly supplied below.
Do not invent demographic characteristics unless the design explicitly supplies them.

Provide a short profile summary describing the attitudes that distinguish this response pattern. Then provide subjective
response probabilities for every item. Each vector must follow the displayed option order, contain nonnegative numbers,
and sum to 1. Each probability must be at least 0.01.

Items and response options:
- hobbies: Their hobbies and personal interests
  Options, in output order: 1. Men and women are basically similar; 2. Men and women are basically different
- physical_abilities: Their physical abilities
  Options, in output order: 1. Men and women are basically similar; 2. Men and women are basically different
- parenting: Their approach to parenting
  Options, in output order: 1. Men and women are basically similar; 2. Men and women are basically different
- feelings: How they express their feelings
  Options, in output order: 1. Men and women are basically similar; 2. Men and women are basically different
- workplace: The things they are good at in the workplace
  Options, in output order: 1. Men and women are basically similar; 2. Men and women are basically different

Return only valid JSON with exactly this schema:
{
  ""profile_summary"": ""short substantive description"",
  ""probabilities"": {
    ""hobbies"": [numbers in option order],
    ""physical_abilities"": [numbers in option order],
    ""parenting"": [numbers in option order],
    ""feelings"": [numbers in option order],
    ""workplace"": [numbers in option order]
  }
}",uniform full-pattern replicate 2,58
W154_DIFF1,explicit,1,pattern_anchor,pew_w154_diff1_uniform_n96_059,"{'feelings': 'Men and women are basically different', 'hobbies': 'Men and women are basically different', 'parenting': 'Men and women are basically similar', 'physical_abilities': 'Men and women are basically different', 'workplace': 'Men and women are basically similar'}","Support point identifier: pew_w154_diff1_uniform_n96_059

Survey context: A nationally representative Pew Research Center American Trends Panel survey of U.S. adults fielded in September 2024.
Battery topic: whether men and women are basically similar or basically different across domains

Construct a synthetic survey-response profile organized around this declared answer pattern:
- hobbies: Men and women are basically different
- physical_abilities: Men and women are basically different
- parenting: Men and women are basically similar
- feelings: Men and women are basically different
- workplace: Men and women are basically similar

Follow the complete response pattern explicitly supplied below.
Do not invent demographic characteristics unless the design explicitly supplies them.

Provide a short profile summary describing the attitudes that distinguish this response pattern. Then provide subjective
response probabilities for every item. Each vector must follow the displayed option order, contain nonnegative numbers,
and sum to 1. Each probability must be at least 0.01.

Items and response options:
- hobbies: Their hobbies and personal interests
  Options, in output order: 1. Men and women are basically similar; 2. Men and women are basically different
- physical_abilities: Their physical abilities
  Options, in output order: 1. Men and women are basically similar; 2. Men and women are basically different
- parenting: Their approach to parenting
  Options, in output order: 1. Men and women are basically similar; 2. Men and women are basically different
- feelings: How they express their feelings
  Options, in output order: 1. Men and women are basically similar; 2. Men and women are basically different
- workplace: The things they are good at in the workplace
  Options, in output order: 1. Men and women are basically similar; 2. Men and women are basically different

Return only valid JSON with exactly this schema:
{
  ""profile_summary"": ""short substantive description"",
  ""probabilities"": {
    ""hobbies"": [numbers in option order],
    ""physical_abilities"": [numbers in option order],
    ""parenting"": [numbers in option order],
    ""feelings"": [numbers in option order],
    ""workplace"": [numbers in option order]
  }
}",uniform full-pattern replicate 2,59
W154_DIFF1,explicit,1,pattern_anchor,pew_w154_diff1_uniform_n96_060,"{'feelings': 'Men and women are basically different', 'hobbies': 'Men and women are basically different', 'parenting': 'Men and women are basically similar', 'physical_abilities': 'Men and women are basically different', 'workplace': 'Men and women are basically different'}","Support point identifier: pew_w154_diff1_uniform_n96_060

Survey context: A nationally representative Pew Research Center American Trends Panel survey of U.S. adults fielded in September 2024.
Battery topic: whether men and women are basically similar or basically different across domains

Construct a synthetic survey-response profile organized around this declared answer pattern:
- hobbies: Men and women are basically different
- physical_abilities: Men and women are basically different
- parenting: Men and women are basically similar
- feelings: Men and women are basically different
- workplace: Men and women are basically different

Follow the complete response pattern explicitly supplied below.
Do not invent demographic characteristics unless the design explicitly supplies them.

Provide a short profile summary describing the attitudes that distinguish this response pattern. Then provide subjective
response probabilities for every item. Each vector must follow the displayed option order, contain nonnegative numbers,
and sum to 1. Each probability must be at least 0.01.

Items and response options:
- hobbies: Their hobbies and personal interests
  Options, in output order: 1. Men and women are basically similar; 2. Men and women are basically different
- physical_abilities: Their physical abilities
  Options, in output order: 1. Men and women are basically similar; 2. Men and women are basically different
- parenting: Their approach to parenting
  Options, in output order: 1. Men and women are basically similar; 2. Men and women are basically different
- feelings: How they express their feelings
  Options, in output order: 1. Men and women are basically similar; 2. Men and women are basically different
- workplace: The things they are good at in the workplace
  Options, in output order: 1. Men and women are basically similar; 2. Men and women are basically different

Return only valid JSON with exactly this schema:
{
  ""profile_summary"": ""short substantive description"",
  ""probabilities"": {
    ""hobbies"": [numbers in option order],
    ""physical_abilities"": [numbers in option order],
    ""parenting"": [numbers in option order],
    ""feelings"": [numbers in option order],
    ""workplace"": [numbers in option order]
  }
}",uniform full-pattern replicate 2,60
W154_DIFF1,explicit,1,pattern_anchor,pew_w154_diff1_uniform_n96_061,"{'feelings': 'Men and women are basically similar', 'hobbies': 'Men and women are basically different', 'parenting': 'Men and women are basically different', 'physical_abilities': 'Men and women are basically different', 'workplace': 'Men and women are basically similar'}","Support point identifier: pew_w154_diff1_uniform_n96_061

Survey context: A nationally representative Pew Research Center American Trends Panel survey of U.S. adults fielded in September 2024.
Battery topic: whether men and women are basically similar or basically different across domains

Construct a synthetic survey-response profile organized around this declared answer pattern:
- hobbies: Men and women are basically different
- physical_abilities: Men and women are basically different
- parenting: Men and women are basically different
- feelings: Men and women are basically similar
- workplace: Men and women are basically similar

Follow the complete response pattern explicitly supplied below.
Do not invent demographic characteristics unless the design explicitly supplies them.

Provide a short profile summary describing the attitudes that distinguish this response pattern. Then provide subjective
response probabilities for every item. Each vector must follow the displayed option order, contain nonnegative numbers,
and sum to 1. Each probability must be at least 0.01.

Items and response options:
- hobbies: Their hobbies and personal interests
  Options, in output order: 1. Men and women are basically similar; 2. Men and women are basically different
- physical_abilities: Their physical abilities
  Options, in output order: 1. Men and women are basically similar; 2. Men and women are basically different
- parenting: Their approach to parenting
  Options, in output order: 1. Men and women are basically similar; 2. Men and women are basically different
- feelings: How they express their feelings
  Options, in output order: 1. Men and women are basically similar; 2. Men and women are basically different
- workplace: The things they are good at in the workplace
  Options, in output order: 1. Men and women are basically similar; 2. Men and women are basically different

Return only valid JSON with exactly this schema:
{
  ""profile_summary"": ""short substantive description"",
  ""probabilities"": {
    ""hobbies"": [numbers in option order],
    ""physical_abilities"": [numbers in option order],
    ""parenting"": [numbers in option order],
    ""feelings"": [numbers in option order],
    ""workplace"": [numbers in option order]
  }
}",uniform full-pattern replicate 2,61
W154_DIFF1,explicit,1,pattern_anchor,pew_w154_diff1_uniform_n96_062,"{'feelings': 'Men and women are basically similar', 'hobbies': 'Men and women are basically different', 'parenting': 'Men and women are basically different', 'physical_abilities': 'Men and women are basically different', 'workplace': 'Men and women are basically different'}","Support point identifier: pew_w154_diff1_uniform_n96_062

Survey context: A nationally representative Pew Research Center American Trends Panel survey of U.S. adults fielded in September 2024.
Battery topic: whether men and women are basically similar or basically different across domains

Construct a synthetic survey-response profile organized around this declared answer pattern:
- hobbies: Men and women are basically different
- physical_abilities: Men and women are basically different
- parenting: Men and women are basically different
- feelings: Men and women are basically similar
- workplace: Men and women are basically different

Follow the complete response pattern explicitly supplied below.
Do not invent demographic characteristics unless the design explicitly supplies them.

Provide a short profile summary describing the attitudes that distinguish this response pattern. Then provide subjective
response probabilities for every item. Each vector must follow the displayed option order, contain nonnegative numbers,
and sum to 1. Each probability must be at least 0.01.

Items and response options:
- hobbies: Their hobbies and personal interests
  Options, in output order: 1. Men and women are basically similar; 2. Men and women are basically different
- physical_abilities: Their physical abilities
  Options, in output order: 1. Men and women are basically similar; 2. Men and women are basically different
- parenting: Their approach to parenting
  Options, in output order: 1. Men and women are basically similar; 2. Men and women are basically different
- feelings: How they express their feelings
  Options, in output order: 1. Men and women are basically similar; 2. Men and women are basically different
- workplace: The things they are good at in the workplace
  Options, in output order: 1. Men and women are basically similar; 2. Men and women are basically different

Return only valid JSON with exactly this schema:
{
  ""profile_summary"": ""short substantive description"",
  ""probabilities"": {
    ""hobbies"": [numbers in option order],
    ""physical_abilities"": [numbers in option order],
    ""parenting"": [numbers in option order],
    ""feelings"": [numbers in option order],
    ""workplace"": [numbers in option order]
  }
}",uniform full-pattern replicate 2,62
W154_DIFF1,explicit,1,pattern_anchor,pew_w154_diff1_uniform_n96_063,"{'feelings': 'Men and women are basically different', 'hobbies': 'Men and women are basically different', 'parenting': 'Men and women are basically different', 'physical_abilities': 'Men and women are basically different', 'workplace': 'Men and women are basically similar'}","Support point identifier: pew_w154_diff1_uniform_n96_063

Survey context: A nationally representative Pew Research Center American Trends Panel survey of U.S. adults fielded in September 2024.
Battery topic: whether men and women are basically similar or basically different across domains

Construct a synthetic survey-response profile organized around this declared answer pattern:
- hobbies: Men and women are basically different
- physical_abilities: Men and women are basically different
- parenting: Men and women are basically different
- feelings: Men and women are basically different
- workplace: Men and women are basically similar

Follow the complete response pattern explicitly supplied below.
Do not invent demographic characteristics unless the design explicitly supplies them.

Provide a short profile summary describing the attitudes that distinguish this response pattern. Then provide subjective
response probabilities for every item. Each vector must follow the displayed option order, contain nonnegative numbers,
and sum to 1. Each probability must be at least 0.01.

Items and response options:
- hobbies: Their hobbies and personal interests
  Options, in output order: 1. Men and women are basically similar; 2. Men and women are basically different
- physical_abilities: Their physical abilities
  Options, in output order: 1. Men and women are basically similar; 2. Men and women are basically different
- parenting: Their approach to parenting
  Options, in output order: 1. Men and women are basically similar; 2. Men and women are basically different
- feelings: How they express their feelings
  Options, in output order: 1. Men and women are basically similar; 2. Men and women are basically different
- workplace: The things they are good at in the workplace
  Options, in output order: 1. Men and women are basically similar; 2. Men and women are basically different

Return only valid JSON with exactly this schema:
{
  ""profile_summary"": ""short substantive description"",
  ""probabilities"": {
    ""hobbies"": [numbers in option order],
    ""physical_abilities"": [numbers in option order],
    ""parenting"": [numbers in option order],
    ""feelings"": [numbers in option order],
    ""workplace"": [numbers in option order]
  }
}",uniform full-pattern replicate 2,63
W154_DIFF1,explicit,1,pattern_anchor,pew_w154_diff1_uniform_n96_064,"{'feelings': 'Men and women are basically different', 'hobbies': 'Men and women are basically different', 'parenting': 'Men and women are basically different', 'physical_abilities': 'Men and women are basically different', 'workplace': 'Men and women are basically different'}","Support point identifier: pew_w154_diff1_uniform_n96_064

Survey context: A nationally representative Pew Research Center American Trends Panel survey of U.S. adults fielded in September 2024.
Battery topic: whether men and women are basically similar or basically different across domains

Construct a synthetic survey-response profile organized around this declared answer pattern:
- hobbies: Men and women are basically different
- physical_abilities: Men and women are basically different
- parenting: Men and women are basically different
- feelings: Men and women are basically different
- workplace: Men and women are basically different

Follow the complete response pattern explicitly supplied below.
Do not invent demographic characteristics unless the design explicitly supplies them.

Provide a short profile summary describing the attitudes that distinguish this response pattern. Then provide subjective
response probabilities for every item. Each vector must follow the displayed option order, contain nonnegative numbers,
and sum to 1. Each probability must be at least 0.01.

Items and response options:
- hobbies: Their hobbies and personal interests
  Options, in output order: 1. Men and women are basically similar; 2. Men and women are basically different
- physical_abilities: Their physical abilities
  Options, in output order: 1. Men and women are basically similar; 2. Men and women are basically different
- parenting: Their approach to parenting
  Options, in output order: 1. Men and women are basically similar; 2. Men and women are basically different
- feelings: How they express their feelings
  Options, in output order: 1. Men and women are basically similar; 2. Men and women are basically different
- workplace: The things they are good at in the workplace
  Options, in output order: 1. Men and women are basically similar; 2. Men and women are basically different

Return only valid JSON with exactly this schema:
{
  ""profile_summary"": ""short substantive description"",
  ""probabilities"": {
    ""hobbies"": [numbers in option order],
    ""physical_abilities"": [numbers in option order],
    ""parenting"": [numbers in option order],
    ""feelings"": [numbers in option order],
    ""workplace"": [numbers in option order]
  }
}",uniform full-pattern replicate 2,64
W154_DIFF1,explicit,1,pattern_anchor,pew_w154_diff1_uniform_n96_065,"{'feelings': 'Men and women are basically similar', 'hobbies': 'Men and women are basically similar', 'parenting': 'Men and women are basically similar', 'physical_abilities': 'Men and women are basically similar', 'workplace': 'Men and women are basically similar'}","Support point identifier: pew_w154_diff1_uniform_n96_065

Survey context: A nationally representative Pew Research Center American Trends Panel survey of U.S. adults fielded in September 2024.
Battery topic: whether men and women are basically similar or basically different across domains

Construct a synthetic survey-response profile organized around this declared answer pattern:
- hobbies: Men and women are basically similar
- physical_abilities: Men and women are basically similar
- parenting: Men and women are basically similar
- feelings: Men and women are basically similar
- workplace: Men and women are basically similar

Follow the complete response pattern explicitly supplied below.
Do not invent demographic characteristics unless the design explicitly supplies them.

Provide a short profile summary describing the attitudes that distinguish this response pattern. Then provide subjective
response probabilities for every item. Each vector must follow the displayed option order, contain nonnegative numbers,
and sum to 1. Each probability must be at least 0.01.

Items and response options:
- hobbies: Their hobbies and personal interests
  Options, in output order: 1. Men and women are basically similar; 2. Men and women are basically different
- physical_abilities: Their physical abilities
  Options, in output order: 1. Men and women are basically similar; 2. Men and women are basically different
- parenting: Their approach to parenting
  Options, in output order: 1. Men and women are basically similar; 2. Men and women are basically different
- feelings: How they express their feelings
  Options, in output order: 1. Men and women are basically similar; 2. Men and women are basically different
- workplace: The things they are good at in the workplace
  Options, in output order: 1. Men and women are basically similar; 2. Men and women are basically different

Return only valid JSON with exactly this schema:
{
  ""profile_summary"": ""short substantive description"",
  ""probabilities"": {
    ""hobbies"": [numbers in option order],
    ""physical_abilities"": [numbers in option order],
    ""parenting"": [numbers in option order],
    ""feelings"": [numbers in option order],
    ""workplace"": [numbers in option order]
  }
}",uniform full-pattern replicate 3,65
W154_DIFF1,explicit,1,pattern_anchor,pew_w154_diff1_uniform_n96_066,"{'feelings': 'Men and women are basically similar', 'hobbies': 'Men and women are basically similar', 'parenting': 'Men and women are basically similar', 'physical_abilities': 'Men and women are basically similar', 'workplace': 'Men and women are basically different'}","Support point identifier: pew_w154_diff1_uniform_n96_066

Survey context: A nationally representative Pew Research Center American Trends Panel survey of U.S. adults fielded in September 2024.
Battery topic: whether men and women are basically similar or basically different across domains

Construct a synthetic survey-response profile organized around this declared answer pattern:
- hobbies: Men and women are basically similar
- physical_abilities: Men and women are basically similar
- parenting: Men and women are basically similar
- feelings: Men and women are basically similar
- workplace: Men and women are basically different

Follow the complete response pattern explicitly supplied below.
Do not invent demographic characteristics unless the design explicitly supplies them.

Provide a short profile summary describing the attitudes that distinguish this response pattern. Then provide subjective
response probabilities for every item. Each vector must follow the displayed option order, contain nonnegative numbers,
and sum to 1. Each probability must be at least 0.01.

Items and response options:
- hobbies: Their hobbies and personal interests
  Options, in output order: 1. Men and women are basically similar; 2. Men and women are basically different
- physical_abilities: Their physical abilities
  Options, in output order: 1. Men and women are basically similar; 2. Men and women are basically different
- parenting: Their approach to parenting
  Options, in output order: 1. Men and women are basically similar; 2. Men and women are basically different
- feelings: How they express their feelings
  Options, in output order: 1. Men and women are basically similar; 2. Men and women are basically different
- workplace: The things they are good at in the workplace
  Options, in output order: 1. Men and women are basically similar; 2. Men and women are basically different

Return only valid JSON with exactly this schema:
{
  ""profile_summary"": ""short substantive description"",
  ""probabilities"": {
    ""hobbies"": [numbers in option order],
    ""physical_abilities"": [numbers in option order],
    ""parenting"": [numbers in option order],
    ""feelings"": [numbers in option order],
    ""workplace"": [numbers in option order]
  }
}",uniform full-pattern replicate 3,66
W154_DIFF1,explicit,1,pattern_anchor,pew_w154_diff1_uniform_n96_067,"{'feelings': 'Men and women are basically different', 'hobbies': 'Men and women are basically similar', 'parenting': 'Men and women are basically similar', 'physical_abilities': 'Men and women are basically similar', 'workplace': 'Men and women are basically similar'}","Support point identifier: pew_w154_diff1_uniform_n96_067

Survey context: A nationally representative Pew Research Center American Trends Panel survey of U.S. adults fielded in September 2024.
Battery topic: whether men and women are basically similar or basically different across domains

Construct a synthetic survey-response profile organized around this declared answer pattern:
- hobbies: Men and women are basically similar
- physical_abilities: Men and women are basically similar
- parenting: Men and women are basically similar
- feelings: Men and women are basically different
- workplace: Men and women are basically similar

Follow the complete response pattern explicitly supplied below.
Do not invent demographic characteristics unless the design explicitly supplies them.

Provide a short profile summary describing the attitudes that distinguish this response pattern. Then provide subjective
response probabilities for every item. Each vector must follow the displayed option order, contain nonnegative numbers,
and sum to 1. Each probability must be at least 0.01.

Items and response options:
- hobbies: Their hobbies and personal interests
  Options, in output order: 1. Men and women are basically similar; 2. Men and women are basically different
- physical_abilities: Their physical abilities
  Options, in output order: 1. Men and women are basically similar; 2. Men and women are basically different
- parenting: Their approach to parenting
  Options, in output order: 1. Men and women are basically similar; 2. Men and women are basically different
- feelings: How they express their feelings
  Options, in output order: 1. Men and women are basically similar; 2. Men and women are basically different
- workplace: The things they are good at in the workplace
  Options, in output order: 1. Men and women are basically similar; 2. Men and women are basically different

Return only valid JSON with exactly this schema:
{
  ""profile_summary"": ""short substantive description"",
  ""probabilities"": {
    ""hobbies"": [numbers in option order],
    ""physical_abilities"": [numbers in option order],
    ""parenting"": [numbers in option order],
    ""feelings"": [numbers in option order],
    ""workplace"": [numbers in option order]
  }
}",uniform full-pattern replicate 3,67
W154_DIFF1,explicit,1,pattern_anchor,pew_w154_diff1_uniform_n96_068,"{'feelings': 'Men and women are basically different', 'hobbies': 'Men and women are basically similar', 'parenting': 'Men and women are basically similar', 'physical_abilities': 'Men and women are basically similar', 'workplace': 'Men and women are basically different'}","Support point identifier: pew_w154_diff1_uniform_n96_068

Survey context: A nationally representative Pew Research Center American Trends Panel survey of U.S. adults fielded in September 2024.
Battery topic: whether men and women are basically similar or basically different across domains

Construct a synthetic survey-response profile organized around this declared answer pattern:
- hobbies: Men and women are basically similar
- physical_abilities: Men and women are basically similar
- parenting: Men and women are basically similar
- feelings: Men and women are basically different
- workplace: Men and women are basically different

Follow the complete response pattern explicitly supplied below.
Do not invent demographic characteristics unless the design explicitly supplies them.

Provide a short profile summary describing the attitudes that distinguish this response pattern. Then provide subjective
response probabilities for every item. Each vector must follow the displayed option order, contain nonnegative numbers,
and sum to 1. Each probability must be at least 0.01.

Items and response options:
- hobbies: Their hobbies and personal interests
  Options, in output order: 1. Men and women are basically similar; 2. Men and women are basically different
- physical_abilities: Their physical abilities
  Options, in output order: 1. Men and women are basically similar; 2. Men and women are basically different
- parenting: Their approach to parenting
  Options, in output order: 1. Men and women are basically similar; 2. Men and women are basically different
- feelings: How they express their feelings
  Options, in output order: 1. Men and women are basically similar; 2. Men and women are basically different
- workplace: The things they are good at in the workplace
  Options, in output order: 1. Men and women are basically similar; 2. Men and women are basically different

Return only valid JSON with exactly this schema:
{
  ""profile_summary"": ""short substantive description"",
  ""probabilities"": {
    ""hobbies"": [numbers in option order],
    ""physical_abilities"": [numbers in option order],
    ""parenting"": [numbers in option order],
    ""feelings"": [numbers in option order],
    ""workplace"": [numbers in option order]
  }
}",uniform full-pattern replicate 3,68
W154_DIFF1,explicit,1,pattern_anchor,pew_w154_diff1_uniform_n96_069,"{'feelings': 'Men and women are basically similar', 'hobbies': 'Men and women are basically similar', 'parenting': 'Men and women are basically different', 'physical_abilities': 'Men and women are basically similar', 'workplace': 'Men and women are basically similar'}","Support point identifier: pew_w154_diff1_uniform_n96_069

Survey context: A nationally representative Pew Research Center American Trends Panel survey of U.S. adults fielded in September 2024.
Battery topic: whether men and women are basically similar or basically different across domains

Construct a synthetic survey-response profile organized around this declared answer pattern:
- hobbies: Men and women are basically similar
- physical_abilities: Men and women are basically similar
- parenting: Men and women are basically different
- feelings: Men and women are basically similar
- workplace: Men and women are basically similar

Follow the complete response pattern explicitly supplied below.
Do not invent demographic characteristics unless the design explicitly supplies them.

Provide a short profile summary describing the attitudes that distinguish this response pattern. Then provide subjective
response probabilities for every item. Each vector must follow the displayed option order, contain nonnegative numbers,
and sum to 1. Each probability must be at least 0.01.

Items and response options:
- hobbies: Their hobbies and personal interests
  Options, in output order: 1. Men and women are basically similar; 2. Men and women are basically different
- physical_abilities: Their physical abilities
  Options, in output order: 1. Men and women are basically similar; 2. Men and women are basically different
- parenting: Their approach to parenting
  Options, in output order: 1. Men and women are basically similar; 2. Men and women are basically different
- feelings: How they express their feelings
  Options, in output order: 1. Men and women are basically similar; 2. Men and women are basically different
- workplace: The things they are good at in the workplace
  Options, in output order: 1. Men and women are basically similar; 2. Men and women are basically different

Return only valid JSON with exactly this schema:
{
  ""profile_summary"": ""short substantive description"",
  ""probabilities"": {
    ""hobbies"": [numbers in option order],
    ""physical_abilities"": [numbers in option order],
    ""parenting"": [numbers in option order],
    ""feelings"": [numbers in option order],
    ""workplace"": [numbers in option order]
  }
}",uniform full-pattern replicate 3,69
W154_DIFF1,explicit,1,pattern_anchor,pew_w154_diff1_uniform_n96_070,"{'feelings': 'Men and women are basically similar', 'hobbies': 'Men and women are basically similar', 'parenting': 'Men and women are basically different', 'physical_abilities': 'Men and women are basically similar', 'workplace': 'Men and women are basically different'}","Support point identifier: pew_w154_diff1_uniform_n96_070

Survey context: A nationally representative Pew Research Center American Trends Panel survey of U.S. adults fielded in September 2024.
Battery topic: whether men and women are basically similar or basically different across domains

Construct a synthetic survey-response profile organized around this declared answer pattern:
- hobbies: Men and women are basically similar
- physical_abilities: Men and women are basically similar
- parenting: Men and women are basically different
- feelings: Men and women are basically similar
- workplace: Men and women are basically different

Follow the complete response pattern explicitly supplied below.
Do not invent demographic characteristics unless the design explicitly supplies them.

Provide a short profile summary describing the attitudes that distinguish this response pattern. Then provide subjective
response probabilities for every item. Each vector must follow the displayed option order, contain nonnegative numbers,
and sum to 1. Each probability must be at least 0.01.

Items and response options:
- hobbies: Their hobbies and personal interests
  Options, in output order: 1. Men and women are basically similar; 2. Men and women are basically different
- physical_abilities: Their physical abilities
  Options, in output order: 1. Men and women are basically similar; 2. Men and women are basically different
- parenting: Their approach to parenting
  Options, in output order: 1. Men and women are basically similar; 2. Men and women are basically different
- feelings: How they express their feelings
  Options, in output order: 1. Men and women are basically similar; 2. Men and women are basically different
- workplace: The things they are good at in the workplace
  Options, in output order: 1. Men and women are basically similar; 2. Men and women are basically different

Return only valid JSON with exactly this schema:
{
  ""profile_summary"": ""short substantive description"",
  ""probabilities"": {
    ""hobbies"": [numbers in option order],
    ""physical_abilities"": [numbers in option order],
    ""parenting"": [numbers in option order],
    ""feelings"": [numbers in option order],
    ""workplace"": [numbers in option order]
  }
}",uniform full-pattern replicate 3,70
W154_DIFF1,explicit,1,pattern_anchor,pew_w154_diff1_uniform_n96_071,"{'feelings': 'Men and women are basically different', 'hobbies': 'Men and women are basically similar', 'parenting': 'Men and women are basically different', 'physical_abilities': 'Men and women are basically similar', 'workplace': 'Men and women are basically similar'}","Support point identifier: pew_w154_diff1_uniform_n96_071

Survey context: A nationally representative Pew Research Center American Trends Panel survey of U.S. adults fielded in September 2024.
Battery topic: whether men and women are basically similar or basically different across domains

Construct a synthetic survey-response profile organized around this declared answer pattern:
- hobbies: Men and women are basically similar
- physical_abilities: Men and women are basically similar
- parenting: Men and women are basically different
- feelings: Men and women are basically different
- workplace: Men and women are basically similar

Follow the complete response pattern explicitly supplied below.
Do not invent demographic characteristics unless the design explicitly supplies them.

Provide a short profile summary describing the attitudes that distinguish this response pattern. Then provide subjective
response probabilities for every item. Each vector must follow the displayed option order, contain nonnegative numbers,
and sum to 1. Each probability must be at least 0.01.

Items and response options:
- hobbies: Their hobbies and personal interests
  Options, in output order: 1. Men and women are basically similar; 2. Men and women are basically different
- physical_abilities: Their physical abilities
  Options, in output order: 1. Men and women are basically similar; 2. Men and women are basically different
- parenting: Their approach to parenting
  Options, in output order: 1. Men and women are basically similar; 2. Men and women are basically different
- feelings: How they express their feelings
  Options, in output order: 1. Men and women are basically similar; 2. Men and women are basically different
- workplace: The things they are good at in the workplace
  Options, in output order: 1. Men and women are basically similar; 2. Men and women are basically different

Return only valid JSON with exactly this schema:
{
  ""profile_summary"": ""short substantive description"",
  ""probabilities"": {
    ""hobbies"": [numbers in option order],
    ""physical_abilities"": [numbers in option order],
    ""parenting"": [numbers in option order],
    ""feelings"": [numbers in option order],
    ""workplace"": [numbers in option order]
  }
}",uniform full-pattern replicate 3,71
W154_DIFF1,explicit,1,pattern_anchor,pew_w154_diff1_uniform_n96_072,"{'feelings': 'Men and women are basically different', 'hobbies': 'Men and women are basically similar', 'parenting': 'Men and women are basically different', 'physical_abilities': 'Men and women are basically similar', 'workplace': 'Men and women are basically different'}","Support point identifier: pew_w154_diff1_uniform_n96_072

Survey context: A nationally representative Pew Research Center American Trends Panel survey of U.S. adults fielded in September 2024.
Battery topic: whether men and women are basically similar or basically different across domains

Construct a synthetic survey-response profile organized around this declared answer pattern:
- hobbies: Men and women are basically similar
- physical_abilities: Men and women are basically similar
- parenting: Men and women are basically different
- feelings: Men and women are basically different
- workplace: Men and women are basically different

Follow the complete response pattern explicitly supplied below.
Do not invent demographic characteristics unless the design explicitly supplies them.

Provide a short profile summary describing the attitudes that distinguish this response pattern. Then provide subjective
response probabilities for every item. Each vector must follow the displayed option order, contain nonnegative numbers,
and sum to 1. Each probability must be at least 0.01.

Items and response options:
- hobbies: Their hobbies and personal interests
  Options, in output order: 1. Men and women are basically similar; 2. Men and women are basically different
- physical_abilities: Their physical abilities
  Options, in output order: 1. Men and women are basically similar; 2. Men and women are basically different
- parenting: Their approach to parenting
  Options, in output order: 1. Men and women are basically similar; 2. Men and women are basically different
- feelings: How they express their feelings
  Options, in output order: 1. Men and women are basically similar; 2. Men and women are basically different
- workplace: The things they are good at in the workplace
  Options, in output order: 1. Men and women are basically similar; 2. Men and women are basically different

Return only valid JSON with exactly this schema:
{
  ""profile_summary"": ""short substantive description"",
  ""probabilities"": {
    ""hobbies"": [numbers in option order],
    ""physical_abilities"": [numbers in option order],
    ""parenting"": [numbers in option order],
    ""feelings"": [numbers in option order],
    ""workplace"": [numbers in option order]
  }
}",uniform full-pattern replicate 3,72
W154_DIFF1,explicit,1,pattern_anchor,pew_w154_diff1_uniform_n96_073,"{'feelings': 'Men and women are basically similar', 'hobbies': 'Men and women are basically similar', 'parenting': 'Men and women are basically similar', 'physical_abilities': 'Men and women are basically different', 'workplace': 'Men and women are basically similar'}","Support point identifier: pew_w154_diff1_uniform_n96_073

Survey context: A nationally representative Pew Research Center American Trends Panel survey of U.S. adults fielded in September 2024.
Battery topic: whether men and women are basically similar or basically different across domains

Construct a synthetic survey-response profile organized around this declared answer pattern:
- hobbies: Men and women are basically similar
- physical_abilities: Men and women are basically different
- parenting: Men and women are basically similar
- feelings: Men and women are basically similar
- workplace: Men and women are basically similar

Follow the complete response pattern explicitly supplied below.
Do not invent demographic characteristics unless the design explicitly supplies them.

Provide a short profile summary describing the attitudes that distinguish this response pattern. Then provide subjective
response probabilities for every item. Each vector must follow the displayed option order, contain nonnegative numbers,
and sum to 1. Each probability must be at least 0.01.

Items and response options:
- hobbies: Their hobbies and personal interests
  Options, in output order: 1. Men and women are basically similar; 2. Men and women are basically different
- physical_abilities: Their physical abilities
  Options, in output order: 1. Men and women are basically similar; 2. Men and women are basically different
- parenting: Their approach to parenting
  Options, in output order: 1. Men and women are basically similar; 2. Men and women are basically different
- feelings: How they express their feelings
  Options, in output order: 1. Men and women are basically similar; 2. Men and women are basically different
- workplace: The things they are good at in the workplace
  Options, in output order: 1. Men and women are basically similar; 2. Men and women are basically different

Return only valid JSON with exactly this schema:
{
  ""profile_summary"": ""short substantive description"",
  ""probabilities"": {
    ""hobbies"": [numbers in option order],
    ""physical_abilities"": [numbers in option order],
    ""parenting"": [numbers in option order],
    ""feelings"": [numbers in option order],
    ""workplace"": [numbers in option order]
  }
}",uniform full-pattern replicate 3,73
W154_DIFF1,explicit,1,pattern_anchor,pew_w154_diff1_uniform_n96_074,"{'feelings': 'Men and women are basically similar', 'hobbies': 'Men and women are basically similar', 'parenting': 'Men and women are basically similar', 'physical_abilities': 'Men and women are basically different', 'workplace': 'Men and women are basically different'}","Support point identifier: pew_w154_diff1_uniform_n96_074

Survey context: A nationally representative Pew Research Center American Trends Panel survey of U.S. adults fielded in September 2024.
Battery topic: whether men and women are basically similar or basically different across domains

Construct a synthetic survey-response profile organized around this declared answer pattern:
- hobbies: Men and women are basically similar
- physical_abilities: Men and women are basically different
- parenting: Men and women are basically similar
- feelings: Men and women are basically similar
- workplace: Men and women are basically different

Follow the complete response pattern explicitly supplied below.
Do not invent demographic characteristics unless the design explicitly supplies them.

Provide a short profile summary describing the attitudes that distinguish this response pattern. Then provide subjective
response probabilities for every item. Each vector must follow the displayed option order, contain nonnegative numbers,
and sum to 1. Each probability must be at least 0.01.

Items and response options:
- hobbies: Their hobbies and personal interests
  Options, in output order: 1. Men and women are basically similar; 2. Men and women are basically different
- physical_abilities: Their physical abilities
  Options, in output order: 1. Men and women are basically similar; 2. Men and women are basically different
- parenting: Their approach to parenting
  Options, in output order: 1. Men and women are basically similar; 2. Men and women are basically different
- feelings: How they express their feelings
  Options, in output order: 1. Men and women are basically similar; 2. Men and women are basically different
- workplace: The things they are good at in the workplace
  Options, in output order: 1. Men and women are basically similar; 2. Men and women are basically different

Return only valid JSON with exactly this schema:
{
  ""profile_summary"": ""short substantive description"",
  ""probabilities"": {
    ""hobbies"": [numbers in option order],
    ""physical_abilities"": [numbers in option order],
    ""parenting"": [numbers in option order],
    ""feelings"": [numbers in option order],
    ""workplace"": [numbers in option order]
  }
}",uniform full-pattern replicate 3,74
W154_DIFF1,explicit,1,pattern_anchor,pew_w154_diff1_uniform_n96_075,"{'feelings': 'Men and women are basically different', 'hobbies': 'Men and women are basically similar', 'parenting': 'Men and women are basically similar', 'physical_abilities': 'Men and women are basically different', 'workplace': 'Men and women are basically similar'}","Support point identifier: pew_w154_diff1_uniform_n96_075

Survey context: A nationally representative Pew Research Center American Trends Panel survey of U.S. adults fielded in September 2024.
Battery topic: whether men and women are basically similar or basically different across domains

Construct a synthetic survey-response profile organized around this declared answer pattern:
- hobbies: Men and women are basically similar
- physical_abilities: Men and women are basically different
- parenting: Men and women are basically similar
- feelings: Men and women are basically different
- workplace: Men and women are basically similar

Follow the complete response pattern explicitly supplied below.
Do not invent demographic characteristics unless the design explicitly supplies them.

Provide a short profile summary describing the attitudes that distinguish this response pattern. Then provide subjective
response probabilities for every item. Each vector must follow the displayed option order, contain nonnegative numbers,
and sum to 1. Each probability must be at least 0.01.

Items and response options:
- hobbies: Their hobbies and personal interests
  Options, in output order: 1. Men and women are basically similar; 2. Men and women are basically different
- physical_abilities: Their physical abilities
  Options, in output order: 1. Men and women are basically similar; 2. Men and women are basically different
- parenting: Their approach to parenting
  Options, in output order: 1. Men and women are basically similar; 2. Men and women are basically different
- feelings: How they express their feelings
  Options, in output order: 1. Men and women are basically similar; 2. Men and women are basically different
- workplace: The things they are good at in the workplace
  Options, in output order: 1. Men and women are basically similar; 2. Men and women are basically different

Return only valid JSON with exactly this schema:
{
  ""profile_summary"": ""short substantive description"",
  ""probabilities"": {
    ""hobbies"": [numbers in option order],
    ""physical_abilities"": [numbers in option order],
    ""parenting"": [numbers in option order],
    ""feelings"": [numbers in option order],
    ""workplace"": [numbers in option order]
  }
}",uniform full-pattern replicate 3,75
W154_DIFF1,explicit,1,pattern_anchor,pew_w154_diff1_uniform_n96_076,"{'feelings': 'Men and women are basically different', 'hobbies': 'Men and women are basically similar', 'parenting': 'Men and women are basically similar', 'physical_abilities': 'Men and women are basically different', 'workplace': 'Men and women are basically different'}","Support point identifier: pew_w154_diff1_uniform_n96_076

Survey context: A nationally representative Pew Research Center American Trends Panel survey of U.S. adults fielded in September 2024.
Battery topic: whether men and women are basically similar or basically different across domains

Construct a synthetic survey-response profile organized around this declared answer pattern:
- hobbies: Men and women are basically similar
- physical_abilities: Men and women are basically different
- parenting: Men and women are basically similar
- feelings: Men and women are basically different
- workplace: Men and women are basically different

Follow the complete response pattern explicitly supplied below.
Do not invent demographic characteristics unless the design explicitly supplies them.

Provide a short profile summary describing the attitudes that distinguish this response pattern. Then provide subjective
response probabilities for every item. Each vector must follow the displayed option order, contain nonnegative numbers,
and sum to 1. Each probability must be at least 0.01.

Items and response options:
- hobbies: Their hobbies and personal interests
  Options, in output order: 1. Men and women are basically similar; 2. Men and women are basically different
- physical_abilities: Their physical abilities
  Options, in output order: 1. Men and women are basically similar; 2. Men and women are basically different
- parenting: Their approach to parenting
  Options, in output order: 1. Men and women are basically similar; 2. Men and women are basically different
- feelings: How they express their feelings
  Options, in output order: 1. Men and women are basically similar; 2. Men and women are basically different
- workplace: The things they are good at in the workplace
  Options, in output order: 1. Men and women are basically similar; 2. Men and women are basically different

Return only valid JSON with exactly this schema:
{
  ""profile_summary"": ""short substantive description"",
  ""probabilities"": {
    ""hobbies"": [numbers in option order],
    ""physical_abilities"": [numbers in option order],
    ""parenting"": [numbers in option order],
    ""feelings"": [numbers in option order],
    ""workplace"": [numbers in option order]
  }
}",uniform full-pattern replicate 3,76
W154_DIFF1,explicit,1,pattern_anchor,pew_w154_diff1_uniform_n96_077,"{'feelings': 'Men and women are basically similar', 'hobbies': 'Men and women are basically similar', 'parenting': 'Men and women are basically different', 'physical_abilities': 'Men and women are basically different', 'workplace': 'Men and women are basically similar'}","Support point identifier: pew_w154_diff1_uniform_n96_077

Survey context: A nationally representative Pew Research Center American Trends Panel survey of U.S. adults fielded in September 2024.
Battery topic: whether men and women are basically similar or basically different across domains

Construct a synthetic survey-response profile organized around this declared answer pattern:
- hobbies: Men and women are basically similar
- physical_abilities: Men and women are basically different
- parenting: Men and women are basically different
- feelings: Men and women are basically similar
- workplace: Men and women are basically similar

Follow the complete response pattern explicitly supplied below.
Do not invent demographic characteristics unless the design explicitly supplies them.

Provide a short profile summary describing the attitudes that distinguish this response pattern. Then provide subjective
response probabilities for every item. Each vector must follow the displayed option order, contain nonnegative numbers,
and sum to 1. Each probability must be at least 0.01.

Items and response options:
- hobbies: Their hobbies and personal interests
  Options, in output order: 1. Men and women are basically similar; 2. Men and women are basically different
- physical_abilities: Their physical abilities
  Options, in output order: 1. Men and women are basically similar; 2. Men and women are basically different
- parenting: Their approach to parenting
  Options, in output order: 1. Men and women are basically similar; 2. Men and women are basically different
- feelings: How they express their feelings
  Options, in output order: 1. Men and women are basically similar; 2. Men and women are basically different
- workplace: The things they are good at in the workplace
  Options, in output order: 1. Men and women are basically similar; 2. Men and women are basically different

Return only valid JSON with exactly this schema:
{
  ""profile_summary"": ""short substantive description"",
  ""probabilities"": {
    ""hobbies"": [numbers in option order],
    ""physical_abilities"": [numbers in option order],
    ""parenting"": [numbers in option order],
    ""feelings"": [numbers in option order],
    ""workplace"": [numbers in option order]
  }
}",uniform full-pattern replicate 3,77
W154_DIFF1,explicit,1,pattern_anchor,pew_w154_diff1_uniform_n96_078,"{'feelings': 'Men and women are basically similar', 'hobbies': 'Men and women are basically similar', 'parenting': 'Men and women are basically different', 'physical_abilities': 'Men and women are basically different', 'workplace': 'Men and women are basically different'}","Support point identifier: pew_w154_diff1_uniform_n96_078

Survey context: A nationally representative Pew Research Center American Trends Panel survey of U.S. adults fielded in September 2024.
Battery topic: whether men and women are basically similar or basically different across domains

Construct a synthetic survey-response profile organized around this declared answer pattern:
- hobbies: Men and women are basically similar
- physical_abilities: Men and women are basically different
- parenting: Men and women are basically different
- feelings: Men and women are basically similar
- workplace: Men and women are basically different

Follow the complete response pattern explicitly supplied below.
Do not invent demographic characteristics unless the design explicitly supplies them.

Provide a short profile summary describing the attitudes that distinguish this response pattern. Then provide subjective
response probabilities for every item. Each vector must follow the displayed option order, contain nonnegative numbers,
and sum to 1. Each probability must be at least 0.01.

Items and response options:
- hobbies: Their hobbies and personal interests
  Options, in output order: 1. Men and women are basically similar; 2. Men and women are basically different
- physical_abilities: Their physical abilities
  Options, in output order: 1. Men and women are basically similar; 2. Men and women are basically different
- parenting: Their approach to parenting
  Options, in output order: 1. Men and women are basically similar; 2. Men and women are basically different
- feelings: How they express their feelings
  Options, in output order: 1. Men and women are basically similar; 2. Men and women are basically different
- workplace: The things they are good at in the workplace
  Options, in output order: 1. Men and women are basically similar; 2. Men and women are basically different

Return only valid JSON with exactly this schema:
{
  ""profile_summary"": ""short substantive description"",
  ""probabilities"": {
    ""hobbies"": [numbers in option order],
    ""physical_abilities"": [numbers in option order],
    ""parenting"": [numbers in option order],
    ""feelings"": [numbers in option order],
    ""workplace"": [numbers in option order]
  }
}",uniform full-pattern replicate 3,78
W154_DIFF1,explicit,1,pattern_anchor,pew_w154_diff1_uniform_n96_079,"{'feelings': 'Men and women are basically different', 'hobbies': 'Men and women are basically similar', 'parenting': 'Men and women are basically different', 'physical_abilities': 'Men and women are basically different', 'workplace': 'Men and women are basically similar'}","Support point identifier: pew_w154_diff1_uniform_n96_079

Survey context: A nationally representative Pew Research Center American Trends Panel survey of U.S. adults fielded in September 2024.
Battery topic: whether men and women are basically similar or basically different across domains

Construct a synthetic survey-response profile organized around this declared answer pattern:
- hobbies: Men and women are basically similar
- physical_abilities: Men and women are basically different
- parenting: Men and women are basically different
- feelings: Men and women are basically different
- workplace: Men and women are basically similar

Follow the complete response pattern explicitly supplied below.
Do not invent demographic characteristics unless the design explicitly supplies them.

Provide a short profile summary describing the attitudes that distinguish this response pattern. Then provide subjective
response probabilities for every item. Each vector must follow the displayed option order, contain nonnegative numbers,
and sum to 1. Each probability must be at least 0.01.

Items and response options:
- hobbies: Their hobbies and personal interests
  Options, in output order: 1. Men and women are basically similar; 2. Men and women are basically different
- physical_abilities: Their physical abilities
  Options, in output order: 1. Men and women are basically similar; 2. Men and women are basically different
- parenting: Their approach to parenting
  Options, in output order: 1. Men and women are basically similar; 2. Men and women are basically different
- feelings: How they express their feelings
  Options, in output order: 1. Men and women are basically similar; 2. Men and women are basically different
- workplace: The things they are good at in the workplace
  Options, in output order: 1. Men and women are basically similar; 2. Men and women are basically different

Return only valid JSON with exactly this schema:
{
  ""profile_summary"": ""short substantive description"",
  ""probabilities"": {
    ""hobbies"": [numbers in option order],
    ""physical_abilities"": [numbers in option order],
    ""parenting"": [numbers in option order],
    ""feelings"": [numbers in option order],
    ""workplace"": [numbers in option order]
  }
}",uniform full-pattern replicate 3,79
W154_DIFF1,explicit,1,pattern_anchor,pew_w154_diff1_uniform_n96_080,"{'feelings': 'Men and women are basically different', 'hobbies': 'Men and women are basically similar', 'parenting': 'Men and women are basically different', 'physical_abilities': 'Men and women are basically different', 'workplace': 'Men and women are basically different'}","Support point identifier: pew_w154_diff1_uniform_n96_080

Survey context: A nationally representative Pew Research Center American Trends Panel survey of U.S. adults fielded in September 2024.
Battery topic: whether men and women are basically similar or basically different across domains

Construct a synthetic survey-response profile organized around this declared answer pattern:
- hobbies: Men and women are basically similar
- physical_abilities: Men and women are basically different
- parenting: Men and women are basically different
- feelings: Men and women are basically different
- workplace: Men and women are basically different

Follow the complete response pattern explicitly supplied below.
Do not invent demographic characteristics unless the design explicitly supplies them.

Provide a short profile summary describing the attitudes that distinguish this response pattern. Then provide subjective
response probabilities for every item. Each vector must follow the displayed option order, contain nonnegative numbers,
and sum to 1. Each probability must be at least 0.01.

Items and response options:
- hobbies: Their hobbies and personal interests
  Options, in output order: 1. Men and women are basically similar; 2. Men and women are basically different
- physical_abilities: Their physical abilities
  Options, in output order: 1. Men and women are basically similar; 2. Men and women are basically different
- parenting: Their approach to parenting
  Options, in output order: 1. Men and women are basically similar; 2. Men and women are basically different
- feelings: How they express their feelings
  Options, in output order: 1. Men and women are basically similar; 2. Men and women are basically different
- workplace: The things they are good at in the workplace
  Options, in output order: 1. Men and women are basically similar; 2. Men and women are basically different

Return only valid JSON with exactly this schema:
{
  ""profile_summary"": ""short substantive description"",
  ""probabilities"": {
    ""hobbies"": [numbers in option order],
    ""physical_abilities"": [numbers in option order],
    ""parenting"": [numbers in option order],
    ""feelings"": [numbers in option order],
    ""workplace"": [numbers in option order]
  }
}",uniform full-pattern replicate 3,80
W154_DIFF1,explicit,1,pattern_anchor,pew_w154_diff1_uniform_n96_081,"{'feelings': 'Men and women are basically similar', 'hobbies': 'Men and women are basically different', 'parenting': 'Men and women are basically similar', 'physical_abilities': 'Men and women are basically similar', 'workplace': 'Men and women are basically similar'}","Support point identifier: pew_w154_diff1_uniform_n96_081

Survey context: A nationally representative Pew Research Center American Trends Panel survey of U.S. adults fielded in September 2024.
Battery topic: whether men and women are basically similar or basically different across domains

Construct a synthetic survey-response profile organized around this declared answer pattern:
- hobbies: Men and women are basically different
- physical_abilities: Men and women are basically similar
- parenting: Men and women are basically similar
- feelings: Men and women are basically similar
- workplace: Men and women are basically similar

Follow the complete response pattern explicitly supplied below.
Do not invent demographic characteristics unless the design explicitly supplies them.

Provide a short profile summary describing the attitudes that distinguish this response pattern. Then provide subjective
response probabilities for every item. Each vector must follow the displayed option order, contain nonnegative numbers,
and sum to 1. Each probability must be at least 0.01.

Items and response options:
- hobbies: Their hobbies and personal interests
  Options, in output order: 1. Men and women are basically similar; 2. Men and women are basically different
- physical_abilities: Their physical abilities
  Options, in output order: 1. Men and women are basically similar; 2. Men and women are basically different
- parenting: Their approach to parenting
  Options, in output order: 1. Men and women are basically similar; 2. Men and women are basically different
- feelings: How they express their feelings
  Options, in output order: 1. Men and women are basically similar; 2. Men and women are basically different
- workplace: The things they are good at in the workplace
  Options, in output order: 1. Men and women are basically similar; 2. Men and women are basically different

Return only valid JSON with exactly this schema:
{
  ""profile_summary"": ""short substantive description"",
  ""probabilities"": {
    ""hobbies"": [numbers in option order],
    ""physical_abilities"": [numbers in option order],
    ""parenting"": [numbers in option order],
    ""feelings"": [numbers in option order],
    ""workplace"": [numbers in option order]
  }
}",uniform full-pattern replicate 3,81
W154_DIFF1,explicit,1,pattern_anchor,pew_w154_diff1_uniform_n96_082,"{'feelings': 'Men and women are basically similar', 'hobbies': 'Men and women are basically different', 'parenting': 'Men and women are basically similar', 'physical_abilities': 'Men and women are basically similar', 'workplace': 'Men and women are basically different'}","Support point identifier: pew_w154_diff1_uniform_n96_082

Survey context: A nationally representative Pew Research Center American Trends Panel survey of U.S. adults fielded in September 2024.
Battery topic: whether men and women are basically similar or basically different across domains

Construct a synthetic survey-response profile organized around this declared answer pattern:
- hobbies: Men and women are basically different
- physical_abilities: Men and women are basically similar
- parenting: Men and women are basically similar
- feelings: Men and women are basically similar
- workplace: Men and women are basically different

Follow the complete response pattern explicitly supplied below.
Do not invent demographic characteristics unless the design explicitly supplies them.

Provide a short profile summary describing the attitudes that distinguish this response pattern. Then provide subjective
response probabilities for every item. Each vector must follow the displayed option order, contain nonnegative numbers,
and sum to 1. Each probability must be at least 0.01.

Items and response options:
- hobbies: Their hobbies and personal interests
  Options, in output order: 1. Men and women are basically similar; 2. Men and women are basically different
- physical_abilities: Their physical abilities
  Options, in output order: 1. Men and women are basically similar; 2. Men and women are basically different
- parenting: Their approach to parenting
  Options, in output order: 1. Men and women are basically similar; 2. Men and women are basically different
- feelings: How they express their feelings
  Options, in output order: 1. Men and women are basically similar; 2. Men and women are basically different
- workplace: The things they are good at in the workplace
  Options, in output order: 1. Men and women are basically similar; 2. Men and women are basically different

Return only valid JSON with exactly this schema:
{
  ""profile_summary"": ""short substantive description"",
  ""probabilities"": {
    ""hobbies"": [numbers in option order],
    ""physical_abilities"": [numbers in option order],
    ""parenting"": [numbers in option order],
    ""feelings"": [numbers in option order],
    ""workplace"": [numbers in option order]
  }
}",uniform full-pattern replicate 3,82
W154_DIFF1,explicit,1,pattern_anchor,pew_w154_diff1_uniform_n96_083,"{'feelings': 'Men and women are basically different', 'hobbies': 'Men and women are basically different', 'parenting': 'Men and women are basically similar', 'physical_abilities': 'Men and women are basically similar', 'workplace': 'Men and women are basically similar'}","Support point identifier: pew_w154_diff1_uniform_n96_083

Survey context: A nationally representative Pew Research Center American Trends Panel survey of U.S. adults fielded in September 2024.
Battery topic: whether men and women are basically similar or basically different across domains

Construct a synthetic survey-response profile organized around this declared answer pattern:
- hobbies: Men and women are basically different
- physical_abilities: Men and women are basically similar
- parenting: Men and women are basically similar
- feelings: Men and women are basically different
- workplace: Men and women are basically similar

Follow the complete response pattern explicitly supplied below.
Do not invent demographic characteristics unless the design explicitly supplies them.

Provide a short profile summary describing the attitudes that distinguish this response pattern. Then provide subjective
response probabilities for every item. Each vector must follow the displayed option order, contain nonnegative numbers,
and sum to 1. Each probability must be at least 0.01.

Items and response options:
- hobbies: Their hobbies and personal interests
  Options, in output order: 1. Men and women are basically similar; 2. Men and women are basically different
- physical_abilities: Their physical abilities
  Options, in output order: 1. Men and women are basically similar; 2. Men and women are basically different
- parenting: Their approach to parenting
  Options, in output order: 1. Men and women are basically similar; 2. Men and women are basically different
- feelings: How they express their feelings
  Options, in output order: 1. Men and women are basically similar; 2. Men and women are basically different
- workplace: The things they are good at in the workplace
  Options, in output order: 1. Men and women are basically similar; 2. Men and women are basically different

Return only valid JSON with exactly this schema:
{
  ""profile_summary"": ""short substantive description"",
  ""probabilities"": {
    ""hobbies"": [numbers in option order],
    ""physical_abilities"": [numbers in option order],
    ""parenting"": [numbers in option order],
    ""feelings"": [numbers in option order],
    ""workplace"": [numbers in option order]
  }
}",uniform full-pattern replicate 3,83
W154_DIFF1,explicit,1,pattern_anchor,pew_w154_diff1_uniform_n96_084,"{'feelings': 'Men and women are basically different', 'hobbies': 'Men and women are basically different', 'parenting': 'Men and women are basically similar', 'physical_abilities': 'Men and women are basically similar', 'workplace': 'Men and women are basically different'}","Support point identifier: pew_w154_diff1_uniform_n96_084

Survey context: A nationally representative Pew Research Center American Trends Panel survey of U.S. adults fielded in September 2024.
Battery topic: whether men and women are basically similar or basically different across domains

Construct a synthetic survey-response profile organized around this declared answer pattern:
- hobbies: Men and women are basically different
- physical_abilities: Men and women are basically similar
- parenting: Men and women are basically similar
- feelings: Men and women are basically different
- workplace: Men and women are basically different

Follow the complete response pattern explicitly supplied below.
Do not invent demographic characteristics unless the design explicitly supplies them.

Provide a short profile summary describing the attitudes that distinguish this response pattern. Then provide subjective
response probabilities for every item. Each vector must follow the displayed option order, contain nonnegative numbers,
and sum to 1. Each probability must be at least 0.01.

Items and response options:
- hobbies: Their hobbies and personal interests
  Options, in output order: 1. Men and women are basically similar; 2. Men and women are basically different
- physical_abilities: Their physical abilities
  Options, in output order: 1. Men and women are basically similar; 2. Men and women are basically different
- parenting: Their approach to parenting
  Options, in output order: 1. Men and women are basically similar; 2. Men and women are basically different
- feelings: How they express their feelings
  Options, in output order: 1. Men and women are basically similar; 2. Men and women are basically different
- workplace: The things they are good at in the workplace
  Options, in output order: 1. Men and women are basically similar; 2. Men and women are basically different

Return only valid JSON with exactly this schema:
{
  ""profile_summary"": ""short substantive description"",
  ""probabilities"": {
    ""hobbies"": [numbers in option order],
    ""physical_abilities"": [numbers in option order],
    ""parenting"": [numbers in option order],
    ""feelings"": [numbers in option order],
    ""workplace"": [numbers in option order]
  }
}",uniform full-pattern replicate 3,84
W154_DIFF1,explicit,1,pattern_anchor,pew_w154_diff1_uniform_n96_085,"{'feelings': 'Men and women are basically similar', 'hobbies': 'Men and women are basically different', 'parenting': 'Men and women are basically different', 'physical_abilities': 'Men and women are basically similar', 'workplace': 'Men and women are basically similar'}","Support point identifier: pew_w154_diff1_uniform_n96_085

Survey context: A nationally representative Pew Research Center American Trends Panel survey of U.S. adults fielded in September 2024.
Battery topic: whether men and women are basically similar or basically different across domains

Construct a synthetic survey-response profile organized around this declared answer pattern:
- hobbies: Men and women are basically different
- physical_abilities: Men and women are basically similar
- parenting: Men and women are basically different
- feelings: Men and women are basically similar
- workplace: Men and women are basically similar

Follow the complete response pattern explicitly supplied below.
Do not invent demographic characteristics unless the design explicitly supplies them.

Provide a short profile summary describing the attitudes that distinguish this response pattern. Then provide subjective
response probabilities for every item. Each vector must follow the displayed option order, contain nonnegative numbers,
and sum to 1. Each probability must be at least 0.01.

Items and response options:
- hobbies: Their hobbies and personal interests
  Options, in output order: 1. Men and women are basically similar; 2. Men and women are basically different
- physical_abilities: Their physical abilities
  Options, in output order: 1. Men and women are basically similar; 2. Men and women are basically different
- parenting: Their approach to parenting
  Options, in output order: 1. Men and women are basically similar; 2. Men and women are basically different
- feelings: How they express their feelings
  Options, in output order: 1. Men and women are basically similar; 2. Men and women are basically different
- workplace: The things they are good at in the workplace
  Options, in output order: 1. Men and women are basically similar; 2. Men and women are basically different

Return only valid JSON with exactly this schema:
{
  ""profile_summary"": ""short substantive description"",
  ""probabilities"": {
    ""hobbies"": [numbers in option order],
    ""physical_abilities"": [numbers in option order],
    ""parenting"": [numbers in option order],
    ""feelings"": [numbers in option order],
    ""workplace"": [numbers in option order]
  }
}",uniform full-pattern replicate 3,85
W154_DIFF1,explicit,1,pattern_anchor,pew_w154_diff1_uniform_n96_086,"{'feelings': 'Men and women are basically similar', 'hobbies': 'Men and women are basically different', 'parenting': 'Men and women are basically different', 'physical_abilities': 'Men and women are basically similar', 'workplace': 'Men and women are basically different'}","Support point identifier: pew_w154_diff1_uniform_n96_086

Survey context: A nationally representative Pew Research Center American Trends Panel survey of U.S. adults fielded in September 2024.
Battery topic: whether men and women are basically similar or basically different across domains

Construct a synthetic survey-response profile organized around this declared answer pattern:
- hobbies: Men and women are basically different
- physical_abilities: Men and women are basically similar
- parenting: Men and women are basically different
- feelings: Men and women are basically similar
- workplace: Men and women are basically different

Follow the complete response pattern explicitly supplied below.
Do not invent demographic characteristics unless the design explicitly supplies them.

Provide a short profile summary describing the attitudes that distinguish this response pattern. Then provide subjective
response probabilities for every item. Each vector must follow the displayed option order, contain nonnegative numbers,
and sum to 1. Each probability must be at least 0.01.

Items and response options:
- hobbies: Their hobbies and personal interests
  Options, in output order: 1. Men and women are basically similar; 2. Men and women are basically different
- physical_abilities: Their physical abilities
  Options, in output order: 1. Men and women are basically similar; 2. Men and women are basically different
- parenting: Their approach to parenting
  Options, in output order: 1. Men and women are basically similar; 2. Men and women are basically different
- feelings: How they express their feelings
  Options, in output order: 1. Men and women are basically similar; 2. Men and women are basically different
- workplace: The things they are good at in the workplace
  Options, in output order: 1. Men and women are basically similar; 2. Men and women are basically different

Return only valid JSON with exactly this schema:
{
  ""profile_summary"": ""short substantive description"",
  ""probabilities"": {
    ""hobbies"": [numbers in option order],
    ""physical_abilities"": [numbers in option order],
    ""parenting"": [numbers in option order],
    ""feelings"": [numbers in option order],
    ""workplace"": [numbers in option order]
  }
}",uniform full-pattern replicate 3,86
W154_DIFF1,explicit,1,pattern_anchor,pew_w154_diff1_uniform_n96_087,"{'feelings': 'Men and women are basically different', 'hobbies': 'Men and women are basically different', 'parenting': 'Men and women are basically different', 'physical_abilities': 'Men and women are basically similar', 'workplace': 'Men and women are basically similar'}","Support point identifier: pew_w154_diff1_uniform_n96_087

Survey context: A nationally representative Pew Research Center American Trends Panel survey of U.S. adults fielded in September 2024.
Battery topic: whether men and women are basically similar or basically different across domains

Construct a synthetic survey-response profile organized around this declared answer pattern:
- hobbies: Men and women are basically different
- physical_abilities: Men and women are basically similar
- parenting: Men and women are basically different
- feelings: Men and women are basically different
- workplace: Men and women are basically similar

Follow the complete response pattern explicitly supplied below.
Do not invent demographic characteristics unless the design explicitly supplies them.

Provide a short profile summary describing the attitudes that distinguish this response pattern. Then provide subjective
response probabilities for every item. Each vector must follow the displayed option order, contain nonnegative numbers,
and sum to 1. Each probability must be at least 0.01.

Items and response options:
- hobbies: Their hobbies and personal interests
  Options, in output order: 1. Men and women are basically similar; 2. Men and women are basically different
- physical_abilities: Their physical abilities
  Options, in output order: 1. Men and women are basically similar; 2. Men and women are basically different
- parenting: Their approach to parenting
  Options, in output order: 1. Men and women are basically similar; 2. Men and women are basically different
- feelings: How they express their feelings
  Options, in output order: 1. Men and women are basically similar; 2. Men and women are basically different
- workplace: The things they are good at in the workplace
  Options, in output order: 1. Men and women are basically similar; 2. Men and women are basically different

Return only valid JSON with exactly this schema:
{
  ""profile_summary"": ""short substantive description"",
  ""probabilities"": {
    ""hobbies"": [numbers in option order],
    ""physical_abilities"": [numbers in option order],
    ""parenting"": [numbers in option order],
    ""feelings"": [numbers in option order],
    ""workplace"": [numbers in option order]
  }
}",uniform full-pattern replicate 3,87
W154_DIFF1,explicit,1,pattern_anchor,pew_w154_diff1_uniform_n96_088,"{'feelings': 'Men and women are basically different', 'hobbies': 'Men and women are basically different', 'parenting': 'Men and women are basically different', 'physical_abilities': 'Men and women are basically similar', 'workplace': 'Men and women are basically different'}","Support point identifier: pew_w154_diff1_uniform_n96_088

Survey context: A nationally representative Pew Research Center American Trends Panel survey of U.S. adults fielded in September 2024.
Battery topic: whether men and women are basically similar or basically different across domains

Construct a synthetic survey-response profile organized around this declared answer pattern:
- hobbies: Men and women are basically different
- physical_abilities: Men and women are basically similar
- parenting: Men and women are basically different
- feelings: Men and women are basically different
- workplace: Men and women are basically different

Follow the complete response pattern explicitly supplied below.
Do not invent demographic characteristics unless the design explicitly supplies them.

Provide a short profile summary describing the attitudes that distinguish this response pattern. Then provide subjective
response probabilities for every item. Each vector must follow the displayed option order, contain nonnegative numbers,
and sum to 1. Each probability must be at least 0.01.

Items and response options:
- hobbies: Their hobbies and personal interests
  Options, in output order: 1. Men and women are basically similar; 2. Men and women are basically different
- physical_abilities: Their physical abilities
  Options, in output order: 1. Men and women are basically similar; 2. Men and women are basically different
- parenting: Their approach to parenting
  Options, in output order: 1. Men and women are basically similar; 2. Men and women are basically different
- feelings: How they express their feelings
  Options, in output order: 1. Men and women are basically similar; 2. Men and women are basically different
- workplace: The things they are good at in the workplace
  Options, in output order: 1. Men and women are basically similar; 2. Men and women are basically different

Return only valid JSON with exactly this schema:
{
  ""profile_summary"": ""short substantive description"",
  ""probabilities"": {
    ""hobbies"": [numbers in option order],
    ""physical_abilities"": [numbers in option order],
    ""parenting"": [numbers in option order],
    ""feelings"": [numbers in option order],
    ""workplace"": [numbers in option order]
  }
}",uniform full-pattern replicate 3,88
W154_DIFF1,explicit,1,pattern_anchor,pew_w154_diff1_uniform_n96_089,"{'feelings': 'Men and women are basically similar', 'hobbies': 'Men and women are basically different', 'parenting': 'Men and women are basically similar', 'physical_abilities': 'Men and women are basically different', 'workplace': 'Men and women are basically similar'}","Support point identifier: pew_w154_diff1_uniform_n96_089

Survey context: A nationally representative Pew Research Center American Trends Panel survey of U.S. adults fielded in September 2024.
Battery topic: whether men and women are basically similar or basically different across domains

Construct a synthetic survey-response profile organized around this declared answer pattern:
- hobbies: Men and women are basically different
- physical_abilities: Men and women are basically different
- parenting: Men and women are basically similar
- feelings: Men and women are basically similar
- workplace: Men and women are basically similar

Follow the complete response pattern explicitly supplied below.
Do not invent demographic characteristics unless the design explicitly supplies them.

Provide a short profile summary describing the attitudes that distinguish this response pattern. Then provide subjective
response probabilities for every item. Each vector must follow the displayed option order, contain nonnegative numbers,
and sum to 1. Each probability must be at least 0.01.

Items and response options:
- hobbies: Their hobbies and personal interests
  Options, in output order: 1. Men and women are basically similar; 2. Men and women are basically different
- physical_abilities: Their physical abilities
  Options, in output order: 1. Men and women are basically similar; 2. Men and women are basically different
- parenting: Their approach to parenting
  Options, in output order: 1. Men and women are basically similar; 2. Men and women are basically different
- feelings: How they express their feelings
  Options, in output order: 1. Men and women are basically similar; 2. Men and women are basically different
- workplace: The things they are good at in the workplace
  Options, in output order: 1. Men and women are basically similar; 2. Men and women are basically different

Return only valid JSON with exactly this schema:
{
  ""profile_summary"": ""short substantive description"",
  ""probabilities"": {
    ""hobbies"": [numbers in option order],
    ""physical_abilities"": [numbers in option order],
    ""parenting"": [numbers in option order],
    ""feelings"": [numbers in option order],
    ""workplace"": [numbers in option order]
  }
}",uniform full-pattern replicate 3,89
W154_DIFF1,explicit,1,pattern_anchor,pew_w154_diff1_uniform_n96_090,"{'feelings': 'Men and women are basically similar', 'hobbies': 'Men and women are basically different', 'parenting': 'Men and women are basically similar', 'physical_abilities': 'Men and women are basically different', 'workplace': 'Men and women are basically different'}","Support point identifier: pew_w154_diff1_uniform_n96_090

Survey context: A nationally representative Pew Research Center American Trends Panel survey of U.S. adults fielded in September 2024.
Battery topic: whether men and women are basically similar or basically different across domains

Construct a synthetic survey-response profile organized around this declared answer pattern:
- hobbies: Men and women are basically different
- physical_abilities: Men and women are basically different
- parenting: Men and women are basically similar
- feelings: Men and women are basically similar
- workplace: Men and women are basically different

Follow the complete response pattern explicitly supplied below.
Do not invent demographic characteristics unless the design explicitly supplies them.

Provide a short profile summary describing the attitudes that distinguish this response pattern. Then provide subjective
response probabilities for every item. Each vector must follow the displayed option order, contain nonnegative numbers,
and sum to 1. Each probability must be at least 0.01.

Items and response options:
- hobbies: Their hobbies and personal interests
  Options, in output order: 1. Men and women are basically similar; 2. Men and women are basically different
- physical_abilities: Their physical abilities
  Options, in output order: 1. Men and women are basically similar; 2. Men and women are basically different
- parenting: Their approach to parenting
  Options, in output order: 1. Men and women are basically similar; 2. Men and women are basically different
- feelings: How they express their feelings
  Options, in output order: 1. Men and women are basically similar; 2. Men and women are basically different
- workplace: The things they are good at in the workplace
  Options, in output order: 1. Men and women are basically similar; 2. Men and women are basically different

Return only valid JSON with exactly this schema:
{
  ""profile_summary"": ""short substantive description"",
  ""probabilities"": {
    ""hobbies"": [numbers in option order],
    ""physical_abilities"": [numbers in option order],
    ""parenting"": [numbers in option order],
    ""feelings"": [numbers in option order],
    ""workplace"": [numbers in option order]
  }
}",uniform full-pattern replicate 3,90
W154_DIFF1,explicit,1,pattern_anchor,pew_w154_diff1_uniform_n96_091,"{'feelings': 'Men and women are basically different', 'hobbies': 'Men and women are basically different', 'parenting': 'Men and women are basically similar', 'physical_abilities': 'Men and women are basically different', 'workplace': 'Men and women are basically similar'}","Support point identifier: pew_w154_diff1_uniform_n96_091

Survey context: A nationally representative Pew Research Center American Trends Panel survey of U.S. adults fielded in September 2024.
Battery topic: whether men and women are basically similar or basically different across domains

Construct a synthetic survey-response profile organized around this declared answer pattern:
- hobbies: Men and women are basically different
- physical_abilities: Men and women are basically different
- parenting: Men and women are basically similar
- feelings: Men and women are basically different
- workplace: Men and women are basically similar

Follow the complete response pattern explicitly supplied below.
Do not invent demographic characteristics unless the design explicitly supplies them.

Provide a short profile summary describing the attitudes that distinguish this response pattern. Then provide subjective
response probabilities for every item. Each vector must follow the displayed option order, contain nonnegative numbers,
and sum to 1. Each probability must be at least 0.01.

Items and response options:
- hobbies: Their hobbies and personal interests
  Options, in output order: 1. Men and women are basically similar; 2. Men and women are basically different
- physical_abilities: Their physical abilities
  Options, in output order: 1. Men and women are basically similar; 2. Men and women are basically different
- parenting: Their approach to parenting
  Options, in output order: 1. Men and women are basically similar; 2. Men and women are basically different
- feelings: How they express their feelings
  Options, in output order: 1. Men and women are basically similar; 2. Men and women are basically different
- workplace: The things they are good at in the workplace
  Options, in output order: 1. Men and women are basically similar; 2. Men and women are basically different

Return only valid JSON with exactly this schema:
{
  ""profile_summary"": ""short substantive description"",
  ""probabilities"": {
    ""hobbies"": [numbers in option order],
    ""physical_abilities"": [numbers in option order],
    ""parenting"": [numbers in option order],
    ""feelings"": [numbers in option order],
    ""workplace"": [numbers in option order]
  }
}",uniform full-pattern replicate 3,91
W154_DIFF1,explicit,1,pattern_anchor,pew_w154_diff1_uniform_n96_092,"{'feelings': 'Men and women are basically different', 'hobbies': 'Men and women are basically different', 'parenting': 'Men and women are basically similar', 'physical_abilities': 'Men and women are basically different', 'workplace': 'Men and women are basically different'}","Support point identifier: pew_w154_diff1_uniform_n96_092

Survey context: A nationally representative Pew Research Center American Trends Panel survey of U.S. adults fielded in September 2024.
Battery topic: whether men and women are basically similar or basically different across domains

Construct a synthetic survey-response profile organized around this declared answer pattern:
- hobbies: Men and women are basically different
- physical_abilities: Men and women are basically different
- parenting: Men and women are basically similar
- feelings: Men and women are basically different
- workplace: Men and women are basically different

Follow the complete response pattern explicitly supplied below.
Do not invent demographic characteristics unless the design explicitly supplies them.

Provide a short profile summary describing the attitudes that distinguish this response pattern. Then provide subjective
response probabilities for every item. Each vector must follow the displayed option order, contain nonnegative numbers,
and sum to 1. Each probability must be at least 0.01.

Items and response options:
- hobbies: Their hobbies and personal interests
  Options, in output order: 1. Men and women are basically similar; 2. Men and women are basically different
- physical_abilities: Their physical abilities
  Options, in output order: 1. Men and women are basically similar; 2. Men and women are basically different
- parenting: Their approach to parenting
  Options, in output order: 1. Men and women are basically similar; 2. Men and women are basically different
- feelings: How they express their feelings
  Options, in output order: 1. Men and women are basically similar; 2. Men and women are basically different
- workplace: The things they are good at in the workplace
  Options, in output order: 1. Men and women are basically similar; 2. Men and women are basically different

Return only valid JSON with exactly this schema:
{
  ""profile_summary"": ""short substantive description"",
  ""probabilities"": {
    ""hobbies"": [numbers in option order],
    ""physical_abilities"": [numbers in option order],
    ""parenting"": [numbers in option order],
    ""feelings"": [numbers in option order],
    ""workplace"": [numbers in option order]
  }
}",uniform full-pattern replicate 3,92
W154_DIFF1,explicit,1,pattern_anchor,pew_w154_diff1_uniform_n96_093,"{'feelings': 'Men and women are basically similar', 'hobbies': 'Men and women are basically different', 'parenting': 'Men and women are basically different', 'physical_abilities': 'Men and women are basically different', 'workplace': 'Men and women are basically similar'}","Support point identifier: pew_w154_diff1_uniform_n96_093

Survey context: A nationally representative Pew Research Center American Trends Panel survey of U.S. adults fielded in September 2024.
Battery topic: whether men and women are basically similar or basically different across domains

Construct a synthetic survey-response profile organized around this declared answer pattern:
- hobbies: Men and women are basically different
- physical_abilities: Men and women are basically different
- parenting: Men and women are basically different
- feelings: Men and women are basically similar
- workplace: Men and women are basically similar

Follow the complete response pattern explicitly supplied below.
Do not invent demographic characteristics unless the design explicitly supplies them.

Provide a short profile summary describing the attitudes that distinguish this response pattern. Then provide subjective
response probabilities for every item. Each vector must follow the displayed option order, contain nonnegative numbers,
and sum to 1. Each probability must be at least 0.01.

Items and response options:
- hobbies: Their hobbies and personal interests
  Options, in output order: 1. Men and women are basically similar; 2. Men and women are basically different
- physical_abilities: Their physical abilities
  Options, in output order: 1. Men and women are basically similar; 2. Men and women are basically different
- parenting: Their approach to parenting
  Options, in output order: 1. Men and women are basically similar; 2. Men and women are basically different
- feelings: How they express their feelings
  Options, in output order: 1. Men and women are basically similar; 2. Men and women are basically different
- workplace: The things they are good at in the workplace
  Options, in output order: 1. Men and women are basically similar; 2. Men and women are basically different

Return only valid JSON with exactly this schema:
{
  ""profile_summary"": ""short substantive description"",
  ""probabilities"": {
    ""hobbies"": [numbers in option order],
    ""physical_abilities"": [numbers in option order],
    ""parenting"": [numbers in option order],
    ""feelings"": [numbers in option order],
    ""workplace"": [numbers in option order]
  }
}",uniform full-pattern replicate 3,93
W154_DIFF1,explicit,1,pattern_anchor,pew_w154_diff1_uniform_n96_094,"{'feelings': 'Men and women are basically similar', 'hobbies': 'Men and women are basically different', 'parenting': 'Men and women are basically different', 'physical_abilities': 'Men and women are basically different', 'workplace': 'Men and women are basically different'}","Support point identifier: pew_w154_diff1_uniform_n96_094

Survey context: A nationally representative Pew Research Center American Trends Panel survey of U.S. adults fielded in September 2024.
Battery topic: whether men and women are basically similar or basically different across domains

Construct a synthetic survey-response profile organized around this declared answer pattern:
- hobbies: Men and women are basically different
- physical_abilities: Men and women are basically different
- parenting: Men and women are basically different
- feelings: Men and women are basically similar
- workplace: Men and women are basically different

Follow the complete response pattern explicitly supplied below.
Do not invent demographic characteristics unless the design explicitly supplies them.

Provide a short profile summary describing the attitudes that distinguish this response pattern. Then provide subjective
response probabilities for every item. Each vector must follow the displayed option order, contain nonnegative numbers,
and sum to 1. Each probability must be at least 0.01.

Items and response options:
- hobbies: Their hobbies and personal interests
  Options, in output order: 1. Men and women are basically similar; 2. Men and women are basically different
- physical_abilities: Their physical abilities
  Options, in output order: 1. Men and women are basically similar; 2. Men and women are basically different
- parenting: Their approach to parenting
  Options, in output order: 1. Men and women are basically similar; 2. Men and women are basically different
- feelings: How they express their feelings
  Options, in output order: 1. Men and women are basically similar; 2. Men and women are basically different
- workplace: The things they are good at in the workplace
  Options, in output order: 1. Men and women are basically similar; 2. Men and women are basically different

Return only valid JSON with exactly this schema:
{
  ""profile_summary"": ""short substantive description"",
  ""probabilities"": {
    ""hobbies"": [numbers in option order],
    ""physical_abilities"": [numbers in option order],
    ""parenting"": [numbers in option order],
    ""feelings"": [numbers in option order],
    ""workplace"": [numbers in option order]
  }
}",uniform full-pattern replicate 3,94
W154_DIFF1,explicit,1,pattern_anchor,pew_w154_diff1_uniform_n96_095,"{'feelings': 'Men and women are basically different', 'hobbies': 'Men and women are basically different', 'parenting': 'Men and women are basically different', 'physical_abilities': 'Men and women are basically different', 'workplace': 'Men and women are basically similar'}","Support point identifier: pew_w154_diff1_uniform_n96_095

Survey context: A nationally representative Pew Research Center American Trends Panel survey of U.S. adults fielded in September 2024.
Battery topic: whether men and women are basically similar or basically different across domains

Construct a synthetic survey-response profile organized around this declared answer pattern:
- hobbies: Men and women are basically different
- physical_abilities: Men and women are basically different
- parenting: Men and women are basically different
- feelings: Men and women are basically different
- workplace: Men and women are basically similar

Follow the complete response pattern explicitly supplied below.
Do not invent demographic characteristics unless the design explicitly supplies them.

Provide a short profile summary describing the attitudes that distinguish this response pattern. Then provide subjective
response probabilities for every item. Each vector must follow the displayed option order, contain nonnegative numbers,
and sum to 1. Each probability must be at least 0.01.

Items and response options:
- hobbies: Their hobbies and personal interests
  Options, in output order: 1. Men and women are basically similar; 2. Men and women are basically different
- physical_abilities: Their physical abilities
  Options, in output order: 1. Men and women are basically similar; 2. Men and women are basically different
- parenting: Their approach to parenting
  Options, in output order: 1. Men and women are basically similar; 2. Men and women are basically different
- feelings: How they express their feelings
  Options, in output order: 1. Men and women are basically similar; 2. Men and women are basically different
- workplace: The things they are good at in the workplace
  Options, in output order: 1. Men and women are basically similar; 2. Men and women are basically different

Return only valid JSON with exactly this schema:
{
  ""profile_summary"": ""short substantive description"",
  ""probabilities"": {
    ""hobbies"": [numbers in option order],
    ""physical_abilities"": [numbers in option order],
    ""parenting"": [numbers in option order],
    ""feelings"": [numbers in option order],
    ""workplace"": [numbers in option order]
  }
}",uniform full-pattern replicate 3,95
W154_DIFF1,explicit,1,pattern_anchor,pew_w154_diff1_uniform_n96_096,"{'feelings': 'Men and women are basically different', 'hobbies': 'Men and women are basically different', 'parenting': 'Men and women are basically different', 'physical_abilities': 'Men and women are basically different', 'workplace': 'Men and women are basically different'}","Support point identifier: pew_w154_diff1_uniform_n96_096

Survey context: A nationally representative Pew Research Center American Trends Panel survey of U.S. adults fielded in September 2024.
Battery topic: whether men and women are basically similar or basically different across domains

Construct a synthetic survey-response profile organized around this declared answer pattern:
- hobbies: Men and women are basically different
- physical_abilities: Men and women are basically different
- parenting: Men and women are basically different
- feelings: Men and women are basically different
- workplace: Men and women are basically different

Follow the complete response pattern explicitly supplied below.
Do not invent demographic characteristics unless the design explicitly supplies them.

Provide a short profile summary describing the attitudes that distinguish this response pattern. Then provide subjective
response probabilities for every item. Each vector must follow the displayed option order, contain nonnegative numbers,
and sum to 1. Each probability must be at least 0.01.

Items and response options:
- hobbies: Their hobbies and personal interests
  Options, in output order: 1. Men and women are basically similar; 2. Men and women are basically different
- physical_abilities: Their physical abilities
  Options, in output order: 1. Men and women are basically similar; 2. Men and women are basically different
- parenting: Their approach to parenting
  Options, in output order: 1. Men and women are basically similar; 2. Men and women are basically different
- feelings: How they express their feelings
  Options, in output order: 1. Men and women are basically similar; 2. Men and women are basically different
- workplace: The things they are good at in the workplace
  Options, in output order: 1. Men and women are basically similar; 2. Men and women are basically different

Return only valid JSON with exactly this schema:
{
  ""profile_summary"": ""short substantive description"",
  ""probabilities"": {
    ""hobbies"": [numbers in option order],
    ""physical_abilities"": [numbers in option order],
    ""parenting"": [numbers in option order],
    ""feelings"": [numbers in option order],
    ""workplace"": [numbers in option order]
  }
}",uniform full-pattern replicate 3,96
