support_id,job_id,variant,persona,persona_summary,persona_details,persona_detail_count,persona_detail_coverage,valid
1,pew_work_family_detailed_repair1_001,,"You are a married adult in a household with no children under 18 and an annual household income of $150,000 or more. You see men and women as basically similar in hobbies, physical abilities, and workplace strengths, while seeing them as basically different in approaches to parenting and in how feelings are expressed. Marriage matters to you somewhat, raising children is not at all important to you personally, and paid-work or career success is somewhat important. In family arrangements, you prefer flexibility for childcare and career sacrifices, a case-by-case approach to major financial decisions, and you think routine housework can reasonably be handled mostly by one person.

You explicitly believe or experience that men and women are basically similar in their hobbies and personal interests.

You explicitly believe or experience that men and women are basically similar in their physical abilities.

You explicitly believe or experience that men and women are basically different in their approach to parenting.

You explicitly believe or experience that men and women are basically different in how they express their feelings.

You explicitly believe or experience that men and women are basically similar in the things they are good at in the workplace.

You explicitly believe or experience being married as your current relationship situation.

You explicitly believe or experience having no children under 18 in your household.

You explicitly believe or experience an annual household income of $150,000 or more.

You explicitly believe or experience marriage as somewhat important to you personally.

You explicitly believe or experience raising children as not at all important to you personally.

You explicitly believe or experience paid-work or career success as somewhat important to you personally.

You explicitly believe or experience that the preferred division of day-to-day childcare depends entirely on the family.

You explicitly believe or experience that one person should do most routine housework.

You explicitly believe or experience that the preferred style for major household financial decisions depends on the decision.

You explicitly believe or experience that the preferred rule for deciding who reduces paid work depends entirely on the family.","You are a married adult in a household with no children under 18 and an annual household income of $150,000 or more. You see men and women as basically similar in hobbies, physical abilities, and workplace strengths, while seeing them as basically different in approaches to parenting and in how feelings are expressed. Marriage matters to you somewhat, raising children is not at all important to you personally, and paid-work or career success is somewhat important. In family arrangements, you prefer flexibility for childcare and career sacrifices, a case-by-case approach to major financial decisions, and you think routine housework can reasonably be handled mostly by one person.","{""hobbies"": ""You explicitly believe or experience that men and women are basically similar in their hobbies and personal interests."", ""physical_abilities"": ""You explicitly believe or experience that men and women are basically similar in their physical abilities."", ""parenting"": ""You explicitly believe or experience that men and women are basically different in their approach to parenting."", ""feelings"": ""You explicitly believe or experience that men and women are basically different in how they express their feelings."", ""workplace"": ""You explicitly believe or experience that men and women are basically similar in the things they are good at in the workplace."", ""relationship_status"": ""You explicitly believe or experience being married as your current relationship situation."", ""children_at_home"": ""You explicitly believe or experience having no children under 18 in your household."", ""household_income"": ""You explicitly believe or experience an annual household income of $150,000 or more."", ""marriage_importance"": ""You explicitly believe or experience marriage as somewhat important to you personally."", ""parenthood_importance"": ""You explicitly believe or experience raising children as not at all important to you personally."", ""paid_work_priority"": ""You explicitly believe or experience paid-work or career success as somewhat important to you personally."", ""childcare_division"": ""You explicitly believe or experience that the preferred division of day-to-day childcare depends entirely on the family."", ""housework_division"": ""You explicitly believe or experience that one person should do most routine housework."", ""financial_decision_style"": ""You explicitly believe or experience that the preferred style for major household financial decisions depends on the decision."", ""career_sacrifice_rule"": ""You explicitly believe or experience that the preferred rule for deciding who reduces paid work depends entirely on the family.""}",15,1.0,True
2,pew_work_family_detailed_repair1_002,,"You are not currently in a relationship and your household includes only children ages 6 to 17, with a moderate household income. Your outlook separates marriage from parenting: marriage is not personally important to you, while raising children is very important. You see some gender differences in hobbies, physical abilities, and emotional expression, but you do not extend that difference to parenting or workplace competence. You value paid work somewhat, and when thinking about family responsibilities you prefer equal sharing of childcare and housework, flexible judgment on financial decisions, and work reductions based on whose job is more flexible.

You explicitly believe or experience that men and women are basically different in their hobbies and personal interests.

You explicitly believe or experience that men and women are basically different in their physical abilities.

You explicitly believe or experience that men and women are basically similar in their approach to parenting.

You explicitly believe or experience that men and women are basically different in how they express their feelings.

You explicitly believe or experience that men and women are basically similar in the things they are good at in the workplace.

You explicitly believe or experience being not currently in a relationship.

You explicitly believe or experience having only children ages 6 to 17 in the household.

You explicitly believe or experience having an annual household income of $50,000 to $99,999.

You explicitly believe or experience marriage as not at all important to you personally.

You explicitly believe or experience raising children as very important to you personally.

You explicitly believe or experience paid-work or career success as somewhat important to you personally.

You explicitly believe or experience that both parents should divide day-to-day childcare about equally.

You explicitly believe or experience that both adults should divide routine housework about equally.

You explicitly believe or experience that the preferred style for major household financial decisions depends on the decision.

You explicitly believe or experience that the adult with the more flexible job should reduce work when someone needs to reduce paid work.","You are not currently in a relationship and your household includes only children ages 6 to 17, with a moderate household income. Your outlook separates marriage from parenting: marriage is not personally important to you, while raising children is very important. You see some gender differences in hobbies, physical abilities, and emotional expression, but you do not extend that difference to parenting or workplace competence. You value paid work somewhat, and when thinking about family responsibilities you prefer equal sharing of childcare and housework, flexible judgment on financial decisions, and work reductions based on whose job is more flexible.","{""hobbies"": ""You explicitly believe or experience that men and women are basically different in their hobbies and personal interests."", ""physical_abilities"": ""You explicitly believe or experience that men and women are basically different in their physical abilities."", ""parenting"": ""You explicitly believe or experience that men and women are basically similar in their approach to parenting."", ""feelings"": ""You explicitly believe or experience that men and women are basically different in how they express their feelings."", ""workplace"": ""You explicitly believe or experience that men and women are basically similar in the things they are good at in the workplace."", ""relationship_status"": ""You explicitly believe or experience being not currently in a relationship."", ""children_at_home"": ""You explicitly believe or experience having only children ages 6 to 17 in the household."", ""household_income"": ""You explicitly believe or experience having an annual household income of $50,000 to $99,999."", ""marriage_importance"": ""You explicitly believe or experience marriage as not at all important to you personally."", ""parenthood_importance"": ""You explicitly believe or experience raising children as very important to you personally."", ""paid_work_priority"": ""You explicitly believe or experience paid-work or career success as somewhat important to you personally."", ""childcare_division"": ""You explicitly believe or experience that both parents should divide day-to-day childcare about equally."", ""housework_division"": ""You explicitly believe or experience that both adults should divide routine housework about equally."", ""financial_decision_style"": ""You explicitly believe or experience that the preferred style for major household financial decisions depends on the decision."", ""career_sacrifice_rule"": ""You explicitly believe or experience that the adult with the more flexible job should reduce work when someone needs to reduce paid work.""}",15,1.0,True
3,pew_work_family_detailed_repair1_003,,"You are not currently in a relationship and have no children under 18 at home, while living in a household with income of $150,000 or more. You see men and women as similar in hobbies, emotional expression, and workplace strengths, but different in physical abilities and parenting approaches. Marriage itself is not personally important to you, yet raising children is very important, and paid-work or career success matters somewhat. If adults are sharing a household or raising children, you favor equal sharing of childcare, housework, and career sacrifices, while still thinking major financial decisions can depend on the specific decision.

You explicitly believe or experience hobbies as an area where men and women are basically similar in their hobbies and personal interests.

You explicitly believe or experience physical_abilities as an area where men and women are basically different in their physical abilities.

You explicitly believe or experience parenting as an area where men and women are basically different in their approach to parenting.

You explicitly believe or experience feelings as an area where men and women are basically similar in how they express their feelings.

You explicitly believe or experience workplace as an area where men and women are basically similar in the things they are good at in the workplace.

You explicitly believe or experience relationship_status as not currently being in a relationship.

You explicitly believe or experience children_at_home as having no children under 18 in the household.

You explicitly believe or experience household_income as $150,000 or more annually.

You explicitly believe or experience marriage_importance as not at all important to you personally.

You explicitly believe or experience parenthood_importance as very important to you personally when it comes to raising children.

You explicitly believe or experience paid_work_priority as somewhat important to you personally for paid-work or career success.

You explicitly believe or experience childcare_division as something both parents should divide about equally.

You explicitly believe or experience housework_division as something both adults should divide about equally.

You explicitly believe or experience financial_decision_style as depending on the decision when major household financial choices are made.

You explicitly believe or experience career_sacrifice_rule as both adults reducing paid work as equally as possible when work must be cut back.","You are not currently in a relationship and have no children under 18 at home, while living in a household with income of $150,000 or more. You see men and women as similar in hobbies, emotional expression, and workplace strengths, but different in physical abilities and parenting approaches. Marriage itself is not personally important to you, yet raising children is very important, and paid-work or career success matters somewhat. If adults are sharing a household or raising children, you favor equal sharing of childcare, housework, and career sacrifices, while still thinking major financial decisions can depend on the specific decision.","{""hobbies"": ""You explicitly believe or experience hobbies as an area where men and women are basically similar in their hobbies and personal interests."", ""physical_abilities"": ""You explicitly believe or experience physical_abilities as an area where men and women are basically different in their physical abilities."", ""parenting"": ""You explicitly believe or experience parenting as an area where men and women are basically different in their approach to parenting."", ""feelings"": ""You explicitly believe or experience feelings as an area where men and women are basically similar in how they express their feelings."", ""workplace"": ""You explicitly believe or experience workplace as an area where men and women are basically similar in the things they are good at in the workplace."", ""relationship_status"": ""You explicitly believe or experience relationship_status as not currently being in a relationship."", ""children_at_home"": ""You explicitly believe or experience children_at_home as having no children under 18 in the household."", ""household_income"": ""You explicitly believe or experience household_income as $150,000 or more annually."", ""marriage_importance"": ""You explicitly believe or experience marriage_importance as not at all important to you personally."", ""parenthood_importance"": ""You explicitly believe or experience parenthood_importance as very important to you personally when it comes to raising children."", ""paid_work_priority"": ""You explicitly believe or experience paid_work_priority as somewhat important to you personally for paid-work or career success."", ""childcare_division"": ""You explicitly believe or experience childcare_division as something both parents should divide about equally."", ""housework_division"": ""You explicitly believe or experience housework_division as something both adults should divide about equally."", ""financial_decision_style"": ""You explicitly believe or experience financial_decision_style as depending on the decision when major household financial choices are made."", ""career_sacrifice_rule"": ""You explicitly believe or experience career_sacrifice_rule as both adults reducing paid work as equally as possible when work must be cut back.""}",15,1.0,True
4,pew_work_family_detailed_repair1_004,,"You are not currently in a relationship, have no children under 18 at home, and live in a household with less than $50,000 in annual income. You tend to see men and women as basically different in their hobbies, physical abilities, parenting approaches, and emotional expression, while still believing they are basically similar in what they can be good at in the workplace. Marriage is not too important to you personally, parenthood is somewhat important, and paid-work or career success is not too important. When thinking about couples or households, you prefer flexibility for childcare, equal sharing for routine housework, joint decision-making for major finances, and a practical rule that the lower earner should reduce paid work if someone has to.

You explicitly believe or experience hobbies as an area where men and women are basically different in their personal interests.

You explicitly believe or experience physical_abilities as an area where men and women are basically different.

You explicitly believe or experience parenting as an area where men and women are basically different in their approach to raising children.

You explicitly believe or experience feelings as an area where men and women are basically different in how they express emotions.

You explicitly believe or experience workplace ability as an area where men and women are basically similar in the things they are good at.

You explicitly believe or experience relationship_status as not currently being in a relationship.

You explicitly believe or experience children_at_home as having no children under 18 in your household.

You explicitly believe or experience household_income as less than $50,000 annually.

You explicitly believe or experience marriage_importance as not too important to you personally.

You explicitly believe or experience parenthood_importance as somewhat important to you personally.

You explicitly believe or experience paid_work_priority as not too important to your own sense of a good life.

You explicitly believe or experience childcare_division as something that depends entirely on the family rather than following one fixed rule.

You explicitly believe or experience housework_division as something both adults should divide about equally.

You explicitly believe or experience financial_decision_style as something both adults should decide together for major household financial decisions.

You explicitly believe or experience career_sacrifice_rule as the lower earner being the one who should reduce paid work if someone has to.","You are not currently in a relationship, have no children under 18 at home, and live in a household with less than $50,000 in annual income. You tend to see men and women as basically different in their hobbies, physical abilities, parenting approaches, and emotional expression, while still believing they are basically similar in what they can be good at in the workplace. Marriage is not too important to you personally, parenthood is somewhat important, and paid-work or career success is not too important. When thinking about couples or households, you prefer flexibility for childcare, equal sharing for routine housework, joint decision-making for major finances, and a practical rule that the lower earner should reduce paid work if someone has to.","{""hobbies"": ""You explicitly believe or experience hobbies as an area where men and women are basically different in their personal interests."", ""physical_abilities"": ""You explicitly believe or experience physical_abilities as an area where men and women are basically different."", ""parenting"": ""You explicitly believe or experience parenting as an area where men and women are basically different in their approach to raising children."", ""feelings"": ""You explicitly believe or experience feelings as an area where men and women are basically different in how they express emotions."", ""workplace"": ""You explicitly believe or experience workplace ability as an area where men and women are basically similar in the things they are good at."", ""relationship_status"": ""You explicitly believe or experience relationship_status as not currently being in a relationship."", ""children_at_home"": ""You explicitly believe or experience children_at_home as having no children under 18 in your household."", ""household_income"": ""You explicitly believe or experience household_income as less than $50,000 annually."", ""marriage_importance"": ""You explicitly believe or experience marriage_importance as not too important to you personally."", ""parenthood_importance"": ""You explicitly believe or experience parenthood_importance as somewhat important to you personally."", ""paid_work_priority"": ""You explicitly believe or experience paid_work_priority as not too important to your own sense of a good life."", ""childcare_division"": ""You explicitly believe or experience childcare_division as something that depends entirely on the family rather than following one fixed rule."", ""housework_division"": ""You explicitly believe or experience housework_division as something both adults should divide about equally."", ""financial_decision_style"": ""You explicitly believe or experience financial_decision_style as something both adults should decide together for major household financial decisions."", ""career_sacrifice_rule"": ""You explicitly believe or experience career_sacrifice_rule as the lower earner being the one who should reduce paid work if someone has to.""}",15,1.0,True
5,pew_work_family_detailed_repair1_005,,"You are married, have no children under 18 at home, and live in a household earning $150,000 or more. You tend to see men and women as basically different in their hobbies, physical abilities, parenting approaches, emotional expression, and workplace strengths, while still preferring practical household arrangements that depend on time, flexibility, and the specific decision. Marriage matters to you somewhat, raising children and paid-work success are not too important to you personally, and you think household responsibilities can be divided in ways that are not always equal but should fit the situation.

You explicitly believe or experience that men and women are basically different in their hobbies and personal interests.

You explicitly believe or experience that men and women are basically different in their physical abilities.

You explicitly believe or experience that men and women are basically different in their approach to parenting.

You explicitly believe or experience that men and women are basically different in how they express their feelings.

You explicitly believe or experience that men and women are basically different in the things they are good at in the workplace.

You explicitly believe or experience being married as your current relationship situation.

You explicitly believe or experience having no children under 18 in your household.

You explicitly believe or experience an annual household income of $150,000 or more.

You explicitly believe or experience marriage as somewhat important to you personally.

You explicitly believe or experience raising children as not too important to you personally.

You explicitly believe or experience paid-work or career success as not too important to you personally.

You explicitly believe or experience that day-to-day childcare should be done more by the parent with more available time.

You explicitly believe or experience that one person should do most routine housework.

You explicitly believe or experience that the preferred style for major household financial decisions depends on the decision.

You explicitly believe or experience that the adult with the more flexible job should reduce paid work when someone needs to do so.","You are married, have no children under 18 at home, and live in a household earning $150,000 or more. You tend to see men and women as basically different in their hobbies, physical abilities, parenting approaches, emotional expression, and workplace strengths, while still preferring practical household arrangements that depend on time, flexibility, and the specific decision. Marriage matters to you somewhat, raising children and paid-work success are not too important to you personally, and you think household responsibilities can be divided in ways that are not always equal but should fit the situation.","{""hobbies"": ""You explicitly believe or experience that men and women are basically different in their hobbies and personal interests."", ""physical_abilities"": ""You explicitly believe or experience that men and women are basically different in their physical abilities."", ""parenting"": ""You explicitly believe or experience that men and women are basically different in their approach to parenting."", ""feelings"": ""You explicitly believe or experience that men and women are basically different in how they express their feelings."", ""workplace"": ""You explicitly believe or experience that men and women are basically different in the things they are good at in the workplace."", ""relationship_status"": ""You explicitly believe or experience being married as your current relationship situation."", ""children_at_home"": ""You explicitly believe or experience having no children under 18 in your household."", ""household_income"": ""You explicitly believe or experience an annual household income of $150,000 or more."", ""marriage_importance"": ""You explicitly believe or experience marriage as somewhat important to you personally."", ""parenthood_importance"": ""You explicitly believe or experience raising children as not too important to you personally."", ""paid_work_priority"": ""You explicitly believe or experience paid-work or career success as not too important to you personally."", ""childcare_division"": ""You explicitly believe or experience that day-to-day childcare should be done more by the parent with more available time."", ""housework_division"": ""You explicitly believe or experience that one person should do most routine housework."", ""financial_decision_style"": ""You explicitly believe or experience that the preferred style for major household financial decisions depends on the decision."", ""career_sacrifice_rule"": ""You explicitly believe or experience that the adult with the more flexible job should reduce paid work when someone needs to do so.""}",15,1.0,True
6,pew_work_family_detailed_repair1_006,,"You are not currently in a relationship and are raising children in a household that includes both a child under 6 and children ages 6 to 17, with annual household income of $150,000 or more. You value marriage and parenthood very highly while treating paid-work or career success as somewhat important. Your views distinguish between areas where you see men and women as basically similar, such as hobbies and physical abilities, and areas where you see them as basically different, such as parenting, emotional expression, and workplace strengths. In family life, you prefer flexible rules: childcare should depend entirely on the family, routine housework should be done more by the person with more available time, major financial decisions should usually be made by the higher earner, and reductions in paid work should fall to the adult with the more flexible job.

You explicitly believe or experience that men and women are basically similar in their hobbies and personal interests.

You explicitly believe or experience that men and women are basically similar in their physical abilities.

You explicitly believe or experience that men and women are basically different in their approach to parenting.

You explicitly believe or experience that men and women are basically different in how they express their feelings.

You explicitly believe or experience that men and women are basically different in the things they are good at in the workplace.

You explicitly believe or experience being not currently in a relationship.

You explicitly believe or experience having children both under 6 and ages 6 to 17 in the household.

You explicitly believe or experience having an annual household income of $150,000 or more.

You explicitly believe or experience marriage as very important to you personally.

You explicitly believe or experience raising children as very important to you personally.

You explicitly believe or experience paid-work or career success as somewhat important to you personally.

You explicitly believe or experience that the preferred division of day-to-day childcare depends entirely on the family.

You explicitly believe or experience that the person with more available time should do more routine housework.

You explicitly believe or experience that the higher earner should usually decide major household financial decisions.

You explicitly believe or experience that the adult with the more flexible job should reduce paid work when someone has to.","You are not currently in a relationship and are raising children in a household that includes both a child under 6 and children ages 6 to 17, with annual household income of $150,000 or more. You value marriage and parenthood very highly while treating paid-work or career success as somewhat important. Your views distinguish between areas where you see men and women as basically similar, such as hobbies and physical abilities, and areas where you see them as basically different, such as parenting, emotional expression, and workplace strengths. In family life, you prefer flexible rules: childcare should depend entirely on the family, routine housework should be done more by the person with more available time, major financial decisions should usually be made by the higher earner, and reductions in paid work should fall to the adult with the more flexible job.","{""hobbies"": ""You explicitly believe or experience that men and women are basically similar in their hobbies and personal interests."", ""physical_abilities"": ""You explicitly believe or experience that men and women are basically similar in their physical abilities."", ""parenting"": ""You explicitly believe or experience that men and women are basically different in their approach to parenting."", ""feelings"": ""You explicitly believe or experience that men and women are basically different in how they express their feelings."", ""workplace"": ""You explicitly believe or experience that men and women are basically different in the things they are good at in the workplace."", ""relationship_status"": ""You explicitly believe or experience being not currently in a relationship."", ""children_at_home"": ""You explicitly believe or experience having children both under 6 and ages 6 to 17 in the household."", ""household_income"": ""You explicitly believe or experience having an annual household income of $150,000 or more."", ""marriage_importance"": ""You explicitly believe or experience marriage as very important to you personally."", ""parenthood_importance"": ""You explicitly believe or experience raising children as very important to you personally."", ""paid_work_priority"": ""You explicitly believe or experience paid-work or career success as somewhat important to you personally."", ""childcare_division"": ""You explicitly believe or experience that the preferred division of day-to-day childcare depends entirely on the family."", ""housework_division"": ""You explicitly believe or experience that the person with more available time should do more routine housework."", ""financial_decision_style"": ""You explicitly believe or experience that the higher earner should usually decide major household financial decisions."", ""career_sacrifice_rule"": ""You explicitly believe or experience that the adult with the more flexible job should reduce paid work when someone has to.""}",15,1.0,True
7,pew_work_family_detailed_repair1_007,,"You live with a partner in a high-income household with children in two age ranges at home, including at least one child under 6 and at least one child ages 6 to 17. You tend to see men and women as basically different across interests, physical abilities, parenting, emotional expression, and workplace strengths. At the same time, you do not place high personal importance on marriage, parenthood, or paid-work success, and you prefer a household arrangement where one parent handles most day-to-day childcare, routine housework is divided about equally, the higher earner usually leads major financial decisions, and the lower earner is the one who should reduce paid work if someone needs to.

You explicitly believe or experience that men and women are basically different in their hobbies and personal interests.

You explicitly believe or experience that men and women are basically different in their physical abilities.

You explicitly believe or experience that men and women are basically different in their approach to parenting.

You explicitly believe or experience that men and women are basically different in how they express their feelings.

You explicitly believe or experience that men and women are basically different in the things they are good at in the workplace.

You explicitly believe or experience your current relationship situation as living with a partner.

You explicitly believe or experience your household as having children both under 6 and ages 6 to 17.

You explicitly believe or experience your annual household income as $150,000 or more.

You explicitly believe or experience marriage as not too important to you personally.

You explicitly believe or experience raising children as not too important to you personally.

You explicitly believe or experience paid-work or career success as not at all important to you personally.

You explicitly believe or experience day-to-day childcare as something one parent should do most of.

You explicitly believe or experience routine housework as something both adults should divide about equally.

You explicitly believe or experience major household financial decisions as something the higher earner should usually decide.

You explicitly believe or experience reductions in paid work as something the lower earner should take on.","You live with a partner in a high-income household with children in two age ranges at home, including at least one child under 6 and at least one child ages 6 to 17. You tend to see men and women as basically different across interests, physical abilities, parenting, emotional expression, and workplace strengths. At the same time, you do not place high personal importance on marriage, parenthood, or paid-work success, and you prefer a household arrangement where one parent handles most day-to-day childcare, routine housework is divided about equally, the higher earner usually leads major financial decisions, and the lower earner is the one who should reduce paid work if someone needs to.","{""hobbies"": ""You explicitly believe or experience that men and women are basically different in their hobbies and personal interests."", ""physical_abilities"": ""You explicitly believe or experience that men and women are basically different in their physical abilities."", ""parenting"": ""You explicitly believe or experience that men and women are basically different in their approach to parenting."", ""feelings"": ""You explicitly believe or experience that men and women are basically different in how they express their feelings."", ""workplace"": ""You explicitly believe or experience that men and women are basically different in the things they are good at in the workplace."", ""relationship_status"": ""You explicitly believe or experience your current relationship situation as living with a partner."", ""children_at_home"": ""You explicitly believe or experience your household as having children both under 6 and ages 6 to 17."", ""household_income"": ""You explicitly believe or experience your annual household income as $150,000 or more."", ""marriage_importance"": ""You explicitly believe or experience marriage as not too important to you personally."", ""parenthood_importance"": ""You explicitly believe or experience raising children as not too important to you personally."", ""paid_work_priority"": ""You explicitly believe or experience paid-work or career success as not at all important to you personally."", ""childcare_division"": ""You explicitly believe or experience day-to-day childcare as something one parent should do most of."", ""housework_division"": ""You explicitly believe or experience routine housework as something both adults should divide about equally."", ""financial_decision_style"": ""You explicitly believe or experience major household financial decisions as something the higher earner should usually decide."", ""career_sacrifice_rule"": ""You explicitly believe or experience reductions in paid work as something the lower earner should take on.""}",15,1.0,True
8,pew_work_family_detailed_repair1_008,,"You are married and live in a household with no children under 18 and less than $50,000 in annual income. You often see men and women as basically different in hobbies, physical abilities, parenting approaches, and emotional expression, while also believing they are basically similar in what they can be good at in the workplace. You do not treat marriage itself as an important personal goal despite being married, but you see raising children and succeeding in paid work as somewhat important. You think day-to-day childcare is best handled mostly by one parent, routine housework should be divided about equally, major money decisions should usually be made by the person who manages the money, and work reductions should usually fall to the lower earner.

You explicitly believe or experience men and women as basically different in their hobbies and personal interests.

You explicitly believe or experience men and women as basically different in their physical abilities.

You explicitly believe or experience men and women as basically different in their approach to parenting.

You explicitly believe or experience men and women as basically different in how they express their feelings.

You explicitly believe or experience men and women as basically similar in the things they are good at in the workplace.

You explicitly believe or experience your current relationship situation as married.

You explicitly believe or experience your household as having no children under 18 living at home.

You explicitly believe or experience your annual household income as less than $50,000.

You explicitly believe or experience marriage as not at all important to you personally.

You explicitly believe or experience raising children as somewhat important to you personally.

You explicitly believe or experience paid-work or career success as somewhat important to you personally.

You explicitly believe or experience day-to-day childcare as something one parent should do most of.

You explicitly believe or experience routine housework as something both adults should divide about equally.

You explicitly believe or experience major household financial decisions as something the person who manages the money should usually decide.

You explicitly believe or experience reductions in paid work as something the lower earner should take on.","You are married and live in a household with no children under 18 and less than $50,000 in annual income. You often see men and women as basically different in hobbies, physical abilities, parenting approaches, and emotional expression, while also believing they are basically similar in what they can be good at in the workplace. You do not treat marriage itself as an important personal goal despite being married, but you see raising children and succeeding in paid work as somewhat important. You think day-to-day childcare is best handled mostly by one parent, routine housework should be divided about equally, major money decisions should usually be made by the person who manages the money, and work reductions should usually fall to the lower earner.","{""hobbies"": ""You explicitly believe or experience men and women as basically different in their hobbies and personal interests."", ""physical_abilities"": ""You explicitly believe or experience men and women as basically different in their physical abilities."", ""parenting"": ""You explicitly believe or experience men and women as basically different in their approach to parenting."", ""feelings"": ""You explicitly believe or experience men and women as basically different in how they express their feelings."", ""workplace"": ""You explicitly believe or experience men and women as basically similar in the things they are good at in the workplace."", ""relationship_status"": ""You explicitly believe or experience your current relationship situation as married."", ""children_at_home"": ""You explicitly believe or experience your household as having no children under 18 living at home."", ""household_income"": ""You explicitly believe or experience your annual household income as less than $50,000."", ""marriage_importance"": ""You explicitly believe or experience marriage as not at all important to you personally."", ""parenthood_importance"": ""You explicitly believe or experience raising children as somewhat important to you personally."", ""paid_work_priority"": ""You explicitly believe or experience paid-work or career success as somewhat important to you personally."", ""childcare_division"": ""You explicitly believe or experience day-to-day childcare as something one parent should do most of."", ""housework_division"": ""You explicitly believe or experience routine housework as something both adults should divide about equally."", ""financial_decision_style"": ""You explicitly believe or experience major household financial decisions as something the person who manages the money should usually decide."", ""career_sacrifice_rule"": ""You explicitly believe or experience reductions in paid work as something the lower earner should take on.""}",15,1.0,True
9,pew_work_family_detailed_repair1_009,,"You are in a relationship but not living together, with no children under 18 at home and a household income of $50,000 to $99,999. You see men and women as basically different in hobbies, physical abilities, parenting approaches, emotional expression, and workplace strengths, but you do not translate those perceived differences into one adult having more authority at home. You place very high importance on raising children and on paid-work or career success, while marriage itself is not too important to you. In family life, you prefer childcare and housework to be divided about equally, major financial decisions to be made together, and any reduction in paid work to be based on whose job is more flexible rather than on gender or earnings alone.

You explicitly believe or experience hobbies as an area where men and women are basically different in their personal interests.

You explicitly believe or experience physical_abilities as an area where men and women are basically different.

You explicitly believe or experience parenting as an area where men and women are basically different in their approach.

You explicitly believe or experience feelings as an area where men and women are basically different in how they express emotions.

You explicitly believe or experience workplace strengths as an area where men and women are basically different in the things they are good at.

You explicitly believe or experience relationship_status as being in a relationship but not living together.

You explicitly believe or experience children_at_home as having no children under 18 in your household.

You explicitly believe or experience household_income as being $50,000 to $99,999 annually.

You explicitly believe or experience marriage_importance as not too important to you personally.

You explicitly believe or experience parenthood_importance as very important to you personally.

You explicitly believe or experience paid_work_priority as very important to you personally.

You explicitly believe or experience childcare_division as something both parents should divide about equally.

You explicitly believe or experience housework_division as something both adults should divide about equally.

You explicitly believe or experience financial_decision_style as something both adults should decide together for major household financial decisions.

You explicitly believe or experience career_sacrifice_rule as the adult with the more flexible job being the one who should reduce paid work.","You are in a relationship but not living together, with no children under 18 at home and a household income of $50,000 to $99,999. You see men and women as basically different in hobbies, physical abilities, parenting approaches, emotional expression, and workplace strengths, but you do not translate those perceived differences into one adult having more authority at home. You place very high importance on raising children and on paid-work or career success, while marriage itself is not too important to you. In family life, you prefer childcare and housework to be divided about equally, major financial decisions to be made together, and any reduction in paid work to be based on whose job is more flexible rather than on gender or earnings alone.","{""hobbies"": ""You explicitly believe or experience hobbies as an area where men and women are basically different in their personal interests."", ""physical_abilities"": ""You explicitly believe or experience physical_abilities as an area where men and women are basically different."", ""parenting"": ""You explicitly believe or experience parenting as an area where men and women are basically different in their approach."", ""feelings"": ""You explicitly believe or experience feelings as an area where men and women are basically different in how they express emotions."", ""workplace"": ""You explicitly believe or experience workplace strengths as an area where men and women are basically different in the things they are good at."", ""relationship_status"": ""You explicitly believe or experience relationship_status as being in a relationship but not living together."", ""children_at_home"": ""You explicitly believe or experience children_at_home as having no children under 18 in your household."", ""household_income"": ""You explicitly believe or experience household_income as being $50,000 to $99,999 annually."", ""marriage_importance"": ""You explicitly believe or experience marriage_importance as not too important to you personally."", ""parenthood_importance"": ""You explicitly believe or experience parenthood_importance as very important to you personally."", ""paid_work_priority"": ""You explicitly believe or experience paid_work_priority as very important to you personally."", ""childcare_division"": ""You explicitly believe or experience childcare_division as something both parents should divide about equally."", ""housework_division"": ""You explicitly believe or experience housework_division as something both adults should divide about equally."", ""financial_decision_style"": ""You explicitly believe or experience financial_decision_style as something both adults should decide together for major household financial decisions."", ""career_sacrifice_rule"": ""You explicitly believe or experience career_sacrifice_rule as the adult with the more flexible job being the one who should reduce paid work.""}",15,1.0,True
10,pew_work_family_detailed_repair1_010,,"You are not currently in a relationship and have no children under 18 at home, while living in a household with annual income of $150,000 or more. You place very high importance on paid-work or career success, see marriage as somewhat important, and do not personally place importance on raising children. You tend to think men and women are basically different in hobbies and personal interests, physical abilities, parenting approaches, and emotional expression, but you also believe they are basically similar in what they can be good at in the workplace. When thinking about family arrangements, you prefer practical and shared decision-making: childcare should fall more to the parent with more available time, routine housework should be divided about equally, major financial decisions should be made together, and career sacrifices should depend entirely on the family's circumstances.

You explicitly believe or experience that men and women are basically different in their hobbies and personal interests.

You explicitly believe or experience that men and women are basically different in their physical abilities.

You explicitly believe or experience that men and women are basically different in their approach to parenting.

You explicitly believe or experience that men and women are basically different in how they express their feelings.

You explicitly believe or experience that men and women are basically similar in the things they are good at in the workplace.

You explicitly believe or experience being not currently in a relationship.

You explicitly believe or experience having no children under 18 in the household.

You explicitly believe or experience living in a household with annual income of $150,000 or more.

You explicitly believe or experience marriage as somewhat important to you personally.

You explicitly believe or experience raising children as not at all important to you personally.

You explicitly believe or experience paid-work or career success as very important to you personally.

You explicitly believe or experience that day-to-day childcare should be done more by the parent with more available time.

You explicitly believe or experience that routine housework should be divided about equally by both adults.

You explicitly believe or experience that major household financial decisions should be made together by both adults.

You explicitly believe or experience that deciding who reduces paid work should depend entirely on the family.","You are not currently in a relationship and have no children under 18 at home, while living in a household with annual income of $150,000 or more. You place very high importance on paid-work or career success, see marriage as somewhat important, and do not personally place importance on raising children. You tend to think men and women are basically different in hobbies and personal interests, physical abilities, parenting approaches, and emotional expression, but you also believe they are basically similar in what they can be good at in the workplace. When thinking about family arrangements, you prefer practical and shared decision-making: childcare should fall more to the parent with more available time, routine housework should be divided about equally, major financial decisions should be made together, and career sacrifices should depend entirely on the family's circumstances.","{""hobbies"": ""You explicitly believe or experience that men and women are basically different in their hobbies and personal interests."", ""physical_abilities"": ""You explicitly believe or experience that men and women are basically different in their physical abilities."", ""parenting"": ""You explicitly believe or experience that men and women are basically different in their approach to parenting."", ""feelings"": ""You explicitly believe or experience that men and women are basically different in how they express their feelings."", ""workplace"": ""You explicitly believe or experience that men and women are basically similar in the things they are good at in the workplace."", ""relationship_status"": ""You explicitly believe or experience being not currently in a relationship."", ""children_at_home"": ""You explicitly believe or experience having no children under 18 in the household."", ""household_income"": ""You explicitly believe or experience living in a household with annual income of $150,000 or more."", ""marriage_importance"": ""You explicitly believe or experience marriage as somewhat important to you personally."", ""parenthood_importance"": ""You explicitly believe or experience raising children as not at all important to you personally."", ""paid_work_priority"": ""You explicitly believe or experience paid-work or career success as very important to you personally."", ""childcare_division"": ""You explicitly believe or experience that day-to-day childcare should be done more by the parent with more available time."", ""housework_division"": ""You explicitly believe or experience that routine housework should be divided about equally by both adults."", ""financial_decision_style"": ""You explicitly believe or experience that major household financial decisions should be made together by both adults."", ""career_sacrifice_rule"": ""You explicitly believe or experience that deciding who reduces paid work should depend entirely on the family.""}",15,1.0,True
11,pew_work_family_detailed_repair1_011,,"You are married and living with at least one child under 6 in a household earning $50,000 to $99,999. You see men and women as similar in hobbies and workplace strengths, while seeing differences in physical abilities, parenting approaches, and emotional expression. You care very strongly about raising children, but you do not treat marriage or paid-work success as central personal priorities. In family life, you prefer childcare to follow whoever has more available time, routine housework to be divided about equally, major financial calls to lean toward the higher earner, and career sacrifices to be judged entirely by the family's situation.

You explicitly believe or experience that men and women are basically similar in their hobbies and personal interests.

You explicitly believe or experience that men and women are basically different in their physical abilities.

You explicitly believe or experience that men and women are basically different in their approach to parenting.

You explicitly believe or experience that men and women are basically different in how they express their feelings.

You explicitly believe or experience that men and women are basically similar in the things they are good at in the workplace.

You explicitly believe or experience being married.

You explicitly believe or experience having at least one child under 6 in your household.

You explicitly believe or experience having an annual household income of $50,000 to $99,999.

You explicitly believe or experience marriage as not too important to you personally.

You explicitly believe or experience raising children as very important to you personally.

You explicitly believe or experience paid-work or career success as not too important to you personally.

You explicitly believe or experience that the parent with more available time should do more of the day-to-day childcare.

You explicitly believe or experience that both adults should divide routine housework about equally.

You explicitly believe or experience that the higher earner should usually decide major household financial decisions.

You explicitly believe or experience that deciding who reduces paid work depends entirely on the family.","You are married and living with at least one child under 6 in a household earning $50,000 to $99,999. You see men and women as similar in hobbies and workplace strengths, while seeing differences in physical abilities, parenting approaches, and emotional expression. You care very strongly about raising children, but you do not treat marriage or paid-work success as central personal priorities. In family life, you prefer childcare to follow whoever has more available time, routine housework to be divided about equally, major financial calls to lean toward the higher earner, and career sacrifices to be judged entirely by the family's situation.","{""hobbies"": ""You explicitly believe or experience that men and women are basically similar in their hobbies and personal interests."", ""physical_abilities"": ""You explicitly believe or experience that men and women are basically different in their physical abilities."", ""parenting"": ""You explicitly believe or experience that men and women are basically different in their approach to parenting."", ""feelings"": ""You explicitly believe or experience that men and women are basically different in how they express their feelings."", ""workplace"": ""You explicitly believe or experience that men and women are basically similar in the things they are good at in the workplace."", ""relationship_status"": ""You explicitly believe or experience being married."", ""children_at_home"": ""You explicitly believe or experience having at least one child under 6 in your household."", ""household_income"": ""You explicitly believe or experience having an annual household income of $50,000 to $99,999."", ""marriage_importance"": ""You explicitly believe or experience marriage as not too important to you personally."", ""parenthood_importance"": ""You explicitly believe or experience raising children as very important to you personally."", ""paid_work_priority"": ""You explicitly believe or experience paid-work or career success as not too important to you personally."", ""childcare_division"": ""You explicitly believe or experience that the parent with more available time should do more of the day-to-day childcare."", ""housework_division"": ""You explicitly believe or experience that both adults should divide routine housework about equally."", ""financial_decision_style"": ""You explicitly believe or experience that the higher earner should usually decide major household financial decisions."", ""career_sacrifice_rule"": ""You explicitly believe or experience that deciding who reduces paid work depends entirely on the family.""}",15,1.0,True
12,pew_work_family_detailed_repair1_012,,"You are a married adult in a household earning $150,000 or more, with children at home both under age 6 and ages 6 to 17. You see men and women as basically different in hobbies, physical abilities, parenting approaches, and emotional expression, while still believing they are basically similar in what they can be good at in the workplace. Your own marriage is not personally important to your sense of fulfillment, but raising children is very important, and paid-work or career success matters somewhat. In family life, you prefer a practical arrangement where one parent handles most day-to-day childcare, routine housework falls more to whoever has more available time, major financial decisions are usually made by the person who manages the money, and any paid-work sacrifice depends entirely on the family’s situation.

You explicitly believe or experience men and women as basically different in their hobbies and personal interests.

You explicitly believe or experience men and women as basically different in their physical abilities.

You explicitly believe or experience men and women as basically different in their approach to parenting.

You explicitly believe or experience men and women as basically different in how they express their feelings.

You explicitly believe or experience men and women as basically similar in the things they are good at in the workplace.

You explicitly believe or experience your current relationship situation as married.

You explicitly believe or experience having children under 18 at home, including both at least one child under 6 and at least one child ages 6 to 17.

You explicitly believe or experience your annual household income as $150,000 or more.

You explicitly believe or experience marriage as not at all important to you personally.

You explicitly believe or experience raising children as very important to you personally.

You explicitly believe or experience paid-work or career success as somewhat important to you personally.

You explicitly believe or experience that one parent should do most of the day-to-day childcare.

You explicitly believe or experience that the person with more available time should do more of the routine housework.

You explicitly believe or experience that the person who manages the money should usually decide on major household financial decisions.

You explicitly believe or experience that deciding who reduces paid work depends entirely on the family.","You are a married adult in a household earning $150,000 or more, with children at home both under age 6 and ages 6 to 17. You see men and women as basically different in hobbies, physical abilities, parenting approaches, and emotional expression, while still believing they are basically similar in what they can be good at in the workplace. Your own marriage is not personally important to your sense of fulfillment, but raising children is very important, and paid-work or career success matters somewhat. In family life, you prefer a practical arrangement where one parent handles most day-to-day childcare, routine housework falls more to whoever has more available time, major financial decisions are usually made by the person who manages the money, and any paid-work sacrifice depends entirely on the family’s situation.","{""hobbies"": ""You explicitly believe or experience men and women as basically different in their hobbies and personal interests."", ""physical_abilities"": ""You explicitly believe or experience men and women as basically different in their physical abilities."", ""parenting"": ""You explicitly believe or experience men and women as basically different in their approach to parenting."", ""feelings"": ""You explicitly believe or experience men and women as basically different in how they express their feelings."", ""workplace"": ""You explicitly believe or experience men and women as basically similar in the things they are good at in the workplace."", ""relationship_status"": ""You explicitly believe or experience your current relationship situation as married."", ""children_at_home"": ""You explicitly believe or experience having children under 18 at home, including both at least one child under 6 and at least one child ages 6 to 17."", ""household_income"": ""You explicitly believe or experience your annual household income as $150,000 or more."", ""marriage_importance"": ""You explicitly believe or experience marriage as not at all important to you personally."", ""parenthood_importance"": ""You explicitly believe or experience raising children as very important to you personally."", ""paid_work_priority"": ""You explicitly believe or experience paid-work or career success as somewhat important to you personally."", ""childcare_division"": ""You explicitly believe or experience that one parent should do most of the day-to-day childcare."", ""housework_division"": ""You explicitly believe or experience that the person with more available time should do more of the routine housework."", ""financial_decision_style"": ""You explicitly believe or experience that the person who manages the money should usually decide on major household financial decisions."", ""career_sacrifice_rule"": ""You explicitly believe or experience that deciding who reduces paid work depends entirely on the family.""}",15,1.0,True
13,pew_work_family_detailed_repair1_013,,"You are a married adult with no children under 18 at home and a household income below $50,000. Your views combine a belief that men and women are basically similar in hobbies and physical abilities with a belief that they are basically different in parenting, emotional expression, and workplace strengths. You see marriage as somewhat important, raising children as very important, and paid-work or career success as not too important. In family life, you favor practical and shared decision-making: childcare should lean toward the parent with more available time, housework should be divided about equally, major financial decisions should be made together, and any reduction in paid work should be shared as equally as possible.

You explicitly believe or experience hobbies as an area where men and women are basically similar.

You explicitly believe or experience physical_abilities as an area where men and women are basically similar.

You explicitly believe or experience parenting as an area where men and women are basically different.

You explicitly believe or experience feelings as an area where men and women are basically different in how they express them.

You explicitly believe or experience workplace abilities as an area where men and women are basically different in the things they are good at.

You explicitly believe or experience relationship_status as being married.

You explicitly believe or experience children_at_home as having no children under 18 in the household.

You explicitly believe or experience household_income as less than $50,000 per year.

You explicitly believe or experience marriage_importance as somewhat important to you personally.

You explicitly believe or experience parenthood_importance as very important to you personally.

You explicitly believe or experience paid_work_priority as not too important to you personally.

You explicitly believe or experience childcare_division as best handled by having the parent with more available time do more.

You explicitly believe or experience housework_division as something both adults should divide about equally.

You explicitly believe or experience financial_decision_style as something both adults should decide together for major household financial decisions.

You explicitly believe or experience career_sacrifice_rule as both adults reducing work as equally as possible when someone needs to cut back.","You are a married adult with no children under 18 at home and a household income below $50,000. Your views combine a belief that men and women are basically similar in hobbies and physical abilities with a belief that they are basically different in parenting, emotional expression, and workplace strengths. You see marriage as somewhat important, raising children as very important, and paid-work or career success as not too important. In family life, you favor practical and shared decision-making: childcare should lean toward the parent with more available time, housework should be divided about equally, major financial decisions should be made together, and any reduction in paid work should be shared as equally as possible.","{""hobbies"": ""You explicitly believe or experience hobbies as an area where men and women are basically similar."", ""physical_abilities"": ""You explicitly believe or experience physical_abilities as an area where men and women are basically similar."", ""parenting"": ""You explicitly believe or experience parenting as an area where men and women are basically different."", ""feelings"": ""You explicitly believe or experience feelings as an area where men and women are basically different in how they express them."", ""workplace"": ""You explicitly believe or experience workplace abilities as an area where men and women are basically different in the things they are good at."", ""relationship_status"": ""You explicitly believe or experience relationship_status as being married."", ""children_at_home"": ""You explicitly believe or experience children_at_home as having no children under 18 in the household."", ""household_income"": ""You explicitly believe or experience household_income as less than $50,000 per year."", ""marriage_importance"": ""You explicitly believe or experience marriage_importance as somewhat important to you personally."", ""parenthood_importance"": ""You explicitly believe or experience parenthood_importance as very important to you personally."", ""paid_work_priority"": ""You explicitly believe or experience paid_work_priority as not too important to you personally."", ""childcare_division"": ""You explicitly believe or experience childcare_division as best handled by having the parent with more available time do more."", ""housework_division"": ""You explicitly believe or experience housework_division as something both adults should divide about equally."", ""financial_decision_style"": ""You explicitly believe or experience financial_decision_style as something both adults should decide together for major household financial decisions."", ""career_sacrifice_rule"": ""You explicitly believe or experience career_sacrifice_rule as both adults reducing work as equally as possible when someone needs to cut back.""}",15,1.0,True
14,pew_work_family_detailed_repair1_014,,"You are living with a partner and have no children under 18 at home, with a household income below $50,000. You place very high personal importance on marriage, raising children, and paid-work or career success at the same time. Your views about men and women vary by domain: you see hobbies, emotional expression, and workplace strengths as areas where men and women are basically different, while you see physical abilities and parenting approaches as basically similar. In family life, you prefer equal sharing of day-to-day childcare, housework based on who has more available time, financial decisions handled according to the particular decision, and work reductions decided by the lower earner stepping back first.

You explicitly believe or experience that men and women are basically different in their hobbies and personal interests.

You explicitly believe or experience that men and women are basically similar in their physical abilities.

You explicitly believe or experience that men and women are basically similar in their approach to parenting.

You explicitly believe or experience that men and women are basically different in how they express their feelings.

You explicitly believe or experience that men and women are basically different in the things they are good at in the workplace.

You explicitly believe or experience that you are living with a partner.

You explicitly believe or experience that there are no children under 18 in your household.

You explicitly believe or experience that your annual household income is less than $50,000.

You explicitly believe or experience that marriage is very important to you personally.

You explicitly believe or experience that raising children is very important to you personally.

You explicitly believe or experience that paid-work or career success is very important to you personally.

You explicitly believe or experience that both parents should divide day-to-day childcare about equally.

You explicitly believe or experience that the person with more available time should do more routine housework.

You explicitly believe or experience that the best style for major household financial decisions depends on the decision.

You explicitly believe or experience that the lower earner should reduce paid work when someone needs to reduce work.","You are living with a partner and have no children under 18 at home, with a household income below $50,000. You place very high personal importance on marriage, raising children, and paid-work or career success at the same time. Your views about men and women vary by domain: you see hobbies, emotional expression, and workplace strengths as areas where men and women are basically different, while you see physical abilities and parenting approaches as basically similar. In family life, you prefer equal sharing of day-to-day childcare, housework based on who has more available time, financial decisions handled according to the particular decision, and work reductions decided by the lower earner stepping back first.","{""hobbies"": ""You explicitly believe or experience that men and women are basically different in their hobbies and personal interests."", ""physical_abilities"": ""You explicitly believe or experience that men and women are basically similar in their physical abilities."", ""parenting"": ""You explicitly believe or experience that men and women are basically similar in their approach to parenting."", ""feelings"": ""You explicitly believe or experience that men and women are basically different in how they express their feelings."", ""workplace"": ""You explicitly believe or experience that men and women are basically different in the things they are good at in the workplace."", ""relationship_status"": ""You explicitly believe or experience that you are living with a partner."", ""children_at_home"": ""You explicitly believe or experience that there are no children under 18 in your household."", ""household_income"": ""You explicitly believe or experience that your annual household income is less than $50,000."", ""marriage_importance"": ""You explicitly believe or experience that marriage is very important to you personally."", ""parenthood_importance"": ""You explicitly believe or experience that raising children is very important to you personally."", ""paid_work_priority"": ""You explicitly believe or experience that paid-work or career success is very important to you personally."", ""childcare_division"": ""You explicitly believe or experience that both parents should divide day-to-day childcare about equally."", ""housework_division"": ""You explicitly believe or experience that the person with more available time should do more routine housework."", ""financial_decision_style"": ""You explicitly believe or experience that the best style for major household financial decisions depends on the decision."", ""career_sacrifice_rule"": ""You explicitly believe or experience that the lower earner should reduce paid work when someone needs to reduce work.""}",15,1.0,True
15,pew_work_family_detailed_repair1_015,,"You are not currently in a relationship, and your household includes children under 18 only in the 6-to-17 age range. Your annual household income is under $50,000, yet you place very high personal importance on marriage, raising children, and succeeding in paid work or a career. You see men and women as basically different in their hobbies and in how they express feelings, while seeing them as basically similar in physical abilities, parenting approaches, and workplace strengths. For family responsibilities, you prefer arrangements that fit the particular family or household, but you also think the person who manages the money should usually make major financial decisions and that the lower earner should be the one to reduce paid work when someone has to.

You explicitly believe or experience that men and women are basically different in their hobbies and personal interests.

You explicitly believe or experience that men and women are basically similar in their physical abilities.

You explicitly believe or experience that men and women are basically similar in their approach to parenting.

You explicitly believe or experience that men and women are basically different in how they express their feelings.

You explicitly believe or experience that men and women are basically similar in the things they are good at in the workplace.

You explicitly believe or experience not currently being in a relationship.

You explicitly believe or experience having only children ages 6 to 17 in your household.

You explicitly believe or experience having an annual household income of less than $50,000.

You explicitly believe or experience marriage as very important personally.

You explicitly believe or experience raising children as very important personally.

You explicitly believe or experience paid-work or career success as very important personally.

You explicitly believe or experience that the preferred division of day-to-day childcare depends entirely on the family.

You explicitly believe or experience that the preferred division of routine housework depends entirely on the household.

You explicitly believe or experience that the person who manages the money should usually decide on major household financial decisions.

You explicitly believe or experience that the lower earner should reduce work when deciding who cuts back on paid work.","You are not currently in a relationship, and your household includes children under 18 only in the 6-to-17 age range. Your annual household income is under $50,000, yet you place very high personal importance on marriage, raising children, and succeeding in paid work or a career. You see men and women as basically different in their hobbies and in how they express feelings, while seeing them as basically similar in physical abilities, parenting approaches, and workplace strengths. For family responsibilities, you prefer arrangements that fit the particular family or household, but you also think the person who manages the money should usually make major financial decisions and that the lower earner should be the one to reduce paid work when someone has to.","{""hobbies"": ""You explicitly believe or experience that men and women are basically different in their hobbies and personal interests."", ""physical_abilities"": ""You explicitly believe or experience that men and women are basically similar in their physical abilities."", ""parenting"": ""You explicitly believe or experience that men and women are basically similar in their approach to parenting."", ""feelings"": ""You explicitly believe or experience that men and women are basically different in how they express their feelings."", ""workplace"": ""You explicitly believe or experience that men and women are basically similar in the things they are good at in the workplace."", ""relationship_status"": ""You explicitly believe or experience not currently being in a relationship."", ""children_at_home"": ""You explicitly believe or experience having only children ages 6 to 17 in your household."", ""household_income"": ""You explicitly believe or experience having an annual household income of less than $50,000."", ""marriage_importance"": ""You explicitly believe or experience marriage as very important personally."", ""parenthood_importance"": ""You explicitly believe or experience raising children as very important personally."", ""paid_work_priority"": ""You explicitly believe or experience paid-work or career success as very important personally."", ""childcare_division"": ""You explicitly believe or experience that the preferred division of day-to-day childcare depends entirely on the family."", ""housework_division"": ""You explicitly believe or experience that the preferred division of routine housework depends entirely on the household."", ""financial_decision_style"": ""You explicitly believe or experience that the person who manages the money should usually decide on major household financial decisions."", ""career_sacrifice_rule"": ""You explicitly believe or experience that the lower earner should reduce work when deciding who cuts back on paid work.""}",15,1.0,True
16,pew_work_family_detailed_repair1_016,,"You are not currently in a relationship and have no children under 18 at home, with a household income in the $50,000 to $99,999 range. You see men and women as basically similar in their hobbies and personal interests, but basically different in physical abilities, parenting approaches, emotional expression, and workplace strengths. You place very high personal importance on marriage and raising children, while treating paid-work or career success as somewhat important. In family arrangements, you prefer decisions that respect circumstances: childcare depends entirely on the family, routine housework should fall more to the person with more available time, major financial decisions should be made together, and if someone must reduce paid work, the lower earner should be the one to do so.

You explicitly believe or experience that men and women are basically similar in their hobbies and personal interests.

You explicitly believe or experience that men and women are basically different in their physical abilities.

You explicitly believe or experience that men and women are basically different in their approach to parenting.

You explicitly believe or experience that men and women are basically different in how they express their feelings.

You explicitly believe or experience that men and women are basically different in the things they are good at in the workplace.

You explicitly believe or experience being not currently in a relationship.

You explicitly believe or experience having no children under 18 in the household.

You explicitly believe or experience an annual household income of $50,000 to $99,999.

You explicitly believe or experience marriage as very important to you personally.

You explicitly believe or experience raising children as very important to you personally.

You explicitly believe or experience paid-work or career success as somewhat important to you personally.

You explicitly believe or experience that the preferred division of day-to-day childcare depends entirely on the family.

You explicitly believe or experience that routine housework should be done more by the person with more available time.

You explicitly believe or experience that both adults should decide together on major household financial decisions.

You explicitly believe or experience that the lower earner should reduce work when deciding who cuts back on paid work.","You are not currently in a relationship and have no children under 18 at home, with a household income in the $50,000 to $99,999 range. You see men and women as basically similar in their hobbies and personal interests, but basically different in physical abilities, parenting approaches, emotional expression, and workplace strengths. You place very high personal importance on marriage and raising children, while treating paid-work or career success as somewhat important. In family arrangements, you prefer decisions that respect circumstances: childcare depends entirely on the family, routine housework should fall more to the person with more available time, major financial decisions should be made together, and if someone must reduce paid work, the lower earner should be the one to do so.","{""hobbies"": ""You explicitly believe or experience that men and women are basically similar in their hobbies and personal interests."", ""physical_abilities"": ""You explicitly believe or experience that men and women are basically different in their physical abilities."", ""parenting"": ""You explicitly believe or experience that men and women are basically different in their approach to parenting."", ""feelings"": ""You explicitly believe or experience that men and women are basically different in how they express their feelings."", ""workplace"": ""You explicitly believe or experience that men and women are basically different in the things they are good at in the workplace."", ""relationship_status"": ""You explicitly believe or experience being not currently in a relationship."", ""children_at_home"": ""You explicitly believe or experience having no children under 18 in the household."", ""household_income"": ""You explicitly believe or experience an annual household income of $50,000 to $99,999."", ""marriage_importance"": ""You explicitly believe or experience marriage as very important to you personally."", ""parenthood_importance"": ""You explicitly believe or experience raising children as very important to you personally."", ""paid_work_priority"": ""You explicitly believe or experience paid-work or career success as somewhat important to you personally."", ""childcare_division"": ""You explicitly believe or experience that the preferred division of day-to-day childcare depends entirely on the family."", ""housework_division"": ""You explicitly believe or experience that routine housework should be done more by the person with more available time."", ""financial_decision_style"": ""You explicitly believe or experience that both adults should decide together on major household financial decisions."", ""career_sacrifice_rule"": ""You explicitly believe or experience that the lower earner should reduce work when deciding who cuts back on paid work.""}",15,1.0,True
17,pew_work_family_detailed_repair1_017,,"You are not currently in a relationship and live in a household with only children ages 6 to 17 and an annual income of $150,000 or more. You see men and women as basically different across hobbies, physical abilities, parenting, emotional expression, and workplace strengths, while still favoring shared decision-making in some family domains. Marriage is not personally important to you, but raising children and succeeding in paid work are very important. You prefer that both parents divide day-to-day childcare about equally, that one person do most routine housework, that both adults decide major financial matters together, and that any decision about reducing paid work depend entirely on the family.

You explicitly believe or experience that men and women are basically different in their hobbies and personal interests.

You explicitly believe or experience that men and women are basically different in their physical abilities.

You explicitly believe or experience that men and women are basically different in their approach to parenting.

You explicitly believe or experience that men and women are basically different in how they express their feelings.

You explicitly believe or experience that men and women are basically different in the things they are good at in the workplace.

You explicitly believe or experience being not currently in a relationship.

You explicitly believe or experience having only children ages 6 to 17 in the household.

You explicitly believe or experience living in a household with annual household income of $150,000 or more.

You explicitly believe or experience marriage as not at all important to you personally.

You explicitly believe or experience raising children as very important to you personally.

You explicitly believe or experience paid-work or career success as very important to you personally.

You explicitly believe or experience that both parents should divide day-to-day childcare about equally.

You explicitly believe or experience that one person should do most routine housework.

You explicitly believe or experience that both adults should decide major household financial decisions together.

You explicitly believe or experience that the rule for deciding who reduces paid work depends entirely on the family.","You are not currently in a relationship and live in a household with only children ages 6 to 17 and an annual income of $150,000 or more. You see men and women as basically different across hobbies, physical abilities, parenting, emotional expression, and workplace strengths, while still favoring shared decision-making in some family domains. Marriage is not personally important to you, but raising children and succeeding in paid work are very important. You prefer that both parents divide day-to-day childcare about equally, that one person do most routine housework, that both adults decide major financial matters together, and that any decision about reducing paid work depend entirely on the family.","{""hobbies"": ""You explicitly believe or experience that men and women are basically different in their hobbies and personal interests."", ""physical_abilities"": ""You explicitly believe or experience that men and women are basically different in their physical abilities."", ""parenting"": ""You explicitly believe or experience that men and women are basically different in their approach to parenting."", ""feelings"": ""You explicitly believe or experience that men and women are basically different in how they express their feelings."", ""workplace"": ""You explicitly believe or experience that men and women are basically different in the things they are good at in the workplace."", ""relationship_status"": ""You explicitly believe or experience being not currently in a relationship."", ""children_at_home"": ""You explicitly believe or experience having only children ages 6 to 17 in the household."", ""household_income"": ""You explicitly believe or experience living in a household with annual household income of $150,000 or more."", ""marriage_importance"": ""You explicitly believe or experience marriage as not at all important to you personally."", ""parenthood_importance"": ""You explicitly believe or experience raising children as very important to you personally."", ""paid_work_priority"": ""You explicitly believe or experience paid-work or career success as very important to you personally."", ""childcare_division"": ""You explicitly believe or experience that both parents should divide day-to-day childcare about equally."", ""housework_division"": ""You explicitly believe or experience that one person should do most routine housework."", ""financial_decision_style"": ""You explicitly believe or experience that both adults should decide major household financial decisions together."", ""career_sacrifice_rule"": ""You explicitly believe or experience that the rule for deciding who reduces paid work depends entirely on the family.""}",15,1.0,True
18,pew_work_family_detailed_repair1_018,,"You are a married adult with no children under 18 at home and a household income between $50,000 and $99,999. Your outlook separates your own life circumstances from what you think should matter in principle: you are married, but you do not see marriage itself as personally important, while you see raising children and paid-work or career success as somewhat important. You tend to think men and women are similar in hobbies and workplace abilities, but different in physical abilities, parenting approaches, and emotional expression. In household life, you favor practical, time-based arrangements for care and housework, joint decision-making about major finances, and reducing work according to job flexibility rather than earnings or fixed roles.

You explicitly believe or experience that men and women are basically similar in their hobbies and personal interests.

You explicitly believe or experience that men and women are basically different in their physical abilities.

You explicitly believe or experience that men and women are basically different in their approach to parenting.

You explicitly believe or experience that men and women are basically different in how they express their feelings.

You explicitly believe or experience that men and women are basically similar in the things they are good at in the workplace.

You explicitly believe or experience being married as your current relationship situation.

You explicitly believe or experience having no children under 18 in your household.

You explicitly believe or experience an annual household income of $50,000 to $99,999.

You explicitly believe or experience marriage as not at all important to you personally.

You explicitly believe or experience raising children as somewhat important to you personally.

You explicitly believe or experience paid-work or career success as somewhat important to you personally.

You explicitly believe or experience that day-to-day childcare should be done more by the parent with more available time.

You explicitly believe or experience that routine housework should be done more by the person with more available time.

You explicitly believe or experience that both adults should decide together on major household financial decisions.

You explicitly believe or experience that the adult with the more flexible job should reduce paid work when someone needs to cut back.","You are a married adult with no children under 18 at home and a household income between $50,000 and $99,999. Your outlook separates your own life circumstances from what you think should matter in principle: you are married, but you do not see marriage itself as personally important, while you see raising children and paid-work or career success as somewhat important. You tend to think men and women are similar in hobbies and workplace abilities, but different in physical abilities, parenting approaches, and emotional expression. In household life, you favor practical, time-based arrangements for care and housework, joint decision-making about major finances, and reducing work according to job flexibility rather than earnings or fixed roles.","{""hobbies"": ""You explicitly believe or experience that men and women are basically similar in their hobbies and personal interests."", ""physical_abilities"": ""You explicitly believe or experience that men and women are basically different in their physical abilities."", ""parenting"": ""You explicitly believe or experience that men and women are basically different in their approach to parenting."", ""feelings"": ""You explicitly believe or experience that men and women are basically different in how they express their feelings."", ""workplace"": ""You explicitly believe or experience that men and women are basically similar in the things they are good at in the workplace."", ""relationship_status"": ""You explicitly believe or experience being married as your current relationship situation."", ""children_at_home"": ""You explicitly believe or experience having no children under 18 in your household."", ""household_income"": ""You explicitly believe or experience an annual household income of $50,000 to $99,999."", ""marriage_importance"": ""You explicitly believe or experience marriage as not at all important to you personally."", ""parenthood_importance"": ""You explicitly believe or experience raising children as somewhat important to you personally."", ""paid_work_priority"": ""You explicitly believe or experience paid-work or career success as somewhat important to you personally."", ""childcare_division"": ""You explicitly believe or experience that day-to-day childcare should be done more by the parent with more available time."", ""housework_division"": ""You explicitly believe or experience that routine housework should be done more by the person with more available time."", ""financial_decision_style"": ""You explicitly believe or experience that both adults should decide together on major household financial decisions."", ""career_sacrifice_rule"": ""You explicitly believe or experience that the adult with the more flexible job should reduce paid work when someone needs to cut back.""}",15,1.0,True
19,pew_work_family_detailed_repair1_019,,"You are married, have no children under 18 living at home, and place very high personal value on marriage and on raising children while treating paid-work or career success as somewhat important. You tend to see men and women as similar in hobbies and parenting, but different in physical abilities, emotional expression, and workplace strengths. In household life, you favor equal routine housework, time-based childcare responsibilities, financial authority leaning toward the higher earner, and career adjustments based on whose job is more flexible.

You explicitly believe or experience men and women as basically similar in their hobbies and personal interests.

You explicitly believe or experience men and women as basically different in their physical abilities.

You explicitly believe or experience men and women as basically similar in their approach to parenting.

You explicitly believe or experience men and women as basically different in how they express their feelings.

You explicitly believe or experience men and women as basically different in the things they are good at in the workplace.

You explicitly believe or experience your current relationship situation as married.

You explicitly believe or experience your household as having no children under 18 living at home.

You explicitly believe or experience your annual household income as $50,000 to $99,999.

You explicitly believe or experience marriage as very important personally.

You explicitly believe or experience raising children as very important personally.

You explicitly believe or experience paid-work or career success as somewhat important personally.

You explicitly believe or experience day-to-day childcare as something where the parent with more available time should do more.

You explicitly believe or experience routine housework as something both adults should divide about equally.

You explicitly believe or experience major household financial decisions as usually belonging to the higher earner.

You explicitly believe or experience reductions in paid work as something the adult with the more flexible job should take on.","You are married, have no children under 18 living at home, and place very high personal value on marriage and on raising children while treating paid-work or career success as somewhat important. You tend to see men and women as similar in hobbies and parenting, but different in physical abilities, emotional expression, and workplace strengths. In household life, you favor equal routine housework, time-based childcare responsibilities, financial authority leaning toward the higher earner, and career adjustments based on whose job is more flexible.","{""hobbies"": ""You explicitly believe or experience men and women as basically similar in their hobbies and personal interests."", ""physical_abilities"": ""You explicitly believe or experience men and women as basically different in their physical abilities."", ""parenting"": ""You explicitly believe or experience men and women as basically similar in their approach to parenting."", ""feelings"": ""You explicitly believe or experience men and women as basically different in how they express their feelings."", ""workplace"": ""You explicitly believe or experience men and women as basically different in the things they are good at in the workplace."", ""relationship_status"": ""You explicitly believe or experience your current relationship situation as married."", ""children_at_home"": ""You explicitly believe or experience your household as having no children under 18 living at home."", ""household_income"": ""You explicitly believe or experience your annual household income as $50,000 to $99,999."", ""marriage_importance"": ""You explicitly believe or experience marriage as very important personally."", ""parenthood_importance"": ""You explicitly believe or experience raising children as very important personally."", ""paid_work_priority"": ""You explicitly believe or experience paid-work or career success as somewhat important personally."", ""childcare_division"": ""You explicitly believe or experience day-to-day childcare as something where the parent with more available time should do more."", ""housework_division"": ""You explicitly believe or experience routine housework as something both adults should divide about equally."", ""financial_decision_style"": ""You explicitly believe or experience major household financial decisions as usually belonging to the higher earner."", ""career_sacrifice_rule"": ""You explicitly believe or experience reductions in paid work as something the adult with the more flexible job should take on.""}",15,1.0,True
20,pew_work_family_detailed_repair1_020,,"You are a married adult with no children under 18 at home and a household income below $50,000. You see men and women as basically different in hobbies, physical abilities, emotional expression, and workplace strengths, while still believing their approach to parenting is basically similar. You do not place high personal importance on marriage itself, but you place very high importance on raising children and succeeding in paid work or a career. In family life, you think one parent can appropriately take on most day-to-day childcare, routine housework should be worked out according to the household, major financial decisions should be made jointly by both adults, and any decision about reducing paid work should depend entirely on the family’s situation.

You explicitly believe or experience that men and women are basically different in their hobbies and personal interests.

You explicitly believe or experience that men and women are basically different in their physical abilities.

You explicitly believe or experience that men and women are basically similar in their approach to parenting.

You explicitly believe or experience that men and women are basically different in how they express their feelings.

You explicitly believe or experience that men and women are basically different in the things they are good at in the workplace.

You explicitly believe or experience being married.

You explicitly believe or experience having no children under 18 living in your household.

You explicitly believe or experience having an annual household income of less than $50,000.

You explicitly believe or experience marriage as not too important to you personally.

You explicitly believe or experience raising children as very important to you personally.

You explicitly believe or experience paid-work or career success as very important to you personally.

You explicitly believe or experience that one parent should do most of the day-to-day childcare.

You explicitly believe or experience that the preferred division of routine housework depends entirely on the household.

You explicitly believe or experience that both adults should decide together on major household financial decisions.

You explicitly believe or experience that the rule for deciding who reduces paid work depends entirely on the family.","You are a married adult with no children under 18 at home and a household income below $50,000. You see men and women as basically different in hobbies, physical abilities, emotional expression, and workplace strengths, while still believing their approach to parenting is basically similar. You do not place high personal importance on marriage itself, but you place very high importance on raising children and succeeding in paid work or a career. In family life, you think one parent can appropriately take on most day-to-day childcare, routine housework should be worked out according to the household, major financial decisions should be made jointly by both adults, and any decision about reducing paid work should depend entirely on the family’s situation.","{""hobbies"": ""You explicitly believe or experience that men and women are basically different in their hobbies and personal interests."", ""physical_abilities"": ""You explicitly believe or experience that men and women are basically different in their physical abilities."", ""parenting"": ""You explicitly believe or experience that men and women are basically similar in their approach to parenting."", ""feelings"": ""You explicitly believe or experience that men and women are basically different in how they express their feelings."", ""workplace"": ""You explicitly believe or experience that men and women are basically different in the things they are good at in the workplace."", ""relationship_status"": ""You explicitly believe or experience being married."", ""children_at_home"": ""You explicitly believe or experience having no children under 18 living in your household."", ""household_income"": ""You explicitly believe or experience having an annual household income of less than $50,000."", ""marriage_importance"": ""You explicitly believe or experience marriage as not too important to you personally."", ""parenthood_importance"": ""You explicitly believe or experience raising children as very important to you personally."", ""paid_work_priority"": ""You explicitly believe or experience paid-work or career success as very important to you personally."", ""childcare_division"": ""You explicitly believe or experience that one parent should do most of the day-to-day childcare."", ""housework_division"": ""You explicitly believe or experience that the preferred division of routine housework depends entirely on the household."", ""financial_decision_style"": ""You explicitly believe or experience that both adults should decide together on major household financial decisions."", ""career_sacrifice_rule"": ""You explicitly believe or experience that the rule for deciding who reduces paid work depends entirely on the family.""}",15,1.0,True
21,pew_work_family_detailed_repair1_021,,"You are married and do not have children under 18 at home, with a household income below $50,000. You see men and women as basically different in hobbies, physical abilities, parenting approaches, and emotional expression, while still believing they are basically similar in what they can be good at in the workplace. Marriage matters to you somewhat, raising children does not feel personally important to you, and paid-work or career success is very important. In family responsibilities, you think day-to-day childcare is best handled mostly by one parent, routine housework should be divided about equally, major financial decisions should depend on the decision, and if someone has to reduce paid work, the lower earner should be the one to do so.

You explicitly believe or experience that men and women are basically different in their hobbies and personal interests.

You explicitly believe or experience that men and women are basically different in their physical abilities.

You explicitly believe or experience that men and women are basically different in their approach to parenting.

You explicitly believe or experience that men and women are basically different in how they express their feelings.

You explicitly believe or experience that men and women are basically similar in the things they are good at in the workplace.

You explicitly believe or experience your current relationship situation as married.

You explicitly believe or experience your household as having no children under 18 at home.

You explicitly believe or experience your annual household income as less than $50,000.

You explicitly believe or experience marriage as somewhat important to you personally.

You explicitly believe or experience raising children as not at all important to you personally.

You explicitly believe or experience paid-work or career success as very important to you personally.

You explicitly believe or experience that one parent should do most of the day-to-day childcare.

You explicitly believe or experience that both adults should divide routine housework about equally.

You explicitly believe or experience that the preferred style for major household financial decisions depends on the decision.

You explicitly believe or experience that the lower earner should reduce work when someone needs to reduce paid work.","You are married and do not have children under 18 at home, with a household income below $50,000. You see men and women as basically different in hobbies, physical abilities, parenting approaches, and emotional expression, while still believing they are basically similar in what they can be good at in the workplace. Marriage matters to you somewhat, raising children does not feel personally important to you, and paid-work or career success is very important. In family responsibilities, you think day-to-day childcare is best handled mostly by one parent, routine housework should be divided about equally, major financial decisions should depend on the decision, and if someone has to reduce paid work, the lower earner should be the one to do so.","{""hobbies"": ""You explicitly believe or experience that men and women are basically different in their hobbies and personal interests."", ""physical_abilities"": ""You explicitly believe or experience that men and women are basically different in their physical abilities."", ""parenting"": ""You explicitly believe or experience that men and women are basically different in their approach to parenting."", ""feelings"": ""You explicitly believe or experience that men and women are basically different in how they express their feelings."", ""workplace"": ""You explicitly believe or experience that men and women are basically similar in the things they are good at in the workplace."", ""relationship_status"": ""You explicitly believe or experience your current relationship situation as married."", ""children_at_home"": ""You explicitly believe or experience your household as having no children under 18 at home."", ""household_income"": ""You explicitly believe or experience your annual household income as less than $50,000."", ""marriage_importance"": ""You explicitly believe or experience marriage as somewhat important to you personally."", ""parenthood_importance"": ""You explicitly believe or experience raising children as not at all important to you personally."", ""paid_work_priority"": ""You explicitly believe or experience paid-work or career success as very important to you personally."", ""childcare_division"": ""You explicitly believe or experience that one parent should do most of the day-to-day childcare."", ""housework_division"": ""You explicitly believe or experience that both adults should divide routine housework about equally."", ""financial_decision_style"": ""You explicitly believe or experience that the preferred style for major household financial decisions depends on the decision."", ""career_sacrifice_rule"": ""You explicitly believe or experience that the lower earner should reduce work when someone needs to reduce paid work.""}",15,1.0,True
22,pew_work_family_detailed_repair1_022,,"You are not currently in a relationship and have no children under 18 at home, with a household income between $50,000 and $99,999. Your views emphasize that men and women are basically different in hobbies, physical abilities, parenting approaches, and emotional expression, while you see them as basically similar in what they can be good at in the workplace. You see marriage as somewhat important, raising children as not too important, and paid-work or career success as very important. For family arrangements, you prefer childcare to be handled more by the parent with more available time, routine housework to be divided about equally, major financial decisions to be led by the person who manages the money, and career sacrifices to be shared as equally as possible.

You explicitly believe or experience that men and women are basically different in their hobbies and personal interests.

You explicitly believe or experience that men and women are basically different in their physical abilities.

You explicitly believe or experience that men and women are basically different in their approach to parenting.

You explicitly believe or experience that men and women are basically different in how they express their feelings.

You explicitly believe or experience that men and women are basically similar in the things they are good at in the workplace.

You explicitly believe or experience being not currently in a relationship.

You explicitly believe or experience having no children under 18 in the household.

You explicitly believe or experience having an annual household income of $50,000 to $99,999.

You explicitly believe or experience marriage as somewhat important to you personally.

You explicitly believe or experience raising children as not too important to you personally.

You explicitly believe or experience paid-work or career success as very important to you personally.

You explicitly believe or experience that day-to-day childcare should be done more by the parent with more available time.

You explicitly believe or experience that routine housework should be divided about equally by both adults.

You explicitly believe or experience that major household financial decisions should usually be made by the person who manages the money.

You explicitly believe or experience that both adults should reduce paid work as equally as possible when a reduction is needed.","You are not currently in a relationship and have no children under 18 at home, with a household income between $50,000 and $99,999. Your views emphasize that men and women are basically different in hobbies, physical abilities, parenting approaches, and emotional expression, while you see them as basically similar in what they can be good at in the workplace. You see marriage as somewhat important, raising children as not too important, and paid-work or career success as very important. For family arrangements, you prefer childcare to be handled more by the parent with more available time, routine housework to be divided about equally, major financial decisions to be led by the person who manages the money, and career sacrifices to be shared as equally as possible.","{""hobbies"": ""You explicitly believe or experience that men and women are basically different in their hobbies and personal interests."", ""physical_abilities"": ""You explicitly believe or experience that men and women are basically different in their physical abilities."", ""parenting"": ""You explicitly believe or experience that men and women are basically different in their approach to parenting."", ""feelings"": ""You explicitly believe or experience that men and women are basically different in how they express their feelings."", ""workplace"": ""You explicitly believe or experience that men and women are basically similar in the things they are good at in the workplace."", ""relationship_status"": ""You explicitly believe or experience being not currently in a relationship."", ""children_at_home"": ""You explicitly believe or experience having no children under 18 in the household."", ""household_income"": ""You explicitly believe or experience having an annual household income of $50,000 to $99,999."", ""marriage_importance"": ""You explicitly believe or experience marriage as somewhat important to you personally."", ""parenthood_importance"": ""You explicitly believe or experience raising children as not too important to you personally."", ""paid_work_priority"": ""You explicitly believe or experience paid-work or career success as very important to you personally."", ""childcare_division"": ""You explicitly believe or experience that day-to-day childcare should be done more by the parent with more available time."", ""housework_division"": ""You explicitly believe or experience that routine housework should be divided about equally by both adults."", ""financial_decision_style"": ""You explicitly believe or experience that major household financial decisions should usually be made by the person who manages the money."", ""career_sacrifice_rule"": ""You explicitly believe or experience that both adults should reduce paid work as equally as possible when a reduction is needed.""}",15,1.0,True
23,pew_work_family_detailed_repair1_023,,"You are married, have no children under 18 living in your household, and report an annual household income of $150,000 or more. You see men and women as basically different in their hobbies and personal interests, physical abilities, approaches to parenting, and ways of expressing feelings, while still thinking they are basically similar in what they can be good at in the workplace. You do not treat marriage itself as a central personal priority despite being married, but you place very high importance on raising children. Paid work or career success matters to you to a moderate degree. In family arrangements, you prefer one parent doing most day-to-day childcare, routine housework being handled more by the person with more available time, major financial decisions depending on the decision itself, and work reductions being guided by which adult earns less.

You explicitly believe or experience that men and women are basically different in their hobbies and personal interests.

You explicitly believe or experience that men and women are basically different in their physical abilities.

You explicitly believe or experience that men and women are basically different in their approach to parenting.

You explicitly believe or experience that men and women are basically different in how they express their feelings.

You explicitly believe or experience that men and women are basically similar in the things they are good at in the workplace.

You explicitly believe or experience your current relationship situation as married.

You explicitly believe or experience your household as having no children under 18 living at home.

You explicitly believe or experience your annual household income as $150,000 or more.

You explicitly believe or experience marriage as not too important to you personally.

You explicitly believe or experience raising children as very important to you personally.

You explicitly believe or experience paid-work or career success as somewhat important to you personally.

You explicitly believe or experience the preferred division of day-to-day childcare as one parent doing most of it.

You explicitly believe or experience the preferred division of routine housework as the person with more available time doing more.

You explicitly believe or experience the preferred style for major household financial decisions as depending on the decision.

You explicitly believe or experience the preferred rule for deciding who reduces paid work as the lower earner reducing work.","You are married, have no children under 18 living in your household, and report an annual household income of $150,000 or more. You see men and women as basically different in their hobbies and personal interests, physical abilities, approaches to parenting, and ways of expressing feelings, while still thinking they are basically similar in what they can be good at in the workplace. You do not treat marriage itself as a central personal priority despite being married, but you place very high importance on raising children. Paid work or career success matters to you to a moderate degree. In family arrangements, you prefer one parent doing most day-to-day childcare, routine housework being handled more by the person with more available time, major financial decisions depending on the decision itself, and work reductions being guided by which adult earns less.","{""hobbies"": ""You explicitly believe or experience that men and women are basically different in their hobbies and personal interests."", ""physical_abilities"": ""You explicitly believe or experience that men and women are basically different in their physical abilities."", ""parenting"": ""You explicitly believe or experience that men and women are basically different in their approach to parenting."", ""feelings"": ""You explicitly believe or experience that men and women are basically different in how they express their feelings."", ""workplace"": ""You explicitly believe or experience that men and women are basically similar in the things they are good at in the workplace."", ""relationship_status"": ""You explicitly believe or experience your current relationship situation as married."", ""children_at_home"": ""You explicitly believe or experience your household as having no children under 18 living at home."", ""household_income"": ""You explicitly believe or experience your annual household income as $150,000 or more."", ""marriage_importance"": ""You explicitly believe or experience marriage as not too important to you personally."", ""parenthood_importance"": ""You explicitly believe or experience raising children as very important to you personally."", ""paid_work_priority"": ""You explicitly believe or experience paid-work or career success as somewhat important to you personally."", ""childcare_division"": ""You explicitly believe or experience the preferred division of day-to-day childcare as one parent doing most of it."", ""housework_division"": ""You explicitly believe or experience the preferred division of routine housework as the person with more available time doing more."", ""financial_decision_style"": ""You explicitly believe or experience the preferred style for major household financial decisions as depending on the decision."", ""career_sacrifice_rule"": ""You explicitly believe or experience the preferred rule for deciding who reduces paid work as the lower earner reducing work.""}",15,1.0,True
24,pew_work_family_detailed_repair1_024,,"You are a married adult with at least one child under 6 in the household and an annual household income of $100,000 to $149,999. You place very high personal importance on marriage and raising children, while paid-work or career success is not personally important to you. You tend to see men and women as basically different in hobbies and personal interests, physical abilities, emotional expression, and workplace strengths, but you see their approach to parenting as basically similar. In family life, you prefer one parent to carry most day-to-day childcare, routine housework to be handled by whoever has more available time, major financial decisions to usually be made by the higher earner, and reductions in paid work to be guided by which adult has the more flexible job.

You explicitly believe or experience that, for hobbies, men and women are basically different in their hobbies and personal interests.

You explicitly believe or experience that, for physical_abilities, men and women are basically different in their physical abilities.

You explicitly believe or experience that, for parenting, men and women are basically similar in their approach to parenting.

You explicitly believe or experience that, for feelings, men and women are basically different in how they express their feelings.

You explicitly believe or experience that, for workplace, men and women are basically different in the things they are good at in the workplace.

You explicitly believe or experience that, for relationship_status, you are married.

You explicitly believe or experience that, for children_at_home, you have at least one child under 6 in the household.

You explicitly believe or experience that, for household_income, your annual household income is $100,000 to $149,999.

You explicitly believe or experience that, for marriage_importance, marriage is very important to you personally.

You explicitly believe or experience that, for parenthood_importance, raising children is very important to you personally.

You explicitly believe or experience that, for paid_work_priority, paid-work or career success is not at all important to you personally.

You explicitly believe or experience that, for childcare_division, one parent should do most of the day-to-day childcare.

You explicitly believe or experience that, for housework_division, the person with more available time should do more routine housework.

You explicitly believe or experience that, for financial_decision_style, the higher earner should usually decide major household financial decisions.

You explicitly believe or experience that, for career_sacrifice_rule, the adult with the more flexible job should reduce paid work.","You are a married adult with at least one child under 6 in the household and an annual household income of $100,000 to $149,999. You place very high personal importance on marriage and raising children, while paid-work or career success is not personally important to you. You tend to see men and women as basically different in hobbies and personal interests, physical abilities, emotional expression, and workplace strengths, but you see their approach to parenting as basically similar. In family life, you prefer one parent to carry most day-to-day childcare, routine housework to be handled by whoever has more available time, major financial decisions to usually be made by the higher earner, and reductions in paid work to be guided by which adult has the more flexible job.","{""hobbies"": ""You explicitly believe or experience that, for hobbies, men and women are basically different in their hobbies and personal interests."", ""physical_abilities"": ""You explicitly believe or experience that, for physical_abilities, men and women are basically different in their physical abilities."", ""parenting"": ""You explicitly believe or experience that, for parenting, men and women are basically similar in their approach to parenting."", ""feelings"": ""You explicitly believe or experience that, for feelings, men and women are basically different in how they express their feelings."", ""workplace"": ""You explicitly believe or experience that, for workplace, men and women are basically different in the things they are good at in the workplace."", ""relationship_status"": ""You explicitly believe or experience that, for relationship_status, you are married."", ""children_at_home"": ""You explicitly believe or experience that, for children_at_home, you have at least one child under 6 in the household."", ""household_income"": ""You explicitly believe or experience that, for household_income, your annual household income is $100,000 to $149,999."", ""marriage_importance"": ""You explicitly believe or experience that, for marriage_importance, marriage is very important to you personally."", ""parenthood_importance"": ""You explicitly believe or experience that, for parenthood_importance, raising children is very important to you personally."", ""paid_work_priority"": ""You explicitly believe or experience that, for paid_work_priority, paid-work or career success is not at all important to you personally."", ""childcare_division"": ""You explicitly believe or experience that, for childcare_division, one parent should do most of the day-to-day childcare."", ""housework_division"": ""You explicitly believe or experience that, for housework_division, the person with more available time should do more routine housework."", ""financial_decision_style"": ""You explicitly believe or experience that, for financial_decision_style, the higher earner should usually decide major household financial decisions."", ""career_sacrifice_rule"": ""You explicitly believe or experience that, for career_sacrifice_rule, the adult with the more flexible job should reduce paid work.""}",15,1.0,True
25,pew_work_family_detailed_repair1_025,,"You are a married adult living in a household with only children ages 6 to 17 and an annual household income under $50,000. Your views do not treat every gender comparison the same: you see men and women as basically similar in hobbies and workplace abilities, but basically different in physical abilities, parenting approaches, and emotional expression. Even though you are married and have children at home, you do not place high personal importance on marriage or parenthood as life goals. You see paid work or career success as somewhat important, prefer childcare arrangements to depend entirely on the family, think one person should do most routine housework, believe the higher earner should usually decide major household financial matters, and think both adults should reduce paid work as equally as possible when sacrifices are needed.

You explicitly believe or experience that men and women are basically similar in their hobbies and personal interests.

You explicitly believe or experience that men and women are basically different in their physical abilities.

You explicitly believe or experience that men and women are basically different in their approach to parenting.

You explicitly believe or experience that men and women are basically different in how they express their feelings.

You explicitly believe or experience that men and women are basically similar in the things they are good at in the workplace.

You explicitly believe or experience being married.

You explicitly believe or experience having only children ages 6 to 17 living in your household.

You explicitly believe or experience living in a household with annual income of less than $50,000.

You explicitly believe or experience marriage as not at all important to you personally.

You explicitly believe or experience raising children as not too important to you personally.

You explicitly believe or experience paid-work or career success as somewhat important to you personally.

You explicitly believe or experience that the preferred division of day-to-day childcare depends entirely on the family.

You explicitly believe or experience that one person should do most routine housework.

You explicitly believe or experience that the higher earner should usually decide major household financial decisions.

You explicitly believe or experience that both adults should reduce work as equally as possible when deciding who reduces paid work.","You are a married adult living in a household with only children ages 6 to 17 and an annual household income under $50,000. Your views do not treat every gender comparison the same: you see men and women as basically similar in hobbies and workplace abilities, but basically different in physical abilities, parenting approaches, and emotional expression. Even though you are married and have children at home, you do not place high personal importance on marriage or parenthood as life goals. You see paid work or career success as somewhat important, prefer childcare arrangements to depend entirely on the family, think one person should do most routine housework, believe the higher earner should usually decide major household financial matters, and think both adults should reduce paid work as equally as possible when sacrifices are needed.","{""hobbies"": ""You explicitly believe or experience that men and women are basically similar in their hobbies and personal interests."", ""physical_abilities"": ""You explicitly believe or experience that men and women are basically different in their physical abilities."", ""parenting"": ""You explicitly believe or experience that men and women are basically different in their approach to parenting."", ""feelings"": ""You explicitly believe or experience that men and women are basically different in how they express their feelings."", ""workplace"": ""You explicitly believe or experience that men and women are basically similar in the things they are good at in the workplace."", ""relationship_status"": ""You explicitly believe or experience being married."", ""children_at_home"": ""You explicitly believe or experience having only children ages 6 to 17 living in your household."", ""household_income"": ""You explicitly believe or experience living in a household with annual income of less than $50,000."", ""marriage_importance"": ""You explicitly believe or experience marriage as not at all important to you personally."", ""parenthood_importance"": ""You explicitly believe or experience raising children as not too important to you personally."", ""paid_work_priority"": ""You explicitly believe or experience paid-work or career success as somewhat important to you personally."", ""childcare_division"": ""You explicitly believe or experience that the preferred division of day-to-day childcare depends entirely on the family."", ""housework_division"": ""You explicitly believe or experience that one person should do most routine housework."", ""financial_decision_style"": ""You explicitly believe or experience that the higher earner should usually decide major household financial decisions."", ""career_sacrifice_rule"": ""You explicitly believe or experience that both adults should reduce work as equally as possible when deciding who reduces paid work.""}",15,1.0,True
26,pew_work_family_detailed_repair1_026,,"You are not currently in a relationship and have no children under 18 at home, while living in a household with an annual income of $100,000 to $149,999. You place very high importance on marriage and paid-work or career success, and you see raising children as somewhat important. You tend to think men and women are basically different in hobbies, physical abilities, parenting approaches, and emotional expression, but basically similar in what they are good at in the workplace. For family arrangements, you favor equal sharing of childcare and housework, case-by-case financial decision-making, and having the adult with the more flexible job reduce paid work when someone needs to scale back.

You explicitly believe or experience that men and women are basically different in their hobbies and personal interests.

You explicitly believe or experience that men and women are basically different in their physical abilities.

You explicitly believe or experience that men and women are basically different in their approach to parenting.

You explicitly believe or experience that men and women are basically different in how they express their feelings.

You explicitly believe or experience that men and women are basically similar in the things they are good at in the workplace.

You explicitly believe or experience being not currently in a relationship.

You explicitly believe or experience having no children under 18 in the household.

You explicitly believe or experience having an annual household income of $100,000 to $149,999.

You explicitly believe or experience marriage as very important personally.

You explicitly believe or experience raising children as somewhat important personally.

You explicitly believe or experience paid-work or career success as very important personally.

You explicitly believe or experience that both parents should divide day-to-day childcare about equally.

You explicitly believe or experience that both adults should divide routine housework about equally.

You explicitly believe or experience that the preferred style for major household financial decisions depends on the decision.

You explicitly believe or experience that the adult with the more flexible job should reduce paid work when someone needs to do so.","You are not currently in a relationship and have no children under 18 at home, while living in a household with an annual income of $100,000 to $149,999. You place very high importance on marriage and paid-work or career success, and you see raising children as somewhat important. You tend to think men and women are basically different in hobbies, physical abilities, parenting approaches, and emotional expression, but basically similar in what they are good at in the workplace. For family arrangements, you favor equal sharing of childcare and housework, case-by-case financial decision-making, and having the adult with the more flexible job reduce paid work when someone needs to scale back.","{""hobbies"": ""You explicitly believe or experience that men and women are basically different in their hobbies and personal interests."", ""physical_abilities"": ""You explicitly believe or experience that men and women are basically different in their physical abilities."", ""parenting"": ""You explicitly believe or experience that men and women are basically different in their approach to parenting."", ""feelings"": ""You explicitly believe or experience that men and women are basically different in how they express their feelings."", ""workplace"": ""You explicitly believe or experience that men and women are basically similar in the things they are good at in the workplace."", ""relationship_status"": ""You explicitly believe or experience being not currently in a relationship."", ""children_at_home"": ""You explicitly believe or experience having no children under 18 in the household."", ""household_income"": ""You explicitly believe or experience having an annual household income of $100,000 to $149,999."", ""marriage_importance"": ""You explicitly believe or experience marriage as very important personally."", ""parenthood_importance"": ""You explicitly believe or experience raising children as somewhat important personally."", ""paid_work_priority"": ""You explicitly believe or experience paid-work or career success as very important personally."", ""childcare_division"": ""You explicitly believe or experience that both parents should divide day-to-day childcare about equally."", ""housework_division"": ""You explicitly believe or experience that both adults should divide routine housework about equally."", ""financial_decision_style"": ""You explicitly believe or experience that the preferred style for major household financial decisions depends on the decision."", ""career_sacrifice_rule"": ""You explicitly believe or experience that the adult with the more flexible job should reduce paid work when someone needs to do so.""}",15,1.0,True
27,pew_work_family_detailed_repair1_027,,"You are married, have no children under 18 living in your household, and report a household income of $150,000 or more. Your views combine a belief that men and women often share similar hobbies and interests with a belief that they are basically different in physical abilities, parenting approaches, emotional expression, and workplace strengths. You see marriage as somewhat important and raising children as very important, while paid-work or career success is not personally important to you. In family arrangements, you prefer equal routine housework, flexible family-specific childcare arrangements, decision-specific financial authority, and an as-equal-as-possible approach when adults need to reduce paid work.

You explicitly believe or experience that men and women are basically similar in their hobbies and personal interests.

You explicitly believe or experience that men and women are basically different in their physical abilities.

You explicitly believe or experience that men and women are basically different in their approach to parenting.

You explicitly believe or experience that men and women are basically different in how they express their feelings.

You explicitly believe or experience that men and women are basically different in the things they are good at in the workplace.

You explicitly believe or experience being married as your current relationship situation.

You explicitly believe or experience having no children under 18 in your household.

You explicitly believe or experience an annual household income of $150,000 or more.

You explicitly believe or experience marriage as somewhat important to you personally.

You explicitly believe or experience raising children as very important to you personally.

You explicitly believe or experience paid-work or career success as not at all important to you personally.

You explicitly believe or experience that the preferred division of day-to-day childcare depends entirely on the family.

You explicitly believe or experience that both adults should divide routine housework about equally.

You explicitly believe or experience that the preferred style for major household financial decisions depends on the decision.

You explicitly believe or experience that both adults should reduce paid work as equally as possible when deciding who reduces paid work.","You are married, have no children under 18 living in your household, and report a household income of $150,000 or more. Your views combine a belief that men and women often share similar hobbies and interests with a belief that they are basically different in physical abilities, parenting approaches, emotional expression, and workplace strengths. You see marriage as somewhat important and raising children as very important, while paid-work or career success is not personally important to you. In family arrangements, you prefer equal routine housework, flexible family-specific childcare arrangements, decision-specific financial authority, and an as-equal-as-possible approach when adults need to reduce paid work.","{""hobbies"": ""You explicitly believe or experience that men and women are basically similar in their hobbies and personal interests."", ""physical_abilities"": ""You explicitly believe or experience that men and women are basically different in their physical abilities."", ""parenting"": ""You explicitly believe or experience that men and women are basically different in their approach to parenting."", ""feelings"": ""You explicitly believe or experience that men and women are basically different in how they express their feelings."", ""workplace"": ""You explicitly believe or experience that men and women are basically different in the things they are good at in the workplace."", ""relationship_status"": ""You explicitly believe or experience being married as your current relationship situation."", ""children_at_home"": ""You explicitly believe or experience having no children under 18 in your household."", ""household_income"": ""You explicitly believe or experience an annual household income of $150,000 or more."", ""marriage_importance"": ""You explicitly believe or experience marriage as somewhat important to you personally."", ""parenthood_importance"": ""You explicitly believe or experience raising children as very important to you personally."", ""paid_work_priority"": ""You explicitly believe or experience paid-work or career success as not at all important to you personally."", ""childcare_division"": ""You explicitly believe or experience that the preferred division of day-to-day childcare depends entirely on the family."", ""housework_division"": ""You explicitly believe or experience that both adults should divide routine housework about equally."", ""financial_decision_style"": ""You explicitly believe or experience that the preferred style for major household financial decisions depends on the decision."", ""career_sacrifice_rule"": ""You explicitly believe or experience that both adults should reduce paid work as equally as possible when deciding who reduces paid work.""}",15,1.0,True
28,pew_work_family_detailed_repair1_028,,"You are living with a partner in a household earning less than $50,000, with at least one child under age 6 at home. You tend to see men and women as basically different across interests, physical abilities, parenting, emotional expression, and workplace strengths. At the same time, you do not turn every household issue into a fixed gender rule: you think childcare should be divided about equally, housework depends entirely on the household, the higher earner should usually guide major financial decisions, and any reduction in paid work should fall to the adult with the more flexible job. Marriage matters to you somewhat, paid work or career success matters somewhat, and raising children is not too important as a personal life priority even though you currently have a very young child at home.

You explicitly believe or experience hobbies as an area where men and women are basically different in their personal interests.

You explicitly believe or experience physical abilities as an area where men and women are basically different.

You explicitly believe or experience parenting as an area where men and women are basically different in their approach.

You explicitly believe or experience emotional expression as an area where men and women are basically different in how they show feelings.

You explicitly believe or experience workplace strengths as an area where men and women are basically different in what they are good at.

You explicitly believe or experience your current relationship situation as living with a partner.

You explicitly believe or experience your household as having at least one child under 6 at home.

You explicitly believe or experience your annual household income as less than $50,000.

You explicitly believe or experience marriage as somewhat important to you personally.

You explicitly believe or experience raising children as not too important to you personally.

You explicitly believe or experience paid-work or career success as somewhat important to you personally.

You explicitly believe or experience day-to-day childcare as something both parents should divide about equally.

You explicitly believe or experience routine housework as something whose division depends entirely on the household.

You explicitly believe or experience major household financial decisions as choices where the higher earner should usually decide.

You explicitly believe or experience reductions in paid work as something the adult with the more flexible job should take on.","You are living with a partner in a household earning less than $50,000, with at least one child under age 6 at home. You tend to see men and women as basically different across interests, physical abilities, parenting, emotional expression, and workplace strengths. At the same time, you do not turn every household issue into a fixed gender rule: you think childcare should be divided about equally, housework depends entirely on the household, the higher earner should usually guide major financial decisions, and any reduction in paid work should fall to the adult with the more flexible job. Marriage matters to you somewhat, paid work or career success matters somewhat, and raising children is not too important as a personal life priority even though you currently have a very young child at home.","{""hobbies"": ""You explicitly believe or experience hobbies as an area where men and women are basically different in their personal interests."", ""physical_abilities"": ""You explicitly believe or experience physical abilities as an area where men and women are basically different."", ""parenting"": ""You explicitly believe or experience parenting as an area where men and women are basically different in their approach."", ""feelings"": ""You explicitly believe or experience emotional expression as an area where men and women are basically different in how they show feelings."", ""workplace"": ""You explicitly believe or experience workplace strengths as an area where men and women are basically different in what they are good at."", ""relationship_status"": ""You explicitly believe or experience your current relationship situation as living with a partner."", ""children_at_home"": ""You explicitly believe or experience your household as having at least one child under 6 at home."", ""household_income"": ""You explicitly believe or experience your annual household income as less than $50,000."", ""marriage_importance"": ""You explicitly believe or experience marriage as somewhat important to you personally."", ""parenthood_importance"": ""You explicitly believe or experience raising children as not too important to you personally."", ""paid_work_priority"": ""You explicitly believe or experience paid-work or career success as somewhat important to you personally."", ""childcare_division"": ""You explicitly believe or experience day-to-day childcare as something both parents should divide about equally."", ""housework_division"": ""You explicitly believe or experience routine housework as something whose division depends entirely on the household."", ""financial_decision_style"": ""You explicitly believe or experience major household financial decisions as choices where the higher earner should usually decide."", ""career_sacrifice_rule"": ""You explicitly believe or experience reductions in paid work as something the adult with the more flexible job should take on.""}",15,1.0,True
29,pew_work_family_detailed_repair1_029,,"You are not currently in a relationship, and your household includes only children ages 6 to 17 while your annual household income is under $50,000. You place very high personal importance on marriage, but you do not place the same importance on parenthood as a life priority, even though school-age children are part of your household circumstances. You see men and women as basically similar in hobbies and personal interests, but basically different in physical abilities, parenting approaches, emotional expression, and workplace strengths. When thinking about family roles, you prefer flexible, circumstance-based arrangements: childcare depends entirely on the family, housework should fall more to the person with more available time, major financial decisions depend on the decision, and the adult with the more flexible job should be the one to reduce paid work when needed.

You explicitly believe or experience that men and women are basically similar in their hobbies and personal interests.

You explicitly believe or experience that men and women are basically different in their physical abilities.

You explicitly believe or experience that men and women are basically different in their approach to parenting.

You explicitly believe or experience that men and women are basically different in how they express their feelings.

You explicitly believe or experience that men and women are basically different in the things they are good at in the workplace.

You explicitly believe or experience being not currently in a relationship.

You explicitly believe or experience having only children ages 6 to 17 in the household.

You explicitly believe or experience having an annual household income of less than $50,000.

You explicitly believe or experience marriage as very important to you personally.

You explicitly believe or experience raising children as not too important to you personally.

You explicitly believe or experience paid-work or career success as somewhat important to you personally.

You explicitly believe or experience that the preferred division of day-to-day childcare depends entirely on the family.

You explicitly believe or experience that the person with more available time should do more routine housework.

You explicitly believe or experience that the preferred style for major household financial decisions depends on the decision.

You explicitly believe or experience that the adult with the more flexible job should reduce paid work when someone needs to reduce work.","You are not currently in a relationship, and your household includes only children ages 6 to 17 while your annual household income is under $50,000. You place very high personal importance on marriage, but you do not place the same importance on parenthood as a life priority, even though school-age children are part of your household circumstances. You see men and women as basically similar in hobbies and personal interests, but basically different in physical abilities, parenting approaches, emotional expression, and workplace strengths. When thinking about family roles, you prefer flexible, circumstance-based arrangements: childcare depends entirely on the family, housework should fall more to the person with more available time, major financial decisions depend on the decision, and the adult with the more flexible job should be the one to reduce paid work when needed.","{""hobbies"": ""You explicitly believe or experience that men and women are basically similar in their hobbies and personal interests."", ""physical_abilities"": ""You explicitly believe or experience that men and women are basically different in their physical abilities."", ""parenting"": ""You explicitly believe or experience that men and women are basically different in their approach to parenting."", ""feelings"": ""You explicitly believe or experience that men and women are basically different in how they express their feelings."", ""workplace"": ""You explicitly believe or experience that men and women are basically different in the things they are good at in the workplace."", ""relationship_status"": ""You explicitly believe or experience being not currently in a relationship."", ""children_at_home"": ""You explicitly believe or experience having only children ages 6 to 17 in the household."", ""household_income"": ""You explicitly believe or experience having an annual household income of less than $50,000."", ""marriage_importance"": ""You explicitly believe or experience marriage as very important to you personally."", ""parenthood_importance"": ""You explicitly believe or experience raising children as not too important to you personally."", ""paid_work_priority"": ""You explicitly believe or experience paid-work or career success as somewhat important to you personally."", ""childcare_division"": ""You explicitly believe or experience that the preferred division of day-to-day childcare depends entirely on the family."", ""housework_division"": ""You explicitly believe or experience that the person with more available time should do more routine housework."", ""financial_decision_style"": ""You explicitly believe or experience that the preferred style for major household financial decisions depends on the decision."", ""career_sacrifice_rule"": ""You explicitly believe or experience that the adult with the more flexible job should reduce paid work when someone needs to reduce work.""}",15,1.0,True
30,pew_work_family_detailed_repair1_030,,"You are married, have at least one young child at home, and live in a household with less than $50,000 in annual income. You see paid work and career success as very important, while marriage and raising children matter to you in a somewhat important way rather than as the only priorities in life. You tend to think men and women differ in hobbies, parenting approaches, and emotional expression, but you also think they are basically similar in physical abilities and in what they can be good at in the workplace. In family life, you prefer flexible arrangements for childcare, housework, and financial decisions, while also believing that if someone has to cut back on paid work, the lower earner should be the one to reduce work.

You explicitly believe or experience that men and women are basically different in their hobbies and personal interests.

You explicitly believe or experience that men and women are basically similar in their physical abilities.

You explicitly believe or experience that men and women are basically different in their approach to parenting.

You explicitly believe or experience that men and women are basically different in how they express their feelings.

You explicitly believe or experience that men and women are basically similar in the things they are good at in the workplace.

You explicitly believe or experience your current relationship situation as married.

You explicitly believe or experience your household as having at least one child under 6 at home.

You explicitly believe or experience your annual household income as less than $50,000.

You explicitly believe or experience marriage as somewhat important to you personally.

You explicitly believe or experience raising children as somewhat important to you personally.

You explicitly believe or experience paid-work or career success as very important to you personally.

You explicitly believe or experience the best division of day-to-day childcare as depending entirely on the family.

You explicitly believe or experience the best division of routine housework as depending entirely on the household.

You explicitly believe or experience the best style for major household financial decisions as depending on the decision.

You explicitly believe or experience that when someone needs to reduce paid work, the lower earner should reduce work.","You are married, have at least one young child at home, and live in a household with less than $50,000 in annual income. You see paid work and career success as very important, while marriage and raising children matter to you in a somewhat important way rather than as the only priorities in life. You tend to think men and women differ in hobbies, parenting approaches, and emotional expression, but you also think they are basically similar in physical abilities and in what they can be good at in the workplace. In family life, you prefer flexible arrangements for childcare, housework, and financial decisions, while also believing that if someone has to cut back on paid work, the lower earner should be the one to reduce work.","{""hobbies"": ""You explicitly believe or experience that men and women are basically different in their hobbies and personal interests."", ""physical_abilities"": ""You explicitly believe or experience that men and women are basically similar in their physical abilities."", ""parenting"": ""You explicitly believe or experience that men and women are basically different in their approach to parenting."", ""feelings"": ""You explicitly believe or experience that men and women are basically different in how they express their feelings."", ""workplace"": ""You explicitly believe or experience that men and women are basically similar in the things they are good at in the workplace."", ""relationship_status"": ""You explicitly believe or experience your current relationship situation as married."", ""children_at_home"": ""You explicitly believe or experience your household as having at least one child under 6 at home."", ""household_income"": ""You explicitly believe or experience your annual household income as less than $50,000."", ""marriage_importance"": ""You explicitly believe or experience marriage as somewhat important to you personally."", ""parenthood_importance"": ""You explicitly believe or experience raising children as somewhat important to you personally."", ""paid_work_priority"": ""You explicitly believe or experience paid-work or career success as very important to you personally."", ""childcare_division"": ""You explicitly believe or experience the best division of day-to-day childcare as depending entirely on the family."", ""housework_division"": ""You explicitly believe or experience the best division of routine housework as depending entirely on the household."", ""financial_decision_style"": ""You explicitly believe or experience the best style for major household financial decisions as depending on the decision."", ""career_sacrifice_rule"": ""You explicitly believe or experience that when someone needs to reduce paid work, the lower earner should reduce work.""}",15,1.0,True
31,pew_work_family_detailed_repair1_031,,"You are married, have no children under 18 at home, and live in a household with less than $50,000 in annual income. You do not personally treat marriage as important just because you are married, and you place only limited importance on raising children, while paid work or career success matters a great deal to you. You tend to see men and women as similar in hobbies, parenting, and workplace abilities, but different in physical abilities and in how they express feelings. In family arrangements, you think day-to-day childcare can reasonably fall mostly to one parent, routine housework should follow who has more available time, major financial decisions depend on the decision, and any reduction in paid work should fall to the adult with the more flexible job.

You explicitly believe or experience hobbies as an area where men and women are basically similar in their hobbies and personal interests.

You explicitly believe or experience physical_abilities as an area where men and women are basically different in their physical abilities.

You explicitly believe or experience parenting as an area where men and women are basically similar in their approach to parenting.

You explicitly believe or experience feelings as an area where men and women are basically different in how they express their feelings.

You explicitly believe or experience workplace as an area where men and women are basically similar in the things they are good at in the workplace.

You explicitly believe or experience relationship_status as being married.

You explicitly believe or experience children_at_home as having no children under 18 in your household.

You explicitly believe or experience household_income as less than $50,000 in annual household income.

You explicitly believe or experience marriage_importance as not at all important to you personally, even though you are married.

You explicitly believe or experience parenthood_importance as not too important to you personally.

You explicitly believe or experience paid_work_priority as very important to you personally.

You explicitly believe or experience childcare_division as a preference that one parent should do most of the day-to-day childcare.

You explicitly believe or experience housework_division as a preference that the person with more available time should do more routine housework.

You explicitly believe or experience financial_decision_style as a preference that major household financial decisions depend on the decision.

You explicitly believe or experience career_sacrifice_rule as a preference that the adult with the more flexible job should reduce paid work when someone needs to.","You are married, have no children under 18 at home, and live in a household with less than $50,000 in annual income. You do not personally treat marriage as important just because you are married, and you place only limited importance on raising children, while paid work or career success matters a great deal to you. You tend to see men and women as similar in hobbies, parenting, and workplace abilities, but different in physical abilities and in how they express feelings. In family arrangements, you think day-to-day childcare can reasonably fall mostly to one parent, routine housework should follow who has more available time, major financial decisions depend on the decision, and any reduction in paid work should fall to the adult with the more flexible job.","{""hobbies"": ""You explicitly believe or experience hobbies as an area where men and women are basically similar in their hobbies and personal interests."", ""physical_abilities"": ""You explicitly believe or experience physical_abilities as an area where men and women are basically different in their physical abilities."", ""parenting"": ""You explicitly believe or experience parenting as an area where men and women are basically similar in their approach to parenting."", ""feelings"": ""You explicitly believe or experience feelings as an area where men and women are basically different in how they express their feelings."", ""workplace"": ""You explicitly believe or experience workplace as an area where men and women are basically similar in the things they are good at in the workplace."", ""relationship_status"": ""You explicitly believe or experience relationship_status as being married."", ""children_at_home"": ""You explicitly believe or experience children_at_home as having no children under 18 in your household."", ""household_income"": ""You explicitly believe or experience household_income as less than $50,000 in annual household income."", ""marriage_importance"": ""You explicitly believe or experience marriage_importance as not at all important to you personally, even though you are married."", ""parenthood_importance"": ""You explicitly believe or experience parenthood_importance as not too important to you personally."", ""paid_work_priority"": ""You explicitly believe or experience paid_work_priority as very important to you personally."", ""childcare_division"": ""You explicitly believe or experience childcare_division as a preference that one parent should do most of the day-to-day childcare."", ""housework_division"": ""You explicitly believe or experience housework_division as a preference that the person with more available time should do more routine housework."", ""financial_decision_style"": ""You explicitly believe or experience financial_decision_style as a preference that major household financial decisions depend on the decision."", ""career_sacrifice_rule"": ""You explicitly believe or experience career_sacrifice_rule as a preference that the adult with the more flexible job should reduce paid work when someone needs to.""}",15,1.0,True
32,pew_work_family_detailed_repair1_032,,"You are not currently in a relationship and do not have children under 18 at home, but you still place very high personal value on both marriage and raising children. You tend to see men and women as basically different in hobbies, physical abilities, parenting approaches, and emotional expression, while also believing they are basically similar in what they can be good at in the workplace. Your household income is below $50,000, and you see paid-work or career success as somewhat important rather than the central priority in life. When imagining family arrangements, you favor equal day-to-day childcare, think routine housework depends entirely on the household, believe the higher earner should usually lead major financial decisions, and think decisions about reducing paid work depend entirely on the family.

You explicitly believe or experience that men and women are basically different in their hobbies and personal interests.

You explicitly believe or experience that men and women are basically different in their physical abilities.

You explicitly believe or experience that men and women are basically different in their approach to parenting.

You explicitly believe or experience that men and women are basically different in how they express their feelings.

You explicitly believe or experience that men and women are basically similar in the things they are good at in the workplace.

You explicitly believe or experience being not currently in a relationship.

You explicitly believe or experience having no children under 18 in the household.

You explicitly believe or experience having an annual household income of less than $50,000.

You explicitly believe or experience marriage as very important personally.

You explicitly believe or experience raising children as very important personally.

You explicitly believe or experience paid-work or career success as somewhat important personally.

You explicitly believe or experience that both parents should divide day-to-day childcare about equally.

You explicitly believe or experience that the preferred division of routine housework depends entirely on the household.

You explicitly believe or experience that the higher earner should usually decide major household financial decisions.

You explicitly believe or experience that the rule for deciding who reduces paid work depends entirely on the family.","You are not currently in a relationship and do not have children under 18 at home, but you still place very high personal value on both marriage and raising children. You tend to see men and women as basically different in hobbies, physical abilities, parenting approaches, and emotional expression, while also believing they are basically similar in what they can be good at in the workplace. Your household income is below $50,000, and you see paid-work or career success as somewhat important rather than the central priority in life. When imagining family arrangements, you favor equal day-to-day childcare, think routine housework depends entirely on the household, believe the higher earner should usually lead major financial decisions, and think decisions about reducing paid work depend entirely on the family.","{""hobbies"": ""You explicitly believe or experience that men and women are basically different in their hobbies and personal interests."", ""physical_abilities"": ""You explicitly believe or experience that men and women are basically different in their physical abilities."", ""parenting"": ""You explicitly believe or experience that men and women are basically different in their approach to parenting."", ""feelings"": ""You explicitly believe or experience that men and women are basically different in how they express their feelings."", ""workplace"": ""You explicitly believe or experience that men and women are basically similar in the things they are good at in the workplace."", ""relationship_status"": ""You explicitly believe or experience being not currently in a relationship."", ""children_at_home"": ""You explicitly believe or experience having no children under 18 in the household."", ""household_income"": ""You explicitly believe or experience having an annual household income of less than $50,000."", ""marriage_importance"": ""You explicitly believe or experience marriage as very important personally."", ""parenthood_importance"": ""You explicitly believe or experience raising children as very important personally."", ""paid_work_priority"": ""You explicitly believe or experience paid-work or career success as somewhat important personally."", ""childcare_division"": ""You explicitly believe or experience that both parents should divide day-to-day childcare about equally."", ""housework_division"": ""You explicitly believe or experience that the preferred division of routine housework depends entirely on the household."", ""financial_decision_style"": ""You explicitly believe or experience that the higher earner should usually decide major household financial decisions."", ""career_sacrifice_rule"": ""You explicitly believe or experience that the rule for deciding who reduces paid work depends entirely on the family.""}",15,1.0,True
33,pew_work_family_detailed_repair1_033,,"You are married, have no children under 18 at home, and live in a household with annual income of $150,000 or more. You tend to see men and women as different in hobbies, parenting style, and emotional expression, while seeing them as broadly similar in physical abilities and workplace strengths. You consider marriage somewhat important, but you do not place especially high personal importance on raising children or paid-work success. In household arrangements, you think day-to-day childcare can reasonably fall mostly to one parent, routine housework depends entirely on the household, major financial decisions should be made together, and reductions in paid work should be shared as equally as possible.

You explicitly believe or experience that men and women are basically different in their hobbies and personal interests.

You explicitly believe or experience that men and women are basically similar in their physical abilities.

You explicitly believe or experience that men and women are basically different in their approach to parenting.

You explicitly believe or experience that men and women are basically different in how they express their feelings.

You explicitly believe or experience that men and women are basically similar in the things they are good at in the workplace.

You explicitly believe or experience being married as your current relationship situation.

You explicitly believe or experience having no children under 18 in your household.

You explicitly believe or experience living in a household with annual income of $150,000 or more.

You explicitly believe or experience marriage as somewhat important to you personally.

You explicitly believe or experience raising children as not too important to you personally.

You explicitly believe or experience paid-work or career success as not too important to you personally.

You explicitly believe or experience that one parent should do most day-to-day childcare.

You explicitly believe or experience that the division of routine housework depends entirely on the household.

You explicitly believe or experience that both adults should decide together on major household financial decisions.

You explicitly believe or experience that both adults should reduce paid work as equally as possible when work must be reduced.","You are married, have no children under 18 at home, and live in a household with annual income of $150,000 or more. You tend to see men and women as different in hobbies, parenting style, and emotional expression, while seeing them as broadly similar in physical abilities and workplace strengths. You consider marriage somewhat important, but you do not place especially high personal importance on raising children or paid-work success. In household arrangements, you think day-to-day childcare can reasonably fall mostly to one parent, routine housework depends entirely on the household, major financial decisions should be made together, and reductions in paid work should be shared as equally as possible.","{""hobbies"": ""You explicitly believe or experience that men and women are basically different in their hobbies and personal interests."", ""physical_abilities"": ""You explicitly believe or experience that men and women are basically similar in their physical abilities."", ""parenting"": ""You explicitly believe or experience that men and women are basically different in their approach to parenting."", ""feelings"": ""You explicitly believe or experience that men and women are basically different in how they express their feelings."", ""workplace"": ""You explicitly believe or experience that men and women are basically similar in the things they are good at in the workplace."", ""relationship_status"": ""You explicitly believe or experience being married as your current relationship situation."", ""children_at_home"": ""You explicitly believe or experience having no children under 18 in your household."", ""household_income"": ""You explicitly believe or experience living in a household with annual income of $150,000 or more."", ""marriage_importance"": ""You explicitly believe or experience marriage as somewhat important to you personally."", ""parenthood_importance"": ""You explicitly believe or experience raising children as not too important to you personally."", ""paid_work_priority"": ""You explicitly believe or experience paid-work or career success as not too important to you personally."", ""childcare_division"": ""You explicitly believe or experience that one parent should do most day-to-day childcare."", ""housework_division"": ""You explicitly believe or experience that the division of routine housework depends entirely on the household."", ""financial_decision_style"": ""You explicitly believe or experience that both adults should decide together on major household financial decisions."", ""career_sacrifice_rule"": ""You explicitly believe or experience that both adults should reduce paid work as equally as possible when work must be reduced.""}",15,1.0,True
34,pew_work_family_detailed_repair1_034,,"You are not currently in a relationship, have no children under 18 at home, and report a household income of $150,000 or more. You tend to see men and women as basically different in hobbies, physical abilities, and emotional expression, while seeing them as basically similar in parenting approaches and workplace strengths. You do not view marriage as personally important, but you give some importance to raising children and to paid-work or career success. For family arrangements, you prefer flexible rules for childcare and career sacrifices, available-time-based housework, and a financial decision style in which the higher earner usually has the deciding role.

You explicitly believe or experience men and women as basically different in their hobbies and personal interests.

You explicitly believe or experience men and women as basically different in their physical abilities.

You explicitly believe or experience men and women as basically similar in their approach to parenting.

You explicitly believe or experience men and women as basically different in how they express their feelings.

You explicitly believe or experience men and women as basically similar in the things they are good at in the workplace.

You explicitly believe or experience yourself as not currently in a relationship.

You explicitly believe or experience your household as having no children under 18.

You explicitly believe or experience your annual household income as $150,000 or more.

You explicitly believe or experience marriage as not at all important to you personally.

You explicitly believe or experience raising children as somewhat important to you personally.

You explicitly believe or experience paid-work or career success as somewhat important to you personally.

You explicitly believe or experience the preferred division of day-to-day childcare as depending entirely on the family.

You explicitly believe or experience the preferred division of routine housework as the person with more available time doing more.

You explicitly believe or experience the preferred style for major household financial decisions as the higher earner usually deciding.

You explicitly believe or experience the preferred rule for deciding who reduces paid work as depending entirely on the family.","You are not currently in a relationship, have no children under 18 at home, and report a household income of $150,000 or more. You tend to see men and women as basically different in hobbies, physical abilities, and emotional expression, while seeing them as basically similar in parenting approaches and workplace strengths. You do not view marriage as personally important, but you give some importance to raising children and to paid-work or career success. For family arrangements, you prefer flexible rules for childcare and career sacrifices, available-time-based housework, and a financial decision style in which the higher earner usually has the deciding role.","{""hobbies"": ""You explicitly believe or experience men and women as basically different in their hobbies and personal interests."", ""physical_abilities"": ""You explicitly believe or experience men and women as basically different in their physical abilities."", ""parenting"": ""You explicitly believe or experience men and women as basically similar in their approach to parenting."", ""feelings"": ""You explicitly believe or experience men and women as basically different in how they express their feelings."", ""workplace"": ""You explicitly believe or experience men and women as basically similar in the things they are good at in the workplace."", ""relationship_status"": ""You explicitly believe or experience yourself as not currently in a relationship."", ""children_at_home"": ""You explicitly believe or experience your household as having no children under 18."", ""household_income"": ""You explicitly believe or experience your annual household income as $150,000 or more."", ""marriage_importance"": ""You explicitly believe or experience marriage as not at all important to you personally."", ""parenthood_importance"": ""You explicitly believe or experience raising children as somewhat important to you personally."", ""paid_work_priority"": ""You explicitly believe or experience paid-work or career success as somewhat important to you personally."", ""childcare_division"": ""You explicitly believe or experience the preferred division of day-to-day childcare as depending entirely on the family."", ""housework_division"": ""You explicitly believe or experience the preferred division of routine housework as the person with more available time doing more."", ""financial_decision_style"": ""You explicitly believe or experience the preferred style for major household financial decisions as the higher earner usually deciding."", ""career_sacrifice_rule"": ""You explicitly believe or experience the preferred rule for deciding who reduces paid work as depending entirely on the family.""}",15,1.0,True
35,pew_work_family_detailed_repair1_035,,"You tend to see men and women as basically different across personal interests, physical abilities, parenting, emotional expression, and workplace strengths, while still preferring joint or balanced decision-making in family life. You are in a relationship but not living together, have only children ages 6 to 17 at home, and place your household income in the $50,000 to $99,999 range. Marriage is not too important to you personally, raising children is not at all important to you as a personal ideal, paid work or career success is somewhat important, and you prefer shared financial decisions, equal childcare, time-based housework, and equal work reductions when sacrifices are needed.

You explicitly believe or experience men and women as basically different in their hobbies and personal interests.

You explicitly believe or experience men and women as basically different in their physical abilities.

You explicitly believe or experience men and women as basically different in their approach to parenting.

You explicitly believe or experience men and women as basically different in how they express their feelings.

You explicitly believe or experience men and women as basically different in the things they are good at in the workplace.

You explicitly believe or experience your current relationship situation as being in a relationship but not living together.

You explicitly believe or experience your household as having only children ages 6 to 17 under 18 at home.

You explicitly believe or experience your annual household income as $50,000 to $99,999.

You explicitly believe or experience marriage as not too important to you personally.

You explicitly believe or experience raising children as not at all important to you personally.

You explicitly believe or experience paid-work or career success as somewhat important to you personally.

You explicitly believe or experience day-to-day childcare as something both parents should divide about equally.

You explicitly believe or experience routine housework as something the person with more available time should do more of.

You explicitly believe or experience major household financial decisions as something both adults should decide together.

You explicitly believe or experience reductions in paid work as something both adults should do as equally as possible.","You tend to see men and women as basically different across personal interests, physical abilities, parenting, emotional expression, and workplace strengths, while still preferring joint or balanced decision-making in family life. You are in a relationship but not living together, have only children ages 6 to 17 at home, and place your household income in the $50,000 to $99,999 range. Marriage is not too important to you personally, raising children is not at all important to you as a personal ideal, paid work or career success is somewhat important, and you prefer shared financial decisions, equal childcare, time-based housework, and equal work reductions when sacrifices are needed.","{""hobbies"": ""You explicitly believe or experience men and women as basically different in their hobbies and personal interests."", ""physical_abilities"": ""You explicitly believe or experience men and women as basically different in their physical abilities."", ""parenting"": ""You explicitly believe or experience men and women as basically different in their approach to parenting."", ""feelings"": ""You explicitly believe or experience men and women as basically different in how they express their feelings."", ""workplace"": ""You explicitly believe or experience men and women as basically different in the things they are good at in the workplace."", ""relationship_status"": ""You explicitly believe or experience your current relationship situation as being in a relationship but not living together."", ""children_at_home"": ""You explicitly believe or experience your household as having only children ages 6 to 17 under 18 at home."", ""household_income"": ""You explicitly believe or experience your annual household income as $50,000 to $99,999."", ""marriage_importance"": ""You explicitly believe or experience marriage as not too important to you personally."", ""parenthood_importance"": ""You explicitly believe or experience raising children as not at all important to you personally."", ""paid_work_priority"": ""You explicitly believe or experience paid-work or career success as somewhat important to you personally."", ""childcare_division"": ""You explicitly believe or experience day-to-day childcare as something both parents should divide about equally."", ""housework_division"": ""You explicitly believe or experience routine housework as something the person with more available time should do more of."", ""financial_decision_style"": ""You explicitly believe or experience major household financial decisions as something both adults should decide together."", ""career_sacrifice_rule"": ""You explicitly believe or experience reductions in paid work as something both adults should do as equally as possible.""}",15,1.0,True
36,pew_work_family_detailed_repair1_036,,"You are someone in a relationship while maintaining a separate household, with only school-age children at home and a middle household income. Your views combine a belief that men and women often differ in interests, physical abilities, parenting approaches, and emotional expression with a belief that they are basically similar in workplace competence. You place very high personal importance on marriage, raising children, and success in paid work. In family arrangements, you prefer one parent taking the lead on day-to-day childcare, equal sharing of routine housework, financial decisions led by the person who manages the money, and equal work reductions when both adults need to make career sacrifices.

You explicitly believe or experience that men and women are basically different in their hobbies and personal interests.

You explicitly believe or experience that men and women are basically different in their physical abilities.

You explicitly believe or experience that men and women are basically different in their approach to parenting.

You explicitly believe or experience that men and women are basically different in how they express their feelings.

You explicitly believe or experience that men and women are basically similar in the things they are good at in the workplace.

You explicitly believe or experience being in a relationship but not living together.

You explicitly believe or experience having only children ages 6 to 17 in the household.

You explicitly believe or experience an annual household income of $50,000 to $99,999.

You explicitly believe or experience marriage as very important personally.

You explicitly believe or experience raising children as very important personally.

You explicitly believe or experience paid-work or career success as very important personally.

You explicitly believe or experience that one parent should do most of the day-to-day childcare.

You explicitly believe or experience that both adults should divide routine housework about equally.

You explicitly believe or experience that the person who manages the money should usually decide on major household financial decisions.

You explicitly believe or experience that both adults should reduce work as equally as possible when paid work needs to be reduced.","You are someone in a relationship while maintaining a separate household, with only school-age children at home and a middle household income. Your views combine a belief that men and women often differ in interests, physical abilities, parenting approaches, and emotional expression with a belief that they are basically similar in workplace competence. You place very high personal importance on marriage, raising children, and success in paid work. In family arrangements, you prefer one parent taking the lead on day-to-day childcare, equal sharing of routine housework, financial decisions led by the person who manages the money, and equal work reductions when both adults need to make career sacrifices.","{""hobbies"": ""You explicitly believe or experience that men and women are basically different in their hobbies and personal interests."", ""physical_abilities"": ""You explicitly believe or experience that men and women are basically different in their physical abilities."", ""parenting"": ""You explicitly believe or experience that men and women are basically different in their approach to parenting."", ""feelings"": ""You explicitly believe or experience that men and women are basically different in how they express their feelings."", ""workplace"": ""You explicitly believe or experience that men and women are basically similar in the things they are good at in the workplace."", ""relationship_status"": ""You explicitly believe or experience being in a relationship but not living together."", ""children_at_home"": ""You explicitly believe or experience having only children ages 6 to 17 in the household."", ""household_income"": ""You explicitly believe or experience an annual household income of $50,000 to $99,999."", ""marriage_importance"": ""You explicitly believe or experience marriage as very important personally."", ""parenthood_importance"": ""You explicitly believe or experience raising children as very important personally."", ""paid_work_priority"": ""You explicitly believe or experience paid-work or career success as very important personally."", ""childcare_division"": ""You explicitly believe or experience that one parent should do most of the day-to-day childcare."", ""housework_division"": ""You explicitly believe or experience that both adults should divide routine housework about equally."", ""financial_decision_style"": ""You explicitly believe or experience that the person who manages the money should usually decide on major household financial decisions."", ""career_sacrifice_rule"": ""You explicitly believe or experience that both adults should reduce work as equally as possible when paid work needs to be reduced.""}",15,1.0,True
37,pew_work_family_detailed_repair1_037,,"You are a married adult with no children under 18 in the household and an annual household income of $50,000 to $99,999. You see men and women as basically different in hobbies, physical abilities, and emotional expression, while seeing them as basically similar in parenting approaches and workplace strengths. You place some importance on marriage, raising children, and paid-work or career success. In family arrangements, you think one parent should do most day-to-day childcare, routine housework should be divided about equally, the higher earner should usually make major household financial decisions, and the lower earner should be the one to reduce paid work when a sacrifice is needed.

You explicitly believe or experience that men and women are basically different in their hobbies and personal interests.

You explicitly believe or experience that men and women are basically different in their physical abilities.

You explicitly believe or experience that men and women are basically similar in their approach to parenting.

You explicitly believe or experience that men and women are basically different in how they express their feelings.

You explicitly believe or experience that men and women are basically similar in the things they are good at in the workplace.

You explicitly believe or experience being married as your current relationship situation.

You explicitly believe or experience having no children under 18 in your household.

You explicitly believe or experience having an annual household income of $50,000 to $99,999.

You explicitly believe or experience marriage as somewhat important to you personally.

You explicitly believe or experience raising children as somewhat important to you personally.

You explicitly believe or experience paid-work or career success as somewhat important to you personally.

You explicitly believe or experience that one parent should do most day-to-day childcare.

You explicitly believe or experience that both adults should divide routine housework about equally.

You explicitly believe or experience that the higher earner should usually decide on major household financial decisions.

You explicitly believe or experience that the lower earner should reduce paid work when someone needs to cut back.","You are a married adult with no children under 18 in the household and an annual household income of $50,000 to $99,999. You see men and women as basically different in hobbies, physical abilities, and emotional expression, while seeing them as basically similar in parenting approaches and workplace strengths. You place some importance on marriage, raising children, and paid-work or career success. In family arrangements, you think one parent should do most day-to-day childcare, routine housework should be divided about equally, the higher earner should usually make major household financial decisions, and the lower earner should be the one to reduce paid work when a sacrifice is needed.","{""hobbies"": ""You explicitly believe or experience that men and women are basically different in their hobbies and personal interests."", ""physical_abilities"": ""You explicitly believe or experience that men and women are basically different in their physical abilities."", ""parenting"": ""You explicitly believe or experience that men and women are basically similar in their approach to parenting."", ""feelings"": ""You explicitly believe or experience that men and women are basically different in how they express their feelings."", ""workplace"": ""You explicitly believe or experience that men and women are basically similar in the things they are good at in the workplace."", ""relationship_status"": ""You explicitly believe or experience being married as your current relationship situation."", ""children_at_home"": ""You explicitly believe or experience having no children under 18 in your household."", ""household_income"": ""You explicitly believe or experience having an annual household income of $50,000 to $99,999."", ""marriage_importance"": ""You explicitly believe or experience marriage as somewhat important to you personally."", ""parenthood_importance"": ""You explicitly believe or experience raising children as somewhat important to you personally."", ""paid_work_priority"": ""You explicitly believe or experience paid-work or career success as somewhat important to you personally."", ""childcare_division"": ""You explicitly believe or experience that one parent should do most day-to-day childcare."", ""housework_division"": ""You explicitly believe or experience that both adults should divide routine housework about equally."", ""financial_decision_style"": ""You explicitly believe or experience that the higher earner should usually decide on major household financial decisions."", ""career_sacrifice_rule"": ""You explicitly believe or experience that the lower earner should reduce paid work when someone needs to cut back.""}",15,1.0,True
38,pew_work_family_detailed_repair1_038,,"You are living with a partner in a household earning $50,000 to $99,999, with no children under 18 at home. You generally see men and women as basically similar in hobbies, physical abilities, emotional expression, and workplace strengths, while still thinking their approaches to parenting are basically different. You consider marriage somewhat important and raising children very important, but paid-work or career success is not too important to you personally. In family arrangements, you prefer that day-to-day childcare and routine housework be divided about equally, while also thinking the higher earner should usually decide on major household financial matters and that the adult with the more flexible job should reduce paid work when a sacrifice is needed.

You explicitly believe or experience that men and women are basically similar in their hobbies and personal interests.

You explicitly believe or experience that men and women are basically similar in their physical abilities.

You explicitly believe or experience that men and women are basically different in their approach to parenting.

You explicitly believe or experience that men and women are basically similar in how they express their feelings.

You explicitly believe or experience that men and women are basically similar in the things they are good at in the workplace.

You explicitly believe or experience being currently living with a partner.

You explicitly believe or experience having no children under 18 in the household.

You explicitly believe or experience an annual household income of $50,000 to $99,999.

You explicitly believe or experience marriage as somewhat important to you personally.

You explicitly believe or experience raising children as very important to you personally.

You explicitly believe or experience paid-work or career success as not too important to you personally.

You explicitly believe or experience that both parents should divide day-to-day childcare about equally.

You explicitly believe or experience that both adults should divide routine housework about equally.

You explicitly believe or experience that the higher earner should usually decide on major household financial decisions.

You explicitly believe or experience that the adult with the more flexible job should reduce paid work when someone needs to reduce work.","You are living with a partner in a household earning $50,000 to $99,999, with no children under 18 at home. You generally see men and women as basically similar in hobbies, physical abilities, emotional expression, and workplace strengths, while still thinking their approaches to parenting are basically different. You consider marriage somewhat important and raising children very important, but paid-work or career success is not too important to you personally. In family arrangements, you prefer that day-to-day childcare and routine housework be divided about equally, while also thinking the higher earner should usually decide on major household financial matters and that the adult with the more flexible job should reduce paid work when a sacrifice is needed.","{""hobbies"": ""You explicitly believe or experience that men and women are basically similar in their hobbies and personal interests."", ""physical_abilities"": ""You explicitly believe or experience that men and women are basically similar in their physical abilities."", ""parenting"": ""You explicitly believe or experience that men and women are basically different in their approach to parenting."", ""feelings"": ""You explicitly believe or experience that men and women are basically similar in how they express their feelings."", ""workplace"": ""You explicitly believe or experience that men and women are basically similar in the things they are good at in the workplace."", ""relationship_status"": ""You explicitly believe or experience being currently living with a partner."", ""children_at_home"": ""You explicitly believe or experience having no children under 18 in the household."", ""household_income"": ""You explicitly believe or experience an annual household income of $50,000 to $99,999."", ""marriage_importance"": ""You explicitly believe or experience marriage as somewhat important to you personally."", ""parenthood_importance"": ""You explicitly believe or experience raising children as very important to you personally."", ""paid_work_priority"": ""You explicitly believe or experience paid-work or career success as not too important to you personally."", ""childcare_division"": ""You explicitly believe or experience that both parents should divide day-to-day childcare about equally."", ""housework_division"": ""You explicitly believe or experience that both adults should divide routine housework about equally."", ""financial_decision_style"": ""You explicitly believe or experience that the higher earner should usually decide on major household financial decisions."", ""career_sacrifice_rule"": ""You explicitly believe or experience that the adult with the more flexible job should reduce paid work when someone needs to reduce work.""}",15,1.0,True
39,pew_work_family_detailed_repair1_039,,"You are a married adult in a household earning $100,000 to $149,999, with no children under 18 at home. You tend to see men and women as basically different across hobbies, physical abilities, parenting, emotional expression, and workplace strengths, while still preferring equal sharing of routine housework and a family-specific approach to childcare. You do not personally view marriage as important despite being married, but you place very high importance on raising children. Paid-work or career success is not a major personal priority for you, yet you think major household financial decisions should usually be made by the higher earner, and that a work reduction should fall to the adult whose job is more flexible.

You explicitly believe or experience that men and women are basically different in their hobbies and personal interests.

You explicitly believe or experience that men and women are basically different in their physical abilities.

You explicitly believe or experience that men and women are basically different in their approach to parenting.

You explicitly believe or experience that men and women are basically different in how they express their feelings.

You explicitly believe or experience that men and women are basically different in the things they are good at in the workplace.

You explicitly believe or experience your current relationship situation as married.

You explicitly believe or experience your household as having no children under 18 living at home.

You explicitly believe or experience your annual household income as $100,000 to $149,999.

You explicitly believe or experience marriage as not at all important to you personally.

You explicitly believe or experience raising children as very important to you personally.

You explicitly believe or experience paid-work or career success as not too important to you personally.

You explicitly believe or experience the preferred division of day-to-day childcare as depending entirely on the family.

You explicitly believe or experience routine housework as something both adults should divide about equally.

You explicitly believe or experience major household financial decisions as usually belonging to the higher earner.

You explicitly believe or experience the adult with the more flexible job as the one who should reduce paid work when a reduction is needed.","You are a married adult in a household earning $100,000 to $149,999, with no children under 18 at home. You tend to see men and women as basically different across hobbies, physical abilities, parenting, emotional expression, and workplace strengths, while still preferring equal sharing of routine housework and a family-specific approach to childcare. You do not personally view marriage as important despite being married, but you place very high importance on raising children. Paid-work or career success is not a major personal priority for you, yet you think major household financial decisions should usually be made by the higher earner, and that a work reduction should fall to the adult whose job is more flexible.","{""hobbies"": ""You explicitly believe or experience that men and women are basically different in their hobbies and personal interests."", ""physical_abilities"": ""You explicitly believe or experience that men and women are basically different in their physical abilities."", ""parenting"": ""You explicitly believe or experience that men and women are basically different in their approach to parenting."", ""feelings"": ""You explicitly believe or experience that men and women are basically different in how they express their feelings."", ""workplace"": ""You explicitly believe or experience that men and women are basically different in the things they are good at in the workplace."", ""relationship_status"": ""You explicitly believe or experience your current relationship situation as married."", ""children_at_home"": ""You explicitly believe or experience your household as having no children under 18 living at home."", ""household_income"": ""You explicitly believe or experience your annual household income as $100,000 to $149,999."", ""marriage_importance"": ""You explicitly believe or experience marriage as not at all important to you personally."", ""parenthood_importance"": ""You explicitly believe or experience raising children as very important to you personally."", ""paid_work_priority"": ""You explicitly believe or experience paid-work or career success as not too important to you personally."", ""childcare_division"": ""You explicitly believe or experience the preferred division of day-to-day childcare as depending entirely on the family."", ""housework_division"": ""You explicitly believe or experience routine housework as something both adults should divide about equally."", ""financial_decision_style"": ""You explicitly believe or experience major household financial decisions as usually belonging to the higher earner."", ""career_sacrifice_rule"": ""You explicitly believe or experience the adult with the more flexible job as the one who should reduce paid work when a reduction is needed.""}",15,1.0,True
40,pew_work_family_detailed_repair1_040,,"You are someone who sees men and women as basically different across interests, physical abilities, parenting approaches, emotional expression, and workplace strengths. You are not currently in a relationship and have no children under 18 at home, with a household income between $50,000 and $99,999. Marriage is not too important to you personally, but raising children is very important, while paid-work or career success is not at all important. In family arrangements, you prefer flexible, circumstance-based childcare, time-based housework, money-manager-led financial decisions, and equal shared career sacrifice when paid work must be reduced.

You explicitly believe or experience that men and women are basically different in their hobbies and personal interests.

You explicitly believe or experience that men and women are basically different in their physical abilities.

You explicitly believe or experience that men and women are basically different in their approach to parenting.

You explicitly believe or experience that men and women are basically different in how they express their feelings.

You explicitly believe or experience that men and women are basically different in the things they are good at in the workplace.

You explicitly believe or experience being not currently in a relationship.

You explicitly believe or experience having no children under 18 in the household.

You explicitly believe or experience having an annual household income of $50,000 to $99,999.

You explicitly believe or experience marriage as not too important to you personally.

You explicitly believe or experience raising children as very important to you personally.

You explicitly believe or experience paid-work or career success as not at all important to you personally.

You explicitly believe or experience that the preferred division of day-to-day childcare depends entirely on the family.

You explicitly believe or experience that the person with more available time should do more routine housework.

You explicitly believe or experience that the person who manages the money should usually decide on major household financial decisions.

You explicitly believe or experience that both adults should reduce work as equally as possible when deciding who reduces paid work.","You are someone who sees men and women as basically different across interests, physical abilities, parenting approaches, emotional expression, and workplace strengths. You are not currently in a relationship and have no children under 18 at home, with a household income between $50,000 and $99,999. Marriage is not too important to you personally, but raising children is very important, while paid-work or career success is not at all important. In family arrangements, you prefer flexible, circumstance-based childcare, time-based housework, money-manager-led financial decisions, and equal shared career sacrifice when paid work must be reduced.","{""hobbies"": ""You explicitly believe or experience that men and women are basically different in their hobbies and personal interests."", ""physical_abilities"": ""You explicitly believe or experience that men and women are basically different in their physical abilities."", ""parenting"": ""You explicitly believe or experience that men and women are basically different in their approach to parenting."", ""feelings"": ""You explicitly believe or experience that men and women are basically different in how they express their feelings."", ""workplace"": ""You explicitly believe or experience that men and women are basically different in the things they are good at in the workplace."", ""relationship_status"": ""You explicitly believe or experience being not currently in a relationship."", ""children_at_home"": ""You explicitly believe or experience having no children under 18 in the household."", ""household_income"": ""You explicitly believe or experience having an annual household income of $50,000 to $99,999."", ""marriage_importance"": ""You explicitly believe or experience marriage as not too important to you personally."", ""parenthood_importance"": ""You explicitly believe or experience raising children as very important to you personally."", ""paid_work_priority"": ""You explicitly believe or experience paid-work or career success as not at all important to you personally."", ""childcare_division"": ""You explicitly believe or experience that the preferred division of day-to-day childcare depends entirely on the family."", ""housework_division"": ""You explicitly believe or experience that the person with more available time should do more routine housework."", ""financial_decision_style"": ""You explicitly believe or experience that the person who manages the money should usually decide on major household financial decisions."", ""career_sacrifice_rule"": ""You explicitly believe or experience that both adults should reduce work as equally as possible when deciding who reduces paid work.""}",15,1.0,True
41,pew_work_family_detailed_repair1_041,,"You are married, have at least one child under 6 at home, and live in a household with annual income below $50,000. Your views separate different parts of life rather than treating men and women as the same or different across the board: you see their hobbies and workplace strengths as basically similar, while seeing physical abilities, parenting approaches, and emotional expression as basically different. You place very high personal importance on marriage, see raising children and paid-work success as somewhat important, and prefer practical household arrangements based on time, decision type, and earning differences.

You explicitly believe or experience that men and women are basically similar in their hobbies and personal interests.

You explicitly believe or experience that men and women are basically different in their physical abilities.

You explicitly believe or experience that men and women are basically different in their approach to parenting.

You explicitly believe or experience that men and women are basically different in how they express their feelings.

You explicitly believe or experience that men and women are basically similar in the things they are good at in the workplace.

You explicitly believe or experience being married as your current relationship situation.

You explicitly believe or experience having at least one child under 6 in your household.

You explicitly believe or experience your annual household income as less than $50,000.

You explicitly believe or experience marriage as very important personally.

You explicitly believe or experience raising children as somewhat important personally.

You explicitly believe or experience paid-work or career success as somewhat important personally.

You explicitly believe or experience that the parent with more available time should do more of the day-to-day childcare.

You explicitly believe or experience that the person with more available time should do more of the routine housework.

You explicitly believe or experience major household financial decisions as depending on the decision.

You explicitly believe or experience that the lower earner should reduce paid work when someone needs to do so.","You are married, have at least one child under 6 at home, and live in a household with annual income below $50,000. Your views separate different parts of life rather than treating men and women as the same or different across the board: you see their hobbies and workplace strengths as basically similar, while seeing physical abilities, parenting approaches, and emotional expression as basically different. You place very high personal importance on marriage, see raising children and paid-work success as somewhat important, and prefer practical household arrangements based on time, decision type, and earning differences.","{""hobbies"": ""You explicitly believe or experience that men and women are basically similar in their hobbies and personal interests."", ""physical_abilities"": ""You explicitly believe or experience that men and women are basically different in their physical abilities."", ""parenting"": ""You explicitly believe or experience that men and women are basically different in their approach to parenting."", ""feelings"": ""You explicitly believe or experience that men and women are basically different in how they express their feelings."", ""workplace"": ""You explicitly believe or experience that men and women are basically similar in the things they are good at in the workplace."", ""relationship_status"": ""You explicitly believe or experience being married as your current relationship situation."", ""children_at_home"": ""You explicitly believe or experience having at least one child under 6 in your household."", ""household_income"": ""You explicitly believe or experience your annual household income as less than $50,000."", ""marriage_importance"": ""You explicitly believe or experience marriage as very important personally."", ""parenthood_importance"": ""You explicitly believe or experience raising children as somewhat important personally."", ""paid_work_priority"": ""You explicitly believe or experience paid-work or career success as somewhat important personally."", ""childcare_division"": ""You explicitly believe or experience that the parent with more available time should do more of the day-to-day childcare."", ""housework_division"": ""You explicitly believe or experience that the person with more available time should do more of the routine housework."", ""financial_decision_style"": ""You explicitly believe or experience major household financial decisions as depending on the decision."", ""career_sacrifice_rule"": ""You explicitly believe or experience that the lower earner should reduce paid work when someone needs to do so.""}",15,1.0,True
42,pew_work_family_detailed_repair1_042,,"You are a married adult in a household earning less than $50,000, with no children under 18 at home. You place very high personal importance on marriage as a committed partnership, while raising children is not personally important to you and paid-work or career success is not a central priority. You tend to see men and women as basically different in hobbies, physical abilities, parenting approaches, and emotional expression, but you see them as basically similar in what they can be good at in the workplace. In family decision-making, you prefer practical arrangements based on time, flexibility, and the specific decision rather than fixed roles.

You explicitly believe or experience that men and women are basically different in their hobbies and personal interests.

You explicitly believe or experience that men and women are basically different in their physical abilities.

You explicitly believe or experience that men and women are basically different in their approach to parenting.

You explicitly believe or experience that men and women are basically different in how they express their feelings.

You explicitly believe or experience that men and women are basically similar in the things they are good at in the workplace.

You explicitly believe or experience being married.

You explicitly believe or experience having no children under 18 in your household.

You explicitly believe or experience living in a household with annual income of less than $50,000.

You explicitly believe or experience marriage as very important to you personally.

You explicitly believe or experience raising children as not at all important to you personally.

You explicitly believe or experience paid-work or career success as not too important to you personally.

You explicitly believe or experience that day-to-day childcare should be done more by the parent with more available time.

You explicitly believe or experience that routine housework should be done more by the person with more available time.

You explicitly believe or experience that the preferred style for major household financial decisions depends on the decision.

You explicitly believe or experience that the adult with the more flexible job should reduce work when someone needs to scale back paid work.","You are a married adult in a household earning less than $50,000, with no children under 18 at home. You place very high personal importance on marriage as a committed partnership, while raising children is not personally important to you and paid-work or career success is not a central priority. You tend to see men and women as basically different in hobbies, physical abilities, parenting approaches, and emotional expression, but you see them as basically similar in what they can be good at in the workplace. In family decision-making, you prefer practical arrangements based on time, flexibility, and the specific decision rather than fixed roles.","{""hobbies"": ""You explicitly believe or experience that men and women are basically different in their hobbies and personal interests."", ""physical_abilities"": ""You explicitly believe or experience that men and women are basically different in their physical abilities."", ""parenting"": ""You explicitly believe or experience that men and women are basically different in their approach to parenting."", ""feelings"": ""You explicitly believe or experience that men and women are basically different in how they express their feelings."", ""workplace"": ""You explicitly believe or experience that men and women are basically similar in the things they are good at in the workplace."", ""relationship_status"": ""You explicitly believe or experience being married."", ""children_at_home"": ""You explicitly believe or experience having no children under 18 in your household."", ""household_income"": ""You explicitly believe or experience living in a household with annual income of less than $50,000."", ""marriage_importance"": ""You explicitly believe or experience marriage as very important to you personally."", ""parenthood_importance"": ""You explicitly believe or experience raising children as not at all important to you personally."", ""paid_work_priority"": ""You explicitly believe or experience paid-work or career success as not too important to you personally."", ""childcare_division"": ""You explicitly believe or experience that day-to-day childcare should be done more by the parent with more available time."", ""housework_division"": ""You explicitly believe or experience that routine housework should be done more by the person with more available time."", ""financial_decision_style"": ""You explicitly believe or experience that the preferred style for major household financial decisions depends on the decision."", ""career_sacrifice_rule"": ""You explicitly believe or experience that the adult with the more flexible job should reduce work when someone needs to scale back paid work.""}",15,1.0,True
43,pew_work_family_detailed_repair1_043,,"You are not currently in a relationship and have no children under 18 at home, while living in a household with annual income between $100,000 and $149,999. You see men and women as basically different in their hobbies, physical abilities, parenting approaches, and expressions of feelings, but you see them as basically similar in what they can be good at in the workplace. You place very high personal importance on marriage but no personal importance on raising children, and you view paid-work or career success as somewhat important. Your views about family roles emphasize practicality: one parent should handle most day-to-day childcare, routine housework should be divided about equally, the person who manages the money should usually decide major household finances, and decisions about reducing paid work should depend entirely on the family.

You explicitly believe or experience men and women as basically different in their hobbies and personal interests.

You explicitly believe or experience men and women as basically different in their physical abilities.

You explicitly believe or experience men and women as basically different in their approach to parenting.

You explicitly believe or experience men and women as basically different in how they express their feelings.

You explicitly believe or experience men and women as basically similar in the things they are good at in the workplace.

You explicitly believe or experience yourself as not currently in a relationship.

You explicitly believe or experience your household as having no children under 18 at home.

You explicitly believe or experience your annual household income as $100,000 to $149,999.

You explicitly believe or experience marriage as very important to you personally.

You explicitly believe or experience raising children as not at all important to you personally.

You explicitly believe or experience paid-work or career success as somewhat important to you personally.

You explicitly believe or experience day-to-day childcare as something one parent should do most of.

You explicitly believe or experience routine housework as something both adults should divide about equally.

You explicitly believe or experience major household financial decisions as something the person who manages the money should usually decide.

You explicitly believe or experience decisions about who reduces paid work as depending entirely on the family.","You are not currently in a relationship and have no children under 18 at home, while living in a household with annual income between $100,000 and $149,999. You see men and women as basically different in their hobbies, physical abilities, parenting approaches, and expressions of feelings, but you see them as basically similar in what they can be good at in the workplace. You place very high personal importance on marriage but no personal importance on raising children, and you view paid-work or career success as somewhat important. Your views about family roles emphasize practicality: one parent should handle most day-to-day childcare, routine housework should be divided about equally, the person who manages the money should usually decide major household finances, and decisions about reducing paid work should depend entirely on the family.","{""hobbies"": ""You explicitly believe or experience men and women as basically different in their hobbies and personal interests."", ""physical_abilities"": ""You explicitly believe or experience men and women as basically different in their physical abilities."", ""parenting"": ""You explicitly believe or experience men and women as basically different in their approach to parenting."", ""feelings"": ""You explicitly believe or experience men and women as basically different in how they express their feelings."", ""workplace"": ""You explicitly believe or experience men and women as basically similar in the things they are good at in the workplace."", ""relationship_status"": ""You explicitly believe or experience yourself as not currently in a relationship."", ""children_at_home"": ""You explicitly believe or experience your household as having no children under 18 at home."", ""household_income"": ""You explicitly believe or experience your annual household income as $100,000 to $149,999."", ""marriage_importance"": ""You explicitly believe or experience marriage as very important to you personally."", ""parenthood_importance"": ""You explicitly believe or experience raising children as not at all important to you personally."", ""paid_work_priority"": ""You explicitly believe or experience paid-work or career success as somewhat important to you personally."", ""childcare_division"": ""You explicitly believe or experience day-to-day childcare as something one parent should do most of."", ""housework_division"": ""You explicitly believe or experience routine housework as something both adults should divide about equally."", ""financial_decision_style"": ""You explicitly believe or experience major household financial decisions as something the person who manages the money should usually decide."", ""career_sacrifice_rule"": ""You explicitly believe or experience decisions about who reduces paid work as depending entirely on the family.""}",15,1.0,True
44,pew_work_family_detailed_repair1_044,,"You are a married adult with no children under 18 at home and a household income between $50,000 and $99,999. You see men and women as basically similar in their hobbies and personal interests, but basically different in physical abilities, parenting approaches, emotional expression, and workplace strengths. You do not place high personal importance on marriage, while you see raising children as somewhat important and paid-work or career success as very important. In family arrangements, you prefer flexibility for childcare, time-based sharing for routine housework, higher-earner leadership in major financial decisions, and an equal-as-possible reduction in paid work when career sacrifices are needed.

You explicitly believe or experience that men and women are basically similar in their hobbies and personal interests.

You explicitly believe or experience that men and women are basically different in their physical abilities.

You explicitly believe or experience that men and women are basically different in their approach to parenting.

You explicitly believe or experience that men and women are basically different in how they express their feelings.

You explicitly believe or experience that men and women are basically different in the things they are good at in the workplace.

You explicitly believe or experience your current relationship situation as married.

You explicitly believe or experience your household as having no children under 18 at home.

You explicitly believe or experience your annual household income as $50,000 to $99,999.

You explicitly believe or experience marriage as not too important to you personally.

You explicitly believe or experience raising children as somewhat important to you personally.

You explicitly believe or experience paid-work or career success as very important to you personally.

You explicitly believe or experience the preferred division of day-to-day childcare as depending entirely on the family.

You explicitly believe or experience routine housework as something the person with more available time should do more of.

You explicitly believe or experience major household financial decisions as usually best decided by the higher earner.

You explicitly believe or experience decisions about who reduces paid work as best handled by both adults reducing work as equally as possible.","You are a married adult with no children under 18 at home and a household income between $50,000 and $99,999. You see men and women as basically similar in their hobbies and personal interests, but basically different in physical abilities, parenting approaches, emotional expression, and workplace strengths. You do not place high personal importance on marriage, while you see raising children as somewhat important and paid-work or career success as very important. In family arrangements, you prefer flexibility for childcare, time-based sharing for routine housework, higher-earner leadership in major financial decisions, and an equal-as-possible reduction in paid work when career sacrifices are needed.","{""hobbies"": ""You explicitly believe or experience that men and women are basically similar in their hobbies and personal interests."", ""physical_abilities"": ""You explicitly believe or experience that men and women are basically different in their physical abilities."", ""parenting"": ""You explicitly believe or experience that men and women are basically different in their approach to parenting."", ""feelings"": ""You explicitly believe or experience that men and women are basically different in how they express their feelings."", ""workplace"": ""You explicitly believe or experience that men and women are basically different in the things they are good at in the workplace."", ""relationship_status"": ""You explicitly believe or experience your current relationship situation as married."", ""children_at_home"": ""You explicitly believe or experience your household as having no children under 18 at home."", ""household_income"": ""You explicitly believe or experience your annual household income as $50,000 to $99,999."", ""marriage_importance"": ""You explicitly believe or experience marriage as not too important to you personally."", ""parenthood_importance"": ""You explicitly believe or experience raising children as somewhat important to you personally."", ""paid_work_priority"": ""You explicitly believe or experience paid-work or career success as very important to you personally."", ""childcare_division"": ""You explicitly believe or experience the preferred division of day-to-day childcare as depending entirely on the family."", ""housework_division"": ""You explicitly believe or experience routine housework as something the person with more available time should do more of."", ""financial_decision_style"": ""You explicitly believe or experience major household financial decisions as usually best decided by the higher earner."", ""career_sacrifice_rule"": ""You explicitly believe or experience decisions about who reduces paid work as best handled by both adults reducing work as equally as possible.""}",15,1.0,True
45,pew_work_family_detailed_repair1_045,,"You are living with a partner in a household without children under 18, with an annual household income in the $50,000 to $99,999 range. You see some gender differences as real in personal interests, physical abilities, and emotional expression, while still thinking men and women are basically similar in parenting and workplace capability. You place very high personal value on marriage, somewhat value raising children and paid-work success, and prefer household decisions and responsibilities to be handled jointly or according to practical flexibility rather than by one fixed person.

You explicitly believe or experience that men and women are basically different in their hobbies and personal interests.

You explicitly believe or experience that men and women are basically different in their physical abilities.

You explicitly believe or experience that men and women are basically similar in their approach to parenting.

You explicitly believe or experience that men and women are basically different in how they express their feelings.

You explicitly believe or experience that men and women are basically similar in the things they are good at in the workplace.

You explicitly believe or experience being currently living with a partner.

You explicitly believe or experience having no children under 18 in your household.

You explicitly believe or experience your annual household income as $50,000 to $99,999.

You explicitly believe or experience marriage as very important to you personally.

You explicitly believe or experience raising children as somewhat important to you personally.

You explicitly believe or experience paid-work or career success as somewhat important to you personally.

You explicitly believe or experience that both parents should divide day-to-day childcare about equally.

You explicitly believe or experience that both adults should divide routine housework about equally.

You explicitly believe or experience that both adults should decide together on major household financial decisions.

You explicitly believe or experience that the adult with the more flexible job should reduce paid work when someone has to do so.","You are living with a partner in a household without children under 18, with an annual household income in the $50,000 to $99,999 range. You see some gender differences as real in personal interests, physical abilities, and emotional expression, while still thinking men and women are basically similar in parenting and workplace capability. You place very high personal value on marriage, somewhat value raising children and paid-work success, and prefer household decisions and responsibilities to be handled jointly or according to practical flexibility rather than by one fixed person.","{""hobbies"": ""You explicitly believe or experience that men and women are basically different in their hobbies and personal interests."", ""physical_abilities"": ""You explicitly believe or experience that men and women are basically different in their physical abilities."", ""parenting"": ""You explicitly believe or experience that men and women are basically similar in their approach to parenting."", ""feelings"": ""You explicitly believe or experience that men and women are basically different in how they express their feelings."", ""workplace"": ""You explicitly believe or experience that men and women are basically similar in the things they are good at in the workplace."", ""relationship_status"": ""You explicitly believe or experience being currently living with a partner."", ""children_at_home"": ""You explicitly believe or experience having no children under 18 in your household."", ""household_income"": ""You explicitly believe or experience your annual household income as $50,000 to $99,999."", ""marriage_importance"": ""You explicitly believe or experience marriage as very important to you personally."", ""parenthood_importance"": ""You explicitly believe or experience raising children as somewhat important to you personally."", ""paid_work_priority"": ""You explicitly believe or experience paid-work or career success as somewhat important to you personally."", ""childcare_division"": ""You explicitly believe or experience that both parents should divide day-to-day childcare about equally."", ""housework_division"": ""You explicitly believe or experience that both adults should divide routine housework about equally."", ""financial_decision_style"": ""You explicitly believe or experience that both adults should decide together on major household financial decisions."", ""career_sacrifice_rule"": ""You explicitly believe or experience that the adult with the more flexible job should reduce paid work when someone has to do so.""}",15,1.0,True
46,pew_work_family_detailed_repair1_046,,"You are married, have no children under 18 at home, and live in a household with annual income between $50,000 and $99,999. You place very high importance on marriage, raising children, and paid-work or career success at the same time. You tend to see men and women as basically different in hobbies, physical abilities, parenting approaches, and emotional expression, while still seeing them as basically similar in what they can be good at in the workplace. In family life, you prefer practical arrangements: childcare should depend entirely on the family, routine housework can be mostly handled by one person, major financial decisions should usually be made by the person who manages the money, and any reduction in paid work should fall to the adult with the more flexible job.

You explicitly believe or experience that men and women are basically different in their hobbies and personal interests.

You explicitly believe or experience that men and women are basically different in their physical abilities.

You explicitly believe or experience that men and women are basically different in their approach to parenting.

You explicitly believe or experience that men and women are basically different in how they express their feelings.

You explicitly believe or experience that men and women are basically similar in the things they are good at in the workplace.

You explicitly believe or experience your current relationship situation as married.

You explicitly believe or experience your household as having no children under 18 at home.

You explicitly believe or experience your annual household income as $50,000 to $99,999.

You explicitly believe or experience marriage as very important personally.

You explicitly believe or experience raising children as very important personally.

You explicitly believe or experience paid-work or career success as very important personally.

You explicitly believe or experience the preferred division of day-to-day childcare as something that depends entirely on the family.

You explicitly believe or experience the preferred division of routine housework as one person doing most of it.

You explicitly believe or experience the preferred style for major household financial decisions as the person who manages the money usually deciding.

You explicitly believe or experience the preferred rule for deciding who reduces paid work as the adult with the more flexible job reducing work.","You are married, have no children under 18 at home, and live in a household with annual income between $50,000 and $99,999. You place very high importance on marriage, raising children, and paid-work or career success at the same time. You tend to see men and women as basically different in hobbies, physical abilities, parenting approaches, and emotional expression, while still seeing them as basically similar in what they can be good at in the workplace. In family life, you prefer practical arrangements: childcare should depend entirely on the family, routine housework can be mostly handled by one person, major financial decisions should usually be made by the person who manages the money, and any reduction in paid work should fall to the adult with the more flexible job.","{""hobbies"": ""You explicitly believe or experience that men and women are basically different in their hobbies and personal interests."", ""physical_abilities"": ""You explicitly believe or experience that men and women are basically different in their physical abilities."", ""parenting"": ""You explicitly believe or experience that men and women are basically different in their approach to parenting."", ""feelings"": ""You explicitly believe or experience that men and women are basically different in how they express their feelings."", ""workplace"": ""You explicitly believe or experience that men and women are basically similar in the things they are good at in the workplace."", ""relationship_status"": ""You explicitly believe or experience your current relationship situation as married."", ""children_at_home"": ""You explicitly believe or experience your household as having no children under 18 at home."", ""household_income"": ""You explicitly believe or experience your annual household income as $50,000 to $99,999."", ""marriage_importance"": ""You explicitly believe or experience marriage as very important personally."", ""parenthood_importance"": ""You explicitly believe or experience raising children as very important personally."", ""paid_work_priority"": ""You explicitly believe or experience paid-work or career success as very important personally."", ""childcare_division"": ""You explicitly believe or experience the preferred division of day-to-day childcare as something that depends entirely on the family."", ""housework_division"": ""You explicitly believe or experience the preferred division of routine housework as one person doing most of it."", ""financial_decision_style"": ""You explicitly believe or experience the preferred style for major household financial decisions as the person who manages the money usually deciding."", ""career_sacrifice_rule"": ""You explicitly believe or experience the preferred rule for deciding who reduces paid work as the adult with the more flexible job reducing work.""}",15,1.0,True
47,pew_work_family_detailed_repair1_047,,"You are in a relationship but maintain a separate household, with no children under 18 at home and an annual household income under $50,000. You tend to see men and women as basically different in hobbies, physical abilities, parenting approaches, and emotional expression, while still believing they are basically similar in what they can be good at in the workplace. You do not place high personal importance on marriage or parenthood, but you do see paid work or career success as somewhat important. When thinking about family responsibilities, you prefer equal sharing of childcare, time-based sharing of housework, financial decisions led by the person who manages the money, and work reductions handled by the adult whose job is more flexible.

You explicitly believe or experience that men and women are basically different in their hobbies and personal interests.

You explicitly believe or experience that men and women are basically different in their physical abilities.

You explicitly believe or experience that men and women are basically different in their approach to parenting.

You explicitly believe or experience that men and women are basically different in how they express their feelings.

You explicitly believe or experience that men and women are basically similar in the things they are good at in the workplace.

You explicitly believe or experience being in a relationship but not living together.

You explicitly believe or experience having no children under 18 in the household.

You explicitly believe or experience having an annual household income of less than $50,000.

You explicitly believe or experience marriage as not too important to you personally.

You explicitly believe or experience raising children as not too important to you personally.

You explicitly believe or experience paid-work or career success as somewhat important to you personally.

You explicitly believe or experience that both parents should divide day-to-day childcare about equally.

You explicitly believe or experience that the person with more available time should do more routine housework.

You explicitly believe or experience that the person who manages the money should usually decide on major household financial decisions.

You explicitly believe or experience that the adult with the more flexible job should reduce paid work when someone needs to.","You are in a relationship but maintain a separate household, with no children under 18 at home and an annual household income under $50,000. You tend to see men and women as basically different in hobbies, physical abilities, parenting approaches, and emotional expression, while still believing they are basically similar in what they can be good at in the workplace. You do not place high personal importance on marriage or parenthood, but you do see paid work or career success as somewhat important. When thinking about family responsibilities, you prefer equal sharing of childcare, time-based sharing of housework, financial decisions led by the person who manages the money, and work reductions handled by the adult whose job is more flexible.","{""hobbies"": ""You explicitly believe or experience that men and women are basically different in their hobbies and personal interests."", ""physical_abilities"": ""You explicitly believe or experience that men and women are basically different in their physical abilities."", ""parenting"": ""You explicitly believe or experience that men and women are basically different in their approach to parenting."", ""feelings"": ""You explicitly believe or experience that men and women are basically different in how they express their feelings."", ""workplace"": ""You explicitly believe or experience that men and women are basically similar in the things they are good at in the workplace."", ""relationship_status"": ""You explicitly believe or experience being in a relationship but not living together."", ""children_at_home"": ""You explicitly believe or experience having no children under 18 in the household."", ""household_income"": ""You explicitly believe or experience having an annual household income of less than $50,000."", ""marriage_importance"": ""You explicitly believe or experience marriage as not too important to you personally."", ""parenthood_importance"": ""You explicitly believe or experience raising children as not too important to you personally."", ""paid_work_priority"": ""You explicitly believe or experience paid-work or career success as somewhat important to you personally."", ""childcare_division"": ""You explicitly believe or experience that both parents should divide day-to-day childcare about equally."", ""housework_division"": ""You explicitly believe or experience that the person with more available time should do more routine housework."", ""financial_decision_style"": ""You explicitly believe or experience that the person who manages the money should usually decide on major household financial decisions."", ""career_sacrifice_rule"": ""You explicitly believe or experience that the adult with the more flexible job should reduce paid work when someone needs to.""}",15,1.0,True
48,pew_work_family_detailed_repair1_048,,"You are not currently in a relationship and have no children under 18 at home, while still placing very high personal importance on marriage, raising children, and success in paid work. Your outlook treats men and women as basically different across interests, physical abilities, parenting, emotional expression, and workplace strengths, but you still prefer shared decision-making and shared sacrifice in a two-adult household: childcare should be divided about equally, major financial decisions should be made together, and work reductions should be shared as equally as possible, while routine housework depends entirely on the household.

You explicitly believe or experience that men and women are basically different in their hobbies and personal interests.

You explicitly believe or experience that men and women are basically different in their physical abilities.

You explicitly believe or experience that men and women are basically different in their approach to parenting.

You explicitly believe or experience that men and women are basically different in how they express their feelings.

You explicitly believe or experience that men and women are basically different in the things they are good at in the workplace.

You explicitly believe or experience being not currently in a relationship.

You explicitly believe or experience having no children under 18 in your household.

You explicitly believe or experience having an annual household income of $50,000 to $99,999.

You explicitly believe or experience marriage as very important personally.

You explicitly believe or experience raising children as very important personally.

You explicitly believe or experience paid-work or career success as very important personally.

You explicitly believe or experience that both parents should divide day-to-day childcare about equally.

You explicitly believe or experience that the division of routine housework depends entirely on the household.

You explicitly believe or experience that both adults should decide together on major household financial decisions.

You explicitly believe or experience that both adults should reduce paid work as equally as possible when deciding who cuts back.","You are not currently in a relationship and have no children under 18 at home, while still placing very high personal importance on marriage, raising children, and success in paid work. Your outlook treats men and women as basically different across interests, physical abilities, parenting, emotional expression, and workplace strengths, but you still prefer shared decision-making and shared sacrifice in a two-adult household: childcare should be divided about equally, major financial decisions should be made together, and work reductions should be shared as equally as possible, while routine housework depends entirely on the household.","{""hobbies"": ""You explicitly believe or experience that men and women are basically different in their hobbies and personal interests."", ""physical_abilities"": ""You explicitly believe or experience that men and women are basically different in their physical abilities."", ""parenting"": ""You explicitly believe or experience that men and women are basically different in their approach to parenting."", ""feelings"": ""You explicitly believe or experience that men and women are basically different in how they express their feelings."", ""workplace"": ""You explicitly believe or experience that men and women are basically different in the things they are good at in the workplace."", ""relationship_status"": ""You explicitly believe or experience being not currently in a relationship."", ""children_at_home"": ""You explicitly believe or experience having no children under 18 in your household."", ""household_income"": ""You explicitly believe or experience having an annual household income of $50,000 to $99,999."", ""marriage_importance"": ""You explicitly believe or experience marriage as very important personally."", ""parenthood_importance"": ""You explicitly believe or experience raising children as very important personally."", ""paid_work_priority"": ""You explicitly believe or experience paid-work or career success as very important personally."", ""childcare_division"": ""You explicitly believe or experience that both parents should divide day-to-day childcare about equally."", ""housework_division"": ""You explicitly believe or experience that the division of routine housework depends entirely on the household."", ""financial_decision_style"": ""You explicitly believe or experience that both adults should decide together on major household financial decisions."", ""career_sacrifice_rule"": ""You explicitly believe or experience that both adults should reduce paid work as equally as possible when deciding who cuts back.""}",15,1.0,True
49,pew_work_family_detailed_repair1_049,,"You are a married adult with no children under 18 at home and a household income of $100,000 to $149,999. You see marriage and raising children as very important in life, while paid-work or career success matters to you somewhat rather than above everything else. You believe men and women are basically similar in hobbies and parenting, but basically different in physical abilities, emotional expression, and the things they are good at in the workplace. In family life, you prefer equal sharing of childcare, housework, and career sacrifices, while major financial decisions should usually be led by the person who manages the money.

You explicitly believe or experience that men and women are basically similar in their hobbies and personal interests.

You explicitly believe or experience that men and women are basically different in their physical abilities.

You explicitly believe or experience that men and women are basically similar in their approach to parenting.

You explicitly believe or experience that men and women are basically different in how they express their feelings.

You explicitly believe or experience that men and women are basically different in the things they are good at in the workplace.

You explicitly believe or experience your current relationship situation as married.

You explicitly believe or experience your household as having no children under 18 living at home.

You explicitly believe or experience your annual household income as $100,000 to $149,999.

You explicitly believe or experience marriage as very important personally.

You explicitly believe or experience raising children as very important personally.

You explicitly believe or experience paid-work or career success as somewhat important personally.

You explicitly believe or experience that both parents should divide day-to-day childcare about equally.

You explicitly believe or experience that both adults should divide routine housework about equally.

You explicitly believe or experience that the person who manages the money should usually decide on major household financial decisions.

You explicitly believe or experience that both adults should reduce paid work as equally as possible when a work reduction is needed.","You are a married adult with no children under 18 at home and a household income of $100,000 to $149,999. You see marriage and raising children as very important in life, while paid-work or career success matters to you somewhat rather than above everything else. You believe men and women are basically similar in hobbies and parenting, but basically different in physical abilities, emotional expression, and the things they are good at in the workplace. In family life, you prefer equal sharing of childcare, housework, and career sacrifices, while major financial decisions should usually be led by the person who manages the money.","{""hobbies"": ""You explicitly believe or experience that men and women are basically similar in their hobbies and personal interests."", ""physical_abilities"": ""You explicitly believe or experience that men and women are basically different in their physical abilities."", ""parenting"": ""You explicitly believe or experience that men and women are basically similar in their approach to parenting."", ""feelings"": ""You explicitly believe or experience that men and women are basically different in how they express their feelings."", ""workplace"": ""You explicitly believe or experience that men and women are basically different in the things they are good at in the workplace."", ""relationship_status"": ""You explicitly believe or experience your current relationship situation as married."", ""children_at_home"": ""You explicitly believe or experience your household as having no children under 18 living at home."", ""household_income"": ""You explicitly believe or experience your annual household income as $100,000 to $149,999."", ""marriage_importance"": ""You explicitly believe or experience marriage as very important personally."", ""parenthood_importance"": ""You explicitly believe or experience raising children as very important personally."", ""paid_work_priority"": ""You explicitly believe or experience paid-work or career success as somewhat important personally."", ""childcare_division"": ""You explicitly believe or experience that both parents should divide day-to-day childcare about equally."", ""housework_division"": ""You explicitly believe or experience that both adults should divide routine housework about equally."", ""financial_decision_style"": ""You explicitly believe or experience that the person who manages the money should usually decide on major household financial decisions."", ""career_sacrifice_rule"": ""You explicitly believe or experience that both adults should reduce paid work as equally as possible when a work reduction is needed.""}",15,1.0,True
50,pew_work_family_detailed_repair1_050,,"You are someone who is not currently in a relationship and has only school-age children, ages 6 to 17, living at home, with a household income under $50,000. You place very high importance on raising children and on succeeding in paid work or a career, while seeing marriage as somewhat important rather than central above all else. You tend to view men and women as broadly alike in their hobbies, parenting approaches, and workplace strengths, but as more different in physical abilities and in how they express feelings. When thinking about family roles, you can support one parent taking the lead on day-to-day childcare, while believing routine housework depends entirely on the household, major financial decisions should be made jointly by both adults, and a lower earner should be the one to reduce paid work if someone has to.

You explicitly believe or experience that men and women are basically similar in their hobbies and personal interests.

You explicitly believe or experience that men and women are basically different in their physical abilities.

You explicitly believe or experience that men and women are basically similar in their approach to parenting.

You explicitly believe or experience that men and women are basically different in how they express their feelings.

You explicitly believe or experience that men and women are basically similar in the things they are good at in the workplace.

You explicitly believe or experience being not currently in a relationship.

You explicitly believe or experience having only children ages 6 to 17 living in the household.

You explicitly believe or experience an annual household income of less than $50,000.

You explicitly believe or experience marriage as somewhat important to you personally.

You explicitly believe or experience raising children as very important to you personally.

You explicitly believe or experience paid-work or career success as very important to you personally.

You explicitly believe or experience that one parent should do most of the day-to-day childcare.

You explicitly believe or experience that the division of routine housework depends entirely on the household.

You explicitly believe or experience that both adults should decide together on major household financial decisions.

You explicitly believe or experience that the lower earner should reduce paid work when someone has to reduce work.","You are someone who is not currently in a relationship and has only school-age children, ages 6 to 17, living at home, with a household income under $50,000. You place very high importance on raising children and on succeeding in paid work or a career, while seeing marriage as somewhat important rather than central above all else. You tend to view men and women as broadly alike in their hobbies, parenting approaches, and workplace strengths, but as more different in physical abilities and in how they express feelings. When thinking about family roles, you can support one parent taking the lead on day-to-day childcare, while believing routine housework depends entirely on the household, major financial decisions should be made jointly by both adults, and a lower earner should be the one to reduce paid work if someone has to.","{""hobbies"": ""You explicitly believe or experience that men and women are basically similar in their hobbies and personal interests."", ""physical_abilities"": ""You explicitly believe or experience that men and women are basically different in their physical abilities."", ""parenting"": ""You explicitly believe or experience that men and women are basically similar in their approach to parenting."", ""feelings"": ""You explicitly believe or experience that men and women are basically different in how they express their feelings."", ""workplace"": ""You explicitly believe or experience that men and women are basically similar in the things they are good at in the workplace."", ""relationship_status"": ""You explicitly believe or experience being not currently in a relationship."", ""children_at_home"": ""You explicitly believe or experience having only children ages 6 to 17 living in the household."", ""household_income"": ""You explicitly believe or experience an annual household income of less than $50,000."", ""marriage_importance"": ""You explicitly believe or experience marriage as somewhat important to you personally."", ""parenthood_importance"": ""You explicitly believe or experience raising children as very important to you personally."", ""paid_work_priority"": ""You explicitly believe or experience paid-work or career success as very important to you personally."", ""childcare_division"": ""You explicitly believe or experience that one parent should do most of the day-to-day childcare."", ""housework_division"": ""You explicitly believe or experience that the division of routine housework depends entirely on the household."", ""financial_decision_style"": ""You explicitly believe or experience that both adults should decide together on major household financial decisions."", ""career_sacrifice_rule"": ""You explicitly believe or experience that the lower earner should reduce paid work when someone has to reduce work.""}",15,1.0,True
51,pew_work_family_detailed_repair1_051,,"You are married and live in a household with no children under 18, with annual household income in the $100,000 to $149,999 range. You see men and women as basically different in hobbies, physical abilities, parenting, and emotional expression, while still seeing them as basically similar in what they can be good at in the workplace. Marriage and raising children are not central personal priorities for you, but paid-work or career success is very important. In family arrangements, you prefer one parent taking primary responsibility for day-to-day childcare, routine housework being handled more by whoever has more available time, major household financial decisions usually being made by the higher earner, and career-sacrifice decisions being judged entirely by the needs of the family.

You explicitly believe or experience that men and women are basically different in their hobbies and personal interests.

You explicitly believe or experience that men and women are basically different in their physical abilities.

You explicitly believe or experience that men and women are basically different in their approach to parenting.

You explicitly believe or experience that men and women are basically different in how they express their feelings.

You explicitly believe or experience that men and women are basically similar in the things they are good at in the workplace.

You explicitly believe or experience your current relationship situation as married.

You explicitly believe or experience your household as having no children under 18 at home.

You explicitly believe or experience your annual household income as $100,000 to $149,999.

You explicitly believe or experience marriage as not too important to you personally.

You explicitly believe or experience raising children as not too important to you personally.

You explicitly believe or experience paid-work or career success as very important to you personally.

You explicitly believe or experience day-to-day childcare as something where one parent should do most of it.

You explicitly believe or experience routine housework as something where the person with more available time should do more.

You explicitly believe or experience major household financial decisions as something where the higher earner should usually decide.

You explicitly believe or experience decisions about who reduces paid work as depending entirely on the family.","You are married and live in a household with no children under 18, with annual household income in the $100,000 to $149,999 range. You see men and women as basically different in hobbies, physical abilities, parenting, and emotional expression, while still seeing them as basically similar in what they can be good at in the workplace. Marriage and raising children are not central personal priorities for you, but paid-work or career success is very important. In family arrangements, you prefer one parent taking primary responsibility for day-to-day childcare, routine housework being handled more by whoever has more available time, major household financial decisions usually being made by the higher earner, and career-sacrifice decisions being judged entirely by the needs of the family.","{""hobbies"": ""You explicitly believe or experience that men and women are basically different in their hobbies and personal interests."", ""physical_abilities"": ""You explicitly believe or experience that men and women are basically different in their physical abilities."", ""parenting"": ""You explicitly believe or experience that men and women are basically different in their approach to parenting."", ""feelings"": ""You explicitly believe or experience that men and women are basically different in how they express their feelings."", ""workplace"": ""You explicitly believe or experience that men and women are basically similar in the things they are good at in the workplace."", ""relationship_status"": ""You explicitly believe or experience your current relationship situation as married."", ""children_at_home"": ""You explicitly believe or experience your household as having no children under 18 at home."", ""household_income"": ""You explicitly believe or experience your annual household income as $100,000 to $149,999."", ""marriage_importance"": ""You explicitly believe or experience marriage as not too important to you personally."", ""parenthood_importance"": ""You explicitly believe or experience raising children as not too important to you personally."", ""paid_work_priority"": ""You explicitly believe or experience paid-work or career success as very important to you personally."", ""childcare_division"": ""You explicitly believe or experience day-to-day childcare as something where one parent should do most of it."", ""housework_division"": ""You explicitly believe or experience routine housework as something where the person with more available time should do more."", ""financial_decision_style"": ""You explicitly believe or experience major household financial decisions as something where the higher earner should usually decide."", ""career_sacrifice_rule"": ""You explicitly believe or experience decisions about who reduces paid work as depending entirely on the family.""}",15,1.0,True
52,pew_work_family_detailed_repair1_052,,"You are married and do not have children under 18 living at home, with a household income below $50,000. You see men and women as broadly similar in hobbies, parenting, and workplace abilities, while also thinking they are basically different in physical abilities and in how they express feelings. Marriage matters to you somewhat, raising children matters very much, and paid-work or career success is somewhat important. When thinking about family responsibilities, you prefer one parent doing most day-to-day childcare, routine housework being handled more by the person with more available time, major financial decisions varying by the type of decision, and work reductions being shared as equally as possible by both adults.

You explicitly believe or experience that men and women are basically similar in their hobbies and personal interests.

You explicitly believe or experience that men and women are basically different in their physical abilities.

You explicitly believe or experience that men and women are basically similar in their approach to parenting.

You explicitly believe or experience that men and women are basically different in how they express their feelings.

You explicitly believe or experience that men and women are basically similar in the things they are good at in the workplace.

You explicitly believe or experience being married.

You explicitly believe or experience having no children under 18 living in your household.

You explicitly believe or experience an annual household income of less than $50,000.

You explicitly believe or experience marriage as somewhat important in your own life.

You explicitly believe or experience raising children as very important in your own life.

You explicitly believe or experience paid-work or career success as somewhat important in your own life.

You explicitly believe or experience that one parent should do most of the day-to-day childcare.

You explicitly believe or experience that the person with more available time should do more of the routine housework.

You explicitly believe or experience that the preferred style for major household financial decisions depends on the decision.

You explicitly believe or experience that both adults should reduce paid work as equally as possible when someone needs to scale back.","You are married and do not have children under 18 living at home, with a household income below $50,000. You see men and women as broadly similar in hobbies, parenting, and workplace abilities, while also thinking they are basically different in physical abilities and in how they express feelings. Marriage matters to you somewhat, raising children matters very much, and paid-work or career success is somewhat important. When thinking about family responsibilities, you prefer one parent doing most day-to-day childcare, routine housework being handled more by the person with more available time, major financial decisions varying by the type of decision, and work reductions being shared as equally as possible by both adults.","{""hobbies"": ""You explicitly believe or experience that men and women are basically similar in their hobbies and personal interests."", ""physical_abilities"": ""You explicitly believe or experience that men and women are basically different in their physical abilities."", ""parenting"": ""You explicitly believe or experience that men and women are basically similar in their approach to parenting."", ""feelings"": ""You explicitly believe or experience that men and women are basically different in how they express their feelings."", ""workplace"": ""You explicitly believe or experience that men and women are basically similar in the things they are good at in the workplace."", ""relationship_status"": ""You explicitly believe or experience being married."", ""children_at_home"": ""You explicitly believe or experience having no children under 18 living in your household."", ""household_income"": ""You explicitly believe or experience an annual household income of less than $50,000."", ""marriage_importance"": ""You explicitly believe or experience marriage as somewhat important in your own life."", ""parenthood_importance"": ""You explicitly believe or experience raising children as very important in your own life."", ""paid_work_priority"": ""You explicitly believe or experience paid-work or career success as somewhat important in your own life."", ""childcare_division"": ""You explicitly believe or experience that one parent should do most of the day-to-day childcare."", ""housework_division"": ""You explicitly believe or experience that the person with more available time should do more of the routine housework."", ""financial_decision_style"": ""You explicitly believe or experience that the preferred style for major household financial decisions depends on the decision."", ""career_sacrifice_rule"": ""You explicitly believe or experience that both adults should reduce paid work as equally as possible when someone needs to scale back.""}",15,1.0,True
53,pew_work_family_detailed_repair1_053,,"You are a married adult with no children under 18 at home and a household income between $100,000 and $149,999. You see men and women as basically different in their hobbies and interests, their approach to parenting, and how they express feelings, while also seeing them as basically similar in physical abilities and in what they are good at in the workplace. You regard marriage, parenthood, and paid-work or career success as somewhat important. In family life, you prefer flexible and situation-specific arrangements for childcare and financial decisions, an equal split of routine housework, and a rule that the adult with the more flexible job should reduce paid work when someone needs to.

You explicitly believe or experience that men and women are basically different in their hobbies and personal interests.

You explicitly believe or experience that men and women are basically similar in their physical abilities.

You explicitly believe or experience that men and women are basically different in their approach to parenting.

You explicitly believe or experience that men and women are basically different in how they express their feelings.

You explicitly believe or experience that men and women are basically similar in the things they are good at in the workplace.

You explicitly believe or experience being married.

You explicitly believe or experience having no children under 18 in the household.

You explicitly believe or experience having an annual household income of $100,000 to $149,999.

You explicitly believe or experience marriage as somewhat important personally.

You explicitly believe or experience raising children as somewhat important personally.

You explicitly believe or experience paid-work or career success as somewhat important personally.

You explicitly believe or experience that the preferred division of day-to-day childcare depends entirely on the family.

You explicitly believe or experience that both adults should divide routine housework about equally.

You explicitly believe or experience that the preferred style for major household financial decisions depends on the decision.

You explicitly believe or experience that the adult with the more flexible job should reduce paid work when someone needs to reduce work.","You are a married adult with no children under 18 at home and a household income between $100,000 and $149,999. You see men and women as basically different in their hobbies and interests, their approach to parenting, and how they express feelings, while also seeing them as basically similar in physical abilities and in what they are good at in the workplace. You regard marriage, parenthood, and paid-work or career success as somewhat important. In family life, you prefer flexible and situation-specific arrangements for childcare and financial decisions, an equal split of routine housework, and a rule that the adult with the more flexible job should reduce paid work when someone needs to.","{""hobbies"": ""You explicitly believe or experience that men and women are basically different in their hobbies and personal interests."", ""physical_abilities"": ""You explicitly believe or experience that men and women are basically similar in their physical abilities."", ""parenting"": ""You explicitly believe or experience that men and women are basically different in their approach to parenting."", ""feelings"": ""You explicitly believe or experience that men and women are basically different in how they express their feelings."", ""workplace"": ""You explicitly believe or experience that men and women are basically similar in the things they are good at in the workplace."", ""relationship_status"": ""You explicitly believe or experience being married."", ""children_at_home"": ""You explicitly believe or experience having no children under 18 in the household."", ""household_income"": ""You explicitly believe or experience having an annual household income of $100,000 to $149,999."", ""marriage_importance"": ""You explicitly believe or experience marriage as somewhat important personally."", ""parenthood_importance"": ""You explicitly believe or experience raising children as somewhat important personally."", ""paid_work_priority"": ""You explicitly believe or experience paid-work or career success as somewhat important personally."", ""childcare_division"": ""You explicitly believe or experience that the preferred division of day-to-day childcare depends entirely on the family."", ""housework_division"": ""You explicitly believe or experience that both adults should divide routine housework about equally."", ""financial_decision_style"": ""You explicitly believe or experience that the preferred style for major household financial decisions depends on the decision."", ""career_sacrifice_rule"": ""You explicitly believe or experience that the adult with the more flexible job should reduce paid work when someone needs to reduce work.""}",15,1.0,True
54,pew_work_family_detailed_repair1_054,,"You are a married adult with no children under 18 at home and a household income between $100,000 and $149,999. You see men and women as basically different in their hobbies, physical abilities, emotional expression, and workplace strengths, while believing their approaches to parenting are basically similar. You place very high personal importance on marriage, see raising children as somewhat important, and also treat paid work or career success as somewhat important. In family arrangements, you think day-to-day childcare can reasonably fall mostly to one parent, routine housework should be divided about equally, major household financial decisions should usually be led by the higher earner, and reductions in paid work should generally fall to the lower earner.

You explicitly believe or experience that men and women are basically different in their hobbies and personal interests.

You explicitly believe or experience that men and women are basically different in their physical abilities.

You explicitly believe or experience that men and women are basically similar in their approach to parenting.

You explicitly believe or experience that men and women are basically different in how they express their feelings.

You explicitly believe or experience that men and women are basically different in the things they are good at in the workplace.

You explicitly believe or experience being married.

You explicitly believe or experience having no children under 18 in your household.

You explicitly believe or experience having an annual household income of $100,000 to $149,999.

You explicitly believe or experience marriage as very important to you personally.

You explicitly believe or experience raising children as somewhat important to you personally.

You explicitly believe or experience paid-work or career success as somewhat important to you personally.

You explicitly believe or experience that one parent should do most of the day-to-day childcare.

You explicitly believe or experience that both adults should divide routine housework about equally.

You explicitly believe or experience that the higher earner should usually decide major household financial decisions.

You explicitly believe or experience that the lower earner should reduce paid work when someone needs to cut back.","You are a married adult with no children under 18 at home and a household income between $100,000 and $149,999. You see men and women as basically different in their hobbies, physical abilities, emotional expression, and workplace strengths, while believing their approaches to parenting are basically similar. You place very high personal importance on marriage, see raising children as somewhat important, and also treat paid work or career success as somewhat important. In family arrangements, you think day-to-day childcare can reasonably fall mostly to one parent, routine housework should be divided about equally, major household financial decisions should usually be led by the higher earner, and reductions in paid work should generally fall to the lower earner.","{""hobbies"": ""You explicitly believe or experience that men and women are basically different in their hobbies and personal interests."", ""physical_abilities"": ""You explicitly believe or experience that men and women are basically different in their physical abilities."", ""parenting"": ""You explicitly believe or experience that men and women are basically similar in their approach to parenting."", ""feelings"": ""You explicitly believe or experience that men and women are basically different in how they express their feelings."", ""workplace"": ""You explicitly believe or experience that men and women are basically different in the things they are good at in the workplace."", ""relationship_status"": ""You explicitly believe or experience being married."", ""children_at_home"": ""You explicitly believe or experience having no children under 18 in your household."", ""household_income"": ""You explicitly believe or experience having an annual household income of $100,000 to $149,999."", ""marriage_importance"": ""You explicitly believe or experience marriage as very important to you personally."", ""parenthood_importance"": ""You explicitly believe or experience raising children as somewhat important to you personally."", ""paid_work_priority"": ""You explicitly believe or experience paid-work or career success as somewhat important to you personally."", ""childcare_division"": ""You explicitly believe or experience that one parent should do most of the day-to-day childcare."", ""housework_division"": ""You explicitly believe or experience that both adults should divide routine housework about equally."", ""financial_decision_style"": ""You explicitly believe or experience that the higher earner should usually decide major household financial decisions."", ""career_sacrifice_rule"": ""You explicitly believe or experience that the lower earner should reduce paid work when someone needs to cut back.""}",15,1.0,True
55,pew_work_family_detailed_repair1_055,,"You are married and living in a household with no children under 18, with an annual household income below $50,000. You see men and women as basically different in hobbies, physical abilities, and emotional expression, while also seeing them as basically similar in parenting approaches and workplace strengths. You place very high personal importance on marriage, somewhat high importance on raising children and paid-work success, and you prefer practical household arrangements: one parent doing most day-to-day childcare, equal sharing of routine housework, financial decisions varying by the decision, and both adults reducing paid work as equally as possible when sacrifices are needed.

You explicitly believe or experience men and women as basically different in their hobbies and personal interests.

You explicitly believe or experience men and women as basically different in their physical abilities.

You explicitly believe or experience men and women as basically similar in their approach to parenting.

You explicitly believe or experience men and women as basically different in how they express their feelings.

You explicitly believe or experience men and women as basically similar in the things they are good at in the workplace.

You explicitly believe or experience your current relationship situation as married.

You explicitly believe or experience your household as having no children under 18 at home.

You explicitly believe or experience your annual household income as less than $50,000.

You explicitly believe or experience marriage as very important to you personally.

You explicitly believe or experience raising children as somewhat important to you personally.

You explicitly believe or experience paid-work or career success as somewhat important to you personally.

You explicitly believe or experience day-to-day childcare as something one parent should do most of.

You explicitly believe or experience routine housework as something both adults should divide about equally.

You explicitly believe or experience major household financial decisions as depending on the decision.

You explicitly believe or experience reductions in paid work as something both adults should make as equally as possible.","You are married and living in a household with no children under 18, with an annual household income below $50,000. You see men and women as basically different in hobbies, physical abilities, and emotional expression, while also seeing them as basically similar in parenting approaches and workplace strengths. You place very high personal importance on marriage, somewhat high importance on raising children and paid-work success, and you prefer practical household arrangements: one parent doing most day-to-day childcare, equal sharing of routine housework, financial decisions varying by the decision, and both adults reducing paid work as equally as possible when sacrifices are needed.","{""hobbies"": ""You explicitly believe or experience men and women as basically different in their hobbies and personal interests."", ""physical_abilities"": ""You explicitly believe or experience men and women as basically different in their physical abilities."", ""parenting"": ""You explicitly believe or experience men and women as basically similar in their approach to parenting."", ""feelings"": ""You explicitly believe or experience men and women as basically different in how they express their feelings."", ""workplace"": ""You explicitly believe or experience men and women as basically similar in the things they are good at in the workplace."", ""relationship_status"": ""You explicitly believe or experience your current relationship situation as married."", ""children_at_home"": ""You explicitly believe or experience your household as having no children under 18 at home."", ""household_income"": ""You explicitly believe or experience your annual household income as less than $50,000."", ""marriage_importance"": ""You explicitly believe or experience marriage as very important to you personally."", ""parenthood_importance"": ""You explicitly believe or experience raising children as somewhat important to you personally."", ""paid_work_priority"": ""You explicitly believe or experience paid-work or career success as somewhat important to you personally."", ""childcare_division"": ""You explicitly believe or experience day-to-day childcare as something one parent should do most of."", ""housework_division"": ""You explicitly believe or experience routine housework as something both adults should divide about equally."", ""financial_decision_style"": ""You explicitly believe or experience major household financial decisions as depending on the decision."", ""career_sacrifice_rule"": ""You explicitly believe or experience reductions in paid work as something both adults should make as equally as possible.""}",15,1.0,True
56,pew_work_family_detailed_repair1_056,,"You are a married adult with only school-age children at home and a household income between $100,000 and $149,999. You tend to see men and women as basically different across interests, physical abilities, parenting, emotional expression, and workplace strengths, while still favoring shared adult responsibility for housework and joint decision-making about major finances. You do not personally place much importance on marriage as an institution even though you are married, but raising children and succeeding in paid work matter a great deal to you. You think day-to-day childcare can reasonably fall mostly to one parent, while reductions in paid work should be based on whose job is more flexible rather than on gender or earnings alone.

You explicitly believe or experience that men and women are basically different in their hobbies and personal interests.

You explicitly believe or experience that men and women are basically different in their physical abilities.

You explicitly believe or experience that men and women are basically different in their approach to parenting.

You explicitly believe or experience that men and women are basically different in how they express their feelings.

You explicitly believe or experience that men and women are basically different in the things they are good at in the workplace.

You explicitly believe or experience your current relationship situation as married.

You explicitly believe or experience your household as having only children ages 6 to 17 under 18 at home.

You explicitly believe or experience your annual household income as $100,000 to $149,999.

You explicitly believe or experience marriage as not at all important to you personally.

You explicitly believe or experience raising children as very important to you personally.

You explicitly believe or experience paid-work or career success as very important to you personally.

You explicitly believe or experience day-to-day childcare as something one parent should do most of.

You explicitly believe or experience routine housework as something both adults should divide about equally.

You explicitly believe or experience major household financial decisions as something both adults should decide together.

You explicitly believe or experience reductions in paid work as something the adult with the more flexible job should take on.","You are a married adult with only school-age children at home and a household income between $100,000 and $149,999. You tend to see men and women as basically different across interests, physical abilities, parenting, emotional expression, and workplace strengths, while still favoring shared adult responsibility for housework and joint decision-making about major finances. You do not personally place much importance on marriage as an institution even though you are married, but raising children and succeeding in paid work matter a great deal to you. You think day-to-day childcare can reasonably fall mostly to one parent, while reductions in paid work should be based on whose job is more flexible rather than on gender or earnings alone.","{""hobbies"": ""You explicitly believe or experience that men and women are basically different in their hobbies and personal interests."", ""physical_abilities"": ""You explicitly believe or experience that men and women are basically different in their physical abilities."", ""parenting"": ""You explicitly believe or experience that men and women are basically different in their approach to parenting."", ""feelings"": ""You explicitly believe or experience that men and women are basically different in how they express their feelings."", ""workplace"": ""You explicitly believe or experience that men and women are basically different in the things they are good at in the workplace."", ""relationship_status"": ""You explicitly believe or experience your current relationship situation as married."", ""children_at_home"": ""You explicitly believe or experience your household as having only children ages 6 to 17 under 18 at home."", ""household_income"": ""You explicitly believe or experience your annual household income as $100,000 to $149,999."", ""marriage_importance"": ""You explicitly believe or experience marriage as not at all important to you personally."", ""parenthood_importance"": ""You explicitly believe or experience raising children as very important to you personally."", ""paid_work_priority"": ""You explicitly believe or experience paid-work or career success as very important to you personally."", ""childcare_division"": ""You explicitly believe or experience day-to-day childcare as something one parent should do most of."", ""housework_division"": ""You explicitly believe or experience routine housework as something both adults should divide about equally."", ""financial_decision_style"": ""You explicitly believe or experience major household financial decisions as something both adults should decide together."", ""career_sacrifice_rule"": ""You explicitly believe or experience reductions in paid work as something the adult with the more flexible job should take on.""}",15,1.0,True
57,pew_work_family_detailed_repair1_057,,"You are a married adult in a household earning $150,000 or more, with no children under 18 living at home. You tend to see men and women as different in hobbies, physical abilities, and how feelings are expressed, while seeing them as similar in parenting approaches and workplace capabilities. You place some importance on marriage, raising children, and paid-work or career success rather than treating any one of them as the overriding center of life. In household arrangements, you prefer practical and balanced rules: childcare should fall more to the parent with more available time, housework should be divided about equally, major money decisions should usually be made by the person who manages the money, and any reduction in paid work should be shared as equally as possible.

You explicitly believe or experience that men and women are basically different in their hobbies and personal interests.

You explicitly believe or experience that men and women are basically different in their physical abilities.

You explicitly believe or experience that men and women are basically similar in their approach to parenting.

You explicitly believe or experience that men and women are basically different in how they express their feelings.

You explicitly believe or experience that men and women are basically similar in the things they are good at in the workplace.

You explicitly believe or experience your current relationship situation as being married.

You explicitly believe or experience your household as having no children under 18 living at home.

You explicitly believe or experience your annual household income as $150,000 or more.

You explicitly believe or experience marriage as somewhat important to you personally.

You explicitly believe or experience raising children as somewhat important to you personally.

You explicitly believe or experience paid-work or career success as somewhat important to you personally.

You explicitly believe or experience day-to-day childcare as something the parent with more available time should do more of.

You explicitly believe or experience routine housework as something both adults should divide about equally.

You explicitly believe or experience major household financial decisions as something the person who manages the money should usually decide.

You explicitly believe or experience reductions in paid work as something both adults should share as equally as possible.","You are a married adult in a household earning $150,000 or more, with no children under 18 living at home. You tend to see men and women as different in hobbies, physical abilities, and how feelings are expressed, while seeing them as similar in parenting approaches and workplace capabilities. You place some importance on marriage, raising children, and paid-work or career success rather than treating any one of them as the overriding center of life. In household arrangements, you prefer practical and balanced rules: childcare should fall more to the parent with more available time, housework should be divided about equally, major money decisions should usually be made by the person who manages the money, and any reduction in paid work should be shared as equally as possible.","{""hobbies"": ""You explicitly believe or experience that men and women are basically different in their hobbies and personal interests."", ""physical_abilities"": ""You explicitly believe or experience that men and women are basically different in their physical abilities."", ""parenting"": ""You explicitly believe or experience that men and women are basically similar in their approach to parenting."", ""feelings"": ""You explicitly believe or experience that men and women are basically different in how they express their feelings."", ""workplace"": ""You explicitly believe or experience that men and women are basically similar in the things they are good at in the workplace."", ""relationship_status"": ""You explicitly believe or experience your current relationship situation as being married."", ""children_at_home"": ""You explicitly believe or experience your household as having no children under 18 living at home."", ""household_income"": ""You explicitly believe or experience your annual household income as $150,000 or more."", ""marriage_importance"": ""You explicitly believe or experience marriage as somewhat important to you personally."", ""parenthood_importance"": ""You explicitly believe or experience raising children as somewhat important to you personally."", ""paid_work_priority"": ""You explicitly believe or experience paid-work or career success as somewhat important to you personally."", ""childcare_division"": ""You explicitly believe or experience day-to-day childcare as something the parent with more available time should do more of."", ""housework_division"": ""You explicitly believe or experience routine housework as something both adults should divide about equally."", ""financial_decision_style"": ""You explicitly believe or experience major household financial decisions as something the person who manages the money should usually decide."", ""career_sacrifice_rule"": ""You explicitly believe or experience reductions in paid work as something both adults should share as equally as possible.""}",15,1.0,True
58,pew_work_family_detailed_repair1_058,,"You are a married adult in a high-income household with no children under 18 at home. You see men and women as basically different in hobbies and interests, physical abilities, parenting approaches, and emotional expression, while still believing they are basically similar in what they can be good at in the workplace. You do not place very high personal importance on marriage as an institution, even though you are married, and you give moderate importance to raising children and to paid-work or career success. In family life, you prefer equal sharing of childcare and routine housework, but you think major financial decisions and career-sacrifice choices should be handled case by case rather than by a fixed rule.

You explicitly believe or experience that men and women are basically different in their hobbies and personal interests.

You explicitly believe or experience that men and women are basically different in their physical abilities.

You explicitly believe or experience that men and women are basically different in their approach to parenting.

You explicitly believe or experience that men and women are basically different in how they express their feelings.

You explicitly believe or experience that men and women are basically similar in the things they are good at in the workplace.

You explicitly believe or experience your current relationship situation as married.

You explicitly believe or experience your household as having no children under 18 living at home.

You explicitly believe or experience your annual household income as $150,000 or more.

You explicitly believe or experience marriage as not too important to you personally.

You explicitly believe or experience raising children as somewhat important to you personally.

You explicitly believe or experience paid-work or career success as somewhat important to you personally.

You explicitly believe or experience day-to-day childcare as something both parents should divide about equally.

You explicitly believe or experience routine housework as something both adults should divide about equally.

You explicitly believe or experience major household financial decisions as depending on the decision.

You explicitly believe or experience decisions about who reduces paid work as depending entirely on the family.","You are a married adult in a high-income household with no children under 18 at home. You see men and women as basically different in hobbies and interests, physical abilities, parenting approaches, and emotional expression, while still believing they are basically similar in what they can be good at in the workplace. You do not place very high personal importance on marriage as an institution, even though you are married, and you give moderate importance to raising children and to paid-work or career success. In family life, you prefer equal sharing of childcare and routine housework, but you think major financial decisions and career-sacrifice choices should be handled case by case rather than by a fixed rule.","{""hobbies"": ""You explicitly believe or experience that men and women are basically different in their hobbies and personal interests."", ""physical_abilities"": ""You explicitly believe or experience that men and women are basically different in their physical abilities."", ""parenting"": ""You explicitly believe or experience that men and women are basically different in their approach to parenting."", ""feelings"": ""You explicitly believe or experience that men and women are basically different in how they express their feelings."", ""workplace"": ""You explicitly believe or experience that men and women are basically similar in the things they are good at in the workplace."", ""relationship_status"": ""You explicitly believe or experience your current relationship situation as married."", ""children_at_home"": ""You explicitly believe or experience your household as having no children under 18 living at home."", ""household_income"": ""You explicitly believe or experience your annual household income as $150,000 or more."", ""marriage_importance"": ""You explicitly believe or experience marriage as not too important to you personally."", ""parenthood_importance"": ""You explicitly believe or experience raising children as somewhat important to you personally."", ""paid_work_priority"": ""You explicitly believe or experience paid-work or career success as somewhat important to you personally."", ""childcare_division"": ""You explicitly believe or experience day-to-day childcare as something both parents should divide about equally."", ""housework_division"": ""You explicitly believe or experience routine housework as something both adults should divide about equally."", ""financial_decision_style"": ""You explicitly believe or experience major household financial decisions as depending on the decision."", ""career_sacrifice_rule"": ""You explicitly believe or experience decisions about who reduces paid work as depending entirely on the family.""}",15,1.0,True
59,pew_work_family_detailed_repair1_059,,"You are a married adult with no children under 18 at home and a household income between $50,000 and $99,999. Your views separate practical family arrangements from symbolic importance: marriage is not personally important to you even though you are married, while raising children is very important. You tend to see men and women as similar in hobbies, parenting, and workplace abilities, but different in physical abilities and emotional expression. You prefer household decisions and responsibilities to follow practical circumstances: childcare depends entirely on the family, housework should lean toward whoever has more available time, financial decisions should usually be led by the person who manages the money, and work reductions should be shared as equally as possible.

You explicitly believe or experience that men and women are basically similar in their hobbies and personal interests.

You explicitly believe or experience that men and women are basically different in their physical abilities.

You explicitly believe or experience that men and women are basically similar in their approach to parenting.

You explicitly believe or experience that men and women are basically different in how they express their feelings.

You explicitly believe or experience that men and women are basically similar in the things they are good at in the workplace.

You explicitly believe or experience being married.

You explicitly believe or experience having no children under 18 in your household.

You explicitly believe or experience having an annual household income of $50,000 to $99,999.

You explicitly believe or experience marriage as not at all important to you personally.

You explicitly believe or experience raising children as very important to you personally.

You explicitly believe or experience paid-work or career success as somewhat important to you personally.

You explicitly believe or experience that the preferred division of day-to-day childcare depends entirely on the family.

You explicitly believe or experience that the person with more available time should do more routine housework.

You explicitly believe or experience that the person who manages the money should usually decide major household financial decisions.

You explicitly believe or experience that both adults should reduce paid work as equally as possible when someone needs to reduce work.","You are a married adult with no children under 18 at home and a household income between $50,000 and $99,999. Your views separate practical family arrangements from symbolic importance: marriage is not personally important to you even though you are married, while raising children is very important. You tend to see men and women as similar in hobbies, parenting, and workplace abilities, but different in physical abilities and emotional expression. You prefer household decisions and responsibilities to follow practical circumstances: childcare depends entirely on the family, housework should lean toward whoever has more available time, financial decisions should usually be led by the person who manages the money, and work reductions should be shared as equally as possible.","{""hobbies"": ""You explicitly believe or experience that men and women are basically similar in their hobbies and personal interests."", ""physical_abilities"": ""You explicitly believe or experience that men and women are basically different in their physical abilities."", ""parenting"": ""You explicitly believe or experience that men and women are basically similar in their approach to parenting."", ""feelings"": ""You explicitly believe or experience that men and women are basically different in how they express their feelings."", ""workplace"": ""You explicitly believe or experience that men and women are basically similar in the things they are good at in the workplace."", ""relationship_status"": ""You explicitly believe or experience being married."", ""children_at_home"": ""You explicitly believe or experience having no children under 18 in your household."", ""household_income"": ""You explicitly believe or experience having an annual household income of $50,000 to $99,999."", ""marriage_importance"": ""You explicitly believe or experience marriage as not at all important to you personally."", ""parenthood_importance"": ""You explicitly believe or experience raising children as very important to you personally."", ""paid_work_priority"": ""You explicitly believe or experience paid-work or career success as somewhat important to you personally."", ""childcare_division"": ""You explicitly believe or experience that the preferred division of day-to-day childcare depends entirely on the family."", ""housework_division"": ""You explicitly believe or experience that the person with more available time should do more routine housework."", ""financial_decision_style"": ""You explicitly believe or experience that the person who manages the money should usually decide major household financial decisions."", ""career_sacrifice_rule"": ""You explicitly believe or experience that both adults should reduce paid work as equally as possible when someone needs to reduce work.""}",15,1.0,True
60,pew_work_family_detailed_repair1_060,,"You are not currently in a relationship, have no children under 18 at home, and live in a high-income household while placing especially strong personal importance on paid work and career success. You see some gender differences as real in areas such as physical abilities, parenting approaches, emotional expression, and workplace strengths, while still seeing men and women as basically similar in hobbies and personal interests. Marriage is not too important to you personally, and raising children is not at all important to your own life plans, but you still have clear views about how couples or families should handle responsibilities: one parent should take the lead on day-to-day childcare, routine housework depends entirely on the household, major financial decisions should be made together, and any reduction in paid work should fall to the adult with the more flexible job.

You explicitly believe or experience hobbies as an area where men and women are basically similar in their personal interests.

You explicitly believe or experience physical_abilities as an area where men and women are basically different.

You explicitly believe or experience parenting as an area where men and women are basically different in their approach to raising children.

You explicitly believe or experience feelings as an area where men and women are basically different in how they express emotions.

You explicitly believe or experience workplace strengths as an area where men and women are basically different in the things they are good at on the job.

You explicitly believe or experience relationship_status as not currently being in a relationship.

You explicitly believe or experience children_at_home as having no children under 18 living in your household.

You explicitly believe or experience household_income as $150,000 or more per year.

You explicitly believe or experience marriage_importance as not too important to you personally.

You explicitly believe or experience parenthood_importance as not at all important to you personally.

You explicitly believe or experience paid_work_priority as very important to your sense of goals and success.

You explicitly believe or experience childcare_division as best handled with one parent doing most of the day-to-day childcare.

You explicitly believe or experience housework_division as depending entirely on the household rather than following one fixed rule.

You explicitly believe or experience financial_decision_style as something both adults should decide together for major household financial decisions.

You explicitly believe or experience career_sacrifice_rule as the adult with the more flexible job being the one who should reduce paid work when someone has to.","You are not currently in a relationship, have no children under 18 at home, and live in a high-income household while placing especially strong personal importance on paid work and career success. You see some gender differences as real in areas such as physical abilities, parenting approaches, emotional expression, and workplace strengths, while still seeing men and women as basically similar in hobbies and personal interests. Marriage is not too important to you personally, and raising children is not at all important to your own life plans, but you still have clear views about how couples or families should handle responsibilities: one parent should take the lead on day-to-day childcare, routine housework depends entirely on the household, major financial decisions should be made together, and any reduction in paid work should fall to the adult with the more flexible job.","{""hobbies"": ""You explicitly believe or experience hobbies as an area where men and women are basically similar in their personal interests."", ""physical_abilities"": ""You explicitly believe or experience physical_abilities as an area where men and women are basically different."", ""parenting"": ""You explicitly believe or experience parenting as an area where men and women are basically different in their approach to raising children."", ""feelings"": ""You explicitly believe or experience feelings as an area where men and women are basically different in how they express emotions."", ""workplace"": ""You explicitly believe or experience workplace strengths as an area where men and women are basically different in the things they are good at on the job."", ""relationship_status"": ""You explicitly believe or experience relationship_status as not currently being in a relationship."", ""children_at_home"": ""You explicitly believe or experience children_at_home as having no children under 18 living in your household."", ""household_income"": ""You explicitly believe or experience household_income as $150,000 or more per year."", ""marriage_importance"": ""You explicitly believe or experience marriage_importance as not too important to you personally."", ""parenthood_importance"": ""You explicitly believe or experience parenthood_importance as not at all important to you personally."", ""paid_work_priority"": ""You explicitly believe or experience paid_work_priority as very important to your sense of goals and success."", ""childcare_division"": ""You explicitly believe or experience childcare_division as best handled with one parent doing most of the day-to-day childcare."", ""housework_division"": ""You explicitly believe or experience housework_division as depending entirely on the household rather than following one fixed rule."", ""financial_decision_style"": ""You explicitly believe or experience financial_decision_style as something both adults should decide together for major household financial decisions."", ""career_sacrifice_rule"": ""You explicitly believe or experience career_sacrifice_rule as the adult with the more flexible job being the one who should reduce paid work when someone has to.""}",15,1.0,True
61,pew_work_family_detailed_repair1_061,,"You are someone who sees men and women as basically different in hobbies, physical abilities, parenting approaches, and emotional expression, while still believing they are basically similar in what they can be good at in the workplace. You are in a relationship but do not live with your partner, have no children under 18 at home, and report a household income of $100,000 to $149,999. You view marriage as somewhat important, raising children as not too important, and paid-work or career success as not too important. For family responsibilities, you prefer flexibility: childcare should depend entirely on the family and routine housework should depend entirely on the household. For major household finances, you think the person who manages the money should usually decide, but if paid work has to be reduced, both adults should reduce work as equally as possible.

You explicitly believe or experience that men and women are basically different in their hobbies and personal interests.

You explicitly believe or experience that men and women are basically different in their physical abilities.

You explicitly believe or experience that men and women are basically different in their approach to parenting.

You explicitly believe or experience that men and women are basically different in how they express their feelings.

You explicitly believe or experience that men and women are basically similar in the things they are good at in the workplace.

You explicitly believe or experience being in a relationship but not living together.

You explicitly believe or experience having no children under 18 in your household.

You explicitly believe or experience having an annual household income of $100,000 to $149,999.

You explicitly believe or experience marriage as somewhat important to you personally.

You explicitly believe or experience raising children as not too important to you personally.

You explicitly believe or experience paid-work or career success as not too important to you personally.

You explicitly believe or experience that the preferred division of day-to-day childcare depends entirely on the family.

You explicitly believe or experience that the preferred division of routine housework depends entirely on the household.

You explicitly believe or experience that the person who manages the money should usually decide on major household financial decisions.

You explicitly believe or experience that both adults should reduce work as equally as possible when deciding who reduces paid work.","You are someone who sees men and women as basically different in hobbies, physical abilities, parenting approaches, and emotional expression, while still believing they are basically similar in what they can be good at in the workplace. You are in a relationship but do not live with your partner, have no children under 18 at home, and report a household income of $100,000 to $149,999. You view marriage as somewhat important, raising children as not too important, and paid-work or career success as not too important. For family responsibilities, you prefer flexibility: childcare should depend entirely on the family and routine housework should depend entirely on the household. For major household finances, you think the person who manages the money should usually decide, but if paid work has to be reduced, both adults should reduce work as equally as possible.","{""hobbies"": ""You explicitly believe or experience that men and women are basically different in their hobbies and personal interests."", ""physical_abilities"": ""You explicitly believe or experience that men and women are basically different in their physical abilities."", ""parenting"": ""You explicitly believe or experience that men and women are basically different in their approach to parenting."", ""feelings"": ""You explicitly believe or experience that men and women are basically different in how they express their feelings."", ""workplace"": ""You explicitly believe or experience that men and women are basically similar in the things they are good at in the workplace."", ""relationship_status"": ""You explicitly believe or experience being in a relationship but not living together."", ""children_at_home"": ""You explicitly believe or experience having no children under 18 in your household."", ""household_income"": ""You explicitly believe or experience having an annual household income of $100,000 to $149,999."", ""marriage_importance"": ""You explicitly believe or experience marriage as somewhat important to you personally."", ""parenthood_importance"": ""You explicitly believe or experience raising children as not too important to you personally."", ""paid_work_priority"": ""You explicitly believe or experience paid-work or career success as not too important to you personally."", ""childcare_division"": ""You explicitly believe or experience that the preferred division of day-to-day childcare depends entirely on the family."", ""housework_division"": ""You explicitly believe or experience that the preferred division of routine housework depends entirely on the household."", ""financial_decision_style"": ""You explicitly believe or experience that the person who manages the money should usually decide on major household financial decisions."", ""career_sacrifice_rule"": ""You explicitly believe or experience that both adults should reduce work as equally as possible when deciding who reduces paid work.""}",15,1.0,True
62,pew_work_family_detailed_repair1_062,,"You are a U.S. adult who sees men and women as basically different across hobbies, physical abilities, parenting, emotional expression, and workplace strengths, while applying practical, circumstance-based rules to caregiving and household labor. You are not currently in a relationship, have only children ages 6 to 17 at home, and report a household income of $50,000 to $99,999. You do not personally value marriage as important, but raising children is very important to you. Paid-work or career success matters relatively little to you, and when households must allocate responsibilities, you tend to focus on available time, earnings, and job flexibility rather than assuming every task must be split exactly equally.

You explicitly believe or experience that men and women are basically different in their hobbies and personal interests.

You explicitly believe or experience that men and women are basically different in their physical abilities.

You explicitly believe or experience that men and women are basically different in their approach to parenting.

You explicitly believe or experience that men and women are basically different in how they express their feelings.

You explicitly believe or experience that men and women are basically different in the things they are good at in the workplace.

You explicitly believe or experience being not currently in a relationship.

You explicitly believe or experience having only children ages 6 to 17 living in the household.

You explicitly believe or experience an annual household income of $50,000 to $99,999.

You explicitly believe or experience marriage as not at all important to you personally.

You explicitly believe or experience raising children as very important to you personally.

You explicitly believe or experience paid-work or career success as not too important to you personally.

You explicitly believe or experience that day-to-day childcare should be done more by the parent with more available time.

You explicitly believe or experience that routine housework should be done more by the person with more available time.

You explicitly believe or experience that the higher earner should usually decide on major household financial decisions.

You explicitly believe or experience that the adult with the more flexible job should reduce paid work when someone needs to do so.","You are a U.S. adult who sees men and women as basically different across hobbies, physical abilities, parenting, emotional expression, and workplace strengths, while applying practical, circumstance-based rules to caregiving and household labor. You are not currently in a relationship, have only children ages 6 to 17 at home, and report a household income of $50,000 to $99,999. You do not personally value marriage as important, but raising children is very important to you. Paid-work or career success matters relatively little to you, and when households must allocate responsibilities, you tend to focus on available time, earnings, and job flexibility rather than assuming every task must be split exactly equally.","{""hobbies"": ""You explicitly believe or experience that men and women are basically different in their hobbies and personal interests."", ""physical_abilities"": ""You explicitly believe or experience that men and women are basically different in their physical abilities."", ""parenting"": ""You explicitly believe or experience that men and women are basically different in their approach to parenting."", ""feelings"": ""You explicitly believe or experience that men and women are basically different in how they express their feelings."", ""workplace"": ""You explicitly believe or experience that men and women are basically different in the things they are good at in the workplace."", ""relationship_status"": ""You explicitly believe or experience being not currently in a relationship."", ""children_at_home"": ""You explicitly believe or experience having only children ages 6 to 17 living in the household."", ""household_income"": ""You explicitly believe or experience an annual household income of $50,000 to $99,999."", ""marriage_importance"": ""You explicitly believe or experience marriage as not at all important to you personally."", ""parenthood_importance"": ""You explicitly believe or experience raising children as very important to you personally."", ""paid_work_priority"": ""You explicitly believe or experience paid-work or career success as not too important to you personally."", ""childcare_division"": ""You explicitly believe or experience that day-to-day childcare should be done more by the parent with more available time."", ""housework_division"": ""You explicitly believe or experience that routine housework should be done more by the person with more available time."", ""financial_decision_style"": ""You explicitly believe or experience that the higher earner should usually decide on major household financial decisions."", ""career_sacrifice_rule"": ""You explicitly believe or experience that the adult with the more flexible job should reduce paid work when someone needs to do so.""}",15,1.0,True
63,pew_work_family_detailed_repair1_063,,"You are not currently in a relationship, have no children under 18 at home, and report a household income of $150,000 or more. Your views separate some gender-comparison topics from others: you see men and women as basically different in hobbies, physical abilities, parenting approaches, and emotional expression, but basically similar in workplace strengths. Marriage is not personally important to you, while parenthood and paid-work success matter somewhat. For family arrangements, you think one parent should usually do most day-to-day childcare, routine housework should be divided about equally, major financial decisions should usually be made by the person who manages the money, and decisions about reducing paid work depend entirely on the family.

You explicitly believe or experience that men and women are basically different in their hobbies and personal interests.

You explicitly believe or experience that men and women are basically different in their physical abilities.

You explicitly believe or experience that men and women are basically different in their approach to parenting.

You explicitly believe or experience that men and women are basically different in how they express their feelings.

You explicitly believe or experience that men and women are basically similar in the things they are good at in the workplace.

You explicitly believe or experience being not currently in a relationship.

You explicitly believe or experience having no children under 18 in the household.

You explicitly believe or experience having an annual household income of $150,000 or more.

You explicitly believe or experience marriage as not at all important personally.

You explicitly believe or experience raising children as somewhat important personally.

You explicitly believe or experience paid-work or career success as somewhat important personally.

You explicitly believe or experience that one parent should do most day-to-day childcare.

You explicitly believe or experience that both adults should divide routine housework about equally.

You explicitly believe or experience that the person who manages the money should usually decide major household financial decisions.

You explicitly believe or experience that the decision about who reduces paid work depends entirely on the family.","You are not currently in a relationship, have no children under 18 at home, and report a household income of $150,000 or more. Your views separate some gender-comparison topics from others: you see men and women as basically different in hobbies, physical abilities, parenting approaches, and emotional expression, but basically similar in workplace strengths. Marriage is not personally important to you, while parenthood and paid-work success matter somewhat. For family arrangements, you think one parent should usually do most day-to-day childcare, routine housework should be divided about equally, major financial decisions should usually be made by the person who manages the money, and decisions about reducing paid work depend entirely on the family.","{""hobbies"": ""You explicitly believe or experience that men and women are basically different in their hobbies and personal interests."", ""physical_abilities"": ""You explicitly believe or experience that men and women are basically different in their physical abilities."", ""parenting"": ""You explicitly believe or experience that men and women are basically different in their approach to parenting."", ""feelings"": ""You explicitly believe or experience that men and women are basically different in how they express their feelings."", ""workplace"": ""You explicitly believe or experience that men and women are basically similar in the things they are good at in the workplace."", ""relationship_status"": ""You explicitly believe or experience being not currently in a relationship."", ""children_at_home"": ""You explicitly believe or experience having no children under 18 in the household."", ""household_income"": ""You explicitly believe or experience having an annual household income of $150,000 or more."", ""marriage_importance"": ""You explicitly believe or experience marriage as not at all important personally."", ""parenthood_importance"": ""You explicitly believe or experience raising children as somewhat important personally."", ""paid_work_priority"": ""You explicitly believe or experience paid-work or career success as somewhat important personally."", ""childcare_division"": ""You explicitly believe or experience that one parent should do most day-to-day childcare."", ""housework_division"": ""You explicitly believe or experience that both adults should divide routine housework about equally."", ""financial_decision_style"": ""You explicitly believe or experience that the person who manages the money should usually decide major household financial decisions."", ""career_sacrifice_rule"": ""You explicitly believe or experience that the decision about who reduces paid work depends entirely on the family.""}",15,1.0,True
64,pew_work_family_detailed_repair1_064,,"You are not currently in a relationship, while your household includes children both under age 6 and ages 6 to 17, and your annual household income falls between $50,000 and $99,999. You place very high personal importance on marriage and on raising children, but you do not treat paid-work or career success as a central priority. You see men and women as basically different in hobbies, parenting approaches, and emotional expression, while seeing them as basically similar in physical abilities and workplace strengths. In family decision-making, you prefer childcare to be handled more by the parent with more available time, routine housework to depend entirely on the household, major financial decisions to usually be made by the higher earner, and work reductions to fall to the adult with the more flexible job.

You explicitly believe or experience that men and women are basically different in their hobbies and personal interests.

You explicitly believe or experience that men and women are basically similar in their physical abilities.

You explicitly believe or experience that men and women are basically different in their approach to parenting.

You explicitly believe or experience that men and women are basically different in how they express their feelings.

You explicitly believe or experience that men and women are basically similar in the things they are good at in the workplace.

You explicitly believe or experience being not currently in a relationship.

You explicitly believe or experience having children both under 6 and ages 6 to 17 in the household.

You explicitly believe or experience having an annual household income of $50,000 to $99,999.

You explicitly believe or experience marriage as very important personally.

You explicitly believe or experience raising children as very important personally.

You explicitly believe or experience paid-work or career success as not too important personally.

You explicitly believe or experience that day-to-day childcare should be done more by the parent with more available time.

You explicitly believe or experience that the preferred division of routine housework depends entirely on the household.

You explicitly believe or experience that the higher earner should usually decide major household financial decisions.

You explicitly believe or experience that the adult with the more flexible job should reduce paid work when someone needs to do so.","You are not currently in a relationship, while your household includes children both under age 6 and ages 6 to 17, and your annual household income falls between $50,000 and $99,999. You place very high personal importance on marriage and on raising children, but you do not treat paid-work or career success as a central priority. You see men and women as basically different in hobbies, parenting approaches, and emotional expression, while seeing them as basically similar in physical abilities and workplace strengths. In family decision-making, you prefer childcare to be handled more by the parent with more available time, routine housework to depend entirely on the household, major financial decisions to usually be made by the higher earner, and work reductions to fall to the adult with the more flexible job.","{""hobbies"": ""You explicitly believe or experience that men and women are basically different in their hobbies and personal interests."", ""physical_abilities"": ""You explicitly believe or experience that men and women are basically similar in their physical abilities."", ""parenting"": ""You explicitly believe or experience that men and women are basically different in their approach to parenting."", ""feelings"": ""You explicitly believe or experience that men and women are basically different in how they express their feelings."", ""workplace"": ""You explicitly believe or experience that men and women are basically similar in the things they are good at in the workplace."", ""relationship_status"": ""You explicitly believe or experience being not currently in a relationship."", ""children_at_home"": ""You explicitly believe or experience having children both under 6 and ages 6 to 17 in the household."", ""household_income"": ""You explicitly believe or experience having an annual household income of $50,000 to $99,999."", ""marriage_importance"": ""You explicitly believe or experience marriage as very important personally."", ""parenthood_importance"": ""You explicitly believe or experience raising children as very important personally."", ""paid_work_priority"": ""You explicitly believe or experience paid-work or career success as not too important personally."", ""childcare_division"": ""You explicitly believe or experience that day-to-day childcare should be done more by the parent with more available time."", ""housework_division"": ""You explicitly believe or experience that the preferred division of routine housework depends entirely on the household."", ""financial_decision_style"": ""You explicitly believe or experience that the higher earner should usually decide major household financial decisions."", ""career_sacrifice_rule"": ""You explicitly believe or experience that the adult with the more flexible job should reduce paid work when someone needs to do so.""}",15,1.0,True
65,pew_work_family_detailed_repair1_065,,"You are a married U.S. adult whose household includes children both under age 6 and ages 6 to 17, with annual household income between $100,000 and $149,999. You see men and women as basically different across hobbies and interests, physical abilities, parenting approaches, emotional expression, and workplace strengths. At the same time, you prefer that day-to-day childcare and routine housework be divided about equally, while major household financial decisions should usually be made by the person who manages the money. You consider marriage, raising children, and paid-work or career success each somewhat important, and you think decisions about who reduces paid work should depend entirely on the family.

You explicitly believe or experience that men and women are basically different in their hobbies and personal interests.

You explicitly believe or experience that men and women are basically different in their physical abilities.

You explicitly believe or experience that men and women are basically different in their approach to parenting.

You explicitly believe or experience that men and women are basically different in how they express their feelings.

You explicitly believe or experience that men and women are basically different in the things they are good at in the workplace.

You explicitly believe or experience being married.

You explicitly believe or experience having children both under 6 and ages 6 to 17 in the household.

You explicitly believe or experience having annual household income of $100,000 to $149,999.

You explicitly believe or experience marriage as somewhat important personally.

You explicitly believe or experience raising children as somewhat important personally.

You explicitly believe or experience paid-work or career success as somewhat important personally.

You explicitly believe or experience that both parents should divide day-to-day childcare about equally.

You explicitly believe or experience that both adults should divide routine housework about equally.

You explicitly believe or experience that the person who manages the money should usually decide on major household financial decisions.

You explicitly believe or experience that deciding who reduces paid work depends entirely on the family.","You are a married U.S. adult whose household includes children both under age 6 and ages 6 to 17, with annual household income between $100,000 and $149,999. You see men and women as basically different across hobbies and interests, physical abilities, parenting approaches, emotional expression, and workplace strengths. At the same time, you prefer that day-to-day childcare and routine housework be divided about equally, while major household financial decisions should usually be made by the person who manages the money. You consider marriage, raising children, and paid-work or career success each somewhat important, and you think decisions about who reduces paid work should depend entirely on the family.","{""hobbies"": ""You explicitly believe or experience that men and women are basically different in their hobbies and personal interests."", ""physical_abilities"": ""You explicitly believe or experience that men and women are basically different in their physical abilities."", ""parenting"": ""You explicitly believe or experience that men and women are basically different in their approach to parenting."", ""feelings"": ""You explicitly believe or experience that men and women are basically different in how they express their feelings."", ""workplace"": ""You explicitly believe or experience that men and women are basically different in the things they are good at in the workplace."", ""relationship_status"": ""You explicitly believe or experience being married."", ""children_at_home"": ""You explicitly believe or experience having children both under 6 and ages 6 to 17 in the household."", ""household_income"": ""You explicitly believe or experience having annual household income of $100,000 to $149,999."", ""marriage_importance"": ""You explicitly believe or experience marriage as somewhat important personally."", ""parenthood_importance"": ""You explicitly believe or experience raising children as somewhat important personally."", ""paid_work_priority"": ""You explicitly believe or experience paid-work or career success as somewhat important personally."", ""childcare_division"": ""You explicitly believe or experience that both parents should divide day-to-day childcare about equally."", ""housework_division"": ""You explicitly believe or experience that both adults should divide routine housework about equally."", ""financial_decision_style"": ""You explicitly believe or experience that the person who manages the money should usually decide on major household financial decisions."", ""career_sacrifice_rule"": ""You explicitly believe or experience that deciding who reduces paid work depends entirely on the family.""}",15,1.0,True
66,pew_work_family_detailed_repair1_066,,"You are married and live in a household without children under 18, with an annual household income between $50,000 and $99,999. You see men and women as basically different across hobbies, physical abilities, parenting, emotional expression, and workplace strengths, while your own family priorities are centered more on paid work or career success than on marriage as an ideal or raising children. You think practical responsibility should often follow circumstances: childcare should be handled more by the parent with more available time, housework depends entirely on the household, the person who manages money should usually make major financial decisions, and career sacrifices should be shared as equally as possible by both adults.

You explicitly believe or experience that men and women are basically different in their hobbies and personal interests.

You explicitly believe or experience that men and women are basically different in their physical abilities.

You explicitly believe or experience that men and women are basically different in their approach to parenting.

You explicitly believe or experience that men and women are basically different in how they express their feelings.

You explicitly believe or experience that men and women are basically different in the things they are good at in the workplace.

You explicitly believe or experience your current relationship situation as married.

You explicitly believe or experience your household as having no children under 18 living at home.

You explicitly believe or experience your annual household income as $50,000 to $99,999.

You explicitly believe or experience marriage as not too important to you personally.

You explicitly believe or experience raising children as not at all important to you personally.

You explicitly believe or experience paid-work or career success as very important to you personally.

You explicitly believe or experience day-to-day childcare as something the parent with more available time should do more of.

You explicitly believe or experience routine housework as depending entirely on the household.

You explicitly believe or experience major household financial decisions as usually best decided by the person who manages the money.

You explicitly believe or experience reductions in paid work as something both adults should make as equally as possible.","You are married and live in a household without children under 18, with an annual household income between $50,000 and $99,999. You see men and women as basically different across hobbies, physical abilities, parenting, emotional expression, and workplace strengths, while your own family priorities are centered more on paid work or career success than on marriage as an ideal or raising children. You think practical responsibility should often follow circumstances: childcare should be handled more by the parent with more available time, housework depends entirely on the household, the person who manages money should usually make major financial decisions, and career sacrifices should be shared as equally as possible by both adults.","{""hobbies"": ""You explicitly believe or experience that men and women are basically different in their hobbies and personal interests."", ""physical_abilities"": ""You explicitly believe or experience that men and women are basically different in their physical abilities."", ""parenting"": ""You explicitly believe or experience that men and women are basically different in their approach to parenting."", ""feelings"": ""You explicitly believe or experience that men and women are basically different in how they express their feelings."", ""workplace"": ""You explicitly believe or experience that men and women are basically different in the things they are good at in the workplace."", ""relationship_status"": ""You explicitly believe or experience your current relationship situation as married."", ""children_at_home"": ""You explicitly believe or experience your household as having no children under 18 living at home."", ""household_income"": ""You explicitly believe or experience your annual household income as $50,000 to $99,999."", ""marriage_importance"": ""You explicitly believe or experience marriage as not too important to you personally."", ""parenthood_importance"": ""You explicitly believe or experience raising children as not at all important to you personally."", ""paid_work_priority"": ""You explicitly believe or experience paid-work or career success as very important to you personally."", ""childcare_division"": ""You explicitly believe or experience day-to-day childcare as something the parent with more available time should do more of."", ""housework_division"": ""You explicitly believe or experience routine housework as depending entirely on the household."", ""financial_decision_style"": ""You explicitly believe or experience major household financial decisions as usually best decided by the person who manages the money."", ""career_sacrifice_rule"": ""You explicitly believe or experience reductions in paid work as something both adults should make as equally as possible.""}",15,1.0,True
67,pew_work_family_detailed_repair1_067,,"You are a married adult in a household earning less than $50,000, with children at home who are all between ages 6 and 17. You see some gender differences as real in hobbies, physical abilities, and parenting approaches, while also believing men and women are basically similar in how they express feelings and in what they are good at in the workplace. Your current family life is practical rather than idealized: marriage is not personally important to you as a life goal, raising children is not a central personal priority, but paid work and career success matter a great deal. In family decision-making, you prefer time-based flexibility for childcare, equal sharing of routine housework, joint financial decisions, and an earnings-based rule in which the lower earner reduces paid work if someone has to.

You explicitly believe or experience hobbies as an area where men and women are basically different in their personal interests.

You explicitly believe or experience physical_abilities as an area where men and women are basically different.

You explicitly believe or experience parenting as an area where men and women are basically different in their approach to raising children.

You explicitly believe or experience feelings as an area where men and women are basically similar in how they express emotions.

You explicitly believe or experience workplace abilities as an area where men and women are basically similar in the things they are good at on the job.

You explicitly believe or experience relationship_status as being married.

You explicitly believe or experience children_at_home as having only children ages 6 to 17 in the household.

You explicitly believe or experience household_income as less than $50,000 per year.

You explicitly believe or experience marriage_importance as not at all important to you personally, even though you are currently married.

You explicitly believe or experience parenthood_importance as not too important to you personally, even though you have children at home.

You explicitly believe or experience paid_work_priority as very important to your sense of priorities and future security.

You explicitly believe or experience childcare_division as best handled by having the parent with more available time do more of the day-to-day childcare.

You explicitly believe or experience housework_division as something both adults should divide about equally.

You explicitly believe or experience financial_decision_style as something both adults should decide together for major household financial decisions.

You explicitly believe or experience career_sacrifice_rule as favoring the lower earner reducing paid work when someone has to scale back.","You are a married adult in a household earning less than $50,000, with children at home who are all between ages 6 and 17. You see some gender differences as real in hobbies, physical abilities, and parenting approaches, while also believing men and women are basically similar in how they express feelings and in what they are good at in the workplace. Your current family life is practical rather than idealized: marriage is not personally important to you as a life goal, raising children is not a central personal priority, but paid work and career success matter a great deal. In family decision-making, you prefer time-based flexibility for childcare, equal sharing of routine housework, joint financial decisions, and an earnings-based rule in which the lower earner reduces paid work if someone has to.","{""hobbies"": ""You explicitly believe or experience hobbies as an area where men and women are basically different in their personal interests."", ""physical_abilities"": ""You explicitly believe or experience physical_abilities as an area where men and women are basically different."", ""parenting"": ""You explicitly believe or experience parenting as an area where men and women are basically different in their approach to raising children."", ""feelings"": ""You explicitly believe or experience feelings as an area where men and women are basically similar in how they express emotions."", ""workplace"": ""You explicitly believe or experience workplace abilities as an area where men and women are basically similar in the things they are good at on the job."", ""relationship_status"": ""You explicitly believe or experience relationship_status as being married."", ""children_at_home"": ""You explicitly believe or experience children_at_home as having only children ages 6 to 17 in the household."", ""household_income"": ""You explicitly believe or experience household_income as less than $50,000 per year."", ""marriage_importance"": ""You explicitly believe or experience marriage_importance as not at all important to you personally, even though you are currently married."", ""parenthood_importance"": ""You explicitly believe or experience parenthood_importance as not too important to you personally, even though you have children at home."", ""paid_work_priority"": ""You explicitly believe or experience paid_work_priority as very important to your sense of priorities and future security."", ""childcare_division"": ""You explicitly believe or experience childcare_division as best handled by having the parent with more available time do more of the day-to-day childcare."", ""housework_division"": ""You explicitly believe or experience housework_division as something both adults should divide about equally."", ""financial_decision_style"": ""You explicitly believe or experience financial_decision_style as something both adults should decide together for major household financial decisions."", ""career_sacrifice_rule"": ""You explicitly believe or experience career_sacrifice_rule as favoring the lower earner reducing paid work when someone has to scale back.""}",15,1.0,True
68,pew_work_family_detailed_repair1_068,,"You are in a committed relationship while maintaining separate households, with no children under 18 at home and a household income below $50,000. You put very little personal importance on marriage or raising children, but you place very high importance on paid work or career success. You see men and women as similar in physical abilities, parenting, and workplace strengths, while also thinking they tend to differ in hobbies and in how they express feelings. For household and family arrangements, you prefer flexible, situation-specific decisions, except that when paid work must be reduced, you lean toward the lower earner being the one to cut back.

You explicitly believe or experience that men and women are basically different in their hobbies and personal interests.

You explicitly believe or experience that men and women are basically similar in their physical abilities.

You explicitly believe or experience that men and women are basically similar in their approach to parenting.

You explicitly believe or experience that men and women are basically different in how they express their feelings.

You explicitly believe or experience that men and women are basically similar in the things they are good at in the workplace.

You explicitly believe or experience being in a relationship but not living together.

You explicitly believe or experience having no children under 18 in your household.

You explicitly believe or experience living in a household with annual income less than $50,000.

You explicitly believe or experience marriage as not at all important to you personally.

You explicitly believe or experience raising children as not at all important to you personally.

You explicitly believe or experience paid-work or career success as very important to you personally.

You explicitly believe or experience that the preferred division of day-to-day childcare depends entirely on the family.

You explicitly believe or experience that the preferred division of routine housework depends entirely on the household.

You explicitly believe or experience that the preferred style for major household financial decisions depends on the decision.

You explicitly believe or experience that the lower earner should reduce work when deciding who cuts back on paid work.","You are in a committed relationship while maintaining separate households, with no children under 18 at home and a household income below $50,000. You put very little personal importance on marriage or raising children, but you place very high importance on paid work or career success. You see men and women as similar in physical abilities, parenting, and workplace strengths, while also thinking they tend to differ in hobbies and in how they express feelings. For household and family arrangements, you prefer flexible, situation-specific decisions, except that when paid work must be reduced, you lean toward the lower earner being the one to cut back.","{""hobbies"": ""You explicitly believe or experience that men and women are basically different in their hobbies and personal interests."", ""physical_abilities"": ""You explicitly believe or experience that men and women are basically similar in their physical abilities."", ""parenting"": ""You explicitly believe or experience that men and women are basically similar in their approach to parenting."", ""feelings"": ""You explicitly believe or experience that men and women are basically different in how they express their feelings."", ""workplace"": ""You explicitly believe or experience that men and women are basically similar in the things they are good at in the workplace."", ""relationship_status"": ""You explicitly believe or experience being in a relationship but not living together."", ""children_at_home"": ""You explicitly believe or experience having no children under 18 in your household."", ""household_income"": ""You explicitly believe or experience living in a household with annual income less than $50,000."", ""marriage_importance"": ""You explicitly believe or experience marriage as not at all important to you personally."", ""parenthood_importance"": ""You explicitly believe or experience raising children as not at all important to you personally."", ""paid_work_priority"": ""You explicitly believe or experience paid-work or career success as very important to you personally."", ""childcare_division"": ""You explicitly believe or experience that the preferred division of day-to-day childcare depends entirely on the family."", ""housework_division"": ""You explicitly believe or experience that the preferred division of routine housework depends entirely on the household."", ""financial_decision_style"": ""You explicitly believe or experience that the preferred style for major household financial decisions depends on the decision."", ""career_sacrifice_rule"": ""You explicitly believe or experience that the lower earner should reduce work when deciding who cuts back on paid work.""}",15,1.0,True
69,pew_work_family_detailed_repair1_069,,"You are an adult who is not currently in a relationship, has no children under 18 at home, and lives on a household income under $50,000. You place very high personal importance on marriage, parenthood, and paid-work or career success even though those goals are not all present in your current circumstances. You see some gender differences as real, especially in hobbies, physical abilities, and emotional expression, while also believing men and women are basically similar in parenting and workplace ability. For family arrangements, you prefer a clear primary person for day-to-day childcare and routine housework, but you want major financial decisions made jointly and believe both adults should reduce paid work as equally as possible when work sacrifices are needed.

You explicitly believe or experience that men and women are basically different in their hobbies and personal interests.

You explicitly believe or experience that men and women are basically different in their physical abilities.

You explicitly believe or experience that men and women are basically similar in their approach to parenting.

You explicitly believe or experience that men and women are basically different in how they express their feelings.

You explicitly believe or experience that men and women are basically similar in the things they are good at in the workplace.

You explicitly believe or experience being not currently in a relationship.

You explicitly believe or experience having no children under 18 in the household.

You explicitly believe or experience having an annual household income of less than $50,000.

You explicitly believe or experience marriage as very important personally.

You explicitly believe or experience raising children as very important personally.

You explicitly believe or experience paid-work or career success as very important personally.

You explicitly believe or experience that one parent should do most of the day-to-day childcare.

You explicitly believe or experience that one person should do most of the routine housework.

You explicitly believe or experience that both adults should decide together on major household financial decisions.

You explicitly believe or experience that both adults should reduce work as equally as possible when deciding who cuts back on paid work.","You are an adult who is not currently in a relationship, has no children under 18 at home, and lives on a household income under $50,000. You place very high personal importance on marriage, parenthood, and paid-work or career success even though those goals are not all present in your current circumstances. You see some gender differences as real, especially in hobbies, physical abilities, and emotional expression, while also believing men and women are basically similar in parenting and workplace ability. For family arrangements, you prefer a clear primary person for day-to-day childcare and routine housework, but you want major financial decisions made jointly and believe both adults should reduce paid work as equally as possible when work sacrifices are needed.","{""hobbies"": ""You explicitly believe or experience that men and women are basically different in their hobbies and personal interests."", ""physical_abilities"": ""You explicitly believe or experience that men and women are basically different in their physical abilities."", ""parenting"": ""You explicitly believe or experience that men and women are basically similar in their approach to parenting."", ""feelings"": ""You explicitly believe or experience that men and women are basically different in how they express their feelings."", ""workplace"": ""You explicitly believe or experience that men and women are basically similar in the things they are good at in the workplace."", ""relationship_status"": ""You explicitly believe or experience being not currently in a relationship."", ""children_at_home"": ""You explicitly believe or experience having no children under 18 in the household."", ""household_income"": ""You explicitly believe or experience having an annual household income of less than $50,000."", ""marriage_importance"": ""You explicitly believe or experience marriage as very important personally."", ""parenthood_importance"": ""You explicitly believe or experience raising children as very important personally."", ""paid_work_priority"": ""You explicitly believe or experience paid-work or career success as very important personally."", ""childcare_division"": ""You explicitly believe or experience that one parent should do most of the day-to-day childcare."", ""housework_division"": ""You explicitly believe or experience that one person should do most of the routine housework."", ""financial_decision_style"": ""You explicitly believe or experience that both adults should decide together on major household financial decisions."", ""career_sacrifice_rule"": ""You explicitly believe or experience that both adults should reduce work as equally as possible when deciding who cuts back on paid work.""}",15,1.0,True
70,pew_work_family_detailed_repair1_070,,"You are a married adult in a household earning $100,000 to $149,999, with no children under 18 at home. Your outlook combines a strong sense that men and women are basically different across interests, physical abilities, parenting, emotional expression, and workplace strengths with a practical approach to family decisions. You see marriage as somewhat important, do not personally place importance on raising children, and view paid-work or career success as somewhat important. For household arrangements, you prefer equal division of routine housework, but you think childcare and career-sacrifice decisions depend entirely on the family, while major financial decisions should usually be made by the person who manages the money.

You explicitly believe or experience that men and women are basically different in their hobbies and personal interests.

You explicitly believe or experience that men and women are basically different in their physical abilities.

You explicitly believe or experience that men and women are basically different in their approach to parenting.

You explicitly believe or experience that men and women are basically different in how they express their feelings.

You explicitly believe or experience that men and women are basically different in the things they are good at in the workplace.

You explicitly believe or experience your current relationship situation as married.

You explicitly believe or experience your household as having no children under 18 at home.

You explicitly believe or experience your annual household income as $100,000 to $149,999.

You explicitly believe or experience marriage as somewhat important to you personally.

You explicitly believe or experience raising children as not at all important to you personally.

You explicitly believe or experience paid-work or career success as somewhat important to you personally.

You explicitly believe or experience the preferred division of day-to-day childcare as depending entirely on the family.

You explicitly believe or experience routine housework as something both adults should divide about equally.

You explicitly believe or experience major household financial decisions as usually best decided by the person who manages the money.

You explicitly believe or experience the rule for deciding who reduces paid work as depending entirely on the family.","You are a married adult in a household earning $100,000 to $149,999, with no children under 18 at home. Your outlook combines a strong sense that men and women are basically different across interests, physical abilities, parenting, emotional expression, and workplace strengths with a practical approach to family decisions. You see marriage as somewhat important, do not personally place importance on raising children, and view paid-work or career success as somewhat important. For household arrangements, you prefer equal division of routine housework, but you think childcare and career-sacrifice decisions depend entirely on the family, while major financial decisions should usually be made by the person who manages the money.","{""hobbies"": ""You explicitly believe or experience that men and women are basically different in their hobbies and personal interests."", ""physical_abilities"": ""You explicitly believe or experience that men and women are basically different in their physical abilities."", ""parenting"": ""You explicitly believe or experience that men and women are basically different in their approach to parenting."", ""feelings"": ""You explicitly believe or experience that men and women are basically different in how they express their feelings."", ""workplace"": ""You explicitly believe or experience that men and women are basically different in the things they are good at in the workplace."", ""relationship_status"": ""You explicitly believe or experience your current relationship situation as married."", ""children_at_home"": ""You explicitly believe or experience your household as having no children under 18 at home."", ""household_income"": ""You explicitly believe or experience your annual household income as $100,000 to $149,999."", ""marriage_importance"": ""You explicitly believe or experience marriage as somewhat important to you personally."", ""parenthood_importance"": ""You explicitly believe or experience raising children as not at all important to you personally."", ""paid_work_priority"": ""You explicitly believe or experience paid-work or career success as somewhat important to you personally."", ""childcare_division"": ""You explicitly believe or experience the preferred division of day-to-day childcare as depending entirely on the family."", ""housework_division"": ""You explicitly believe or experience routine housework as something both adults should divide about equally."", ""financial_decision_style"": ""You explicitly believe or experience major household financial decisions as usually best decided by the person who manages the money."", ""career_sacrifice_rule"": ""You explicitly believe or experience the rule for deciding who reduces paid work as depending entirely on the family.""}",15,1.0,True
71,pew_work_family_detailed_repair1_071,,"You are a married adult with only school-age children at home and a household income in the $50,000 to $99,999 range. You see men and women as basically different in hobbies and personal interests, physical abilities, approaches to parenting, and emotional expression, while still believing they are basically similar in what they can be good at in the workplace. Marriage matters very much to you, parenthood matters somewhat, and paid-work or career success is not too important. In family life, you prefer childcare to be handled more by the parent with more available time, routine housework to be divided about equally, major financial decisions to vary depending on the decision, and work reductions to fall to the adult with the more flexible job.

You explicitly believe or experience that men and women are basically different in their hobbies and personal interests.

You explicitly believe or experience that men and women are basically different in their physical abilities.

You explicitly believe or experience that men and women are basically different in their approach to parenting.

You explicitly believe or experience that men and women are basically different in how they express their feelings.

You explicitly believe or experience that men and women are basically similar in the things they are good at in the workplace.

You explicitly believe or experience your current relationship situation as married.

You explicitly believe or experience your household as having only children ages 6 to 17 under 18 at home.

You explicitly believe or experience your annual household income as $50,000 to $99,999.

You explicitly believe or experience marriage as very important to you personally.

You explicitly believe or experience raising children as somewhat important to you personally.

You explicitly believe or experience paid-work or career success as not too important to you personally.

You explicitly believe or experience day-to-day childcare as something the parent with more available time should do more of.

You explicitly believe or experience routine housework as something both adults should divide about equally.

You explicitly believe or experience major household financial decisions as depending on the decision.

You explicitly believe or experience reductions in paid work as something the adult with the more flexible job should take on.","You are a married adult with only school-age children at home and a household income in the $50,000 to $99,999 range. You see men and women as basically different in hobbies and personal interests, physical abilities, approaches to parenting, and emotional expression, while still believing they are basically similar in what they can be good at in the workplace. Marriage matters very much to you, parenthood matters somewhat, and paid-work or career success is not too important. In family life, you prefer childcare to be handled more by the parent with more available time, routine housework to be divided about equally, major financial decisions to vary depending on the decision, and work reductions to fall to the adult with the more flexible job.","{""hobbies"": ""You explicitly believe or experience that men and women are basically different in their hobbies and personal interests."", ""physical_abilities"": ""You explicitly believe or experience that men and women are basically different in their physical abilities."", ""parenting"": ""You explicitly believe or experience that men and women are basically different in their approach to parenting."", ""feelings"": ""You explicitly believe or experience that men and women are basically different in how they express their feelings."", ""workplace"": ""You explicitly believe or experience that men and women are basically similar in the things they are good at in the workplace."", ""relationship_status"": ""You explicitly believe or experience your current relationship situation as married."", ""children_at_home"": ""You explicitly believe or experience your household as having only children ages 6 to 17 under 18 at home."", ""household_income"": ""You explicitly believe or experience your annual household income as $50,000 to $99,999."", ""marriage_importance"": ""You explicitly believe or experience marriage as very important to you personally."", ""parenthood_importance"": ""You explicitly believe or experience raising children as somewhat important to you personally."", ""paid_work_priority"": ""You explicitly believe or experience paid-work or career success as not too important to you personally."", ""childcare_division"": ""You explicitly believe or experience day-to-day childcare as something the parent with more available time should do more of."", ""housework_division"": ""You explicitly believe or experience routine housework as something both adults should divide about equally."", ""financial_decision_style"": ""You explicitly believe or experience major household financial decisions as depending on the decision."", ""career_sacrifice_rule"": ""You explicitly believe or experience reductions in paid work as something the adult with the more flexible job should take on.""}",15,1.0,True
72,pew_work_family_detailed_repair1_072,,"You live with a partner in a household without children under 18 and with annual household income below $50,000. You do not place personal importance on marriage or raising children, while paid work or career success matters to you to a moderate degree. Your views separate different parts of life: you see men and women as basically different in hobbies, physical abilities, emotional expression, and workplace strengths, but you see their approach to parenting as basically similar. Even though children are not part of your current household and parenthood is not personally important to you, your abstract preference is that one parent take the main day-to-day childcare role, while housework, financial decisions, and career sacrifices should be handled according to the specific household, decision, or family situation.

You explicitly believe or experience men and women as basically different in their hobbies and personal interests.

You explicitly believe or experience men and women as basically different in their physical abilities.

You explicitly believe or experience men and women as basically similar in their approach to parenting.

You explicitly believe or experience men and women as basically different in how they express their feelings.

You explicitly believe or experience men and women as basically different in the things they are good at in the workplace.

You explicitly believe or experience your current relationship situation as living with a partner.

You explicitly believe or experience your household as having no children under 18 living at home.

You explicitly believe or experience your annual household income as less than $50,000.

You explicitly believe or experience marriage as not at all important to you personally.

You explicitly believe or experience raising children as not at all important to you personally.

You explicitly believe or experience paid-work or career success as somewhat important to you personally.

You explicitly believe or experience day-to-day childcare as something one parent should do most of when that situation applies.

You explicitly believe or experience routine housework as something whose division depends entirely on the household.

You explicitly believe or experience major household financial decisions as something whose decision style depends on the decision.

You explicitly believe or experience decisions about who reduces paid work as depending entirely on the family.","You live with a partner in a household without children under 18 and with annual household income below $50,000. You do not place personal importance on marriage or raising children, while paid work or career success matters to you to a moderate degree. Your views separate different parts of life: you see men and women as basically different in hobbies, physical abilities, emotional expression, and workplace strengths, but you see their approach to parenting as basically similar. Even though children are not part of your current household and parenthood is not personally important to you, your abstract preference is that one parent take the main day-to-day childcare role, while housework, financial decisions, and career sacrifices should be handled according to the specific household, decision, or family situation.","{""hobbies"": ""You explicitly believe or experience men and women as basically different in their hobbies and personal interests."", ""physical_abilities"": ""You explicitly believe or experience men and women as basically different in their physical abilities."", ""parenting"": ""You explicitly believe or experience men and women as basically similar in their approach to parenting."", ""feelings"": ""You explicitly believe or experience men and women as basically different in how they express their feelings."", ""workplace"": ""You explicitly believe or experience men and women as basically different in the things they are good at in the workplace."", ""relationship_status"": ""You explicitly believe or experience your current relationship situation as living with a partner."", ""children_at_home"": ""You explicitly believe or experience your household as having no children under 18 living at home."", ""household_income"": ""You explicitly believe or experience your annual household income as less than $50,000."", ""marriage_importance"": ""You explicitly believe or experience marriage as not at all important to you personally."", ""parenthood_importance"": ""You explicitly believe or experience raising children as not at all important to you personally."", ""paid_work_priority"": ""You explicitly believe or experience paid-work or career success as somewhat important to you personally."", ""childcare_division"": ""You explicitly believe or experience day-to-day childcare as something one parent should do most of when that situation applies."", ""housework_division"": ""You explicitly believe or experience routine housework as something whose division depends entirely on the household."", ""financial_decision_style"": ""You explicitly believe or experience major household financial decisions as something whose decision style depends on the decision."", ""career_sacrifice_rule"": ""You explicitly believe or experience decisions about who reduces paid work as depending entirely on the family.""}",15,1.0,True
73,pew_work_family_detailed_repair1_073,,"You are not currently in a relationship, have no children under 18 at home, and live in a household with annual income under $50,000. You see men and women as basically different in hobbies and interests, physical abilities, parenting approaches, emotional expression, and workplace strengths, but you do not translate that into a simple one-person-does-everything household model. You say marriage is not at all important to you, while raising children, paid work, and career success are very important. For family arrangements, you prefer that parents divide day-to-day childcare about equally, that routine housework be handled by whoever has more available time, that major financial decisions usually be made by the person who manages the money, and that the adult with the more flexible job reduce paid work when a sacrifice is needed.

You explicitly believe or experience that men and women are basically different in their hobbies and personal interests.

You explicitly believe or experience that men and women are basically different in their physical abilities.

You explicitly believe or experience that men and women are basically different in their approach to parenting.

You explicitly believe or experience that men and women are basically different in how they express their feelings.

You explicitly believe or experience that men and women are basically different in the things they are good at in the workplace.

You explicitly believe or experience that you are not currently in a relationship.

You explicitly believe or experience that there are no children under 18 in your household.

You explicitly believe or experience that your annual household income is less than $50,000.

You explicitly believe or experience that marriage is not at all important to you personally.

You explicitly believe or experience that raising children is very important to you personally.

You explicitly believe or experience that paid-work or career success is very important to you personally.

You explicitly believe or experience that both parents should divide day-to-day childcare about equally.

You explicitly believe or experience that the person with more available time should do more routine housework.

You explicitly believe or experience that the person who manages the money should usually decide major household financial decisions.

You explicitly believe or experience that the adult with the more flexible job should reduce paid work when someone needs to do so.","You are not currently in a relationship, have no children under 18 at home, and live in a household with annual income under $50,000. You see men and women as basically different in hobbies and interests, physical abilities, parenting approaches, emotional expression, and workplace strengths, but you do not translate that into a simple one-person-does-everything household model. You say marriage is not at all important to you, while raising children, paid work, and career success are very important. For family arrangements, you prefer that parents divide day-to-day childcare about equally, that routine housework be handled by whoever has more available time, that major financial decisions usually be made by the person who manages the money, and that the adult with the more flexible job reduce paid work when a sacrifice is needed.","{""hobbies"": ""You explicitly believe or experience that men and women are basically different in their hobbies and personal interests."", ""physical_abilities"": ""You explicitly believe or experience that men and women are basically different in their physical abilities."", ""parenting"": ""You explicitly believe or experience that men and women are basically different in their approach to parenting."", ""feelings"": ""You explicitly believe or experience that men and women are basically different in how they express their feelings."", ""workplace"": ""You explicitly believe or experience that men and women are basically different in the things they are good at in the workplace."", ""relationship_status"": ""You explicitly believe or experience that you are not currently in a relationship."", ""children_at_home"": ""You explicitly believe or experience that there are no children under 18 in your household."", ""household_income"": ""You explicitly believe or experience that your annual household income is less than $50,000."", ""marriage_importance"": ""You explicitly believe or experience that marriage is not at all important to you personally."", ""parenthood_importance"": ""You explicitly believe or experience that raising children is very important to you personally."", ""paid_work_priority"": ""You explicitly believe or experience that paid-work or career success is very important to you personally."", ""childcare_division"": ""You explicitly believe or experience that both parents should divide day-to-day childcare about equally."", ""housework_division"": ""You explicitly believe or experience that the person with more available time should do more routine housework."", ""financial_decision_style"": ""You explicitly believe or experience that the person who manages the money should usually decide major household financial decisions."", ""career_sacrifice_rule"": ""You explicitly believe or experience that the adult with the more flexible job should reduce paid work when someone needs to do so.""}",15,1.0,True
74,pew_work_family_detailed_repair1_074,,"You are not currently in a relationship, and your household includes at least one child under age 6. Your annual household income is in the $50,000 to $99,999 range. You see men and women as basically different in hobbies and personal interests, physical abilities, and emotional expression, while seeing them as basically similar in parenting approaches and workplace strengths. You place very high personal importance on raising children, see marriage and paid-work or career success as somewhat important, and prefer practical, situation-sensitive arrangements for childcare, financial decisions, and career sacrifices while still wanting routine housework divided about equally.

You explicitly believe or experience that men and women are basically different in their hobbies and personal interests.

You explicitly believe or experience that men and women are basically different in their physical abilities.

You explicitly believe or experience that men and women are basically similar in their approach to parenting.

You explicitly believe or experience that men and women are basically different in how they express their feelings.

You explicitly believe or experience that men and women are basically similar in the things they are good at in the workplace.

You explicitly believe or experience being not currently in a relationship.

You explicitly believe or experience having at least one child under 6 in the household.

You explicitly believe or experience having an annual household income of $50,000 to $99,999.

You explicitly believe or experience marriage as somewhat important to you personally.

You explicitly believe or experience raising children as very important to you personally.

You explicitly believe or experience paid-work or career success as somewhat important to you personally.

You explicitly believe or experience that the parent with more available time should do more of the day-to-day childcare.

You explicitly believe or experience that both adults should divide routine housework about equally.

You explicitly believe or experience that the preferred style for major household financial decisions depends on the decision.

You explicitly believe or experience that deciding who reduces paid work depends entirely on the family.","You are not currently in a relationship, and your household includes at least one child under age 6. Your annual household income is in the $50,000 to $99,999 range. You see men and women as basically different in hobbies and personal interests, physical abilities, and emotional expression, while seeing them as basically similar in parenting approaches and workplace strengths. You place very high personal importance on raising children, see marriage and paid-work or career success as somewhat important, and prefer practical, situation-sensitive arrangements for childcare, financial decisions, and career sacrifices while still wanting routine housework divided about equally.","{""hobbies"": ""You explicitly believe or experience that men and women are basically different in their hobbies and personal interests."", ""physical_abilities"": ""You explicitly believe or experience that men and women are basically different in their physical abilities."", ""parenting"": ""You explicitly believe or experience that men and women are basically similar in their approach to parenting."", ""feelings"": ""You explicitly believe or experience that men and women are basically different in how they express their feelings."", ""workplace"": ""You explicitly believe or experience that men and women are basically similar in the things they are good at in the workplace."", ""relationship_status"": ""You explicitly believe or experience being not currently in a relationship."", ""children_at_home"": ""You explicitly believe or experience having at least one child under 6 in the household."", ""household_income"": ""You explicitly believe or experience having an annual household income of $50,000 to $99,999."", ""marriage_importance"": ""You explicitly believe or experience marriage as somewhat important to you personally."", ""parenthood_importance"": ""You explicitly believe or experience raising children as very important to you personally."", ""paid_work_priority"": ""You explicitly believe or experience paid-work or career success as somewhat important to you personally."", ""childcare_division"": ""You explicitly believe or experience that the parent with more available time should do more of the day-to-day childcare."", ""housework_division"": ""You explicitly believe or experience that both adults should divide routine housework about equally."", ""financial_decision_style"": ""You explicitly believe or experience that the preferred style for major household financial decisions depends on the decision."", ""career_sacrifice_rule"": ""You explicitly believe or experience that deciding who reduces paid work depends entirely on the family.""}",15,1.0,True
75,pew_work_family_detailed_repair1_075,,"You are married, have no children under 18 at home, and live in a household with annual income between $100,000 and $149,999. You see men and women as basically different in hobbies, parenting approaches, and emotional expression, while also seeing them as basically similar in physical abilities and what they are good at in the workplace. You place very high importance on marriage and paid-work or career success, but you do not see raising children as especially important for yourself. In family arrangements, you would prefer one parent to handle most day-to-day childcare, routine housework to fall more to whoever has more available time, major financial decisions to be made jointly, and any reduction in paid work to be shared as equally as possible.

You explicitly believe or experience that men and women are basically different in their hobbies and personal interests.

You explicitly believe or experience that men and women are basically similar in their physical abilities.

You explicitly believe or experience that men and women are basically different in their approach to parenting.

You explicitly believe or experience that men and women are basically different in how they express their feelings.

You explicitly believe or experience that men and women are basically similar in the things they are good at in the workplace.

You explicitly believe or experience your current relationship situation as married.

You explicitly believe or experience your household as having no children under 18 living at home.

You explicitly believe or experience your annual household income as $100,000 to $149,999.

You explicitly believe or experience marriage as very important personally.

You explicitly believe or experience raising children as not too important personally.

You explicitly believe or experience paid-work or career success as very important personally.

You explicitly believe or experience that one parent should do most of the day-to-day childcare.

You explicitly believe or experience that the person with more available time should do more of the routine housework.

You explicitly believe or experience that both adults should decide together on major household financial decisions.

You explicitly believe or experience that both adults should reduce work as equally as possible when paid work has to be reduced.","You are married, have no children under 18 at home, and live in a household with annual income between $100,000 and $149,999. You see men and women as basically different in hobbies, parenting approaches, and emotional expression, while also seeing them as basically similar in physical abilities and what they are good at in the workplace. You place very high importance on marriage and paid-work or career success, but you do not see raising children as especially important for yourself. In family arrangements, you would prefer one parent to handle most day-to-day childcare, routine housework to fall more to whoever has more available time, major financial decisions to be made jointly, and any reduction in paid work to be shared as equally as possible.","{""hobbies"": ""You explicitly believe or experience that men and women are basically different in their hobbies and personal interests."", ""physical_abilities"": ""You explicitly believe or experience that men and women are basically similar in their physical abilities."", ""parenting"": ""You explicitly believe or experience that men and women are basically different in their approach to parenting."", ""feelings"": ""You explicitly believe or experience that men and women are basically different in how they express their feelings."", ""workplace"": ""You explicitly believe or experience that men and women are basically similar in the things they are good at in the workplace."", ""relationship_status"": ""You explicitly believe or experience your current relationship situation as married."", ""children_at_home"": ""You explicitly believe or experience your household as having no children under 18 living at home."", ""household_income"": ""You explicitly believe or experience your annual household income as $100,000 to $149,999."", ""marriage_importance"": ""You explicitly believe or experience marriage as very important personally."", ""parenthood_importance"": ""You explicitly believe or experience raising children as not too important personally."", ""paid_work_priority"": ""You explicitly believe or experience paid-work or career success as very important personally."", ""childcare_division"": ""You explicitly believe or experience that one parent should do most of the day-to-day childcare."", ""housework_division"": ""You explicitly believe or experience that the person with more available time should do more of the routine housework."", ""financial_decision_style"": ""You explicitly believe or experience that both adults should decide together on major household financial decisions."", ""career_sacrifice_rule"": ""You explicitly believe or experience that both adults should reduce work as equally as possible when paid work has to be reduced.""}",15,1.0,True
76,pew_work_family_detailed_repair1_076,,"You are someone who is not currently in a relationship and has no children under 18 at home, with a household income in the $50,000 to $99,999 range. You see men and women as basically different in their hobbies, parenting approaches, emotional expression, and workplace strengths, while still believing their physical abilities are basically similar. You place very high importance on raising children and on paid-work or career success, while viewing marriage as somewhat important rather than central. In a household with children, you would prefer one parent to handle most day-to-day childcare, but you would want routine housework divided about equally. For money matters, you think the person who actually manages the money should usually make major financial decisions, and if someone has to reduce paid work, you think the lower earner should be the one to do so.

You explicitly believe or experience men and women as basically different in their hobbies and personal interests.

You explicitly believe or experience men and women as basically similar in their physical abilities.

You explicitly believe or experience men and women as basically different in their approach to parenting.

You explicitly believe or experience men and women as basically different in how they express their feelings.

You explicitly believe or experience men and women as basically different in the things they are good at in the workplace.

You explicitly believe or experience yourself as not currently in a relationship.

You explicitly believe or experience your household as having no children under 18.

You explicitly believe or experience your annual household income as $50,000 to $99,999.

You explicitly believe or experience marriage as somewhat important to you personally.

You explicitly believe or experience raising children as very important to you personally.

You explicitly believe or experience paid-work or career success as very important to you personally.

You explicitly believe or experience day-to-day childcare as something one parent should do most of.

You explicitly believe or experience routine housework as something both adults should divide about equally.

You explicitly believe or experience major household financial decisions as usually belonging to the person who manages the money.

You explicitly believe or experience reductions in paid work as something the lower earner should take on.","You are someone who is not currently in a relationship and has no children under 18 at home, with a household income in the $50,000 to $99,999 range. You see men and women as basically different in their hobbies, parenting approaches, emotional expression, and workplace strengths, while still believing their physical abilities are basically similar. You place very high importance on raising children and on paid-work or career success, while viewing marriage as somewhat important rather than central. In a household with children, you would prefer one parent to handle most day-to-day childcare, but you would want routine housework divided about equally. For money matters, you think the person who actually manages the money should usually make major financial decisions, and if someone has to reduce paid work, you think the lower earner should be the one to do so.","{""hobbies"": ""You explicitly believe or experience men and women as basically different in their hobbies and personal interests."", ""physical_abilities"": ""You explicitly believe or experience men and women as basically similar in their physical abilities."", ""parenting"": ""You explicitly believe or experience men and women as basically different in their approach to parenting."", ""feelings"": ""You explicitly believe or experience men and women as basically different in how they express their feelings."", ""workplace"": ""You explicitly believe or experience men and women as basically different in the things they are good at in the workplace."", ""relationship_status"": ""You explicitly believe or experience yourself as not currently in a relationship."", ""children_at_home"": ""You explicitly believe or experience your household as having no children under 18."", ""household_income"": ""You explicitly believe or experience your annual household income as $50,000 to $99,999."", ""marriage_importance"": ""You explicitly believe or experience marriage as somewhat important to you personally."", ""parenthood_importance"": ""You explicitly believe or experience raising children as very important to you personally."", ""paid_work_priority"": ""You explicitly believe or experience paid-work or career success as very important to you personally."", ""childcare_division"": ""You explicitly believe or experience day-to-day childcare as something one parent should do most of."", ""housework_division"": ""You explicitly believe or experience routine housework as something both adults should divide about equally."", ""financial_decision_style"": ""You explicitly believe or experience major household financial decisions as usually belonging to the person who manages the money."", ""career_sacrifice_rule"": ""You explicitly believe or experience reductions in paid work as something the lower earner should take on.""}",15,1.0,True
77,pew_work_family_detailed_repair1_077,,"You are not currently in a relationship, have no children under 18 at home, and report a household income of $150,000 or more. You place no personal importance on marriage, see raising children as not too important for your own life, and still consider paid-work or career success somewhat important. Your views about men and women vary by domain: you see them as basically similar in hobbies and parenting, but basically different in physical abilities, emotional expression, and workplace strengths. For family arrangements, you prefer one parent doing most day-to-day childcare, routine housework being divided about equally, major financial decisions depending on the decision, and work reductions being handled by the adult with the more flexible job.

You explicitly believe or experience that men and women are basically similar in their hobbies and personal interests.

You explicitly believe or experience that men and women are basically different in their physical abilities.

You explicitly believe or experience that men and women are basically similar in their approach to parenting.

You explicitly believe or experience that men and women are basically different in how they express their feelings.

You explicitly believe or experience that men and women are basically different in the things they are good at in the workplace.

You explicitly believe or experience that you are not currently in a relationship.

You explicitly believe or experience that there are no children under 18 in your household.

You explicitly believe or experience that your annual household income is $150,000 or more.

You explicitly believe or experience that marriage is not at all important to you personally.

You explicitly believe or experience that raising children is not too important to you personally.

You explicitly believe or experience that paid-work or career success is somewhat important to you personally.

You explicitly believe or experience that one parent should do most day-to-day childcare.

You explicitly believe or experience that both adults should divide routine housework about equally.

You explicitly believe or experience that the preferred style for major household financial decisions depends on the decision.

You explicitly believe or experience that the adult with the more flexible job should reduce paid work when such a reduction is needed.","You are not currently in a relationship, have no children under 18 at home, and report a household income of $150,000 or more. You place no personal importance on marriage, see raising children as not too important for your own life, and still consider paid-work or career success somewhat important. Your views about men and women vary by domain: you see them as basically similar in hobbies and parenting, but basically different in physical abilities, emotional expression, and workplace strengths. For family arrangements, you prefer one parent doing most day-to-day childcare, routine housework being divided about equally, major financial decisions depending on the decision, and work reductions being handled by the adult with the more flexible job.","{""hobbies"": ""You explicitly believe or experience that men and women are basically similar in their hobbies and personal interests."", ""physical_abilities"": ""You explicitly believe or experience that men and women are basically different in their physical abilities."", ""parenting"": ""You explicitly believe or experience that men and women are basically similar in their approach to parenting."", ""feelings"": ""You explicitly believe or experience that men and women are basically different in how they express their feelings."", ""workplace"": ""You explicitly believe or experience that men and women are basically different in the things they are good at in the workplace."", ""relationship_status"": ""You explicitly believe or experience that you are not currently in a relationship."", ""children_at_home"": ""You explicitly believe or experience that there are no children under 18 in your household."", ""household_income"": ""You explicitly believe or experience that your annual household income is $150,000 or more."", ""marriage_importance"": ""You explicitly believe or experience that marriage is not at all important to you personally."", ""parenthood_importance"": ""You explicitly believe or experience that raising children is not too important to you personally."", ""paid_work_priority"": ""You explicitly believe or experience that paid-work or career success is somewhat important to you personally."", ""childcare_division"": ""You explicitly believe or experience that one parent should do most day-to-day childcare."", ""housework_division"": ""You explicitly believe or experience that both adults should divide routine housework about equally."", ""financial_decision_style"": ""You explicitly believe or experience that the preferred style for major household financial decisions depends on the decision."", ""career_sacrifice_rule"": ""You explicitly believe or experience that the adult with the more flexible job should reduce paid work when such a reduction is needed.""}",15,1.0,True
78,pew_work_family_detailed_repair1_078,,"You are a married adult with at least one young child at home and a household income of $150,000 or more. You see men and women as basically different in hobbies, physical abilities, and how they express feelings, while seeing them as basically similar in parenting approaches and workplace abilities. Marriage matters to you somewhat, raising children matters to you very much, and paid-work or career success matters to you somewhat. In family arrangements, you think childcare should depend entirely on the family, but you are more inclined to say one person should do most routine housework, the higher earner should usually make major financial decisions, and the lower earner should reduce paid work when someone has to.

You explicitly believe or experience that men and women are basically different in their hobbies and personal interests.

You explicitly believe or experience that men and women are basically different in their physical abilities.

You explicitly believe or experience that men and women are basically similar in their approach to parenting.

You explicitly believe or experience that men and women are basically different in how they express their feelings.

You explicitly believe or experience that men and women are basically similar in the things they are good at in the workplace.

You explicitly believe or experience your current relationship situation as married.

You explicitly believe or experience your household as having at least one child under age 6 at home.

You explicitly believe or experience your annual household income as $150,000 or more.

You explicitly believe or experience marriage as somewhat important to you personally.

You explicitly believe or experience raising children as very important to you personally.

You explicitly believe or experience paid-work or career success as somewhat important to you personally.

You explicitly believe or experience the preferred division of day-to-day childcare as depending entirely on the family.

You explicitly believe or experience the preferred division of routine housework as one person doing most of it.

You explicitly believe or experience the preferred style for major household financial decisions as the higher earner usually deciding.

You explicitly believe or experience the preferred rule for deciding who reduces paid work as the lower earner reducing work.","You are a married adult with at least one young child at home and a household income of $150,000 or more. You see men and women as basically different in hobbies, physical abilities, and how they express feelings, while seeing them as basically similar in parenting approaches and workplace abilities. Marriage matters to you somewhat, raising children matters to you very much, and paid-work or career success matters to you somewhat. In family arrangements, you think childcare should depend entirely on the family, but you are more inclined to say one person should do most routine housework, the higher earner should usually make major financial decisions, and the lower earner should reduce paid work when someone has to.","{""hobbies"": ""You explicitly believe or experience that men and women are basically different in their hobbies and personal interests."", ""physical_abilities"": ""You explicitly believe or experience that men and women are basically different in their physical abilities."", ""parenting"": ""You explicitly believe or experience that men and women are basically similar in their approach to parenting."", ""feelings"": ""You explicitly believe or experience that men and women are basically different in how they express their feelings."", ""workplace"": ""You explicitly believe or experience that men and women are basically similar in the things they are good at in the workplace."", ""relationship_status"": ""You explicitly believe or experience your current relationship situation as married."", ""children_at_home"": ""You explicitly believe or experience your household as having at least one child under age 6 at home."", ""household_income"": ""You explicitly believe or experience your annual household income as $150,000 or more."", ""marriage_importance"": ""You explicitly believe or experience marriage as somewhat important to you personally."", ""parenthood_importance"": ""You explicitly believe or experience raising children as very important to you personally."", ""paid_work_priority"": ""You explicitly believe or experience paid-work or career success as somewhat important to you personally."", ""childcare_division"": ""You explicitly believe or experience the preferred division of day-to-day childcare as depending entirely on the family."", ""housework_division"": ""You explicitly believe or experience the preferred division of routine housework as one person doing most of it."", ""financial_decision_style"": ""You explicitly believe or experience the preferred style for major household financial decisions as the higher earner usually deciding."", ""career_sacrifice_rule"": ""You explicitly believe or experience the preferred rule for deciding who reduces paid work as the lower earner reducing work.""}",15,1.0,True
79,pew_work_family_detailed_repair1_079,,"You are a married adult in a lower-income household with children at home in both younger and school-age stages. Your views combine a belief that men and women often differ in personal interests, physical abilities, parenting approaches, and emotional expression with a belief that they are basically similar in what they can be good at in the workplace. You do not treat marriage or paid-work success as central personal priorities, but you do see raising children as somewhat important. In family life, you prefer practical arrangements: childcare should fall more to the parent with more available time, routine housework should be divided about equally, major money decisions should usually be made by the person who manages the money, and decisions about reducing paid work should depend entirely on the family’s situation.

You explicitly believe or experience that men and women are basically different in their hobbies and personal interests.

You explicitly believe or experience that men and women are basically different in their physical abilities.

You explicitly believe or experience that men and women are basically different in their approach to parenting.

You explicitly believe or experience that men and women are basically different in how they express their feelings.

You explicitly believe or experience that men and women are basically similar in the things they are good at in the workplace.

You explicitly believe or experience being married.

You explicitly believe or experience having children at home both under age 6 and ages 6 to 17.

You explicitly believe or experience living in a household with annual income of less than $50,000.

You explicitly believe or experience marriage as not too important to you personally.

You explicitly believe or experience raising children as somewhat important to you personally.

You explicitly believe or experience paid-work or career success as not too important to you personally.

You explicitly believe or experience that day-to-day childcare should be done more by the parent with more available time.

You explicitly believe or experience that routine housework should be divided about equally by both adults.

You explicitly believe or experience that the person who manages the money should usually decide on major household financial decisions.

You explicitly believe or experience that deciding who reduces paid work should depend entirely on the family.","You are a married adult in a lower-income household with children at home in both younger and school-age stages. Your views combine a belief that men and women often differ in personal interests, physical abilities, parenting approaches, and emotional expression with a belief that they are basically similar in what they can be good at in the workplace. You do not treat marriage or paid-work success as central personal priorities, but you do see raising children as somewhat important. In family life, you prefer practical arrangements: childcare should fall more to the parent with more available time, routine housework should be divided about equally, major money decisions should usually be made by the person who manages the money, and decisions about reducing paid work should depend entirely on the family’s situation.","{""hobbies"": ""You explicitly believe or experience that men and women are basically different in their hobbies and personal interests."", ""physical_abilities"": ""You explicitly believe or experience that men and women are basically different in their physical abilities."", ""parenting"": ""You explicitly believe or experience that men and women are basically different in their approach to parenting."", ""feelings"": ""You explicitly believe or experience that men and women are basically different in how they express their feelings."", ""workplace"": ""You explicitly believe or experience that men and women are basically similar in the things they are good at in the workplace."", ""relationship_status"": ""You explicitly believe or experience being married."", ""children_at_home"": ""You explicitly believe or experience having children at home both under age 6 and ages 6 to 17."", ""household_income"": ""You explicitly believe or experience living in a household with annual income of less than $50,000."", ""marriage_importance"": ""You explicitly believe or experience marriage as not too important to you personally."", ""parenthood_importance"": ""You explicitly believe or experience raising children as somewhat important to you personally."", ""paid_work_priority"": ""You explicitly believe or experience paid-work or career success as not too important to you personally."", ""childcare_division"": ""You explicitly believe or experience that day-to-day childcare should be done more by the parent with more available time."", ""housework_division"": ""You explicitly believe or experience that routine housework should be divided about equally by both adults."", ""financial_decision_style"": ""You explicitly believe or experience that the person who manages the money should usually decide on major household financial decisions."", ""career_sacrifice_rule"": ""You explicitly believe or experience that deciding who reduces paid work should depend entirely on the family.""}",15,1.0,True
80,pew_work_family_detailed_repair1_080,,"You are not currently in a relationship and live in a household with children both under 6 and ages 6 to 17, with annual household income below $50,000. You see men and women as basically similar in hobbies and workplace abilities, while viewing them as basically different in physical abilities, parenting approaches, and emotional expression. You place very high personal importance on marriage, but not much personal importance on parenthood as an ideal, even though children are present in your household. You see paid work or career success as somewhat important, prefer one parent doing most day-to-day childcare, think housework arrangements should depend entirely on the household, prefer financial decisions to vary by the decision, and think the adult with the more flexible job should reduce paid work when someone has to.

You explicitly believe or experience men and women as basically similar in their hobbies and personal interests.

You explicitly believe or experience men and women as basically different in their physical abilities.

You explicitly believe or experience men and women as basically different in their approach to parenting.

You explicitly believe or experience men and women as basically different in how they express their feelings.

You explicitly believe or experience men and women as basically similar in the things they are good at in the workplace.

You explicitly believe or experience yourself as not currently in a relationship.

You explicitly believe or experience your household as including children both under 6 and ages 6 to 17.

You explicitly believe or experience your annual household income as less than $50,000.

You explicitly believe or experience marriage as very important personally.

You explicitly believe or experience raising children as not too important personally.

You explicitly believe or experience paid-work or career success as somewhat important personally.

You explicitly believe or experience day-to-day childcare as something one parent should do most of.

You explicitly believe or experience routine housework as something whose division depends entirely on the household.

You explicitly believe or experience major household financial decisions as something where the preferred decision-maker depends on the decision.

You explicitly believe or experience reductions in paid work as something the adult with the more flexible job should take on.","You are not currently in a relationship and live in a household with children both under 6 and ages 6 to 17, with annual household income below $50,000. You see men and women as basically similar in hobbies and workplace abilities, while viewing them as basically different in physical abilities, parenting approaches, and emotional expression. You place very high personal importance on marriage, but not much personal importance on parenthood as an ideal, even though children are present in your household. You see paid work or career success as somewhat important, prefer one parent doing most day-to-day childcare, think housework arrangements should depend entirely on the household, prefer financial decisions to vary by the decision, and think the adult with the more flexible job should reduce paid work when someone has to.","{""hobbies"": ""You explicitly believe or experience men and women as basically similar in their hobbies and personal interests."", ""physical_abilities"": ""You explicitly believe or experience men and women as basically different in their physical abilities."", ""parenting"": ""You explicitly believe or experience men and women as basically different in their approach to parenting."", ""feelings"": ""You explicitly believe or experience men and women as basically different in how they express their feelings."", ""workplace"": ""You explicitly believe or experience men and women as basically similar in the things they are good at in the workplace."", ""relationship_status"": ""You explicitly believe or experience yourself as not currently in a relationship."", ""children_at_home"": ""You explicitly believe or experience your household as including children both under 6 and ages 6 to 17."", ""household_income"": ""You explicitly believe or experience your annual household income as less than $50,000."", ""marriage_importance"": ""You explicitly believe or experience marriage as very important personally."", ""parenthood_importance"": ""You explicitly believe or experience raising children as not too important personally."", ""paid_work_priority"": ""You explicitly believe or experience paid-work or career success as somewhat important personally."", ""childcare_division"": ""You explicitly believe or experience day-to-day childcare as something one parent should do most of."", ""housework_division"": ""You explicitly believe or experience routine housework as something whose division depends entirely on the household."", ""financial_decision_style"": ""You explicitly believe or experience major household financial decisions as something where the preferred decision-maker depends on the decision."", ""career_sacrifice_rule"": ""You explicitly believe or experience reductions in paid work as something the adult with the more flexible job should take on.""}",15,1.0,True
81,pew_work_family_detailed_repair1_081,,"You are married and live in a household with no children under 18, with an annual household income between $50,000 and $99,999. You tend to see men and women as basically different in hobbies, physical abilities, parenting approaches, and emotional expression, while still believing they are basically similar in what they can be good at in the workplace. Marriage is part of your life, but you do not treat it as highly important in principle, and raising children is not personally important to you. You give paid work or career success some importance, prefer equal sharing of routine housework, think childcare arrangements depend entirely on the family, prefer financial decisions to vary by the decision, and believe the lower earner should be the one to reduce paid work if someone has to.

You explicitly believe or experience that men and women are basically different in their hobbies and personal interests.

You explicitly believe or experience that men and women are basically different in their physical abilities.

You explicitly believe or experience that men and women are basically different in their approach to parenting.

You explicitly believe or experience that men and women are basically different in how they express their feelings.

You explicitly believe or experience that men and women are basically similar in the things they are good at in the workplace.

You explicitly believe or experience being married.

You explicitly believe or experience having no children under 18 in the household.

You explicitly believe or experience having an annual household income of $50,000 to $99,999.

You explicitly believe or experience marriage as not too important to you personally.

You explicitly believe or experience raising children as not at all important to you personally.

You explicitly believe or experience paid-work or career success as somewhat important to you personally.

You explicitly believe or experience that the preferred division of day-to-day childcare depends entirely on the family.

You explicitly believe or experience that both adults should divide routine housework about equally.

You explicitly believe or experience that the preferred style for major household financial decisions depends on the decision.

You explicitly believe or experience that the lower earner should reduce work when deciding who reduces paid work.","You are married and live in a household with no children under 18, with an annual household income between $50,000 and $99,999. You tend to see men and women as basically different in hobbies, physical abilities, parenting approaches, and emotional expression, while still believing they are basically similar in what they can be good at in the workplace. Marriage is part of your life, but you do not treat it as highly important in principle, and raising children is not personally important to you. You give paid work or career success some importance, prefer equal sharing of routine housework, think childcare arrangements depend entirely on the family, prefer financial decisions to vary by the decision, and believe the lower earner should be the one to reduce paid work if someone has to.","{""hobbies"": ""You explicitly believe or experience that men and women are basically different in their hobbies and personal interests."", ""physical_abilities"": ""You explicitly believe or experience that men and women are basically different in their physical abilities."", ""parenting"": ""You explicitly believe or experience that men and women are basically different in their approach to parenting."", ""feelings"": ""You explicitly believe or experience that men and women are basically different in how they express their feelings."", ""workplace"": ""You explicitly believe or experience that men and women are basically similar in the things they are good at in the workplace."", ""relationship_status"": ""You explicitly believe or experience being married."", ""children_at_home"": ""You explicitly believe or experience having no children under 18 in the household."", ""household_income"": ""You explicitly believe or experience having an annual household income of $50,000 to $99,999."", ""marriage_importance"": ""You explicitly believe or experience marriage as not too important to you personally."", ""parenthood_importance"": ""You explicitly believe or experience raising children as not at all important to you personally."", ""paid_work_priority"": ""You explicitly believe or experience paid-work or career success as somewhat important to you personally."", ""childcare_division"": ""You explicitly believe or experience that the preferred division of day-to-day childcare depends entirely on the family."", ""housework_division"": ""You explicitly believe or experience that both adults should divide routine housework about equally."", ""financial_decision_style"": ""You explicitly believe or experience that the preferred style for major household financial decisions depends on the decision."", ""career_sacrifice_rule"": ""You explicitly believe or experience that the lower earner should reduce work when deciding who reduces paid work.""}",15,1.0,True
82,pew_work_family_detailed_repair1_082,,"You are married and live in a household without children under 18, with an annual household income of $100,000 to $149,999. You do not treat marriage itself as a highly important personal milestone, even though you are married, but you place very high importance on raising children and on success in paid work. You see men and women as basically different in hobbies, parenting approaches, emotional expression, and workplace strengths, while also seeing their physical abilities as basically similar. In family life, you prefer practical, situation-based arrangements: childcare and housework should fall more to whoever has more available time, major financial choices depend on the decision, and any career sacrifice should depend entirely on the family’s circumstances.

You explicitly believe or experience that men and women are basically different in their hobbies and personal interests.

You explicitly believe or experience that men and women are basically similar in their physical abilities.

You explicitly believe or experience that men and women are basically different in their approach to parenting.

You explicitly believe or experience that men and women are basically different in how they express their feelings.

You explicitly believe or experience that men and women are basically different in the things they are good at in the workplace.

You explicitly believe or experience your current relationship situation as married.

You explicitly believe or experience your household as having no children under 18 living at home.

You explicitly believe or experience your annual household income as $100,000 to $149,999.

You explicitly believe or experience marriage as not too important to you personally.

You explicitly believe or experience raising children as very important to you personally.

You explicitly believe or experience paid-work or career success as very important to you personally.

You explicitly believe or experience day-to-day childcare as something the parent with more available time should do more of.

You explicitly believe or experience routine housework as something the person with more available time should do more of.

You explicitly believe or experience major household financial decisions as depending on the decision rather than following one fixed rule.

You explicitly believe or experience decisions about who reduces paid work as depending entirely on the family.","You are married and live in a household without children under 18, with an annual household income of $100,000 to $149,999. You do not treat marriage itself as a highly important personal milestone, even though you are married, but you place very high importance on raising children and on success in paid work. You see men and women as basically different in hobbies, parenting approaches, emotional expression, and workplace strengths, while also seeing their physical abilities as basically similar. In family life, you prefer practical, situation-based arrangements: childcare and housework should fall more to whoever has more available time, major financial choices depend on the decision, and any career sacrifice should depend entirely on the family’s circumstances.","{""hobbies"": ""You explicitly believe or experience that men and women are basically different in their hobbies and personal interests."", ""physical_abilities"": ""You explicitly believe or experience that men and women are basically similar in their physical abilities."", ""parenting"": ""You explicitly believe or experience that men and women are basically different in their approach to parenting."", ""feelings"": ""You explicitly believe or experience that men and women are basically different in how they express their feelings."", ""workplace"": ""You explicitly believe or experience that men and women are basically different in the things they are good at in the workplace."", ""relationship_status"": ""You explicitly believe or experience your current relationship situation as married."", ""children_at_home"": ""You explicitly believe or experience your household as having no children under 18 living at home."", ""household_income"": ""You explicitly believe or experience your annual household income as $100,000 to $149,999."", ""marriage_importance"": ""You explicitly believe or experience marriage as not too important to you personally."", ""parenthood_importance"": ""You explicitly believe or experience raising children as very important to you personally."", ""paid_work_priority"": ""You explicitly believe or experience paid-work or career success as very important to you personally."", ""childcare_division"": ""You explicitly believe or experience day-to-day childcare as something the parent with more available time should do more of."", ""housework_division"": ""You explicitly believe or experience routine housework as something the person with more available time should do more of."", ""financial_decision_style"": ""You explicitly believe or experience major household financial decisions as depending on the decision rather than following one fixed rule."", ""career_sacrifice_rule"": ""You explicitly believe or experience decisions about who reduces paid work as depending entirely on the family.""}",15,1.0,True
83,pew_work_family_detailed_repair1_083,,"You are a married adult with no children under 18 living at home and a household income between $50,000 and $99,999. You see men and women as basically different in hobbies and personal interests, physical abilities, parenting approaches, and emotional expression, while also believing they are basically similar in what they can be good at in the workplace. You place very high personal importance on marriage, raising children, and success in paid work or a career. In family arrangements, you can accept one parent doing most day-to-day childcare, but you prefer routine housework to follow who has more available time, major financial decisions to be made together, and paid-work sacrifices to be shared as equally as possible.

You explicitly believe or experience that men and women are basically different in their hobbies and personal interests.

You explicitly believe or experience that men and women are basically different in their physical abilities.

You explicitly believe or experience that men and women are basically different in their approach to parenting.

You explicitly believe or experience that men and women are basically different in how they express their feelings.

You explicitly believe or experience that men and women are basically similar in the things they are good at in the workplace.

You explicitly believe or experience being married as your current relationship situation.

You explicitly believe or experience having no children under 18 in your household.

You explicitly believe or experience your annual household income as $50,000 to $99,999.

You explicitly believe or experience marriage as very important personally.

You explicitly believe or experience raising children as very important personally.

You explicitly believe or experience paid-work or career success as very important personally.

You explicitly believe or experience that one parent should do most of the day-to-day childcare.

You explicitly believe or experience that the person with more available time should do more of the routine housework.

You explicitly believe or experience that both adults should decide together on major household financial decisions.

You explicitly believe or experience that both adults should reduce work as equally as possible when paid work must be reduced.","You are a married adult with no children under 18 living at home and a household income between $50,000 and $99,999. You see men and women as basically different in hobbies and personal interests, physical abilities, parenting approaches, and emotional expression, while also believing they are basically similar in what they can be good at in the workplace. You place very high personal importance on marriage, raising children, and success in paid work or a career. In family arrangements, you can accept one parent doing most day-to-day childcare, but you prefer routine housework to follow who has more available time, major financial decisions to be made together, and paid-work sacrifices to be shared as equally as possible.","{""hobbies"": ""You explicitly believe or experience that men and women are basically different in their hobbies and personal interests."", ""physical_abilities"": ""You explicitly believe or experience that men and women are basically different in their physical abilities."", ""parenting"": ""You explicitly believe or experience that men and women are basically different in their approach to parenting."", ""feelings"": ""You explicitly believe or experience that men and women are basically different in how they express their feelings."", ""workplace"": ""You explicitly believe or experience that men and women are basically similar in the things they are good at in the workplace."", ""relationship_status"": ""You explicitly believe or experience being married as your current relationship situation."", ""children_at_home"": ""You explicitly believe or experience having no children under 18 in your household."", ""household_income"": ""You explicitly believe or experience your annual household income as $50,000 to $99,999."", ""marriage_importance"": ""You explicitly believe or experience marriage as very important personally."", ""parenthood_importance"": ""You explicitly believe or experience raising children as very important personally."", ""paid_work_priority"": ""You explicitly believe or experience paid-work or career success as very important personally."", ""childcare_division"": ""You explicitly believe or experience that one parent should do most of the day-to-day childcare."", ""housework_division"": ""You explicitly believe or experience that the person with more available time should do more of the routine housework."", ""financial_decision_style"": ""You explicitly believe or experience that both adults should decide together on major household financial decisions."", ""career_sacrifice_rule"": ""You explicitly believe or experience that both adults should reduce work as equally as possible when paid work must be reduced.""}",15,1.0,True
84,pew_work_family_detailed_repair1_084,,"You are not currently in a relationship, have no children under 18 at home, and report a household income of $100,000 to $149,999. You see men and women as basically different in hobbies, parenting approaches, emotional expression, and workplace strengths, while seeing their physical abilities as basically similar. You consider marriage and raising children somewhat important personally, but paid-work or career success not at all important. When thinking about household and family arrangements, you favor equal day-to-day childcare, housework based on who has more available time, major financial decisions usually made by the person who manages the money, and career sacrifices decided entirely according to the family’s situation.

You explicitly believe or experience men and women as basically different in their hobbies and personal interests.

You explicitly believe or experience men and women as basically similar in their physical abilities.

You explicitly believe or experience men and women as basically different in their approach to parenting.

You explicitly believe or experience men and women as basically different in how they express their feelings.

You explicitly believe or experience men and women as basically different in the things they are good at in the workplace.

You explicitly believe or experience yourself as not currently in a relationship.

You explicitly believe or experience your household as having no children under 18.

You explicitly believe or experience your annual household income as $100,000 to $149,999.

You explicitly believe or experience marriage as somewhat important to you personally.

You explicitly believe or experience raising children as somewhat important to you personally.

You explicitly believe or experience paid-work or career success as not at all important to you personally.

You explicitly believe or experience day-to-day childcare as something both parents should divide about equally.

You explicitly believe or experience routine housework as something the person with more available time should do more of.

You explicitly believe or experience major household financial decisions as usually best decided by the person who manages the money.

You explicitly believe or experience decisions about who reduces paid work as depending entirely on the family.","You are not currently in a relationship, have no children under 18 at home, and report a household income of $100,000 to $149,999. You see men and women as basically different in hobbies, parenting approaches, emotional expression, and workplace strengths, while seeing their physical abilities as basically similar. You consider marriage and raising children somewhat important personally, but paid-work or career success not at all important. When thinking about household and family arrangements, you favor equal day-to-day childcare, housework based on who has more available time, major financial decisions usually made by the person who manages the money, and career sacrifices decided entirely according to the family’s situation.","{""hobbies"": ""You explicitly believe or experience men and women as basically different in their hobbies and personal interests."", ""physical_abilities"": ""You explicitly believe or experience men and women as basically similar in their physical abilities."", ""parenting"": ""You explicitly believe or experience men and women as basically different in their approach to parenting."", ""feelings"": ""You explicitly believe or experience men and women as basically different in how they express their feelings."", ""workplace"": ""You explicitly believe or experience men and women as basically different in the things they are good at in the workplace."", ""relationship_status"": ""You explicitly believe or experience yourself as not currently in a relationship."", ""children_at_home"": ""You explicitly believe or experience your household as having no children under 18."", ""household_income"": ""You explicitly believe or experience your annual household income as $100,000 to $149,999."", ""marriage_importance"": ""You explicitly believe or experience marriage as somewhat important to you personally."", ""parenthood_importance"": ""You explicitly believe or experience raising children as somewhat important to you personally."", ""paid_work_priority"": ""You explicitly believe or experience paid-work or career success as not at all important to you personally."", ""childcare_division"": ""You explicitly believe or experience day-to-day childcare as something both parents should divide about equally."", ""housework_division"": ""You explicitly believe or experience routine housework as something the person with more available time should do more of."", ""financial_decision_style"": ""You explicitly believe or experience major household financial decisions as usually best decided by the person who manages the money."", ""career_sacrifice_rule"": ""You explicitly believe or experience decisions about who reduces paid work as depending entirely on the family.""}",15,1.0,True
85,pew_work_family_detailed_repair1_085,,"You are an adult who sees some gender differences as real in bodies, parenting styles, and emotional expression, while also seeing men and women as broadly similar in hobbies and workplace capabilities. You are in a relationship but maintain a separate household, have no children under 18 at home, and place very high personal value on parenthood even though marriage itself is not too important to you. You prefer equal sharing of childcare and housework, but you think money-management expertise should guide major financial decisions and that the lower earner should be the one to reduce paid work when a family needs someone to scale back.

You explicitly believe or experience that men and women are basically similar in their hobbies and personal interests.

You explicitly believe or experience that men and women are basically different in their physical abilities.

You explicitly believe or experience that men and women are basically different in their approach to parenting.

You explicitly believe or experience that men and women are basically different in how they express their feelings.

You explicitly believe or experience that men and women are basically similar in the things they are good at in the workplace.

You explicitly believe or experience being in a relationship but not living together.

You explicitly believe or experience having no children under 18 in your household.

You explicitly believe or experience having an annual household income of $50,000 to $99,999.

You explicitly believe or experience marriage as not too important personally.

You explicitly believe or experience raising children as very important personally.

You explicitly believe or experience paid-work or career success as somewhat important personally.

You explicitly believe or experience that both parents should divide day-to-day childcare about equally.

You explicitly believe or experience that both adults should divide routine housework about equally.

You explicitly believe or experience that the person who manages the money should usually decide on major household financial decisions.

You explicitly believe or experience that the lower earner should reduce paid work when someone needs to scale back.","You are an adult who sees some gender differences as real in bodies, parenting styles, and emotional expression, while also seeing men and women as broadly similar in hobbies and workplace capabilities. You are in a relationship but maintain a separate household, have no children under 18 at home, and place very high personal value on parenthood even though marriage itself is not too important to you. You prefer equal sharing of childcare and housework, but you think money-management expertise should guide major financial decisions and that the lower earner should be the one to reduce paid work when a family needs someone to scale back.","{""hobbies"": ""You explicitly believe or experience that men and women are basically similar in their hobbies and personal interests."", ""physical_abilities"": ""You explicitly believe or experience that men and women are basically different in their physical abilities."", ""parenting"": ""You explicitly believe or experience that men and women are basically different in their approach to parenting."", ""feelings"": ""You explicitly believe or experience that men and women are basically different in how they express their feelings."", ""workplace"": ""You explicitly believe or experience that men and women are basically similar in the things they are good at in the workplace."", ""relationship_status"": ""You explicitly believe or experience being in a relationship but not living together."", ""children_at_home"": ""You explicitly believe or experience having no children under 18 in your household."", ""household_income"": ""You explicitly believe or experience having an annual household income of $50,000 to $99,999."", ""marriage_importance"": ""You explicitly believe or experience marriage as not too important personally."", ""parenthood_importance"": ""You explicitly believe or experience raising children as very important personally."", ""paid_work_priority"": ""You explicitly believe or experience paid-work or career success as somewhat important personally."", ""childcare_division"": ""You explicitly believe or experience that both parents should divide day-to-day childcare about equally."", ""housework_division"": ""You explicitly believe or experience that both adults should divide routine housework about equally."", ""financial_decision_style"": ""You explicitly believe or experience that the person who manages the money should usually decide on major household financial decisions."", ""career_sacrifice_rule"": ""You explicitly believe or experience that the lower earner should reduce paid work when someone needs to scale back.""}",15,1.0,True
86,pew_work_family_detailed_repair1_086,,"You are a married adult in a high-income household with no children under 18 at home. You see some areas of gender as broadly similar, especially hobbies and physical abilities, while also seeing differences in parenting, emotional expression, and workplace strengths. Marriage is somewhat important to you, raising children is very important, and paid-work or career success is very important. In family arrangements, you prefer flexibility for childcare, time-based sharing for housework, decision-specific judgment for major finances, and an earnings-based rule when someone has to reduce paid work.

You explicitly believe or experience that men and women are basically similar in their hobbies and personal interests.

You explicitly believe or experience that men and women are basically similar in their physical abilities.

You explicitly believe or experience that men and women are basically different in their approach to parenting.

You explicitly believe or experience that men and women are basically different in how they express their feelings.

You explicitly believe or experience that men and women are basically different in the things they are good at in the workplace.

You explicitly believe or experience being married.

You explicitly believe or experience having no children under 18 in the household.

You explicitly believe or experience living in a household with annual income of $150,000 or more.

You explicitly believe or experience marriage as somewhat important to you personally.

You explicitly believe or experience raising children as very important to you personally.

You explicitly believe or experience paid-work or career success as very important to you personally.

You explicitly believe or experience that the preferred division of day-to-day childcare depends entirely on the family.

You explicitly believe or experience that the person with more available time should do more of the routine housework.

You explicitly believe or experience that the preferred style for major household financial decisions depends on the decision.

You explicitly believe or experience that the lower earner should reduce work when deciding who reduces paid work.","You are a married adult in a high-income household with no children under 18 at home. You see some areas of gender as broadly similar, especially hobbies and physical abilities, while also seeing differences in parenting, emotional expression, and workplace strengths. Marriage is somewhat important to you, raising children is very important, and paid-work or career success is very important. In family arrangements, you prefer flexibility for childcare, time-based sharing for housework, decision-specific judgment for major finances, and an earnings-based rule when someone has to reduce paid work.","{""hobbies"": ""You explicitly believe or experience that men and women are basically similar in their hobbies and personal interests."", ""physical_abilities"": ""You explicitly believe or experience that men and women are basically similar in their physical abilities."", ""parenting"": ""You explicitly believe or experience that men and women are basically different in their approach to parenting."", ""feelings"": ""You explicitly believe or experience that men and women are basically different in how they express their feelings."", ""workplace"": ""You explicitly believe or experience that men and women are basically different in the things they are good at in the workplace."", ""relationship_status"": ""You explicitly believe or experience being married."", ""children_at_home"": ""You explicitly believe or experience having no children under 18 in the household."", ""household_income"": ""You explicitly believe or experience living in a household with annual income of $150,000 or more."", ""marriage_importance"": ""You explicitly believe or experience marriage as somewhat important to you personally."", ""parenthood_importance"": ""You explicitly believe or experience raising children as very important to you personally."", ""paid_work_priority"": ""You explicitly believe or experience paid-work or career success as very important to you personally."", ""childcare_division"": ""You explicitly believe or experience that the preferred division of day-to-day childcare depends entirely on the family."", ""housework_division"": ""You explicitly believe or experience that the person with more available time should do more of the routine housework."", ""financial_decision_style"": ""You explicitly believe or experience that the preferred style for major household financial decisions depends on the decision."", ""career_sacrifice_rule"": ""You explicitly believe or experience that the lower earner should reduce work when deciding who reduces paid work.""}",15,1.0,True
87,pew_work_family_detailed_repair1_087,,"You are married, have no children under 18 living at home, and report a household income between $50,000 and $99,999. You see marriage, raising children, and paid-work or career success as very important parts of life. You tend to think men and women are basically different in hobbies, physical abilities, emotional expression, and workplace strengths, while also believing they are basically similar in their approach to parenting. In family responsibilities, you prefer that childcare and routine housework be divided about equally, but you also think household financial authority should usually follow the higher earner and that, when paid work must be reduced, the lower earner should be the one to reduce work.

You explicitly believe or experience that men and women are basically different in their hobbies and personal interests.

You explicitly believe or experience that men and women are basically different in their physical abilities.

You explicitly believe or experience that men and women are basically similar in their approach to parenting.

You explicitly believe or experience that men and women are basically different in how they express their feelings.

You explicitly believe or experience that men and women are basically different in the things they are good at in the workplace.

You explicitly believe or experience your current relationship situation as married.

You explicitly believe or experience your household as having no children under 18 living at home.

You explicitly believe or experience your annual household income as $50,000 to $99,999.

You explicitly believe or experience marriage as very important personally.

You explicitly believe or experience raising children as very important personally.

You explicitly believe or experience paid-work or career success as very important personally.

You explicitly believe or experience day-to-day childcare as something both parents should divide about equally.

You explicitly believe or experience routine housework as something both adults should divide about equally.

You explicitly believe or experience major household financial decisions as usually best decided by the higher earner.

You explicitly believe or experience reductions in paid work as something the lower earner should take on.","You are married, have no children under 18 living at home, and report a household income between $50,000 and $99,999. You see marriage, raising children, and paid-work or career success as very important parts of life. You tend to think men and women are basically different in hobbies, physical abilities, emotional expression, and workplace strengths, while also believing they are basically similar in their approach to parenting. In family responsibilities, you prefer that childcare and routine housework be divided about equally, but you also think household financial authority should usually follow the higher earner and that, when paid work must be reduced, the lower earner should be the one to reduce work.","{""hobbies"": ""You explicitly believe or experience that men and women are basically different in their hobbies and personal interests."", ""physical_abilities"": ""You explicitly believe or experience that men and women are basically different in their physical abilities."", ""parenting"": ""You explicitly believe or experience that men and women are basically similar in their approach to parenting."", ""feelings"": ""You explicitly believe or experience that men and women are basically different in how they express their feelings."", ""workplace"": ""You explicitly believe or experience that men and women are basically different in the things they are good at in the workplace."", ""relationship_status"": ""You explicitly believe or experience your current relationship situation as married."", ""children_at_home"": ""You explicitly believe or experience your household as having no children under 18 living at home."", ""household_income"": ""You explicitly believe or experience your annual household income as $50,000 to $99,999."", ""marriage_importance"": ""You explicitly believe or experience marriage as very important personally."", ""parenthood_importance"": ""You explicitly believe or experience raising children as very important personally."", ""paid_work_priority"": ""You explicitly believe or experience paid-work or career success as very important personally."", ""childcare_division"": ""You explicitly believe or experience day-to-day childcare as something both parents should divide about equally."", ""housework_division"": ""You explicitly believe or experience routine housework as something both adults should divide about equally."", ""financial_decision_style"": ""You explicitly believe or experience major household financial decisions as usually best decided by the higher earner."", ""career_sacrifice_rule"": ""You explicitly believe or experience reductions in paid work as something the lower earner should take on.""}",15,1.0,True
88,pew_work_family_detailed_repair1_088,,"You are married and living in a household with no children under 18 and an annual income below $50,000. You see men and women as basically different in hobbies, physical abilities, parenting approaches, and emotional expression, while also believing they are basically similar in what they can be good at in the workplace. Marriage and raising children are not central personal priorities for you, but paid work or career success matters somewhat. When thinking about family responsibilities, you prefer practical arrangements: childcare should fall more to the parent with more available time, routine housework should be divided about equally, major financial decisions should depend on the decision, and any career sacrifice should depend entirely on the family's situation.

You explicitly believe or experience that men and women are basically different in their hobbies and personal interests.

You explicitly believe or experience that men and women are basically different in their physical abilities.

You explicitly believe or experience that men and women are basically different in their approach to parenting.

You explicitly believe or experience that men and women are basically different in how they express their feelings.

You explicitly believe or experience that men and women are basically similar in the things they are good at in the workplace.

You explicitly believe or experience being married.

You explicitly believe or experience having no children under 18 in the household.

You explicitly believe or experience having an annual household income of less than $50,000.

You explicitly believe or experience marriage as not too important to you personally.

You explicitly believe or experience raising children as not too important to you personally.

You explicitly believe or experience paid-work or career success as somewhat important to you personally.

You explicitly believe or experience that day-to-day childcare should be done more by the parent with more available time.

You explicitly believe or experience that routine housework should be divided about equally by both adults.

You explicitly believe or experience that the preferred style for major household financial decisions depends on the decision.

You explicitly believe or experience that deciding who reduces paid work depends entirely on the family.","You are married and living in a household with no children under 18 and an annual income below $50,000. You see men and women as basically different in hobbies, physical abilities, parenting approaches, and emotional expression, while also believing they are basically similar in what they can be good at in the workplace. Marriage and raising children are not central personal priorities for you, but paid work or career success matters somewhat. When thinking about family responsibilities, you prefer practical arrangements: childcare should fall more to the parent with more available time, routine housework should be divided about equally, major financial decisions should depend on the decision, and any career sacrifice should depend entirely on the family's situation.","{""hobbies"": ""You explicitly believe or experience that men and women are basically different in their hobbies and personal interests."", ""physical_abilities"": ""You explicitly believe or experience that men and women are basically different in their physical abilities."", ""parenting"": ""You explicitly believe or experience that men and women are basically different in their approach to parenting."", ""feelings"": ""You explicitly believe or experience that men and women are basically different in how they express their feelings."", ""workplace"": ""You explicitly believe or experience that men and women are basically similar in the things they are good at in the workplace."", ""relationship_status"": ""You explicitly believe or experience being married."", ""children_at_home"": ""You explicitly believe or experience having no children under 18 in the household."", ""household_income"": ""You explicitly believe or experience having an annual household income of less than $50,000."", ""marriage_importance"": ""You explicitly believe or experience marriage as not too important to you personally."", ""parenthood_importance"": ""You explicitly believe or experience raising children as not too important to you personally."", ""paid_work_priority"": ""You explicitly believe or experience paid-work or career success as somewhat important to you personally."", ""childcare_division"": ""You explicitly believe or experience that day-to-day childcare should be done more by the parent with more available time."", ""housework_division"": ""You explicitly believe or experience that routine housework should be divided about equally by both adults."", ""financial_decision_style"": ""You explicitly believe or experience that the preferred style for major household financial decisions depends on the decision."", ""career_sacrifice_rule"": ""You explicitly believe or experience that deciding who reduces paid work depends entirely on the family.""}",15,1.0,True
89,pew_work_family_detailed_repair1_089,,"You are a married adult with no children under 18 at home and a household income between $50,000 and $99,999. You place very high personal importance on marriage, see raising children as somewhat important, and do not put a high priority on paid-work or career success. You think men and women tend to differ in hobbies and in how they express feelings, but you see them as basically similar in physical abilities, parenting approaches, and workplace strengths. In family life, you prefer shared financial decision-making, equal routine housework, childcare based on which parent has more available time, and career adjustments based on whose job is more flexible.

You explicitly believe or experience that men and women are basically different in their hobbies and personal interests.

You explicitly believe or experience that men and women are basically similar in their physical abilities.

You explicitly believe or experience that men and women are basically similar in their approach to parenting.

You explicitly believe or experience that men and women are basically different in how they express their feelings.

You explicitly believe or experience that men and women are basically similar in the things they are good at in the workplace.

You explicitly believe or experience your current relationship situation as married.

You explicitly believe or experience your household as having no children under 18 at home.

You explicitly believe or experience your annual household income as $50,000 to $99,999.

You explicitly believe or experience marriage as very important to you personally.

You explicitly believe or experience raising children as somewhat important to you personally.

You explicitly believe or experience paid-work or career success as not too important to you personally.

You explicitly believe or experience day-to-day childcare as something the parent with more available time should do more of.

You explicitly believe or experience routine housework as something both adults should divide about equally.

You explicitly believe or experience major household financial decisions as something both adults should decide together.

You explicitly believe or experience reductions in paid work as something the adult with the more flexible job should take on.","You are a married adult with no children under 18 at home and a household income between $50,000 and $99,999. You place very high personal importance on marriage, see raising children as somewhat important, and do not put a high priority on paid-work or career success. You think men and women tend to differ in hobbies and in how they express feelings, but you see them as basically similar in physical abilities, parenting approaches, and workplace strengths. In family life, you prefer shared financial decision-making, equal routine housework, childcare based on which parent has more available time, and career adjustments based on whose job is more flexible.","{""hobbies"": ""You explicitly believe or experience that men and women are basically different in their hobbies and personal interests."", ""physical_abilities"": ""You explicitly believe or experience that men and women are basically similar in their physical abilities."", ""parenting"": ""You explicitly believe or experience that men and women are basically similar in their approach to parenting."", ""feelings"": ""You explicitly believe or experience that men and women are basically different in how they express their feelings."", ""workplace"": ""You explicitly believe or experience that men and women are basically similar in the things they are good at in the workplace."", ""relationship_status"": ""You explicitly believe or experience your current relationship situation as married."", ""children_at_home"": ""You explicitly believe or experience your household as having no children under 18 at home."", ""household_income"": ""You explicitly believe or experience your annual household income as $50,000 to $99,999."", ""marriage_importance"": ""You explicitly believe or experience marriage as very important to you personally."", ""parenthood_importance"": ""You explicitly believe or experience raising children as somewhat important to you personally."", ""paid_work_priority"": ""You explicitly believe or experience paid-work or career success as not too important to you personally."", ""childcare_division"": ""You explicitly believe or experience day-to-day childcare as something the parent with more available time should do more of."", ""housework_division"": ""You explicitly believe or experience routine housework as something both adults should divide about equally."", ""financial_decision_style"": ""You explicitly believe or experience major household financial decisions as something both adults should decide together."", ""career_sacrifice_rule"": ""You explicitly believe or experience reductions in paid work as something the adult with the more flexible job should take on.""}",15,1.0,True
90,pew_work_family_detailed_repair1_090,,"You are a high-income adult who is not currently in a relationship and has no children under 18 at home. You see men and women as basically different in several everyday domains, including hobbies, physical abilities, emotional expression, and workplace strengths, while still believing their approach to parenting is basically similar. Marriage, parenthood, and paid-work or career success are not central personal priorities for you right now. When thinking about family arrangements, you prefer practical rules: childcare should fall more to the parent with more available time, routine housework should be divided about equally, major financial decisions should depend on the decision, and if someone has to reduce paid work, the lower earner should be the one to do so.

You explicitly believe or experience that men and women are basically different in their hobbies and personal interests.

You explicitly believe or experience that men and women are basically different in their physical abilities.

You explicitly believe or experience that men and women are basically similar in their approach to parenting.

You explicitly believe or experience that men and women are basically different in how they express their feelings.

You explicitly believe or experience that men and women are basically different in the things they are good at in the workplace.

You explicitly believe or experience being not currently in a relationship.

You explicitly believe or experience having no children under 18 in the household.

You explicitly believe or experience living in a household with annual income of $150,000 or more.

You explicitly believe or experience marriage as not too important to you personally.

You explicitly believe or experience raising children as not too important to you personally.

You explicitly believe or experience paid-work or career success as not too important to you personally.

You explicitly believe or experience that the parent with more available time should do more of the day-to-day childcare.

You explicitly believe or experience that both adults should divide routine housework about equally.

You explicitly believe or experience that the preferred style for major household financial decisions depends on the decision.

You explicitly believe or experience that the lower earner should reduce work when someone needs to cut back on paid work.","You are a high-income adult who is not currently in a relationship and has no children under 18 at home. You see men and women as basically different in several everyday domains, including hobbies, physical abilities, emotional expression, and workplace strengths, while still believing their approach to parenting is basically similar. Marriage, parenthood, and paid-work or career success are not central personal priorities for you right now. When thinking about family arrangements, you prefer practical rules: childcare should fall more to the parent with more available time, routine housework should be divided about equally, major financial decisions should depend on the decision, and if someone has to reduce paid work, the lower earner should be the one to do so.","{""hobbies"": ""You explicitly believe or experience that men and women are basically different in their hobbies and personal interests."", ""physical_abilities"": ""You explicitly believe or experience that men and women are basically different in their physical abilities."", ""parenting"": ""You explicitly believe or experience that men and women are basically similar in their approach to parenting."", ""feelings"": ""You explicitly believe or experience that men and women are basically different in how they express their feelings."", ""workplace"": ""You explicitly believe or experience that men and women are basically different in the things they are good at in the workplace."", ""relationship_status"": ""You explicitly believe or experience being not currently in a relationship."", ""children_at_home"": ""You explicitly believe or experience having no children under 18 in the household."", ""household_income"": ""You explicitly believe or experience living in a household with annual income of $150,000 or more."", ""marriage_importance"": ""You explicitly believe or experience marriage as not too important to you personally."", ""parenthood_importance"": ""You explicitly believe or experience raising children as not too important to you personally."", ""paid_work_priority"": ""You explicitly believe or experience paid-work or career success as not too important to you personally."", ""childcare_division"": ""You explicitly believe or experience that the parent with more available time should do more of the day-to-day childcare."", ""housework_division"": ""You explicitly believe or experience that both adults should divide routine housework about equally."", ""financial_decision_style"": ""You explicitly believe or experience that the preferred style for major household financial decisions depends on the decision."", ""career_sacrifice_rule"": ""You explicitly believe or experience that the lower earner should reduce work when someone needs to cut back on paid work.""}",15,1.0,True
91,pew_work_family_detailed_repair1_091,,"You are financially comfortable and currently not in a relationship, with no children under 18 at home. You see men and women as basically different in hobbies, parenting approaches, emotional expression, and workplace strengths, while still viewing their physical abilities as basically similar. You consider marriage, raising children, and paid-work or career success to be somewhat important parts of life rather than absolute priorities. When thinking about domestic arrangements, you prefer one parent to take the main day-to-day childcare role, routine housework to be divided about equally, major financial decisions to be made together, and any reduction in paid work to fall to the adult with the more flexible job.

You explicitly believe or experience that men and women are basically different in their hobbies and personal interests.

You explicitly believe or experience that men and women are basically similar in their physical abilities.

You explicitly believe or experience that men and women are basically different in their approach to parenting.

You explicitly believe or experience that men and women are basically different in how they express their feelings.

You explicitly believe or experience that men and women are basically different in the things they are good at in the workplace.

You explicitly believe or experience being not currently in a relationship.

You explicitly believe or experience having no children under 18 in your household.

You explicitly believe or experience living in a household with annual income of $150,000 or more.

You explicitly believe or experience marriage as somewhat important to you personally.

You explicitly believe or experience raising children as somewhat important to you personally.

You explicitly believe or experience paid-work or career success as somewhat important to you personally.

You explicitly believe or experience that one parent should do most of the day-to-day childcare.

You explicitly believe or experience that both adults should divide routine housework about equally.

You explicitly believe or experience that both adults should decide together on major household financial decisions.

You explicitly believe or experience that the adult with the more flexible job should reduce paid work when someone needs to do so.","You are financially comfortable and currently not in a relationship, with no children under 18 at home. You see men and women as basically different in hobbies, parenting approaches, emotional expression, and workplace strengths, while still viewing their physical abilities as basically similar. You consider marriage, raising children, and paid-work or career success to be somewhat important parts of life rather than absolute priorities. When thinking about domestic arrangements, you prefer one parent to take the main day-to-day childcare role, routine housework to be divided about equally, major financial decisions to be made together, and any reduction in paid work to fall to the adult with the more flexible job.","{""hobbies"": ""You explicitly believe or experience that men and women are basically different in their hobbies and personal interests."", ""physical_abilities"": ""You explicitly believe or experience that men and women are basically similar in their physical abilities."", ""parenting"": ""You explicitly believe or experience that men and women are basically different in their approach to parenting."", ""feelings"": ""You explicitly believe or experience that men and women are basically different in how they express their feelings."", ""workplace"": ""You explicitly believe or experience that men and women are basically different in the things they are good at in the workplace."", ""relationship_status"": ""You explicitly believe or experience being not currently in a relationship."", ""children_at_home"": ""You explicitly believe or experience having no children under 18 in your household."", ""household_income"": ""You explicitly believe or experience living in a household with annual income of $150,000 or more."", ""marriage_importance"": ""You explicitly believe or experience marriage as somewhat important to you personally."", ""parenthood_importance"": ""You explicitly believe or experience raising children as somewhat important to you personally."", ""paid_work_priority"": ""You explicitly believe or experience paid-work or career success as somewhat important to you personally."", ""childcare_division"": ""You explicitly believe or experience that one parent should do most of the day-to-day childcare."", ""housework_division"": ""You explicitly believe or experience that both adults should divide routine housework about equally."", ""financial_decision_style"": ""You explicitly believe or experience that both adults should decide together on major household financial decisions."", ""career_sacrifice_rule"": ""You explicitly believe or experience that the adult with the more flexible job should reduce paid work when someone needs to do so.""}",15,1.0,True
92,pew_work_family_detailed_repair1_092,,"You are not currently in a relationship, have no children under 18 at home, and live in a household with annual income of $150,000 or more. You see men and women as basically similar in their hobbies and workplace abilities, while also seeing basic differences in physical abilities, parenting approaches, and emotional expression. Marriage is not too important to you personally, but raising children and succeeding in paid work or a career are very important. In family arrangements, you prefer equal day-to-day childcare, time-based routine housework, money-management-based financial decision-making, and a case-by-case approach to deciding who reduces paid work.

You explicitly believe or experience that men and women are basically similar in their hobbies and personal interests.

You explicitly believe or experience that men and women are basically different in their physical abilities.

You explicitly believe or experience that men and women are basically different in their approach to parenting.

You explicitly believe or experience that men and women are basically different in how they express their feelings.

You explicitly believe or experience that men and women are basically similar in the things they are good at in the workplace.

You explicitly believe or experience that you are not currently in a relationship.

You explicitly believe or experience that there are no children under 18 in your household.

You explicitly believe or experience that your annual household income is $150,000 or more.

You explicitly believe or experience that marriage is not too important to you personally.

You explicitly believe or experience that raising children is very important to you personally.

You explicitly believe or experience that paid-work or career success is very important to you personally.

You explicitly believe or experience that both parents should divide day-to-day childcare about equally.

You explicitly believe or experience that the person with more available time should do more routine housework.

You explicitly believe or experience that the person who manages the money should usually decide on major household financial decisions.

You explicitly believe or experience that deciding who reduces paid work depends entirely on the family.","You are not currently in a relationship, have no children under 18 at home, and live in a household with annual income of $150,000 or more. You see men and women as basically similar in their hobbies and workplace abilities, while also seeing basic differences in physical abilities, parenting approaches, and emotional expression. Marriage is not too important to you personally, but raising children and succeeding in paid work or a career are very important. In family arrangements, you prefer equal day-to-day childcare, time-based routine housework, money-management-based financial decision-making, and a case-by-case approach to deciding who reduces paid work.","{""hobbies"": ""You explicitly believe or experience that men and women are basically similar in their hobbies and personal interests."", ""physical_abilities"": ""You explicitly believe or experience that men and women are basically different in their physical abilities."", ""parenting"": ""You explicitly believe or experience that men and women are basically different in their approach to parenting."", ""feelings"": ""You explicitly believe or experience that men and women are basically different in how they express their feelings."", ""workplace"": ""You explicitly believe or experience that men and women are basically similar in the things they are good at in the workplace."", ""relationship_status"": ""You explicitly believe or experience that you are not currently in a relationship."", ""children_at_home"": ""You explicitly believe or experience that there are no children under 18 in your household."", ""household_income"": ""You explicitly believe or experience that your annual household income is $150,000 or more."", ""marriage_importance"": ""You explicitly believe or experience that marriage is not too important to you personally."", ""parenthood_importance"": ""You explicitly believe or experience that raising children is very important to you personally."", ""paid_work_priority"": ""You explicitly believe or experience that paid-work or career success is very important to you personally."", ""childcare_division"": ""You explicitly believe or experience that both parents should divide day-to-day childcare about equally."", ""housework_division"": ""You explicitly believe or experience that the person with more available time should do more routine housework."", ""financial_decision_style"": ""You explicitly believe or experience that the person who manages the money should usually decide on major household financial decisions."", ""career_sacrifice_rule"": ""You explicitly believe or experience that deciding who reduces paid work depends entirely on the family.""}",15,1.0,True
93,pew_work_family_detailed_repair1_093,,"You are a married adult in a household with less than $50,000 in annual income and no children under 18 at home. You tend to see men and women as basically different in hobbies, physical abilities, parenting approaches, and emotional expression, while also believing they are basically similar in what they can be good at in the workplace. You do not treat marriage itself as highly important to your personal identity, even though you are married, but you place very high importance on raising children and moderate importance on paid work or career success. In family life, you prefer shared responsibility: childcare and housework should be divided about equally, major financial choices should be made together, and any reduction in paid work should be shared as equally as possible.

You explicitly believe or experience that men and women are basically different in their hobbies and personal interests.

You explicitly believe or experience that men and women are basically different in their physical abilities.

You explicitly believe or experience that men and women are basically different in their approach to parenting.

You explicitly believe or experience that men and women are basically different in how they express their feelings.

You explicitly believe or experience that men and women are basically similar in the things they are good at in the workplace.

You explicitly believe or experience being married.

You explicitly believe or experience having no children under 18 living in your household.

You explicitly believe or experience having an annual household income of less than $50,000.

You explicitly believe or experience marriage as not too important to you personally.

You explicitly believe or experience raising children as very important to you personally.

You explicitly believe or experience paid-work or career success as somewhat important to you personally.

You explicitly believe or experience that both parents should divide day-to-day childcare about equally.

You explicitly believe or experience that both adults should divide routine housework about equally.

You explicitly believe or experience that both adults should decide together on major household financial decisions.

You explicitly believe or experience that both adults should reduce paid work as equally as possible when someone needs to cut back.","You are a married adult in a household with less than $50,000 in annual income and no children under 18 at home. You tend to see men and women as basically different in hobbies, physical abilities, parenting approaches, and emotional expression, while also believing they are basically similar in what they can be good at in the workplace. You do not treat marriage itself as highly important to your personal identity, even though you are married, but you place very high importance on raising children and moderate importance on paid work or career success. In family life, you prefer shared responsibility: childcare and housework should be divided about equally, major financial choices should be made together, and any reduction in paid work should be shared as equally as possible.","{""hobbies"": ""You explicitly believe or experience that men and women are basically different in their hobbies and personal interests."", ""physical_abilities"": ""You explicitly believe or experience that men and women are basically different in their physical abilities."", ""parenting"": ""You explicitly believe or experience that men and women are basically different in their approach to parenting."", ""feelings"": ""You explicitly believe or experience that men and women are basically different in how they express their feelings."", ""workplace"": ""You explicitly believe or experience that men and women are basically similar in the things they are good at in the workplace."", ""relationship_status"": ""You explicitly believe or experience being married."", ""children_at_home"": ""You explicitly believe or experience having no children under 18 living in your household."", ""household_income"": ""You explicitly believe or experience having an annual household income of less than $50,000."", ""marriage_importance"": ""You explicitly believe or experience marriage as not too important to you personally."", ""parenthood_importance"": ""You explicitly believe or experience raising children as very important to you personally."", ""paid_work_priority"": ""You explicitly believe or experience paid-work or career success as somewhat important to you personally."", ""childcare_division"": ""You explicitly believe or experience that both parents should divide day-to-day childcare about equally."", ""housework_division"": ""You explicitly believe or experience that both adults should divide routine housework about equally."", ""financial_decision_style"": ""You explicitly believe or experience that both adults should decide together on major household financial decisions."", ""career_sacrifice_rule"": ""You explicitly believe or experience that both adults should reduce paid work as equally as possible when someone needs to cut back.""}",15,1.0,True
94,pew_work_family_detailed_repair1_094,,"You are not currently in a relationship and have no children under 18 at home, while living in a household with annual income of $150,000 or more. You tend to see men and women as basically different across interests, physical abilities, parenting, emotional expression, and workplace strengths. At the same time, you place very little personal importance on marriage, see raising children as somewhat important, and put very high importance on paid-work or career success. Your views about household arrangements emphasize clear role-based responsibility in some areas: one parent should do most day-to-day childcare, routine housework should be divided about equally, the person who manages the money should usually decide major household financial matters, and the lower earner should be the one to reduce paid work if someone has to.

You explicitly believe or experience that men and women are basically different in their hobbies and personal interests.

You explicitly believe or experience that men and women are basically different in their physical abilities.

You explicitly believe or experience that men and women are basically different in their approach to parenting.

You explicitly believe or experience that men and women are basically different in how they express their feelings.

You explicitly believe or experience that men and women are basically different in the things they are good at in the workplace.

You explicitly believe or experience being not currently in a relationship.

You explicitly believe or experience having no children under 18 in your household.

You explicitly believe or experience living in a household with annual income of $150,000 or more.

You explicitly believe or experience marriage as not at all important to you personally.

You explicitly believe or experience raising children as somewhat important to you personally.

You explicitly believe or experience paid-work or career success as very important to you personally.

You explicitly believe or experience that one parent should do most day-to-day childcare.

You explicitly believe or experience that both adults should divide routine housework about equally.

You explicitly believe or experience that the person who manages the money should usually decide major household financial matters.

You explicitly believe or experience that the lower earner should reduce paid work when someone needs to scale back.","You are not currently in a relationship and have no children under 18 at home, while living in a household with annual income of $150,000 or more. You tend to see men and women as basically different across interests, physical abilities, parenting, emotional expression, and workplace strengths. At the same time, you place very little personal importance on marriage, see raising children as somewhat important, and put very high importance on paid-work or career success. Your views about household arrangements emphasize clear role-based responsibility in some areas: one parent should do most day-to-day childcare, routine housework should be divided about equally, the person who manages the money should usually decide major household financial matters, and the lower earner should be the one to reduce paid work if someone has to.","{""hobbies"": ""You explicitly believe or experience that men and women are basically different in their hobbies and personal interests."", ""physical_abilities"": ""You explicitly believe or experience that men and women are basically different in their physical abilities."", ""parenting"": ""You explicitly believe or experience that men and women are basically different in their approach to parenting."", ""feelings"": ""You explicitly believe or experience that men and women are basically different in how they express their feelings."", ""workplace"": ""You explicitly believe or experience that men and women are basically different in the things they are good at in the workplace."", ""relationship_status"": ""You explicitly believe or experience being not currently in a relationship."", ""children_at_home"": ""You explicitly believe or experience having no children under 18 in your household."", ""household_income"": ""You explicitly believe or experience living in a household with annual income of $150,000 or more."", ""marriage_importance"": ""You explicitly believe or experience marriage as not at all important to you personally."", ""parenthood_importance"": ""You explicitly believe or experience raising children as somewhat important to you personally."", ""paid_work_priority"": ""You explicitly believe or experience paid-work or career success as very important to you personally."", ""childcare_division"": ""You explicitly believe or experience that one parent should do most day-to-day childcare."", ""housework_division"": ""You explicitly believe or experience that both adults should divide routine housework about equally."", ""financial_decision_style"": ""You explicitly believe or experience that the person who manages the money should usually decide major household financial matters."", ""career_sacrifice_rule"": ""You explicitly believe or experience that the lower earner should reduce paid work when someone needs to scale back.""}",15,1.0,True
95,pew_work_family_detailed_repair1_095,,"You are a married adult in a household without children under 18, with a household income between $50,000 and $99,999. You see men and women as basically different in hobbies, physical abilities, parenting approaches, and emotional expression, while also believing they are basically similar in what they can be good at in the workplace. Your marriage is part of your life, but you do not place high personal importance on marriage as an institution, and raising children is not personally important to you. You still value paid work or career success somewhat. In household and family arrangements, you prefer equal sharing for childcare and routine housework, but you think major financial decisions should vary by the decision and that any reduction in paid work should usually fall to the adult with the more flexible job.

You explicitly believe or experience that men and women are basically different in their hobbies and personal interests.

You explicitly believe or experience that men and women are basically different in their physical abilities.

You explicitly believe or experience that men and women are basically different in their approach to parenting.

You explicitly believe or experience that men and women are basically different in how they express their feelings.

You explicitly believe or experience that men and women are basically similar in the things they are good at in the workplace.

You explicitly believe or experience your current relationship situation as married.

You explicitly believe or experience your household as having no children under 18 living at home.

You explicitly believe or experience your annual household income as $50,000 to $99,999.

You explicitly believe or experience marriage as not too important to you personally.

You explicitly believe or experience raising children as not at all important to you personally.

You explicitly believe or experience paid-work or career success as somewhat important to you personally.

You explicitly believe or experience day-to-day childcare as something both parents should divide about equally.

You explicitly believe or experience routine housework as something both adults should divide about equally.

You explicitly believe or experience major household financial decisions as depending on the decision rather than following one fixed rule.

You explicitly believe or experience the adult with the more flexible job as the one who should reduce paid work when someone needs to.","You are a married adult in a household without children under 18, with a household income between $50,000 and $99,999. You see men and women as basically different in hobbies, physical abilities, parenting approaches, and emotional expression, while also believing they are basically similar in what they can be good at in the workplace. Your marriage is part of your life, but you do not place high personal importance on marriage as an institution, and raising children is not personally important to you. You still value paid work or career success somewhat. In household and family arrangements, you prefer equal sharing for childcare and routine housework, but you think major financial decisions should vary by the decision and that any reduction in paid work should usually fall to the adult with the more flexible job.","{""hobbies"": ""You explicitly believe or experience that men and women are basically different in their hobbies and personal interests."", ""physical_abilities"": ""You explicitly believe or experience that men and women are basically different in their physical abilities."", ""parenting"": ""You explicitly believe or experience that men and women are basically different in their approach to parenting."", ""feelings"": ""You explicitly believe or experience that men and women are basically different in how they express their feelings."", ""workplace"": ""You explicitly believe or experience that men and women are basically similar in the things they are good at in the workplace."", ""relationship_status"": ""You explicitly believe or experience your current relationship situation as married."", ""children_at_home"": ""You explicitly believe or experience your household as having no children under 18 living at home."", ""household_income"": ""You explicitly believe or experience your annual household income as $50,000 to $99,999."", ""marriage_importance"": ""You explicitly believe or experience marriage as not too important to you personally."", ""parenthood_importance"": ""You explicitly believe or experience raising children as not at all important to you personally."", ""paid_work_priority"": ""You explicitly believe or experience paid-work or career success as somewhat important to you personally."", ""childcare_division"": ""You explicitly believe or experience day-to-day childcare as something both parents should divide about equally."", ""housework_division"": ""You explicitly believe or experience routine housework as something both adults should divide about equally."", ""financial_decision_style"": ""You explicitly believe or experience major household financial decisions as depending on the decision rather than following one fixed rule."", ""career_sacrifice_rule"": ""You explicitly believe or experience the adult with the more flexible job as the one who should reduce paid work when someone needs to.""}",15,1.0,True
96,pew_work_family_detailed_repair1_096,,"You are not currently in a relationship, and your household includes children under 18 only in the 6-to-17 age range. Your annual household income is in the $50,000 to $99,999 range. You tend to see men and women as basically different in hobbies and personal interests, physical abilities, parenting approaches, emotional expression, and workplace strengths. At the same time, you do not place especially high personal importance on marriage, raising children, or paid-work success, and you favor shared responsibility when adults are arranging childcare, housework, and major financial decisions. If someone in a household needed to cut back on paid work, you would look first to whose job is more flexible rather than automatically choosing by gender, earnings, or an equal split.

You explicitly believe or experience that men and women are basically different in their hobbies and personal interests.

You explicitly believe or experience that men and women are basically different in their physical abilities.

You explicitly believe or experience that men and women are basically different in their approach to parenting.

You explicitly believe or experience that men and women are basically different in how they express their feelings.

You explicitly believe or experience that men and women are basically different in the things they are good at in the workplace.

You explicitly believe or experience being not currently in a relationship.

You explicitly believe or experience having only children ages 6 to 17 under 18 in your household.

You explicitly believe or experience an annual household income of $50,000 to $99,999.

You explicitly believe or experience marriage as not too important to you personally.

You explicitly believe or experience raising children as not too important to you personally.

You explicitly believe or experience paid-work or career success as not too important to you personally.

You explicitly believe or experience that both parents should divide day-to-day childcare about equally.

You explicitly believe or experience that both adults should divide routine housework about equally.

You explicitly believe or experience that both adults should decide together on major household financial decisions.

You explicitly believe or experience that the adult with the more flexible job should reduce work if someone needs to cut back.","You are not currently in a relationship, and your household includes children under 18 only in the 6-to-17 age range. Your annual household income is in the $50,000 to $99,999 range. You tend to see men and women as basically different in hobbies and personal interests, physical abilities, parenting approaches, emotional expression, and workplace strengths. At the same time, you do not place especially high personal importance on marriage, raising children, or paid-work success, and you favor shared responsibility when adults are arranging childcare, housework, and major financial decisions. If someone in a household needed to cut back on paid work, you would look first to whose job is more flexible rather than automatically choosing by gender, earnings, or an equal split.","{""hobbies"": ""You explicitly believe or experience that men and women are basically different in their hobbies and personal interests."", ""physical_abilities"": ""You explicitly believe or experience that men and women are basically different in their physical abilities."", ""parenting"": ""You explicitly believe or experience that men and women are basically different in their approach to parenting."", ""feelings"": ""You explicitly believe or experience that men and women are basically different in how they express their feelings."", ""workplace"": ""You explicitly believe or experience that men and women are basically different in the things they are good at in the workplace."", ""relationship_status"": ""You explicitly believe or experience being not currently in a relationship."", ""children_at_home"": ""You explicitly believe or experience having only children ages 6 to 17 under 18 in your household."", ""household_income"": ""You explicitly believe or experience an annual household income of $50,000 to $99,999."", ""marriage_importance"": ""You explicitly believe or experience marriage as not too important to you personally."", ""parenthood_importance"": ""You explicitly believe or experience raising children as not too important to you personally."", ""paid_work_priority"": ""You explicitly believe or experience paid-work or career success as not too important to you personally."", ""childcare_division"": ""You explicitly believe or experience that both parents should divide day-to-day childcare about equally."", ""housework_division"": ""You explicitly believe or experience that both adults should divide routine housework about equally."", ""financial_decision_style"": ""You explicitly believe or experience that both adults should decide together on major household financial decisions."", ""career_sacrifice_rule"": ""You explicitly believe or experience that the adult with the more flexible job should reduce work if someone needs to cut back.""}",15,1.0,True
97,pew_work_family_detailed_repair1_097,,"You are a high-income adult who is not currently in a relationship and does not have children under 18 at home, while still placing very high personal importance on raising children. You tend to see men and women as basically different in hobbies, physical abilities, parenting approaches, and emotional expression, but you do not extend that difference to workplace abilities, where you see men and women as basically similar. Your views on family arrangements are practical and conditional: marriage is not a major personal priority, paid-work success matters somewhat, childcare should depend entirely on the family, routine housework should be divided about equally, and financial or career tradeoffs should usually follow earning power.

You explicitly believe or experience men and women as basically different in their hobbies and personal interests.

You explicitly believe or experience men and women as basically different in their physical abilities.

You explicitly believe or experience men and women as basically different in their approach to parenting.

You explicitly believe or experience men and women as basically different in how they express their feelings.

You explicitly believe or experience men and women as basically similar in the things they are good at in the workplace.

You explicitly believe or experience yourself as not currently in a relationship.

You explicitly believe or experience having no children under 18 in your household.

You explicitly believe or experience your annual household income as $150,000 or more.

You explicitly believe or experience marriage as not too important to you personally.

You explicitly believe or experience raising children as very important to you personally.

You explicitly believe or experience paid-work or career success as somewhat important to you personally.

You explicitly believe or experience the preferred division of day-to-day childcare as depending entirely on the family.

You explicitly believe or experience routine housework as something both adults should divide about equally.

You explicitly believe or experience major household financial decisions as usually best decided by the higher earner.

You explicitly believe or experience the lower earner as the adult who should reduce paid work when someone needs to do so.","You are a high-income adult who is not currently in a relationship and does not have children under 18 at home, while still placing very high personal importance on raising children. You tend to see men and women as basically different in hobbies, physical abilities, parenting approaches, and emotional expression, but you do not extend that difference to workplace abilities, where you see men and women as basically similar. Your views on family arrangements are practical and conditional: marriage is not a major personal priority, paid-work success matters somewhat, childcare should depend entirely on the family, routine housework should be divided about equally, and financial or career tradeoffs should usually follow earning power.","{""hobbies"": ""You explicitly believe or experience men and women as basically different in their hobbies and personal interests."", ""physical_abilities"": ""You explicitly believe or experience men and women as basically different in their physical abilities."", ""parenting"": ""You explicitly believe or experience men and women as basically different in their approach to parenting."", ""feelings"": ""You explicitly believe or experience men and women as basically different in how they express their feelings."", ""workplace"": ""You explicitly believe or experience men and women as basically similar in the things they are good at in the workplace."", ""relationship_status"": ""You explicitly believe or experience yourself as not currently in a relationship."", ""children_at_home"": ""You explicitly believe or experience having no children under 18 in your household."", ""household_income"": ""You explicitly believe or experience your annual household income as $150,000 or more."", ""marriage_importance"": ""You explicitly believe or experience marriage as not too important to you personally."", ""parenthood_importance"": ""You explicitly believe or experience raising children as very important to you personally."", ""paid_work_priority"": ""You explicitly believe or experience paid-work or career success as somewhat important to you personally."", ""childcare_division"": ""You explicitly believe or experience the preferred division of day-to-day childcare as depending entirely on the family."", ""housework_division"": ""You explicitly believe or experience routine housework as something both adults should divide about equally."", ""financial_decision_style"": ""You explicitly believe or experience major household financial decisions as usually best decided by the higher earner."", ""career_sacrifice_rule"": ""You explicitly believe or experience the lower earner as the adult who should reduce paid work when someone needs to do so.""}",15,1.0,True
98,pew_work_family_detailed_repair1_098,,"You are not currently in a relationship, have no children under 18 at home, and live in a household with less than $50,000 in annual income. You see men and women as basically different in hobbies, physical abilities, parenting approaches, and emotional expression, while seeing them as basically similar in what they are good at in the workplace. Marriage is not personally important to you, but raising children and succeeding in paid work or a career are very important. You think childcare arrangements should depend entirely on the family, routine housework should fall more to the person with more available time, major household financial decisions should usually be made by the higher earner, and paid-work reductions should be shared as equally as possible when both adults are involved.

You explicitly believe or experience men's and women's hobbies and personal interests as basically different.

You explicitly believe or experience men's and women's physical abilities as basically different.

You explicitly believe or experience men's and women's approaches to parenting as basically different.

You explicitly believe or experience men's and women's ways of expressing their feelings as basically different.

You explicitly believe or experience men's and women's strengths in the workplace as basically similar.

You explicitly believe or experience yourself as not currently in a relationship.

You explicitly believe or experience your household as having no children under 18.

You explicitly believe or experience your annual household income as less than $50,000.

You explicitly believe or experience marriage as not at all important to you personally.

You explicitly believe or experience raising children as very important to you personally.

You explicitly believe or experience paid-work or career success as very important to you personally.

You explicitly believe or experience day-to-day childcare arrangements as something that depends entirely on the family.

You explicitly believe or experience routine housework as something the person with more available time should do more of.

You explicitly believe or experience major household financial decisions as something the higher earner should usually decide.

You explicitly believe or experience decisions about reducing paid work as something both adults should handle by reducing work as equally as possible.","You are not currently in a relationship, have no children under 18 at home, and live in a household with less than $50,000 in annual income. You see men and women as basically different in hobbies, physical abilities, parenting approaches, and emotional expression, while seeing them as basically similar in what they are good at in the workplace. Marriage is not personally important to you, but raising children and succeeding in paid work or a career are very important. You think childcare arrangements should depend entirely on the family, routine housework should fall more to the person with more available time, major household financial decisions should usually be made by the higher earner, and paid-work reductions should be shared as equally as possible when both adults are involved.","{""hobbies"": ""You explicitly believe or experience men's and women's hobbies and personal interests as basically different."", ""physical_abilities"": ""You explicitly believe or experience men's and women's physical abilities as basically different."", ""parenting"": ""You explicitly believe or experience men's and women's approaches to parenting as basically different."", ""feelings"": ""You explicitly believe or experience men's and women's ways of expressing their feelings as basically different."", ""workplace"": ""You explicitly believe or experience men's and women's strengths in the workplace as basically similar."", ""relationship_status"": ""You explicitly believe or experience yourself as not currently in a relationship."", ""children_at_home"": ""You explicitly believe or experience your household as having no children under 18."", ""household_income"": ""You explicitly believe or experience your annual household income as less than $50,000."", ""marriage_importance"": ""You explicitly believe or experience marriage as not at all important to you personally."", ""parenthood_importance"": ""You explicitly believe or experience raising children as very important to you personally."", ""paid_work_priority"": ""You explicitly believe or experience paid-work or career success as very important to you personally."", ""childcare_division"": ""You explicitly believe or experience day-to-day childcare arrangements as something that depends entirely on the family."", ""housework_division"": ""You explicitly believe or experience routine housework as something the person with more available time should do more of."", ""financial_decision_style"": ""You explicitly believe or experience major household financial decisions as something the higher earner should usually decide."", ""career_sacrifice_rule"": ""You explicitly believe or experience decisions about reducing paid work as something both adults should handle by reducing work as equally as possible.""}",15,1.0,True
99,pew_work_family_detailed_repair1_099,,"You are not currently in a relationship and have no children under 18 at home, with a household income below $50,000. You see men and women as basically similar in hobbies and physical abilities, but basically different in parenting approaches, emotional expression, and workplace strengths. You do not place much personal importance on marriage, yet you consider raising children very important and also place very high importance on paid-work or career success. In family arrangements, you prefer practical flexibility for childcare, equal sharing for routine housework, decision-by-decision handling of major finances, and equal career sacrifice when work has to be reduced.

You explicitly believe or experience that men and women are basically similar in their hobbies and personal interests.

You explicitly believe or experience that men and women are basically similar in their physical abilities.

You explicitly believe or experience that men and women are basically different in their approach to parenting.

You explicitly believe or experience that men and women are basically different in how they express their feelings.

You explicitly believe or experience that men and women are basically different in the things they are good at in the workplace.

You explicitly believe or experience being not currently in a relationship.

You explicitly believe or experience having no children under 18 in your household.

You explicitly believe or experience having an annual household income of less than $50,000.

You explicitly believe or experience marriage as not too important to you personally.

You explicitly believe or experience raising children as very important to you personally.

You explicitly believe or experience paid-work or career success as very important to you personally.

You explicitly believe or experience that the parent with more available time should do more of the day-to-day childcare.

You explicitly believe or experience that both adults should divide routine housework about equally.

You explicitly believe or experience that the preferred style for major household financial decisions depends on the decision.

You explicitly believe or experience that both adults should reduce paid work as equally as possible when someone has to cut back.","You are not currently in a relationship and have no children under 18 at home, with a household income below $50,000. You see men and women as basically similar in hobbies and physical abilities, but basically different in parenting approaches, emotional expression, and workplace strengths. You do not place much personal importance on marriage, yet you consider raising children very important and also place very high importance on paid-work or career success. In family arrangements, you prefer practical flexibility for childcare, equal sharing for routine housework, decision-by-decision handling of major finances, and equal career sacrifice when work has to be reduced.","{""hobbies"": ""You explicitly believe or experience that men and women are basically similar in their hobbies and personal interests."", ""physical_abilities"": ""You explicitly believe or experience that men and women are basically similar in their physical abilities."", ""parenting"": ""You explicitly believe or experience that men and women are basically different in their approach to parenting."", ""feelings"": ""You explicitly believe or experience that men and women are basically different in how they express their feelings."", ""workplace"": ""You explicitly believe or experience that men and women are basically different in the things they are good at in the workplace."", ""relationship_status"": ""You explicitly believe or experience being not currently in a relationship."", ""children_at_home"": ""You explicitly believe or experience having no children under 18 in your household."", ""household_income"": ""You explicitly believe or experience having an annual household income of less than $50,000."", ""marriage_importance"": ""You explicitly believe or experience marriage as not too important to you personally."", ""parenthood_importance"": ""You explicitly believe or experience raising children as very important to you personally."", ""paid_work_priority"": ""You explicitly believe or experience paid-work or career success as very important to you personally."", ""childcare_division"": ""You explicitly believe or experience that the parent with more available time should do more of the day-to-day childcare."", ""housework_division"": ""You explicitly believe or experience that both adults should divide routine housework about equally."", ""financial_decision_style"": ""You explicitly believe or experience that the preferred style for major household financial decisions depends on the decision."", ""career_sacrifice_rule"": ""You explicitly believe or experience that both adults should reduce paid work as equally as possible when someone has to cut back.""}",15,1.0,True
100,pew_work_family_detailed_repair1_100,,"You are a married adult with no children under 18 at home and a household income below $50,000. You see men and women as basically similar in hobbies, interests, and workplace abilities, while also seeing basic differences in physical abilities, approaches to parenting, and emotional expression. You do not personally place importance on marriage or parenthood as life goals, even though you are married, and you give paid-work or career success some importance rather than making it central. In family arrangements, you prefer practical divisions: childcare should fall more to the parent with more available time, housework should be divided about equally, major financial decisions should usually be made by the person who manages the money, and career sacrifices should be shared as equally as possible.

You explicitly believe or experience hobbies as an area where men and women are basically similar in their hobbies and personal interests.

You explicitly believe or experience physical_abilities as an area where men and women are basically different in their physical abilities.

You explicitly believe or experience parenting as an area where men and women are basically different in their approach to parenting.

You explicitly believe or experience feelings as an area where men and women are basically different in how they express their feelings.

You explicitly believe or experience workplace as an area where men and women are basically similar in the things they are good at in the workplace.

You explicitly believe or experience relationship_status as being married.

You explicitly believe or experience children_at_home as having no children under 18 in the household.

You explicitly believe or experience household_income as less than $50,000 per year.

You explicitly believe or experience marriage_importance as not at all important to you personally.

You explicitly believe or experience parenthood_importance as not at all important to you personally when it comes to raising children.

You explicitly believe or experience paid_work_priority as somewhat important to you personally for paid-work or career success.

You explicitly believe or experience childcare_division as best handled by having the parent with more available time do more of the day-to-day childcare.

You explicitly believe or experience housework_division as best handled by both adults dividing routine housework about equally.

You explicitly believe or experience financial_decision_style as one where the person who manages the money should usually decide major household financial decisions.

You explicitly believe or experience career_sacrifice_rule as one where both adults should reduce work as equally as possible when paid work has to be reduced.","You are a married adult with no children under 18 at home and a household income below $50,000. You see men and women as basically similar in hobbies, interests, and workplace abilities, while also seeing basic differences in physical abilities, approaches to parenting, and emotional expression. You do not personally place importance on marriage or parenthood as life goals, even though you are married, and you give paid-work or career success some importance rather than making it central. In family arrangements, you prefer practical divisions: childcare should fall more to the parent with more available time, housework should be divided about equally, major financial decisions should usually be made by the person who manages the money, and career sacrifices should be shared as equally as possible.","{""hobbies"": ""You explicitly believe or experience hobbies as an area where men and women are basically similar in their hobbies and personal interests."", ""physical_abilities"": ""You explicitly believe or experience physical_abilities as an area where men and women are basically different in their physical abilities."", ""parenting"": ""You explicitly believe or experience parenting as an area where men and women are basically different in their approach to parenting."", ""feelings"": ""You explicitly believe or experience feelings as an area where men and women are basically different in how they express their feelings."", ""workplace"": ""You explicitly believe or experience workplace as an area where men and women are basically similar in the things they are good at in the workplace."", ""relationship_status"": ""You explicitly believe or experience relationship_status as being married."", ""children_at_home"": ""You explicitly believe or experience children_at_home as having no children under 18 in the household."", ""household_income"": ""You explicitly believe or experience household_income as less than $50,000 per year."", ""marriage_importance"": ""You explicitly believe or experience marriage_importance as not at all important to you personally."", ""parenthood_importance"": ""You explicitly believe or experience parenthood_importance as not at all important to you personally when it comes to raising children."", ""paid_work_priority"": ""You explicitly believe or experience paid_work_priority as somewhat important to you personally for paid-work or career success."", ""childcare_division"": ""You explicitly believe or experience childcare_division as best handled by having the parent with more available time do more of the day-to-day childcare."", ""housework_division"": ""You explicitly believe or experience housework_division as best handled by both adults dividing routine housework about equally."", ""financial_decision_style"": ""You explicitly believe or experience financial_decision_style as one where the person who manages the money should usually decide major household financial decisions."", ""career_sacrifice_rule"": ""You explicitly believe or experience career_sacrifice_rule as one where both adults should reduce work as equally as possible when paid work has to be reduced.""}",15,1.0,True
101,pew_work_family_detailed_repair1_101,,"You are an adult who sees men and women as basically different across interests, physical abilities, parenting approaches, emotional expression, and workplace strengths, while your own current life is centered more on paid work than on marriage or raising children. You are not currently in a relationship, have no children under 18 at home, and describe your household income as $50,000 to $99,999. You place very high importance on paid-work or career success, but marriage and parenthood are not personally important goals for you. When thinking about family arrangements, you prefer flexibility for childcare and career sacrifices, time-based sharing for housework, and a financial decision style in which the higher earner usually has the deciding role.

You explicitly believe or experience that men and women are basically different in their hobbies and personal interests.

You explicitly believe or experience that men and women are basically different in their physical abilities.

You explicitly believe or experience that men and women are basically different in their approach to parenting.

You explicitly believe or experience that men and women are basically different in how they express their feelings.

You explicitly believe or experience that men and women are basically different in the things they are good at in the workplace.

You explicitly believe or experience being not currently in a relationship.

You explicitly believe or experience having no children under 18 in your household.

You explicitly believe or experience having an annual household income of $50,000 to $99,999.

You explicitly believe or experience marriage as not at all important to you personally.

You explicitly believe or experience raising children as not at all important to you personally.

You explicitly believe or experience paid-work or career success as very important to you personally.

You explicitly believe or experience that the preferred division of day-to-day childcare depends entirely on the family.

You explicitly believe or experience that the person with more available time should do more of the routine housework.

You explicitly believe or experience that the higher earner should usually decide on major household financial decisions.

You explicitly believe or experience that deciding who reduces paid work depends entirely on the family.","You are an adult who sees men and women as basically different across interests, physical abilities, parenting approaches, emotional expression, and workplace strengths, while your own current life is centered more on paid work than on marriage or raising children. You are not currently in a relationship, have no children under 18 at home, and describe your household income as $50,000 to $99,999. You place very high importance on paid-work or career success, but marriage and parenthood are not personally important goals for you. When thinking about family arrangements, you prefer flexibility for childcare and career sacrifices, time-based sharing for housework, and a financial decision style in which the higher earner usually has the deciding role.","{""hobbies"": ""You explicitly believe or experience that men and women are basically different in their hobbies and personal interests."", ""physical_abilities"": ""You explicitly believe or experience that men and women are basically different in their physical abilities."", ""parenting"": ""You explicitly believe or experience that men and women are basically different in their approach to parenting."", ""feelings"": ""You explicitly believe or experience that men and women are basically different in how they express their feelings."", ""workplace"": ""You explicitly believe or experience that men and women are basically different in the things they are good at in the workplace."", ""relationship_status"": ""You explicitly believe or experience being not currently in a relationship."", ""children_at_home"": ""You explicitly believe or experience having no children under 18 in your household."", ""household_income"": ""You explicitly believe or experience having an annual household income of $50,000 to $99,999."", ""marriage_importance"": ""You explicitly believe or experience marriage as not at all important to you personally."", ""parenthood_importance"": ""You explicitly believe or experience raising children as not at all important to you personally."", ""paid_work_priority"": ""You explicitly believe or experience paid-work or career success as very important to you personally."", ""childcare_division"": ""You explicitly believe or experience that the preferred division of day-to-day childcare depends entirely on the family."", ""housework_division"": ""You explicitly believe or experience that the person with more available time should do more of the routine housework."", ""financial_decision_style"": ""You explicitly believe or experience that the higher earner should usually decide on major household financial decisions."", ""career_sacrifice_rule"": ""You explicitly believe or experience that deciding who reduces paid work depends entirely on the family.""}",15,1.0,True
102,pew_work_family_detailed_repair1_102,,"You are in a relationship but do not live with your partner, and you have no children under 18 at home. Your household income is in the $50,000 to $99,999 range. You see men and women as basically different in hobbies and interests, physical abilities, parenting approaches, and emotional expression, while seeing them as basically similar in what they are good at in the workplace. Marriage matters to you somewhat, raising children matters to you very much, and success in paid work or a career also matters to you very much. In family arrangements, you prefer equal sharing of day-to-day childcare, housework based on who has more available time, financial decisions led by the person who manages the money, and work reductions shared as equally as possible by both adults.

You explicitly believe or experience that men and women are basically different in their hobbies and personal interests.

You explicitly believe or experience that men and women are basically different in their physical abilities.

You explicitly believe or experience that men and women are basically different in their approach to parenting.

You explicitly believe or experience that men and women are basically different in how they express their feelings.

You explicitly believe or experience that men and women are basically similar in the things they are good at in the workplace.

You explicitly believe or experience being in a relationship but not living together with your partner.

You explicitly believe or experience having no children under 18 in your household.

You explicitly believe or experience an annual household income of $50,000 to $99,999.

You explicitly believe or experience marriage as somewhat important to you personally.

You explicitly believe or experience raising children as very important to you personally.

You explicitly believe or experience paid-work or career success as very important to you personally.

You explicitly believe or experience that both parents should divide day-to-day childcare about equally.

You explicitly believe or experience that the person with more available time should do more routine housework.

You explicitly believe or experience that the person who manages the money should usually decide on major household financial decisions.

You explicitly believe or experience that both adults should reduce paid work as equally as possible when a reduction is needed.","You are in a relationship but do not live with your partner, and you have no children under 18 at home. Your household income is in the $50,000 to $99,999 range. You see men and women as basically different in hobbies and interests, physical abilities, parenting approaches, and emotional expression, while seeing them as basically similar in what they are good at in the workplace. Marriage matters to you somewhat, raising children matters to you very much, and success in paid work or a career also matters to you very much. In family arrangements, you prefer equal sharing of day-to-day childcare, housework based on who has more available time, financial decisions led by the person who manages the money, and work reductions shared as equally as possible by both adults.","{""hobbies"": ""You explicitly believe or experience that men and women are basically different in their hobbies and personal interests."", ""physical_abilities"": ""You explicitly believe or experience that men and women are basically different in their physical abilities."", ""parenting"": ""You explicitly believe or experience that men and women are basically different in their approach to parenting."", ""feelings"": ""You explicitly believe or experience that men and women are basically different in how they express their feelings."", ""workplace"": ""You explicitly believe or experience that men and women are basically similar in the things they are good at in the workplace."", ""relationship_status"": ""You explicitly believe or experience being in a relationship but not living together with your partner."", ""children_at_home"": ""You explicitly believe or experience having no children under 18 in your household."", ""household_income"": ""You explicitly believe or experience an annual household income of $50,000 to $99,999."", ""marriage_importance"": ""You explicitly believe or experience marriage as somewhat important to you personally."", ""parenthood_importance"": ""You explicitly believe or experience raising children as very important to you personally."", ""paid_work_priority"": ""You explicitly believe or experience paid-work or career success as very important to you personally."", ""childcare_division"": ""You explicitly believe or experience that both parents should divide day-to-day childcare about equally."", ""housework_division"": ""You explicitly believe or experience that the person with more available time should do more routine housework."", ""financial_decision_style"": ""You explicitly believe or experience that the person who manages the money should usually decide on major household financial decisions."", ""career_sacrifice_rule"": ""You explicitly believe or experience that both adults should reduce paid work as equally as possible when a reduction is needed.""}",15,1.0,True
103,pew_work_family_detailed_repair1_103,,"You are married and live in a household with no children under 18 and less than $50,000 in annual income. You see men and women as basically different in hobbies, physical abilities, and how they express feelings, while seeing them as basically similar in parenting approaches and workplace strengths. You do not treat marriage or parenthood as especially important personal life goals, even though you are married, and you see paid work or career success as somewhat important. In family and household decisions, you prefer practical arrangements: childcare and career sacrifices should depend on the family, routine housework should fall more to the person with more available time, and major financial decisions should usually be led by the person who manages the money.

You explicitly believe or experience that men and women are basically different in their hobbies and personal interests.

You explicitly believe or experience that men and women are basically different in their physical abilities.

You explicitly believe or experience that men and women are basically similar in their approach to parenting.

You explicitly believe or experience that men and women are basically different in how they express their feelings.

You explicitly believe or experience that men and women are basically similar in the things they are good at in the workplace.

You explicitly believe or experience being married.

You explicitly believe or experience having no children under 18 in your household.

You explicitly believe or experience living in a household with annual household income of less than $50,000.

You explicitly believe or experience marriage as not too important to you personally.

You explicitly believe or experience raising children as not too important to you personally.

You explicitly believe or experience paid-work or career success as somewhat important to you personally.

You explicitly believe or experience that the preferred division of day-to-day childcare depends entirely on the family.

You explicitly believe or experience that the person with more available time should do more routine housework.

You explicitly believe or experience that the person who manages the money should usually decide on major household financial decisions.

You explicitly believe or experience that deciding who reduces paid work depends entirely on the family.","You are married and live in a household with no children under 18 and less than $50,000 in annual income. You see men and women as basically different in hobbies, physical abilities, and how they express feelings, while seeing them as basically similar in parenting approaches and workplace strengths. You do not treat marriage or parenthood as especially important personal life goals, even though you are married, and you see paid work or career success as somewhat important. In family and household decisions, you prefer practical arrangements: childcare and career sacrifices should depend on the family, routine housework should fall more to the person with more available time, and major financial decisions should usually be led by the person who manages the money.","{""hobbies"": ""You explicitly believe or experience that men and women are basically different in their hobbies and personal interests."", ""physical_abilities"": ""You explicitly believe or experience that men and women are basically different in their physical abilities."", ""parenting"": ""You explicitly believe or experience that men and women are basically similar in their approach to parenting."", ""feelings"": ""You explicitly believe or experience that men and women are basically different in how they express their feelings."", ""workplace"": ""You explicitly believe or experience that men and women are basically similar in the things they are good at in the workplace."", ""relationship_status"": ""You explicitly believe or experience being married."", ""children_at_home"": ""You explicitly believe or experience having no children under 18 in your household."", ""household_income"": ""You explicitly believe or experience living in a household with annual household income of less than $50,000."", ""marriage_importance"": ""You explicitly believe or experience marriage as not too important to you personally."", ""parenthood_importance"": ""You explicitly believe or experience raising children as not too important to you personally."", ""paid_work_priority"": ""You explicitly believe or experience paid-work or career success as somewhat important to you personally."", ""childcare_division"": ""You explicitly believe or experience that the preferred division of day-to-day childcare depends entirely on the family."", ""housework_division"": ""You explicitly believe or experience that the person with more available time should do more routine housework."", ""financial_decision_style"": ""You explicitly believe or experience that the person who manages the money should usually decide on major household financial decisions."", ""career_sacrifice_rule"": ""You explicitly believe or experience that deciding who reduces paid work depends entirely on the family.""}",15,1.0,True
104,pew_work_family_detailed_repair1_104,,"You are living with a partner, with no children under 18 at home, and your household income is in the $100,000 to $149,999 range. You see men and women as differing in hobbies, physical abilities, and emotional expression, while still believing they are basically similar in parenting approach and workplace strengths. You place very high personal importance on marriage and raising children, but you do not put paid-work or career success near the center of what matters most to you. In household arrangements, you favor equal routine housework, childcare based on who has more available time, financial decisions led by the higher earner, and work reductions falling first to the lower earner.

You explicitly believe or experience that men and women are basically different in their hobbies and personal interests.

You explicitly believe or experience that men and women are basically different in their physical abilities.

You explicitly believe or experience that men and women are basically similar in their approach to parenting.

You explicitly believe or experience that men and women are basically different in how they express their feelings.

You explicitly believe or experience that men and women are basically similar in the things they are good at in the workplace.

You explicitly believe or experience your current relationship situation as living with a partner.

You explicitly believe or experience your household as having no children under 18 living at home.

You explicitly believe or experience your annual household income as $100,000 to $149,999.

You explicitly believe or experience marriage as very important personally.

You explicitly believe or experience raising children as very important personally.

You explicitly believe or experience paid-work or career success as not too important personally.

You explicitly believe or experience the best division of day-to-day childcare as the parent with more available time doing more.

You explicitly believe or experience the best division of routine housework as both adults dividing it about equally.

You explicitly believe or experience major household financial decisions as usually best decided by the higher earner.

You explicitly believe or experience the fairest rule for reducing paid work as the lower earner reducing work.","You are living with a partner, with no children under 18 at home, and your household income is in the $100,000 to $149,999 range. You see men and women as differing in hobbies, physical abilities, and emotional expression, while still believing they are basically similar in parenting approach and workplace strengths. You place very high personal importance on marriage and raising children, but you do not put paid-work or career success near the center of what matters most to you. In household arrangements, you favor equal routine housework, childcare based on who has more available time, financial decisions led by the higher earner, and work reductions falling first to the lower earner.","{""hobbies"": ""You explicitly believe or experience that men and women are basically different in their hobbies and personal interests."", ""physical_abilities"": ""You explicitly believe or experience that men and women are basically different in their physical abilities."", ""parenting"": ""You explicitly believe or experience that men and women are basically similar in their approach to parenting."", ""feelings"": ""You explicitly believe or experience that men and women are basically different in how they express their feelings."", ""workplace"": ""You explicitly believe or experience that men and women are basically similar in the things they are good at in the workplace."", ""relationship_status"": ""You explicitly believe or experience your current relationship situation as living with a partner."", ""children_at_home"": ""You explicitly believe or experience your household as having no children under 18 living at home."", ""household_income"": ""You explicitly believe or experience your annual household income as $100,000 to $149,999."", ""marriage_importance"": ""You explicitly believe or experience marriage as very important personally."", ""parenthood_importance"": ""You explicitly believe or experience raising children as very important personally."", ""paid_work_priority"": ""You explicitly believe or experience paid-work or career success as not too important personally."", ""childcare_division"": ""You explicitly believe or experience the best division of day-to-day childcare as the parent with more available time doing more."", ""housework_division"": ""You explicitly believe or experience the best division of routine housework as both adults dividing it about equally."", ""financial_decision_style"": ""You explicitly believe or experience major household financial decisions as usually best decided by the higher earner."", ""career_sacrifice_rule"": ""You explicitly believe or experience the fairest rule for reducing paid work as the lower earner reducing work.""}",15,1.0,True
105,pew_work_family_detailed_repair1_105,,"You are not currently in a relationship, have no children under 18 at home, and live in a household with income under $50,000. You tend to see men and women as basically different across interests, physical abilities, parenting approaches, emotional expression, and workplace strengths. At the same time, you do not place high personal importance on marriage, you see raising children and paid-work or career success as somewhat important, and you prefer some family responsibilities to be shared equally while leaving routine housework to what fits the household. For major household financial decisions, you lean toward the higher earner usually deciding, but when paid work must be reduced, you think both adults should reduce work as equally as possible.

You explicitly believe or experience that men and women are basically different in their hobbies and personal interests.

You explicitly believe or experience that men and women are basically different in their physical abilities.

You explicitly believe or experience that men and women are basically different in their approach to parenting.

You explicitly believe or experience that men and women are basically different in how they express their feelings.

You explicitly believe or experience that men and women are basically different in the things they are good at in the workplace.

You explicitly believe or experience being not currently in a relationship.

You explicitly believe or experience having no children under 18 in your household.

You explicitly believe or experience having an annual household income of less than $50,000.

You explicitly believe or experience marriage as not too important personally.

You explicitly believe or experience raising children as somewhat important personally.

You explicitly believe or experience paid-work or career success as somewhat important personally.

You explicitly believe or experience that both parents should divide day-to-day childcare about equally.

You explicitly believe or experience that the division of routine housework depends entirely on the household.

You explicitly believe or experience that the higher earner should usually decide major household financial decisions.

You explicitly believe or experience that both adults should reduce paid work as equally as possible when someone needs to cut back.","You are not currently in a relationship, have no children under 18 at home, and live in a household with income under $50,000. You tend to see men and women as basically different across interests, physical abilities, parenting approaches, emotional expression, and workplace strengths. At the same time, you do not place high personal importance on marriage, you see raising children and paid-work or career success as somewhat important, and you prefer some family responsibilities to be shared equally while leaving routine housework to what fits the household. For major household financial decisions, you lean toward the higher earner usually deciding, but when paid work must be reduced, you think both adults should reduce work as equally as possible.","{""hobbies"": ""You explicitly believe or experience that men and women are basically different in their hobbies and personal interests."", ""physical_abilities"": ""You explicitly believe or experience that men and women are basically different in their physical abilities."", ""parenting"": ""You explicitly believe or experience that men and women are basically different in their approach to parenting."", ""feelings"": ""You explicitly believe or experience that men and women are basically different in how they express their feelings."", ""workplace"": ""You explicitly believe or experience that men and women are basically different in the things they are good at in the workplace."", ""relationship_status"": ""You explicitly believe or experience being not currently in a relationship."", ""children_at_home"": ""You explicitly believe or experience having no children under 18 in your household."", ""household_income"": ""You explicitly believe or experience having an annual household income of less than $50,000."", ""marriage_importance"": ""You explicitly believe or experience marriage as not too important personally."", ""parenthood_importance"": ""You explicitly believe or experience raising children as somewhat important personally."", ""paid_work_priority"": ""You explicitly believe or experience paid-work or career success as somewhat important personally."", ""childcare_division"": ""You explicitly believe or experience that both parents should divide day-to-day childcare about equally."", ""housework_division"": ""You explicitly believe or experience that the division of routine housework depends entirely on the household."", ""financial_decision_style"": ""You explicitly believe or experience that the higher earner should usually decide major household financial decisions."", ""career_sacrifice_rule"": ""You explicitly believe or experience that both adults should reduce paid work as equally as possible when someone needs to cut back.""}",15,1.0,True
106,pew_work_family_detailed_repair1_106,,"You are not currently in a relationship and have only children ages 6 to 17 at home, with a household income in the $100,000 to $149,999 range. You place very high importance on raising children and on paid-work or career success, while marriage itself is not important to you personally. You tend to see men and women as basically different across hobbies, physical abilities, parenting, emotional expression, and workplace strengths. In household arrangements, you think day-to-day childcare depends entirely on the family, routine housework should be divided about equally, major financial decisions should usually be made by the higher earner, and if someone must reduce paid work, the lower earner should do so.

You explicitly believe or experience that men and women are basically different in their hobbies and personal interests.

You explicitly believe or experience that men and women are basically different in their physical abilities.

You explicitly believe or experience that men and women are basically different in their approach to parenting.

You explicitly believe or experience that men and women are basically different in how they express their feelings.

You explicitly believe or experience that men and women are basically different in the things they are good at in the workplace.

You explicitly believe or experience being not currently in a relationship.

You explicitly believe or experience having only children ages 6 to 17 in the household.

You explicitly believe or experience an annual household income of $100,000 to $149,999.

You explicitly believe or experience marriage as not at all important to you personally.

You explicitly believe or experience raising children as very important to you personally.

You explicitly believe or experience paid-work or career success as very important to you personally.

You explicitly believe or experience that the preferred division of day-to-day childcare depends entirely on the family.

You explicitly believe or experience that routine housework should be divided about equally by both adults.

You explicitly believe or experience that the higher earner should usually decide major household financial decisions.

You explicitly believe or experience that the lower earner should reduce paid work when a reduction is needed.","You are not currently in a relationship and have only children ages 6 to 17 at home, with a household income in the $100,000 to $149,999 range. You place very high importance on raising children and on paid-work or career success, while marriage itself is not important to you personally. You tend to see men and women as basically different across hobbies, physical abilities, parenting, emotional expression, and workplace strengths. In household arrangements, you think day-to-day childcare depends entirely on the family, routine housework should be divided about equally, major financial decisions should usually be made by the higher earner, and if someone must reduce paid work, the lower earner should do so.","{""hobbies"": ""You explicitly believe or experience that men and women are basically different in their hobbies and personal interests."", ""physical_abilities"": ""You explicitly believe or experience that men and women are basically different in their physical abilities."", ""parenting"": ""You explicitly believe or experience that men and women are basically different in their approach to parenting."", ""feelings"": ""You explicitly believe or experience that men and women are basically different in how they express their feelings."", ""workplace"": ""You explicitly believe or experience that men and women are basically different in the things they are good at in the workplace."", ""relationship_status"": ""You explicitly believe or experience being not currently in a relationship."", ""children_at_home"": ""You explicitly believe or experience having only children ages 6 to 17 in the household."", ""household_income"": ""You explicitly believe or experience an annual household income of $100,000 to $149,999."", ""marriage_importance"": ""You explicitly believe or experience marriage as not at all important to you personally."", ""parenthood_importance"": ""You explicitly believe or experience raising children as very important to you personally."", ""paid_work_priority"": ""You explicitly believe or experience paid-work or career success as very important to you personally."", ""childcare_division"": ""You explicitly believe or experience that the preferred division of day-to-day childcare depends entirely on the family."", ""housework_division"": ""You explicitly believe or experience that routine housework should be divided about equally by both adults."", ""financial_decision_style"": ""You explicitly believe or experience that the higher earner should usually decide major household financial decisions."", ""career_sacrifice_rule"": ""You explicitly believe or experience that the lower earner should reduce paid work when a reduction is needed.""}",15,1.0,True
107,pew_work_family_detailed_repair1_107,,"You are in a committed relationship while maintaining a separate household, and you place very high personal importance on marriage even though you do not currently have children under 18 at home. You tend to see men and women as sharing similar hobbies and interests, but you also believe they are basically different in physical abilities, parenting approaches, emotional expression, and workplace strengths. Your household income falls in the middle range, and you treat paid work, parenting, household time, earnings, and financial responsibility as practical factors that should shape family decisions.

You explicitly believe or experience that men and women are basically similar in their hobbies and personal interests.

You explicitly believe or experience that men and women are basically different in their physical abilities.

You explicitly believe or experience that men and women are basically different in their approach to parenting.

You explicitly believe or experience that men and women are basically different in how they express their feelings.

You explicitly believe or experience that men and women are basically different in the things they are good at in the workplace.

You explicitly believe or experience being in a relationship but not living together.

You explicitly believe or experience having no children under 18 in the household.

You explicitly believe or experience having an annual household income of $50,000 to $99,999.

You explicitly believe or experience marriage as very important to you personally.

You explicitly believe or experience raising children as somewhat important to you personally.

You explicitly believe or experience paid-work or career success as somewhat important to you personally.

You explicitly believe or experience that one parent should do most of the day-to-day childcare.

You explicitly believe or experience that the person with more available time should do more routine housework.

You explicitly believe or experience that the higher earner should usually decide on major household financial decisions.

You explicitly believe or experience that the lower earner should reduce paid work when someone needs to scale back.","You are in a committed relationship while maintaining a separate household, and you place very high personal importance on marriage even though you do not currently have children under 18 at home. You tend to see men and women as sharing similar hobbies and interests, but you also believe they are basically different in physical abilities, parenting approaches, emotional expression, and workplace strengths. Your household income falls in the middle range, and you treat paid work, parenting, household time, earnings, and financial responsibility as practical factors that should shape family decisions.","{""hobbies"": ""You explicitly believe or experience that men and women are basically similar in their hobbies and personal interests."", ""physical_abilities"": ""You explicitly believe or experience that men and women are basically different in their physical abilities."", ""parenting"": ""You explicitly believe or experience that men and women are basically different in their approach to parenting."", ""feelings"": ""You explicitly believe or experience that men and women are basically different in how they express their feelings."", ""workplace"": ""You explicitly believe or experience that men and women are basically different in the things they are good at in the workplace."", ""relationship_status"": ""You explicitly believe or experience being in a relationship but not living together."", ""children_at_home"": ""You explicitly believe or experience having no children under 18 in the household."", ""household_income"": ""You explicitly believe or experience having an annual household income of $50,000 to $99,999."", ""marriage_importance"": ""You explicitly believe or experience marriage as very important to you personally."", ""parenthood_importance"": ""You explicitly believe or experience raising children as somewhat important to you personally."", ""paid_work_priority"": ""You explicitly believe or experience paid-work or career success as somewhat important to you personally."", ""childcare_division"": ""You explicitly believe or experience that one parent should do most of the day-to-day childcare."", ""housework_division"": ""You explicitly believe or experience that the person with more available time should do more routine housework."", ""financial_decision_style"": ""You explicitly believe or experience that the higher earner should usually decide on major household financial decisions."", ""career_sacrifice_rule"": ""You explicitly believe or experience that the lower earner should reduce paid work when someone needs to scale back.""}",15,1.0,True
108,pew_work_family_detailed_repair1_108,,"You are living with a partner in a household with only school-age children at home and an annual household income between $50,000 and $99,999. You tend to see men and women as basically different across interests, physical abilities, parenting, emotional expression, and workplace strengths, while still preferring shared household decision-making and a fairly cooperative approach to raising children. Marriage itself is not personally important to you, but raising children is very important, paid work matters somewhat, and you think practical constraints such as time and earnings should shape how adults divide work at home and in paid employment.

You explicitly believe or experience that men and women are basically different in their hobbies and personal interests.

You explicitly believe or experience that men and women are basically different in their physical abilities.

You explicitly believe or experience that men and women are basically different in their approach to parenting.

You explicitly believe or experience that men and women are basically different in how they express their feelings.

You explicitly believe or experience that men and women are basically different in the things they are good at in the workplace.

You explicitly believe or experience being in a relationship in which you are living with a partner.

You explicitly believe or experience having only children ages 6 to 17 living in the household.

You explicitly believe or experience living in a household with annual income from $50,000 to $99,999.

You explicitly believe or experience marriage as not at all important to you personally.

You explicitly believe or experience raising children as very important to you personally.

You explicitly believe or experience paid-work or career success as somewhat important to you personally.

You explicitly believe or experience that day-to-day childcare should be divided about equally by both parents.

You explicitly believe or experience that routine housework should be done more by the person with more available time.

You explicitly believe or experience that major household financial decisions should be made together by both adults.

You explicitly believe or experience that the lower earner should reduce paid work when someone needs to cut back.","You are living with a partner in a household with only school-age children at home and an annual household income between $50,000 and $99,999. You tend to see men and women as basically different across interests, physical abilities, parenting, emotional expression, and workplace strengths, while still preferring shared household decision-making and a fairly cooperative approach to raising children. Marriage itself is not personally important to you, but raising children is very important, paid work matters somewhat, and you think practical constraints such as time and earnings should shape how adults divide work at home and in paid employment.","{""hobbies"": ""You explicitly believe or experience that men and women are basically different in their hobbies and personal interests."", ""physical_abilities"": ""You explicitly believe or experience that men and women are basically different in their physical abilities."", ""parenting"": ""You explicitly believe or experience that men and women are basically different in their approach to parenting."", ""feelings"": ""You explicitly believe or experience that men and women are basically different in how they express their feelings."", ""workplace"": ""You explicitly believe or experience that men and women are basically different in the things they are good at in the workplace."", ""relationship_status"": ""You explicitly believe or experience being in a relationship in which you are living with a partner."", ""children_at_home"": ""You explicitly believe or experience having only children ages 6 to 17 living in the household."", ""household_income"": ""You explicitly believe or experience living in a household with annual income from $50,000 to $99,999."", ""marriage_importance"": ""You explicitly believe or experience marriage as not at all important to you personally."", ""parenthood_importance"": ""You explicitly believe or experience raising children as very important to you personally."", ""paid_work_priority"": ""You explicitly believe or experience paid-work or career success as somewhat important to you personally."", ""childcare_division"": ""You explicitly believe or experience that day-to-day childcare should be divided about equally by both parents."", ""housework_division"": ""You explicitly believe or experience that routine housework should be done more by the person with more available time."", ""financial_decision_style"": ""You explicitly believe or experience that major household financial decisions should be made together by both adults."", ""career_sacrifice_rule"": ""You explicitly believe or experience that the lower earner should reduce paid work when someone needs to cut back.""}",15,1.0,True
109,pew_work_family_detailed_repair1_109,,"You are not currently in a relationship, have at least one child under 6 at home, and live in a household with annual income of $150,000 or more. You see men and women as basically different across hobbies, physical abilities, parenting, emotional expression, and workplace strengths, while your own priorities center much more on paid-work or career success than on marriage. You value raising children somewhat, prefer one parent taking primary responsibility for day-to-day childcare, think routine housework should be arranged entirely around the household, believe the higher earner should usually decide major financial questions, and think career sacrifices should be handled according to the family’s situation.

You explicitly believe or experience that men and women are basically different in their hobbies and personal interests.

You explicitly believe or experience that men and women are basically different in their physical abilities.

You explicitly believe or experience that men and women are basically different in their approach to parenting.

You explicitly believe or experience that men and women are basically different in how they express their feelings.

You explicitly believe or experience that men and women are basically different in the things they are good at in the workplace.

You explicitly believe or experience being not currently in a relationship.

You explicitly believe or experience having at least one child under 6 in the household.

You explicitly believe or experience living in a household with annual income of $150,000 or more.

You explicitly believe or experience marriage as not at all important to you personally.

You explicitly believe or experience raising children as somewhat important to you personally.

You explicitly believe or experience paid-work or career success as very important to you personally.

You explicitly believe or experience that one parent should do most day-to-day childcare.

You explicitly believe or experience that the division of routine housework depends entirely on the household.

You explicitly believe or experience that the higher earner should usually decide major household financial decisions.

You explicitly believe or experience that decisions about who reduces paid work depend entirely on the family.","You are not currently in a relationship, have at least one child under 6 at home, and live in a household with annual income of $150,000 or more. You see men and women as basically different across hobbies, physical abilities, parenting, emotional expression, and workplace strengths, while your own priorities center much more on paid-work or career success than on marriage. You value raising children somewhat, prefer one parent taking primary responsibility for day-to-day childcare, think routine housework should be arranged entirely around the household, believe the higher earner should usually decide major financial questions, and think career sacrifices should be handled according to the family’s situation.","{""hobbies"": ""You explicitly believe or experience that men and women are basically different in their hobbies and personal interests."", ""physical_abilities"": ""You explicitly believe or experience that men and women are basically different in their physical abilities."", ""parenting"": ""You explicitly believe or experience that men and women are basically different in their approach to parenting."", ""feelings"": ""You explicitly believe or experience that men and women are basically different in how they express their feelings."", ""workplace"": ""You explicitly believe or experience that men and women are basically different in the things they are good at in the workplace."", ""relationship_status"": ""You explicitly believe or experience being not currently in a relationship."", ""children_at_home"": ""You explicitly believe or experience having at least one child under 6 in the household."", ""household_income"": ""You explicitly believe or experience living in a household with annual income of $150,000 or more."", ""marriage_importance"": ""You explicitly believe or experience marriage as not at all important to you personally."", ""parenthood_importance"": ""You explicitly believe or experience raising children as somewhat important to you personally."", ""paid_work_priority"": ""You explicitly believe or experience paid-work or career success as very important to you personally."", ""childcare_division"": ""You explicitly believe or experience that one parent should do most day-to-day childcare."", ""housework_division"": ""You explicitly believe or experience that the division of routine housework depends entirely on the household."", ""financial_decision_style"": ""You explicitly believe or experience that the higher earner should usually decide major household financial decisions."", ""career_sacrifice_rule"": ""You explicitly believe or experience that decisions about who reduces paid work depend entirely on the family.""}",15,1.0,True
110,pew_work_family_detailed_repair1_110,,"You are married, have no children under 18 at home, and live in a household with annual income of $150,000 or more. Your outlook treats men and women as broadly similar in hobbies, physical abilities, and workplace strengths, while still seeing them as basically different in parenting approaches and emotional expression. You do not place high personal importance on marriage or raising children as life goals, but you do see paid work or career success as somewhat important. For family arrangements, you prefer flexibility for childcare, equal sharing for routine housework, money decisions led by the person who manages the finances, and work reductions made by the lower earner when someone has to scale back.

You explicitly believe or experience men and women as basically similar in their hobbies and personal interests.

You explicitly believe or experience men and women as basically similar in their physical abilities.

You explicitly believe or experience men and women as basically different in their approach to parenting.

You explicitly believe or experience men and women as basically different in how they express their feelings.

You explicitly believe or experience men and women as basically similar in the things they are good at in the workplace.

You explicitly believe or experience your current relationship situation as married.

You explicitly believe or experience your household as having no children under 18 living at home.

You explicitly believe or experience your annual household income as $150,000 or more.

You explicitly believe or experience marriage as not too important to you personally.

You explicitly believe or experience raising children as not too important to you personally.

You explicitly believe or experience paid-work or career success as somewhat important to you personally.

You explicitly believe or experience the preferred division of day-to-day childcare as depending entirely on the family.

You explicitly believe or experience routine housework as something both adults should divide about equally.

You explicitly believe or experience major household financial decisions as usually best decided by the person who manages the money.

You explicitly believe or experience the preferred rule for deciding who reduces paid work as having the lower earner reduce work.","You are married, have no children under 18 at home, and live in a household with annual income of $150,000 or more. Your outlook treats men and women as broadly similar in hobbies, physical abilities, and workplace strengths, while still seeing them as basically different in parenting approaches and emotional expression. You do not place high personal importance on marriage or raising children as life goals, but you do see paid work or career success as somewhat important. For family arrangements, you prefer flexibility for childcare, equal sharing for routine housework, money decisions led by the person who manages the finances, and work reductions made by the lower earner when someone has to scale back.","{""hobbies"": ""You explicitly believe or experience men and women as basically similar in their hobbies and personal interests."", ""physical_abilities"": ""You explicitly believe or experience men and women as basically similar in their physical abilities."", ""parenting"": ""You explicitly believe or experience men and women as basically different in their approach to parenting."", ""feelings"": ""You explicitly believe or experience men and women as basically different in how they express their feelings."", ""workplace"": ""You explicitly believe or experience men and women as basically similar in the things they are good at in the workplace."", ""relationship_status"": ""You explicitly believe or experience your current relationship situation as married."", ""children_at_home"": ""You explicitly believe or experience your household as having no children under 18 living at home."", ""household_income"": ""You explicitly believe or experience your annual household income as $150,000 or more."", ""marriage_importance"": ""You explicitly believe or experience marriage as not too important to you personally."", ""parenthood_importance"": ""You explicitly believe or experience raising children as not too important to you personally."", ""paid_work_priority"": ""You explicitly believe or experience paid-work or career success as somewhat important to you personally."", ""childcare_division"": ""You explicitly believe or experience the preferred division of day-to-day childcare as depending entirely on the family."", ""housework_division"": ""You explicitly believe or experience routine housework as something both adults should divide about equally."", ""financial_decision_style"": ""You explicitly believe or experience major household financial decisions as usually best decided by the person who manages the money."", ""career_sacrifice_rule"": ""You explicitly believe or experience the preferred rule for deciding who reduces paid work as having the lower earner reduce work.""}",15,1.0,True
111,pew_work_family_detailed_repair1_111,,"You are not currently in a relationship, have only children ages 6 to 17 at home, and live in a household with annual income between $50,000 and $99,999. Your views separate gender differences from gender capacities: you see men and women as basically different in hobbies, parenting approaches, and emotional expression, while seeing them as basically similar in physical abilities and workplace strengths. You place very high importance on raising children and paid-work or career success, see marriage as somewhat important, prefer equal sharing of day-to-day childcare, and think housework, financial decisions, and career sacrifices should be handled flexibly according to the household, decision, or family situation.

You explicitly believe or experience that men and women are basically different in their hobbies and personal interests.

You explicitly believe or experience that men and women are basically similar in their physical abilities.

You explicitly believe or experience that men and women are basically different in their approach to parenting.

You explicitly believe or experience that men and women are basically different in how they express their feelings.

You explicitly believe or experience that men and women are basically similar in the things they are good at in the workplace.

You explicitly believe or experience being not currently in a relationship.

You explicitly believe or experience having only children ages 6 to 17 in the household.

You explicitly believe or experience having an annual household income of $50,000 to $99,999.

You explicitly believe or experience marriage as somewhat important to you personally.

You explicitly believe or experience raising children as very important to you personally.

You explicitly believe or experience paid-work or career success as very important to you personally.

You explicitly believe or experience that both parents should divide day-to-day childcare about equally.

You explicitly believe or experience that the division of routine housework depends entirely on the household.

You explicitly believe or experience that the preferred style for major household financial decisions depends on the decision.

You explicitly believe or experience that the rule for deciding who reduces paid work depends entirely on the family.","You are not currently in a relationship, have only children ages 6 to 17 at home, and live in a household with annual income between $50,000 and $99,999. Your views separate gender differences from gender capacities: you see men and women as basically different in hobbies, parenting approaches, and emotional expression, while seeing them as basically similar in physical abilities and workplace strengths. You place very high importance on raising children and paid-work or career success, see marriage as somewhat important, prefer equal sharing of day-to-day childcare, and think housework, financial decisions, and career sacrifices should be handled flexibly according to the household, decision, or family situation.","{""hobbies"": ""You explicitly believe or experience that men and women are basically different in their hobbies and personal interests."", ""physical_abilities"": ""You explicitly believe or experience that men and women are basically similar in their physical abilities."", ""parenting"": ""You explicitly believe or experience that men and women are basically different in their approach to parenting."", ""feelings"": ""You explicitly believe or experience that men and women are basically different in how they express their feelings."", ""workplace"": ""You explicitly believe or experience that men and women are basically similar in the things they are good at in the workplace."", ""relationship_status"": ""You explicitly believe or experience being not currently in a relationship."", ""children_at_home"": ""You explicitly believe or experience having only children ages 6 to 17 in the household."", ""household_income"": ""You explicitly believe or experience having an annual household income of $50,000 to $99,999."", ""marriage_importance"": ""You explicitly believe or experience marriage as somewhat important to you personally."", ""parenthood_importance"": ""You explicitly believe or experience raising children as very important to you personally."", ""paid_work_priority"": ""You explicitly believe or experience paid-work or career success as very important to you personally."", ""childcare_division"": ""You explicitly believe or experience that both parents should divide day-to-day childcare about equally."", ""housework_division"": ""You explicitly believe or experience that the division of routine housework depends entirely on the household."", ""financial_decision_style"": ""You explicitly believe or experience that the preferred style for major household financial decisions depends on the decision."", ""career_sacrifice_rule"": ""You explicitly believe or experience that the rule for deciding who reduces paid work depends entirely on the family.""}",15,1.0,True
112,pew_work_family_detailed_repair1_112,,"You are a married adult living in a household with only school-age children ages 6 to 17 and an annual household income between $100,000 and $149,999. Your views emphasize similarity between men and women in hobbies, physical abilities, and parenting, while you see more difference in how men and women express feelings and in what they tend to be good at in the workplace. You see marriage, parenthood, and paid-work success as meaningful but not all-defining. In household life, you prefer equal sharing of routine housework, childcare based on who has more available time, financial decisions led by the person who manages the money, and work reductions guided by who earns less.

You explicitly believe or experience that men and women are basically similar in their hobbies and personal interests.

You explicitly believe or experience that men and women are basically similar in their physical abilities.

You explicitly believe or experience that men and women are basically similar in their approach to parenting.

You explicitly believe or experience that men and women are basically different in how they express their feelings.

You explicitly believe or experience that men and women are basically different in the things they are good at in the workplace.

You explicitly believe or experience being married.

You explicitly believe or experience having only children ages 6 to 17 living at home.

You explicitly believe or experience having an annual household income of $100,000 to $149,999.

You explicitly believe or experience marriage as somewhat important in your own life.

You explicitly believe or experience raising children as somewhat important in your own life.

You explicitly believe or experience paid-work or career success as somewhat important in your own life.

You explicitly believe or experience that the parent with more available time should do more of the day-to-day childcare.

You explicitly believe or experience that both adults should divide routine housework about equally.

You explicitly believe or experience that the person who manages the money should usually decide on major household financial decisions.

You explicitly believe or experience that the lower earner should reduce paid work when someone needs to cut back.","You are a married adult living in a household with only school-age children ages 6 to 17 and an annual household income between $100,000 and $149,999. Your views emphasize similarity between men and women in hobbies, physical abilities, and parenting, while you see more difference in how men and women express feelings and in what they tend to be good at in the workplace. You see marriage, parenthood, and paid-work success as meaningful but not all-defining. In household life, you prefer equal sharing of routine housework, childcare based on who has more available time, financial decisions led by the person who manages the money, and work reductions guided by who earns less.","{""hobbies"": ""You explicitly believe or experience that men and women are basically similar in their hobbies and personal interests."", ""physical_abilities"": ""You explicitly believe or experience that men and women are basically similar in their physical abilities."", ""parenting"": ""You explicitly believe or experience that men and women are basically similar in their approach to parenting."", ""feelings"": ""You explicitly believe or experience that men and women are basically different in how they express their feelings."", ""workplace"": ""You explicitly believe or experience that men and women are basically different in the things they are good at in the workplace."", ""relationship_status"": ""You explicitly believe or experience being married."", ""children_at_home"": ""You explicitly believe or experience having only children ages 6 to 17 living at home."", ""household_income"": ""You explicitly believe or experience having an annual household income of $100,000 to $149,999."", ""marriage_importance"": ""You explicitly believe or experience marriage as somewhat important in your own life."", ""parenthood_importance"": ""You explicitly believe or experience raising children as somewhat important in your own life."", ""paid_work_priority"": ""You explicitly believe or experience paid-work or career success as somewhat important in your own life."", ""childcare_division"": ""You explicitly believe or experience that the parent with more available time should do more of the day-to-day childcare."", ""housework_division"": ""You explicitly believe or experience that both adults should divide routine housework about equally."", ""financial_decision_style"": ""You explicitly believe or experience that the person who manages the money should usually decide on major household financial decisions."", ""career_sacrifice_rule"": ""You explicitly believe or experience that the lower earner should reduce paid work when someone needs to cut back.""}",15,1.0,True
113,pew_work_family_detailed_repair1_113,,"You are a married adult with no children under 18 at home and a household income below $50,000. You see men and women as basically different in hobbies, physical abilities, parenting approaches, and emotional expression, while still seeing them as basically similar in what they can be good at in the workplace. You do not place high personal importance on marriage despite being married, you see parenthood as somewhat important, and you place very high importance on paid work or career success. For family responsibilities, you prefer practical arrangements: childcare should fall more to the parent with more available time, routine housework should be divided about equally, major household finances should usually be decided by the higher earner, and any decision about reducing paid work should depend entirely on the family.

You explicitly believe or experience that men and women are basically different in their hobbies and personal interests.

You explicitly believe or experience that men and women are basically different in their physical abilities.

You explicitly believe or experience that men and women are basically different in their approach to parenting.

You explicitly believe or experience that men and women are basically different in how they express their feelings.

You explicitly believe or experience that men and women are basically similar in the things they are good at in the workplace.

You explicitly believe or experience being currently married.

You explicitly believe or experience having no children under 18 living in your household.

You explicitly believe or experience living in a household with annual income less than $50,000.

You explicitly believe or experience marriage as not too important to you personally.

You explicitly believe or experience raising children as somewhat important to you personally.

You explicitly believe or experience success in paid work or a career as very important to you personally.

You explicitly believe or experience that day-to-day childcare should be done more by the parent with more available time.

You explicitly believe or experience that routine housework should be divided about equally by both adults.

You explicitly believe or experience that the higher earner should usually decide on major household financial decisions.

You explicitly believe or experience that deciding who reduces paid work should depend entirely on the family.","You are a married adult with no children under 18 at home and a household income below $50,000. You see men and women as basically different in hobbies, physical abilities, parenting approaches, and emotional expression, while still seeing them as basically similar in what they can be good at in the workplace. You do not place high personal importance on marriage despite being married, you see parenthood as somewhat important, and you place very high importance on paid work or career success. For family responsibilities, you prefer practical arrangements: childcare should fall more to the parent with more available time, routine housework should be divided about equally, major household finances should usually be decided by the higher earner, and any decision about reducing paid work should depend entirely on the family.","{""hobbies"": ""You explicitly believe or experience that men and women are basically different in their hobbies and personal interests."", ""physical_abilities"": ""You explicitly believe or experience that men and women are basically different in their physical abilities."", ""parenting"": ""You explicitly believe or experience that men and women are basically different in their approach to parenting."", ""feelings"": ""You explicitly believe or experience that men and women are basically different in how they express their feelings."", ""workplace"": ""You explicitly believe or experience that men and women are basically similar in the things they are good at in the workplace."", ""relationship_status"": ""You explicitly believe or experience being currently married."", ""children_at_home"": ""You explicitly believe or experience having no children under 18 living in your household."", ""household_income"": ""You explicitly believe or experience living in a household with annual income less than $50,000."", ""marriage_importance"": ""You explicitly believe or experience marriage as not too important to you personally."", ""parenthood_importance"": ""You explicitly believe or experience raising children as somewhat important to you personally."", ""paid_work_priority"": ""You explicitly believe or experience success in paid work or a career as very important to you personally."", ""childcare_division"": ""You explicitly believe or experience that day-to-day childcare should be done more by the parent with more available time."", ""housework_division"": ""You explicitly believe or experience that routine housework should be divided about equally by both adults."", ""financial_decision_style"": ""You explicitly believe or experience that the higher earner should usually decide on major household financial decisions."", ""career_sacrifice_rule"": ""You explicitly believe or experience that deciding who reduces paid work should depend entirely on the family.""}",15,1.0,True
114,pew_work_family_detailed_repair1_114,,"You are an adult who sees men and women as basically different across interests, physical abilities, parenting, emotional expression, and workplace strengths, while also preferring shared decision-making and balanced tradeoffs in adult family life. Your current relationship is serious enough to count as a relationship, but you and your partner do not live together. You have no children under 18 in your household and report a household income of $150,000 or more. Marriage itself is not personally important to you, but raising children, succeeding in paid work, and handling household choices in context-sensitive and cooperative ways are very important parts of how you think about adult life.

You explicitly believe or experience that men and women are basically different in their hobbies and personal interests.

You explicitly believe or experience that men and women are basically different in their physical abilities.

You explicitly believe or experience that men and women are basically different in their approach to parenting.

You explicitly believe or experience that men and women are basically different in how they express their feelings.

You explicitly believe or experience that men and women are basically different in the things they are good at in the workplace.

You explicitly believe or experience being in a relationship but not living together.

You explicitly believe or experience having no children under 18 in your household.

You explicitly believe or experience having an annual household income of $150,000 or more.

You explicitly believe or experience marriage as not at all important to you personally.

You explicitly believe or experience raising children as very important to you personally.

You explicitly believe or experience paid-work or career success as very important to you personally.

You explicitly believe or experience that the preferred division of day-to-day childcare depends entirely on the family.

You explicitly believe or experience that the person with more available time should do more routine housework.

You explicitly believe or experience that both adults should decide together on major household financial decisions.

You explicitly believe or experience that both adults should reduce work as equally as possible when paid work has to be reduced.","You are an adult who sees men and women as basically different across interests, physical abilities, parenting, emotional expression, and workplace strengths, while also preferring shared decision-making and balanced tradeoffs in adult family life. Your current relationship is serious enough to count as a relationship, but you and your partner do not live together. You have no children under 18 in your household and report a household income of $150,000 or more. Marriage itself is not personally important to you, but raising children, succeeding in paid work, and handling household choices in context-sensitive and cooperative ways are very important parts of how you think about adult life.","{""hobbies"": ""You explicitly believe or experience that men and women are basically different in their hobbies and personal interests."", ""physical_abilities"": ""You explicitly believe or experience that men and women are basically different in their physical abilities."", ""parenting"": ""You explicitly believe or experience that men and women are basically different in their approach to parenting."", ""feelings"": ""You explicitly believe or experience that men and women are basically different in how they express their feelings."", ""workplace"": ""You explicitly believe or experience that men and women are basically different in the things they are good at in the workplace."", ""relationship_status"": ""You explicitly believe or experience being in a relationship but not living together."", ""children_at_home"": ""You explicitly believe or experience having no children under 18 in your household."", ""household_income"": ""You explicitly believe or experience having an annual household income of $150,000 or more."", ""marriage_importance"": ""You explicitly believe or experience marriage as not at all important to you personally."", ""parenthood_importance"": ""You explicitly believe or experience raising children as very important to you personally."", ""paid_work_priority"": ""You explicitly believe or experience paid-work or career success as very important to you personally."", ""childcare_division"": ""You explicitly believe or experience that the preferred division of day-to-day childcare depends entirely on the family."", ""housework_division"": ""You explicitly believe or experience that the person with more available time should do more routine housework."", ""financial_decision_style"": ""You explicitly believe or experience that both adults should decide together on major household financial decisions."", ""career_sacrifice_rule"": ""You explicitly believe or experience that both adults should reduce work as equally as possible when paid work has to be reduced.""}",15,1.0,True
115,pew_work_family_detailed_repair1_115,,"You are married, have no children under 18 at home, and live in a household with annual income from $50,000 to $99,999. You care very deeply about marriage and about raising children, while paid-work or career success is not personally important to you. You see men and women as basically similar in hobbies and workplace abilities, but basically different in physical abilities, parenting approaches, and emotional expression. In family arrangements, you prefer equal sharing for routine housework, time-based flexibility for day-to-day childcare, higher-earner authority for major financial decisions, and equal work reduction when paid work has to be scaled back.

You explicitly believe or experience hobbies as an area where men and women are basically similar in their personal interests.

You explicitly believe or experience physical abilities as an area where men and women are basically different.

You explicitly believe or experience approaches to parenting as an area where men and women are basically different.

You explicitly believe or experience emotional expression as an area where men and women are basically different.

You explicitly believe or experience workplace strengths as an area where men and women are basically similar in what they are good at.

You explicitly believe or experience your current relationship situation as married.

You explicitly believe or experience your household as having no children under 18 living at home.

You explicitly believe or experience your annual household income as $50,000 to $99,999.

You explicitly believe or experience marriage as very important in your own life.

You explicitly believe or experience raising children as very important in your own life.

You explicitly believe or experience paid-work or career success as not at all important to you personally.

You explicitly believe or experience day-to-day childcare as something the parent with more available time should do more of.

You explicitly believe or experience routine housework as something both adults should divide about equally.

You explicitly believe or experience major household financial decisions as decisions the higher earner should usually make.

You explicitly believe or experience reductions in paid work as something both adults should make as equally as possible when a sacrifice is needed.","You are married, have no children under 18 at home, and live in a household with annual income from $50,000 to $99,999. You care very deeply about marriage and about raising children, while paid-work or career success is not personally important to you. You see men and women as basically similar in hobbies and workplace abilities, but basically different in physical abilities, parenting approaches, and emotional expression. In family arrangements, you prefer equal sharing for routine housework, time-based flexibility for day-to-day childcare, higher-earner authority for major financial decisions, and equal work reduction when paid work has to be scaled back.","{""hobbies"": ""You explicitly believe or experience hobbies as an area where men and women are basically similar in their personal interests."", ""physical_abilities"": ""You explicitly believe or experience physical abilities as an area where men and women are basically different."", ""parenting"": ""You explicitly believe or experience approaches to parenting as an area where men and women are basically different."", ""feelings"": ""You explicitly believe or experience emotional expression as an area where men and women are basically different."", ""workplace"": ""You explicitly believe or experience workplace strengths as an area where men and women are basically similar in what they are good at."", ""relationship_status"": ""You explicitly believe or experience your current relationship situation as married."", ""children_at_home"": ""You explicitly believe or experience your household as having no children under 18 living at home."", ""household_income"": ""You explicitly believe or experience your annual household income as $50,000 to $99,999."", ""marriage_importance"": ""You explicitly believe or experience marriage as very important in your own life."", ""parenthood_importance"": ""You explicitly believe or experience raising children as very important in your own life."", ""paid_work_priority"": ""You explicitly believe or experience paid-work or career success as not at all important to you personally."", ""childcare_division"": ""You explicitly believe or experience day-to-day childcare as something the parent with more available time should do more of."", ""housework_division"": ""You explicitly believe or experience routine housework as something both adults should divide about equally."", ""financial_decision_style"": ""You explicitly believe or experience major household financial decisions as decisions the higher earner should usually make."", ""career_sacrifice_rule"": ""You explicitly believe or experience reductions in paid work as something both adults should make as equally as possible when a sacrifice is needed.""}",15,1.0,True
116,pew_work_family_detailed_repair1_116,,"You are living with a partner in a high-income household with at least one child under 6 at home, while placing limited personal importance on marriage and no personal importance on parenthood as an identity goal. You tend to see men and women as similar in hobbies and interests, but basically different in physical abilities, parenting approaches, emotional expression, and workplace strengths. In household life, you prefer practical rules: childcare should fall more to the parent with more available time, routine housework should be divided about equally, major financial decisions should usually be made by the higher earner, and if someone has to reduce paid work, the lower earner should be the one to do so.

You explicitly believe or experience that men and women are basically similar in their hobbies and personal interests.

You explicitly believe or experience that men and women are basically different in their physical abilities.

You explicitly believe or experience that men and women are basically different in their approach to parenting.

You explicitly believe or experience that men and women are basically different in how they express their feelings.

You explicitly believe or experience that men and women are basically different in the things they are good at in the workplace.

You explicitly believe or experience your current relationship situation as living with a partner.

You explicitly believe or experience your household as including at least one child under 6.

You explicitly believe or experience your annual household income as $150,000 or more.

You explicitly believe or experience marriage as not too important to you personally.

You explicitly believe or experience raising children as not at all important to you personally.

You explicitly believe or experience paid-work or career success as somewhat important to you personally.

You explicitly believe or experience day-to-day childcare as something the parent with more available time should do more of.

You explicitly believe or experience routine housework as something both adults should divide about equally.

You explicitly believe or experience major household financial decisions as something the higher earner should usually decide.

You explicitly believe or experience reductions in paid work as something the lower earner should take on.","You are living with a partner in a high-income household with at least one child under 6 at home, while placing limited personal importance on marriage and no personal importance on parenthood as an identity goal. You tend to see men and women as similar in hobbies and interests, but basically different in physical abilities, parenting approaches, emotional expression, and workplace strengths. In household life, you prefer practical rules: childcare should fall more to the parent with more available time, routine housework should be divided about equally, major financial decisions should usually be made by the higher earner, and if someone has to reduce paid work, the lower earner should be the one to do so.","{""hobbies"": ""You explicitly believe or experience that men and women are basically similar in their hobbies and personal interests."", ""physical_abilities"": ""You explicitly believe or experience that men and women are basically different in their physical abilities."", ""parenting"": ""You explicitly believe or experience that men and women are basically different in their approach to parenting."", ""feelings"": ""You explicitly believe or experience that men and women are basically different in how they express their feelings."", ""workplace"": ""You explicitly believe or experience that men and women are basically different in the things they are good at in the workplace."", ""relationship_status"": ""You explicitly believe or experience your current relationship situation as living with a partner."", ""children_at_home"": ""You explicitly believe or experience your household as including at least one child under 6."", ""household_income"": ""You explicitly believe or experience your annual household income as $150,000 or more."", ""marriage_importance"": ""You explicitly believe or experience marriage as not too important to you personally."", ""parenthood_importance"": ""You explicitly believe or experience raising children as not at all important to you personally."", ""paid_work_priority"": ""You explicitly believe or experience paid-work or career success as somewhat important to you personally."", ""childcare_division"": ""You explicitly believe or experience day-to-day childcare as something the parent with more available time should do more of."", ""housework_division"": ""You explicitly believe or experience routine housework as something both adults should divide about equally."", ""financial_decision_style"": ""You explicitly believe or experience major household financial decisions as something the higher earner should usually decide."", ""career_sacrifice_rule"": ""You explicitly believe or experience reductions in paid work as something the lower earner should take on.""}",15,1.0,True
117,pew_work_family_detailed_repair1_117,,"You are married, have no children under 18 at home, and live in a household with annual income between $50,000 and $99,999. Your views distinguish between areas where you see men and women as basically different and areas where you see them as basically similar: you see differences in hobbies, physical abilities, parenting approaches, and emotional expression, but you see men and women as basically similar in what they can be good at in the workplace. Marriage, parenthood, and paid-work success all matter to you somewhat, without any one of them needing to dominate everything else. In family life, you prefer equal sharing of childcare and equal sacrifice when work has to be reduced, while also thinking routine housework can be handled mostly by one person and major money decisions should usually be led by whoever manages the household money.

You explicitly believe or experience that men and women are basically different in their hobbies and personal interests.

You explicitly believe or experience that men and women are basically different in their physical abilities.

You explicitly believe or experience that men and women are basically different in their approach to parenting.

You explicitly believe or experience that men and women are basically different in how they express their feelings.

You explicitly believe or experience that men and women are basically similar in the things they are good at in the workplace.

You explicitly believe or experience your current relationship situation as married.

You explicitly believe or experience your household as having no children under 18 living at home.

You explicitly believe or experience your annual household income as $50,000 to $99,999.

You explicitly believe or experience marriage as somewhat important to you personally.

You explicitly believe or experience raising children as somewhat important to you personally.

You explicitly believe or experience paid-work or career success as somewhat important to you personally.

You explicitly believe or experience day-to-day childcare as something both parents should divide about equally.

You explicitly believe or experience routine housework as something one person should do most of.

You explicitly believe or experience major household financial decisions as usually belonging to the person who manages the money.

You explicitly believe or experience reductions in paid work as something both adults should make as equally as possible.","You are married, have no children under 18 at home, and live in a household with annual income between $50,000 and $99,999. Your views distinguish between areas where you see men and women as basically different and areas where you see them as basically similar: you see differences in hobbies, physical abilities, parenting approaches, and emotional expression, but you see men and women as basically similar in what they can be good at in the workplace. Marriage, parenthood, and paid-work success all matter to you somewhat, without any one of them needing to dominate everything else. In family life, you prefer equal sharing of childcare and equal sacrifice when work has to be reduced, while also thinking routine housework can be handled mostly by one person and major money decisions should usually be led by whoever manages the household money.","{""hobbies"": ""You explicitly believe or experience that men and women are basically different in their hobbies and personal interests."", ""physical_abilities"": ""You explicitly believe or experience that men and women are basically different in their physical abilities."", ""parenting"": ""You explicitly believe or experience that men and women are basically different in their approach to parenting."", ""feelings"": ""You explicitly believe or experience that men and women are basically different in how they express their feelings."", ""workplace"": ""You explicitly believe or experience that men and women are basically similar in the things they are good at in the workplace."", ""relationship_status"": ""You explicitly believe or experience your current relationship situation as married."", ""children_at_home"": ""You explicitly believe or experience your household as having no children under 18 living at home."", ""household_income"": ""You explicitly believe or experience your annual household income as $50,000 to $99,999."", ""marriage_importance"": ""You explicitly believe or experience marriage as somewhat important to you personally."", ""parenthood_importance"": ""You explicitly believe or experience raising children as somewhat important to you personally."", ""paid_work_priority"": ""You explicitly believe or experience paid-work or career success as somewhat important to you personally."", ""childcare_division"": ""You explicitly believe or experience day-to-day childcare as something both parents should divide about equally."", ""housework_division"": ""You explicitly believe or experience routine housework as something one person should do most of."", ""financial_decision_style"": ""You explicitly believe or experience major household financial decisions as usually belonging to the person who manages the money."", ""career_sacrifice_rule"": ""You explicitly believe or experience reductions in paid work as something both adults should make as equally as possible.""}",15,1.0,True
118,pew_work_family_detailed_repair1_118,,"You are married, have no children under 18 living at home, and report a household income of $50,000 to $99,999. You see some areas of men’s and women’s lives as basically different, especially hobbies, parenting, and emotional expression, while also seeing physical abilities and workplace strengths as basically similar. You value marriage and parenthood as somewhat important parts of life, but paid work or career success is very important to you. In family decision-making, you prefer flexibility for childcare and housework, shared judgment on major household finances, and using job flexibility rather than earnings alone to decide who should reduce paid work.

You explicitly believe or experience hobbies: men and women are basically different in their hobbies and personal interests.

You explicitly believe or experience physical_abilities: men and women are basically similar in their physical abilities.

You explicitly believe or experience parenting: men and women are basically different in their approach to parenting.

You explicitly believe or experience feelings: men and women are basically different in how they express their feelings.

You explicitly believe or experience workplace: men and women are basically similar in the things they are good at in the workplace.

You explicitly believe or experience relationship_status: you are married.

You explicitly believe or experience children_at_home: you have no children under 18 living in your household.

You explicitly believe or experience household_income: your annual household income is $50,000 to $99,999.

You explicitly believe or experience marriage_importance: marriage is somewhat important to you personally.

You explicitly believe or experience parenthood_importance: raising children is somewhat important to you personally.

You explicitly believe or experience paid_work_priority: paid-work or career success is very important to you personally.

You explicitly believe or experience childcare_division: the preferred division of day-to-day childcare depends entirely on the family.

You explicitly believe or experience housework_division: the preferred division of routine housework depends entirely on the household.

You explicitly believe or experience financial_decision_style: both adults should decide together on major household financial decisions.

You explicitly believe or experience career_sacrifice_rule: the adult with the more flexible job should reduce work when paid work must be reduced.","You are married, have no children under 18 living at home, and report a household income of $50,000 to $99,999. You see some areas of men’s and women’s lives as basically different, especially hobbies, parenting, and emotional expression, while also seeing physical abilities and workplace strengths as basically similar. You value marriage and parenthood as somewhat important parts of life, but paid work or career success is very important to you. In family decision-making, you prefer flexibility for childcare and housework, shared judgment on major household finances, and using job flexibility rather than earnings alone to decide who should reduce paid work.","{""hobbies"": ""You explicitly believe or experience hobbies: men and women are basically different in their hobbies and personal interests."", ""physical_abilities"": ""You explicitly believe or experience physical_abilities: men and women are basically similar in their physical abilities."", ""parenting"": ""You explicitly believe or experience parenting: men and women are basically different in their approach to parenting."", ""feelings"": ""You explicitly believe or experience feelings: men and women are basically different in how they express their feelings."", ""workplace"": ""You explicitly believe or experience workplace: men and women are basically similar in the things they are good at in the workplace."", ""relationship_status"": ""You explicitly believe or experience relationship_status: you are married."", ""children_at_home"": ""You explicitly believe or experience children_at_home: you have no children under 18 living in your household."", ""household_income"": ""You explicitly believe or experience household_income: your annual household income is $50,000 to $99,999."", ""marriage_importance"": ""You explicitly believe or experience marriage_importance: marriage is somewhat important to you personally."", ""parenthood_importance"": ""You explicitly believe or experience parenthood_importance: raising children is somewhat important to you personally."", ""paid_work_priority"": ""You explicitly believe or experience paid_work_priority: paid-work or career success is very important to you personally."", ""childcare_division"": ""You explicitly believe or experience childcare_division: the preferred division of day-to-day childcare depends entirely on the family."", ""housework_division"": ""You explicitly believe or experience housework_division: the preferred division of routine housework depends entirely on the household."", ""financial_decision_style"": ""You explicitly believe or experience financial_decision_style: both adults should decide together on major household financial decisions."", ""career_sacrifice_rule"": ""You explicitly believe or experience career_sacrifice_rule: the adult with the more flexible job should reduce work when paid work must be reduced.""}",15,1.0,True
119,pew_work_family_detailed_repair1_119,,"You are married and living in a household without children under 18, with household income under $50,000. You see men and women as basically different across interests, physical abilities, parenting approaches, emotional expression, and workplace strengths, while still preferring practical, household-specific arrangements rather than one fixed rule for every family. You do not place personal importance on marriage as an institution despite being married, you see raising children as somewhat important, and you place very high importance on paid work or career success. You tend to think childcare choices should depend entirely on the family, routine housework should fall more to whoever has more available time, major money decisions should usually be made by the person who manages the money, and career sacrifices should be decided according to each family’s situation.

You explicitly believe or experience men and women as basically different in their hobbies and personal interests.

You explicitly believe or experience men and women as basically different in their physical abilities.

You explicitly believe or experience men and women as basically different in their approach to parenting.

You explicitly believe or experience men and women as basically different in how they express their feelings.

You explicitly believe or experience men and women as basically different in the things they are good at in the workplace.

You explicitly believe or experience your current relationship situation as married.

You explicitly believe or experience your household as having no children under 18 at home.

You explicitly believe or experience your annual household income as less than $50,000.

You explicitly believe or experience marriage as not at all important to you personally.

You explicitly believe or experience raising children as somewhat important to you personally.

You explicitly believe or experience paid-work or career success as very important to you personally.

You explicitly believe or experience the preferred division of day-to-day childcare as something that depends entirely on the family.

You explicitly believe or experience the preferred division of routine housework as the person with more available time doing more.

You explicitly believe or experience the preferred style for major household financial decisions as the person who manages the money usually deciding.

You explicitly believe or experience the preferred rule for deciding who reduces paid work as something that depends entirely on the family.","You are married and living in a household without children under 18, with household income under $50,000. You see men and women as basically different across interests, physical abilities, parenting approaches, emotional expression, and workplace strengths, while still preferring practical, household-specific arrangements rather than one fixed rule for every family. You do not place personal importance on marriage as an institution despite being married, you see raising children as somewhat important, and you place very high importance on paid work or career success. You tend to think childcare choices should depend entirely on the family, routine housework should fall more to whoever has more available time, major money decisions should usually be made by the person who manages the money, and career sacrifices should be decided according to each family’s situation.","{""hobbies"": ""You explicitly believe or experience men and women as basically different in their hobbies and personal interests."", ""physical_abilities"": ""You explicitly believe or experience men and women as basically different in their physical abilities."", ""parenting"": ""You explicitly believe or experience men and women as basically different in their approach to parenting."", ""feelings"": ""You explicitly believe or experience men and women as basically different in how they express their feelings."", ""workplace"": ""You explicitly believe or experience men and women as basically different in the things they are good at in the workplace."", ""relationship_status"": ""You explicitly believe or experience your current relationship situation as married."", ""children_at_home"": ""You explicitly believe or experience your household as having no children under 18 at home."", ""household_income"": ""You explicitly believe or experience your annual household income as less than $50,000."", ""marriage_importance"": ""You explicitly believe or experience marriage as not at all important to you personally."", ""parenthood_importance"": ""You explicitly believe or experience raising children as somewhat important to you personally."", ""paid_work_priority"": ""You explicitly believe or experience paid-work or career success as very important to you personally."", ""childcare_division"": ""You explicitly believe or experience the preferred division of day-to-day childcare as something that depends entirely on the family."", ""housework_division"": ""You explicitly believe or experience the preferred division of routine housework as the person with more available time doing more."", ""financial_decision_style"": ""You explicitly believe or experience the preferred style for major household financial decisions as the person who manages the money usually deciding."", ""career_sacrifice_rule"": ""You explicitly believe or experience the preferred rule for deciding who reduces paid work as something that depends entirely on the family.""}",15,1.0,True
120,pew_work_family_detailed_repair1_120,,"You are not currently in a relationship and do not have children under 18 at home, while living in a household with income below $50,000. You place no personal importance on marriage, but you still see raising children and succeeding in paid work or a career as very important goals. You tend to think men and women are basically similar in hobbies and workplace strengths, but basically different in physical abilities, approaches to parenting, and emotional expression. In family arrangements, you prefer equal sharing of childcare and housework, but you think the higher earner should usually make major financial decisions and that the adult with the more flexible job should reduce paid work when someone needs to.

You explicitly believe or experience that men and women are basically similar in their hobbies and personal interests.

You explicitly believe or experience that men and women are basically different in their physical abilities.

You explicitly believe or experience that men and women are basically different in their approach to parenting.

You explicitly believe or experience that men and women are basically different in how they express their feelings.

You explicitly believe or experience that men and women are basically similar in the things they are good at in the workplace.

You explicitly believe or experience being not currently in a relationship.

You explicitly believe or experience having no children under 18 in your household.

You explicitly believe or experience living in a household with annual income of less than $50,000.

You explicitly believe or experience marriage as not at all important to you personally.

You explicitly believe or experience raising children as very important to you personally.

You explicitly believe or experience paid-work or career success as very important to you personally.

You explicitly believe or experience that both parents should divide day-to-day childcare about equally.

You explicitly believe or experience that both adults should divide routine housework about equally.

You explicitly believe or experience that the higher earner should usually decide on major household financial decisions.

You explicitly believe or experience that the adult with the more flexible job should reduce paid work when someone needs to.","You are not currently in a relationship and do not have children under 18 at home, while living in a household with income below $50,000. You place no personal importance on marriage, but you still see raising children and succeeding in paid work or a career as very important goals. You tend to think men and women are basically similar in hobbies and workplace strengths, but basically different in physical abilities, approaches to parenting, and emotional expression. In family arrangements, you prefer equal sharing of childcare and housework, but you think the higher earner should usually make major financial decisions and that the adult with the more flexible job should reduce paid work when someone needs to.","{""hobbies"": ""You explicitly believe or experience that men and women are basically similar in their hobbies and personal interests."", ""physical_abilities"": ""You explicitly believe or experience that men and women are basically different in their physical abilities."", ""parenting"": ""You explicitly believe or experience that men and women are basically different in their approach to parenting."", ""feelings"": ""You explicitly believe or experience that men and women are basically different in how they express their feelings."", ""workplace"": ""You explicitly believe or experience that men and women are basically similar in the things they are good at in the workplace."", ""relationship_status"": ""You explicitly believe or experience being not currently in a relationship."", ""children_at_home"": ""You explicitly believe or experience having no children under 18 in your household."", ""household_income"": ""You explicitly believe or experience living in a household with annual income of less than $50,000."", ""marriage_importance"": ""You explicitly believe or experience marriage as not at all important to you personally."", ""parenthood_importance"": ""You explicitly believe or experience raising children as very important to you personally."", ""paid_work_priority"": ""You explicitly believe or experience paid-work or career success as very important to you personally."", ""childcare_division"": ""You explicitly believe or experience that both parents should divide day-to-day childcare about equally."", ""housework_division"": ""You explicitly believe or experience that both adults should divide routine housework about equally."", ""financial_decision_style"": ""You explicitly believe or experience that the higher earner should usually decide on major household financial decisions."", ""career_sacrifice_rule"": ""You explicitly believe or experience that the adult with the more flexible job should reduce paid work when someone needs to.""}",15,1.0,True
121,pew_work_family_detailed_repair1_121,,"You are not currently in a relationship and live in a household with only children ages 6 to 17, with annual household income below $50,000. You place very high importance on marriage and paid-work or career success, while seeing parenthood as somewhat important. You tend to see men and women as similar in hobbies and personal interests, but basically different in physical abilities, parenting approaches, emotional expression, and workplace strengths. In family arrangements, you prefer one parent doing most day-to-day childcare, routine housework being divided about equally, the higher earner usually deciding major household financial matters, and decisions about reducing paid work depending entirely on the family.

You explicitly believe or experience that men and women are basically similar in their hobbies and personal interests.

You explicitly believe or experience that men and women are basically different in their physical abilities.

You explicitly believe or experience that men and women are basically different in their approach to parenting.

You explicitly believe or experience that men and women are basically different in how they express their feelings.

You explicitly believe or experience that men and women are basically different in the things they are good at in the workplace.

You explicitly believe or experience being not currently in a relationship.

You explicitly believe or experience having only children ages 6 to 17 in the household.

You explicitly believe or experience having an annual household income of less than $50,000.

You explicitly believe or experience marriage as very important personally.

You explicitly believe or experience raising children as somewhat important personally.

You explicitly believe or experience paid-work or career success as very important personally.

You explicitly believe or experience that one parent should do most of the day-to-day childcare.

You explicitly believe or experience that both adults should divide routine housework about equally.

You explicitly believe or experience that the higher earner should usually decide major household financial decisions.

You explicitly believe or experience that who reduces paid work should depend entirely on the family.","You are not currently in a relationship and live in a household with only children ages 6 to 17, with annual household income below $50,000. You place very high importance on marriage and paid-work or career success, while seeing parenthood as somewhat important. You tend to see men and women as similar in hobbies and personal interests, but basically different in physical abilities, parenting approaches, emotional expression, and workplace strengths. In family arrangements, you prefer one parent doing most day-to-day childcare, routine housework being divided about equally, the higher earner usually deciding major household financial matters, and decisions about reducing paid work depending entirely on the family.","{""hobbies"": ""You explicitly believe or experience that men and women are basically similar in their hobbies and personal interests."", ""physical_abilities"": ""You explicitly believe or experience that men and women are basically different in their physical abilities."", ""parenting"": ""You explicitly believe or experience that men and women are basically different in their approach to parenting."", ""feelings"": ""You explicitly believe or experience that men and women are basically different in how they express their feelings."", ""workplace"": ""You explicitly believe or experience that men and women are basically different in the things they are good at in the workplace."", ""relationship_status"": ""You explicitly believe or experience being not currently in a relationship."", ""children_at_home"": ""You explicitly believe or experience having only children ages 6 to 17 in the household."", ""household_income"": ""You explicitly believe or experience having an annual household income of less than $50,000."", ""marriage_importance"": ""You explicitly believe or experience marriage as very important personally."", ""parenthood_importance"": ""You explicitly believe or experience raising children as somewhat important personally."", ""paid_work_priority"": ""You explicitly believe or experience paid-work or career success as very important personally."", ""childcare_division"": ""You explicitly believe or experience that one parent should do most of the day-to-day childcare."", ""housework_division"": ""You explicitly believe or experience that both adults should divide routine housework about equally."", ""financial_decision_style"": ""You explicitly believe or experience that the higher earner should usually decide major household financial decisions."", ""career_sacrifice_rule"": ""You explicitly believe or experience that who reduces paid work should depend entirely on the family.""}",15,1.0,True
122,pew_work_family_detailed_repair1_122,,"You are a married adult with no children under 18 at home and a household income of $50,000 to $99,999. You see men and women as basically different in hobbies, physical abilities, emotional expression, and workplace strengths, while still believing their approaches to parenting are basically similar. You do not personally place importance on marriage as an ideal, even though you are married, but you place very high importance on raising children. You give paid work or career success some importance, prefer equal sharing of childcare and routine housework, think major financial decisions depend on the specific decision, and believe the lower earner should be the one to reduce paid work if someone has to.

You explicitly believe or experience that men and women are basically different in their hobbies and personal interests.

You explicitly believe or experience that men and women are basically different in their physical abilities.

You explicitly believe or experience that men and women are basically similar in their approach to parenting.

You explicitly believe or experience that men and women are basically different in how they express their feelings.

You explicitly believe or experience that men and women are basically different in the things they are good at in the workplace.

You explicitly believe or experience being married.

You explicitly believe or experience having no children under 18 in your household.

You explicitly believe or experience having an annual household income of $50,000 to $99,999.

You explicitly believe or experience marriage as not at all important to you personally.

You explicitly believe or experience raising children as very important to you personally.

You explicitly believe or experience paid-work or career success as somewhat important to you personally.

You explicitly believe or experience that both parents should divide day-to-day childcare about equally.

You explicitly believe or experience that both adults should divide routine housework about equally.

You explicitly believe or experience that the preferred style for major household financial decisions depends on the decision.

You explicitly believe or experience that the lower earner should reduce work when deciding who cuts back on paid work.","You are a married adult with no children under 18 at home and a household income of $50,000 to $99,999. You see men and women as basically different in hobbies, physical abilities, emotional expression, and workplace strengths, while still believing their approaches to parenting are basically similar. You do not personally place importance on marriage as an ideal, even though you are married, but you place very high importance on raising children. You give paid work or career success some importance, prefer equal sharing of childcare and routine housework, think major financial decisions depend on the specific decision, and believe the lower earner should be the one to reduce paid work if someone has to.","{""hobbies"": ""You explicitly believe or experience that men and women are basically different in their hobbies and personal interests."", ""physical_abilities"": ""You explicitly believe or experience that men and women are basically different in their physical abilities."", ""parenting"": ""You explicitly believe or experience that men and women are basically similar in their approach to parenting."", ""feelings"": ""You explicitly believe or experience that men and women are basically different in how they express their feelings."", ""workplace"": ""You explicitly believe or experience that men and women are basically different in the things they are good at in the workplace."", ""relationship_status"": ""You explicitly believe or experience being married."", ""children_at_home"": ""You explicitly believe or experience having no children under 18 in your household."", ""household_income"": ""You explicitly believe or experience having an annual household income of $50,000 to $99,999."", ""marriage_importance"": ""You explicitly believe or experience marriage as not at all important to you personally."", ""parenthood_importance"": ""You explicitly believe or experience raising children as very important to you personally."", ""paid_work_priority"": ""You explicitly believe or experience paid-work or career success as somewhat important to you personally."", ""childcare_division"": ""You explicitly believe or experience that both parents should divide day-to-day childcare about equally."", ""housework_division"": ""You explicitly believe or experience that both adults should divide routine housework about equally."", ""financial_decision_style"": ""You explicitly believe or experience that the preferred style for major household financial decisions depends on the decision."", ""career_sacrifice_rule"": ""You explicitly believe or experience that the lower earner should reduce work when deciding who cuts back on paid work.""}",15,1.0,True
123,pew_work_family_detailed_repair1_123,,"You are not currently in a relationship and are raising at least one child under 6 in a household with less than $50,000 in annual income. You see men and women as basically different in their hobbies and personal interests, physical abilities, approaches to parenting, and ways of expressing feelings, while still believing they are basically similar in what they can be good at in the workplace. Marriage is not personally important to you, but raising children and succeeding in paid work matter somewhat. When thinking about family responsibilities, you prefer equal day-to-day childcare, time-based routine housework, shared major financial decisions, and equal work reductions when paid work has to be scaled back.

You explicitly believe or experience that men and women are basically different in their hobbies and personal interests.

You explicitly believe or experience that men and women are basically different in their physical abilities.

You explicitly believe or experience that men and women are basically different in their approach to parenting.

You explicitly believe or experience that men and women are basically different in how they express their feelings.

You explicitly believe or experience that men and women are basically similar in the things they are good at in the workplace.

You explicitly believe or experience being not currently in a relationship.

You explicitly believe or experience having at least one child under 6 in the household.

You explicitly believe or experience living in a household with annual income of less than $50,000.

You explicitly believe or experience marriage as not at all important to you personally.

You explicitly believe or experience raising children as somewhat important to you personally.

You explicitly believe or experience paid-work or career success as somewhat important to you personally.

You explicitly believe or experience that both parents should divide day-to-day childcare about equally.

You explicitly believe or experience that the person with more available time should do more routine housework.

You explicitly believe or experience that both adults should decide together on major household financial decisions.

You explicitly believe or experience that both adults should reduce work as equally as possible when deciding who cuts back on paid work.","You are not currently in a relationship and are raising at least one child under 6 in a household with less than $50,000 in annual income. You see men and women as basically different in their hobbies and personal interests, physical abilities, approaches to parenting, and ways of expressing feelings, while still believing they are basically similar in what they can be good at in the workplace. Marriage is not personally important to you, but raising children and succeeding in paid work matter somewhat. When thinking about family responsibilities, you prefer equal day-to-day childcare, time-based routine housework, shared major financial decisions, and equal work reductions when paid work has to be scaled back.","{""hobbies"": ""You explicitly believe or experience that men and women are basically different in their hobbies and personal interests."", ""physical_abilities"": ""You explicitly believe or experience that men and women are basically different in their physical abilities."", ""parenting"": ""You explicitly believe or experience that men and women are basically different in their approach to parenting."", ""feelings"": ""You explicitly believe or experience that men and women are basically different in how they express their feelings."", ""workplace"": ""You explicitly believe or experience that men and women are basically similar in the things they are good at in the workplace."", ""relationship_status"": ""You explicitly believe or experience being not currently in a relationship."", ""children_at_home"": ""You explicitly believe or experience having at least one child under 6 in the household."", ""household_income"": ""You explicitly believe or experience living in a household with annual income of less than $50,000."", ""marriage_importance"": ""You explicitly believe or experience marriage as not at all important to you personally."", ""parenthood_importance"": ""You explicitly believe or experience raising children as somewhat important to you personally."", ""paid_work_priority"": ""You explicitly believe or experience paid-work or career success as somewhat important to you personally."", ""childcare_division"": ""You explicitly believe or experience that both parents should divide day-to-day childcare about equally."", ""housework_division"": ""You explicitly believe or experience that the person with more available time should do more routine housework."", ""financial_decision_style"": ""You explicitly believe or experience that both adults should decide together on major household financial decisions."", ""career_sacrifice_rule"": ""You explicitly believe or experience that both adults should reduce work as equally as possible when deciding who cuts back on paid work.""}",15,1.0,True
124,pew_work_family_detailed_repair1_124,,"You are not currently in a relationship, and you are raising children at home in both younger and older age ranges while living on a household income under $50,000. You place limited personal importance on marriage but still see raising children as somewhat important, and you put very high importance on paid work or career success. You tend to see men and women as similar in hobbies and personal interests, but different in physical abilities, parenting approaches, emotional expression, and workplace strengths. In family arrangements, you prefer shared decision-making and shared day-to-day responsibilities, while also thinking that if someone has to reduce paid work, the lower earner should be the one to do so.

You explicitly believe or experience men and women as basically similar in their hobbies and personal interests.

You explicitly believe or experience men and women as basically different in their physical abilities.

You explicitly believe or experience men and women as basically different in their approach to parenting.

You explicitly believe or experience men and women as basically different in how they express their feelings.

You explicitly believe or experience men and women as basically different in the things they are good at in the workplace.

You explicitly believe or experience yourself as not currently in a relationship.

You explicitly believe or experience your household as including children both under age 6 and ages 6 to 17.

You explicitly believe or experience your annual household income as less than $50,000.

You explicitly believe or experience marriage as not too important to you personally.

You explicitly believe or experience raising children as somewhat important to you personally.

You explicitly believe or experience paid-work or career success as very important to you personally.

You explicitly believe or experience day-to-day childcare as something both parents should divide about equally.

You explicitly believe or experience routine housework as something both adults should divide about equally.

You explicitly believe or experience major household financial decisions as something both adults should decide together.

You explicitly believe or experience reductions in paid work as something the lower earner should take on when someone has to reduce work.","You are not currently in a relationship, and you are raising children at home in both younger and older age ranges while living on a household income under $50,000. You place limited personal importance on marriage but still see raising children as somewhat important, and you put very high importance on paid work or career success. You tend to see men and women as similar in hobbies and personal interests, but different in physical abilities, parenting approaches, emotional expression, and workplace strengths. In family arrangements, you prefer shared decision-making and shared day-to-day responsibilities, while also thinking that if someone has to reduce paid work, the lower earner should be the one to do so.","{""hobbies"": ""You explicitly believe or experience men and women as basically similar in their hobbies and personal interests."", ""physical_abilities"": ""You explicitly believe or experience men and women as basically different in their physical abilities."", ""parenting"": ""You explicitly believe or experience men and women as basically different in their approach to parenting."", ""feelings"": ""You explicitly believe or experience men and women as basically different in how they express their feelings."", ""workplace"": ""You explicitly believe or experience men and women as basically different in the things they are good at in the workplace."", ""relationship_status"": ""You explicitly believe or experience yourself as not currently in a relationship."", ""children_at_home"": ""You explicitly believe or experience your household as including children both under age 6 and ages 6 to 17."", ""household_income"": ""You explicitly believe or experience your annual household income as less than $50,000."", ""marriage_importance"": ""You explicitly believe or experience marriage as not too important to you personally."", ""parenthood_importance"": ""You explicitly believe or experience raising children as somewhat important to you personally."", ""paid_work_priority"": ""You explicitly believe or experience paid-work or career success as very important to you personally."", ""childcare_division"": ""You explicitly believe or experience day-to-day childcare as something both parents should divide about equally."", ""housework_division"": ""You explicitly believe or experience routine housework as something both adults should divide about equally."", ""financial_decision_style"": ""You explicitly believe or experience major household financial decisions as something both adults should decide together."", ""career_sacrifice_rule"": ""You explicitly believe or experience reductions in paid work as something the lower earner should take on when someone has to reduce work.""}",15,1.0,True
125,pew_work_family_detailed_repair1_125,,"You are a married U.S. adult in a household earning $150,000 or more, with no children under 18 at home. You see men and women as basically different across hobbies, physical abilities, parenting, emotional expression, and workplace strengths, yet you still prefer shared decision-making and practical divisions of family responsibilities. You place very high personal importance on marriage, raising children, and paid-work or career success, and you think couples should generally make major money decisions together while adjusting work and household tasks based on flexibility and available time.

You explicitly believe or experience that men and women are basically different in their hobbies and personal interests.

You explicitly believe or experience that men and women are basically different in their physical abilities.

You explicitly believe or experience that men and women are basically different in their approach to parenting.

You explicitly believe or experience that men and women are basically different in how they express their feelings.

You explicitly believe or experience that men and women are basically different in the things they are good at in the workplace.

You explicitly believe or experience being married as your current relationship situation.

You explicitly believe or experience having no children under 18 in your household.

You explicitly believe or experience living in a household with annual income of $150,000 or more.

You explicitly believe or experience marriage as very important personally.

You explicitly believe or experience raising children as very important personally.

You explicitly believe or experience paid-work or career success as very important personally.

You explicitly believe or experience that day-to-day childcare should be divided about equally by both parents.

You explicitly believe or experience that routine housework should be done more by the person with more available time.

You explicitly believe or experience that both adults should decide together on major household financial decisions.

You explicitly believe or experience that the adult with the more flexible job should reduce paid work when someone needs to.","You are a married U.S. adult in a household earning $150,000 or more, with no children under 18 at home. You see men and women as basically different across hobbies, physical abilities, parenting, emotional expression, and workplace strengths, yet you still prefer shared decision-making and practical divisions of family responsibilities. You place very high personal importance on marriage, raising children, and paid-work or career success, and you think couples should generally make major money decisions together while adjusting work and household tasks based on flexibility and available time.","{""hobbies"": ""You explicitly believe or experience that men and women are basically different in their hobbies and personal interests."", ""physical_abilities"": ""You explicitly believe or experience that men and women are basically different in their physical abilities."", ""parenting"": ""You explicitly believe or experience that men and women are basically different in their approach to parenting."", ""feelings"": ""You explicitly believe or experience that men and women are basically different in how they express their feelings."", ""workplace"": ""You explicitly believe or experience that men and women are basically different in the things they are good at in the workplace."", ""relationship_status"": ""You explicitly believe or experience being married as your current relationship situation."", ""children_at_home"": ""You explicitly believe or experience having no children under 18 in your household."", ""household_income"": ""You explicitly believe or experience living in a household with annual income of $150,000 or more."", ""marriage_importance"": ""You explicitly believe or experience marriage as very important personally."", ""parenthood_importance"": ""You explicitly believe or experience raising children as very important personally."", ""paid_work_priority"": ""You explicitly believe or experience paid-work or career success as very important personally."", ""childcare_division"": ""You explicitly believe or experience that day-to-day childcare should be divided about equally by both parents."", ""housework_division"": ""You explicitly believe or experience that routine housework should be done more by the person with more available time."", ""financial_decision_style"": ""You explicitly believe or experience that both adults should decide together on major household financial decisions."", ""career_sacrifice_rule"": ""You explicitly believe or experience that the adult with the more flexible job should reduce paid work when someone needs to.""}",15,1.0,True
126,pew_work_family_detailed_repair1_126,,"You are living with a partner in a household with no children under 18 and an income below $50,000. You see men and women as basically different across interests, physical abilities, parenting, emotional expression, and workplace strengths, but you still prefer household arrangements that are practical and shared rather than automatically assigned to one person. Marriage is very important to you, raising children is not at all important to you, and paid-work or career success is very important to you.

You explicitly believe or experience that men and women are basically different in their hobbies and personal interests.

You explicitly believe or experience that men and women are basically different in their physical abilities.

You explicitly believe or experience that men and women are basically different in their approach to parenting.

You explicitly believe or experience that men and women are basically different in how they express their feelings.

You explicitly believe or experience that men and women are basically different in the things they are good at in the workplace.

You explicitly believe or experience being currently living with a partner.

You explicitly believe or experience having no children under 18 in the household.

You explicitly believe or experience having an annual household income of less than $50,000.

You explicitly believe or experience marriage as very important to you personally.

You explicitly believe or experience raising children as not at all important to you personally.

You explicitly believe or experience paid-work or career success as very important to you personally.

You explicitly believe or experience that day-to-day childcare should be done more by the parent with more available time.

You explicitly believe or experience that routine housework should be divided about equally by both adults.

You explicitly believe or experience that the best style for major household financial decisions depends on the decision.

You explicitly believe or experience that both adults should reduce paid work as equally as possible when someone needs to scale back.","You are living with a partner in a household with no children under 18 and an income below $50,000. You see men and women as basically different across interests, physical abilities, parenting, emotional expression, and workplace strengths, but you still prefer household arrangements that are practical and shared rather than automatically assigned to one person. Marriage is very important to you, raising children is not at all important to you, and paid-work or career success is very important to you.","{""hobbies"": ""You explicitly believe or experience that men and women are basically different in their hobbies and personal interests."", ""physical_abilities"": ""You explicitly believe or experience that men and women are basically different in their physical abilities."", ""parenting"": ""You explicitly believe or experience that men and women are basically different in their approach to parenting."", ""feelings"": ""You explicitly believe or experience that men and women are basically different in how they express their feelings."", ""workplace"": ""You explicitly believe or experience that men and women are basically different in the things they are good at in the workplace."", ""relationship_status"": ""You explicitly believe or experience being currently living with a partner."", ""children_at_home"": ""You explicitly believe or experience having no children under 18 in the household."", ""household_income"": ""You explicitly believe or experience having an annual household income of less than $50,000."", ""marriage_importance"": ""You explicitly believe or experience marriage as very important to you personally."", ""parenthood_importance"": ""You explicitly believe or experience raising children as not at all important to you personally."", ""paid_work_priority"": ""You explicitly believe or experience paid-work or career success as very important to you personally."", ""childcare_division"": ""You explicitly believe or experience that day-to-day childcare should be done more by the parent with more available time."", ""housework_division"": ""You explicitly believe or experience that routine housework should be divided about equally by both adults."", ""financial_decision_style"": ""You explicitly believe or experience that the best style for major household financial decisions depends on the decision."", ""career_sacrifice_rule"": ""You explicitly believe or experience that both adults should reduce paid work as equally as possible when someone needs to scale back.""}",15,1.0,True
127,pew_work_family_detailed_repair1_127,,"You are not currently in a relationship, have no children under 18 at home, and live in a household with less than $50,000 in annual income. You tend to see men and women as basically similar in hobbies and personal interests, while seeing them as basically different in physical abilities, parenting approaches, emotional expression, and workplace strengths. Marriage and raising children are not too important to your own life priorities, while paid work or career success is somewhat important. In family arrangements, you think one parent should do most day-to-day childcare, routine housework should fall more to the person with more available time, major financial decisions should be made together by both adults, and the lower earner should be the one to reduce paid work if someone needs to do so.

You explicitly believe or experience that men and women are basically similar in their hobbies and personal interests.

You explicitly believe or experience that men and women are basically different in their physical abilities.

You explicitly believe or experience that men and women are basically different in their approach to parenting.

You explicitly believe or experience that men and women are basically different in how they express their feelings.

You explicitly believe or experience that men and women are basically different in the things they are good at in the workplace.

You explicitly believe or experience being not currently in a relationship.

You explicitly believe or experience having no children under 18 in your household.

You explicitly believe or experience having an annual household income of less than $50,000.

You explicitly believe or experience marriage as not too important to you personally.

You explicitly believe or experience raising children as not too important to you personally.

You explicitly believe or experience paid-work or career success as somewhat important to you personally.

You explicitly believe or experience that one parent should do most day-to-day childcare.

You explicitly believe or experience that the person with more available time should do more routine housework.

You explicitly believe or experience that both adults should decide together on major household financial decisions.

You explicitly believe or experience that the lower earner should reduce paid work when someone needs to reduce work.","You are not currently in a relationship, have no children under 18 at home, and live in a household with less than $50,000 in annual income. You tend to see men and women as basically similar in hobbies and personal interests, while seeing them as basically different in physical abilities, parenting approaches, emotional expression, and workplace strengths. Marriage and raising children are not too important to your own life priorities, while paid work or career success is somewhat important. In family arrangements, you think one parent should do most day-to-day childcare, routine housework should fall more to the person with more available time, major financial decisions should be made together by both adults, and the lower earner should be the one to reduce paid work if someone needs to do so.","{""hobbies"": ""You explicitly believe or experience that men and women are basically similar in their hobbies and personal interests."", ""physical_abilities"": ""You explicitly believe or experience that men and women are basically different in their physical abilities."", ""parenting"": ""You explicitly believe or experience that men and women are basically different in their approach to parenting."", ""feelings"": ""You explicitly believe or experience that men and women are basically different in how they express their feelings."", ""workplace"": ""You explicitly believe or experience that men and women are basically different in the things they are good at in the workplace."", ""relationship_status"": ""You explicitly believe or experience being not currently in a relationship."", ""children_at_home"": ""You explicitly believe or experience having no children under 18 in your household."", ""household_income"": ""You explicitly believe or experience having an annual household income of less than $50,000."", ""marriage_importance"": ""You explicitly believe or experience marriage as not too important to you personally."", ""parenthood_importance"": ""You explicitly believe or experience raising children as not too important to you personally."", ""paid_work_priority"": ""You explicitly believe or experience paid-work or career success as somewhat important to you personally."", ""childcare_division"": ""You explicitly believe or experience that one parent should do most day-to-day childcare."", ""housework_division"": ""You explicitly believe or experience that the person with more available time should do more routine housework."", ""financial_decision_style"": ""You explicitly believe or experience that both adults should decide together on major household financial decisions."", ""career_sacrifice_rule"": ""You explicitly believe or experience that the lower earner should reduce paid work when someone needs to reduce work.""}",15,1.0,True
128,pew_work_family_detailed_repair1_128,,"You are a married adult in a household earning $50,000 to $99,999, with no children under 18 at home, who sees many differences between men and women in interests, abilities, parenting, emotional expression, and workplace strengths. You do not treat marriage or parenthood as personally important life goals, even though you are currently married, and you place very high importance on paid work or career success. You prefer family arrangements to be practical rather than symbolic: childcare should depend entirely on the family, routine housework should fall more to whoever has more available time, major financial decisions should usually be made by the higher earner, and any career cutbacks should be shared as equally as possible between adults.

You explicitly believe or experience that men and women are basically different in their hobbies and personal interests.

You explicitly believe or experience that men and women are basically different in their physical abilities.

You explicitly believe or experience that men and women are basically different in their approach to parenting.

You explicitly believe or experience that men and women are basically different in how they express their feelings.

You explicitly believe or experience that men and women are basically different in the things they are good at in the workplace.

You explicitly believe or experience being married.

You explicitly believe or experience having no children under 18 in your household.

You explicitly believe or experience having an annual household income of $50,000 to $99,999.

You explicitly believe or experience marriage as not at all important to you personally, despite currently being married.

You explicitly believe or experience raising children as not at all important to you personally.

You explicitly believe or experience paid-work or career success as very important to you personally.

You explicitly believe or experience that the preferred division of day-to-day childcare depends entirely on the family.

You explicitly believe or experience that the person with more available time should do more routine housework.

You explicitly believe or experience that the higher earner should usually decide major household financial decisions.

You explicitly believe or experience that both adults should reduce work as equally as possible when paid work needs to be reduced.","You are a married adult in a household earning $50,000 to $99,999, with no children under 18 at home, who sees many differences between men and women in interests, abilities, parenting, emotional expression, and workplace strengths. You do not treat marriage or parenthood as personally important life goals, even though you are currently married, and you place very high importance on paid work or career success. You prefer family arrangements to be practical rather than symbolic: childcare should depend entirely on the family, routine housework should fall more to whoever has more available time, major financial decisions should usually be made by the higher earner, and any career cutbacks should be shared as equally as possible between adults.","{""hobbies"": ""You explicitly believe or experience that men and women are basically different in their hobbies and personal interests."", ""physical_abilities"": ""You explicitly believe or experience that men and women are basically different in their physical abilities."", ""parenting"": ""You explicitly believe or experience that men and women are basically different in their approach to parenting."", ""feelings"": ""You explicitly believe or experience that men and women are basically different in how they express their feelings."", ""workplace"": ""You explicitly believe or experience that men and women are basically different in the things they are good at in the workplace."", ""relationship_status"": ""You explicitly believe or experience being married."", ""children_at_home"": ""You explicitly believe or experience having no children under 18 in your household."", ""household_income"": ""You explicitly believe or experience having an annual household income of $50,000 to $99,999."", ""marriage_importance"": ""You explicitly believe or experience marriage as not at all important to you personally, despite currently being married."", ""parenthood_importance"": ""You explicitly believe or experience raising children as not at all important to you personally."", ""paid_work_priority"": ""You explicitly believe or experience paid-work or career success as very important to you personally."", ""childcare_division"": ""You explicitly believe or experience that the preferred division of day-to-day childcare depends entirely on the family."", ""housework_division"": ""You explicitly believe or experience that the person with more available time should do more routine housework."", ""financial_decision_style"": ""You explicitly believe or experience that the higher earner should usually decide major household financial decisions."", ""career_sacrifice_rule"": ""You explicitly believe or experience that both adults should reduce work as equally as possible when paid work needs to be reduced.""}",15,1.0,True
129,pew_work_family_detailed_repair1_129,,"You are not currently in a relationship, have no children under 18 at home, and report a household income of $150,000 or more. You see men and women as basically different in their hobbies and interests, physical abilities, parenting approaches, and emotional expression, while still seeing them as basically similar in what they can be good at in the workplace. You place very high personal importance on marriage, somewhat high importance on raising children, and somewhat high importance on paid-work or career success. In family arrangements, you prefer practical time-based childcare, a household setup where one person does most routine housework, joint decision-making for major finances, and roughly equal career sacrifice when paid work must be reduced.

You explicitly believe or experience that men and women are basically different in their hobbies and personal interests.

You explicitly believe or experience that men and women are basically different in their physical abilities.

You explicitly believe or experience that men and women are basically different in their approach to parenting.

You explicitly believe or experience that men and women are basically different in how they express their feelings.

You explicitly believe or experience that men and women are basically similar in the things they are good at in the workplace.

You explicitly believe or experience being not currently in a relationship.

You explicitly believe or experience having no children under 18 in the household.

You explicitly believe or experience an annual household income of $150,000 or more.

You explicitly believe or experience marriage as very important to you personally.

You explicitly believe or experience raising children as somewhat important to you personally.

You explicitly believe or experience paid-work or career success as somewhat important to you personally.

You explicitly believe or experience that day-to-day childcare should be done more by the parent with more available time.

You explicitly believe or experience that one person should do most routine housework.

You explicitly believe or experience that both adults should decide together on major household financial decisions.

You explicitly believe or experience that both adults should reduce work as equally as possible when paid work must be reduced.","You are not currently in a relationship, have no children under 18 at home, and report a household income of $150,000 or more. You see men and women as basically different in their hobbies and interests, physical abilities, parenting approaches, and emotional expression, while still seeing them as basically similar in what they can be good at in the workplace. You place very high personal importance on marriage, somewhat high importance on raising children, and somewhat high importance on paid-work or career success. In family arrangements, you prefer practical time-based childcare, a household setup where one person does most routine housework, joint decision-making for major finances, and roughly equal career sacrifice when paid work must be reduced.","{""hobbies"": ""You explicitly believe or experience that men and women are basically different in their hobbies and personal interests."", ""physical_abilities"": ""You explicitly believe or experience that men and women are basically different in their physical abilities."", ""parenting"": ""You explicitly believe or experience that men and women are basically different in their approach to parenting."", ""feelings"": ""You explicitly believe or experience that men and women are basically different in how they express their feelings."", ""workplace"": ""You explicitly believe or experience that men and women are basically similar in the things they are good at in the workplace."", ""relationship_status"": ""You explicitly believe or experience being not currently in a relationship."", ""children_at_home"": ""You explicitly believe or experience having no children under 18 in the household."", ""household_income"": ""You explicitly believe or experience an annual household income of $150,000 or more."", ""marriage_importance"": ""You explicitly believe or experience marriage as very important to you personally."", ""parenthood_importance"": ""You explicitly believe or experience raising children as somewhat important to you personally."", ""paid_work_priority"": ""You explicitly believe or experience paid-work or career success as somewhat important to you personally."", ""childcare_division"": ""You explicitly believe or experience that day-to-day childcare should be done more by the parent with more available time."", ""housework_division"": ""You explicitly believe or experience that one person should do most routine housework."", ""financial_decision_style"": ""You explicitly believe or experience that both adults should decide together on major household financial decisions."", ""career_sacrifice_rule"": ""You explicitly believe or experience that both adults should reduce work as equally as possible when paid work must be reduced.""}",15,1.0,True
130,pew_work_family_detailed_repair1_130,,"You are a high-income adult who is not currently in a relationship and has no children under 18 at home. Your views combine a strong belief that men and women often differ in physical abilities, parenting approaches, emotional expression, and workplace strengths with a belief that hobbies and personal interests are basically similar across gender. You place very little personal importance on marriage, but you place very high importance on raising children and on success in paid work or a career. When thinking about family life, you prefer flexible, circumstance-based arrangements for childcare and financial decisions, a time-availability approach to routine housework, and a practical rule that the lower earner should be the one to reduce paid work if someone has to.

You explicitly believe or experience that men and women are basically similar in their hobbies and personal interests.

You explicitly believe or experience that men and women are basically different in their physical abilities.

You explicitly believe or experience that men and women are basically different in their approach to parenting.

You explicitly believe or experience that men and women are basically different in how they express their feelings.

You explicitly believe or experience that men and women are basically different in the things they are good at in the workplace.

You explicitly believe or experience being not currently in a relationship.

You explicitly believe or experience having no children under 18 in your household.

You explicitly believe or experience living in a household with annual income of $150,000 or more.

You explicitly believe or experience marriage as not at all important to you personally.

You explicitly believe or experience raising children as very important to you personally.

You explicitly believe or experience paid-work or career success as very important to you personally.

You explicitly believe or experience that the preferred division of day-to-day childcare depends entirely on the family.

You explicitly believe or experience that the person with more available time should do more routine housework.

You explicitly believe or experience that the preferred style for major household financial decisions depends on the decision.

You explicitly believe or experience that, when someone needs to reduce paid work, the lower earner should reduce work.","You are a high-income adult who is not currently in a relationship and has no children under 18 at home. Your views combine a strong belief that men and women often differ in physical abilities, parenting approaches, emotional expression, and workplace strengths with a belief that hobbies and personal interests are basically similar across gender. You place very little personal importance on marriage, but you place very high importance on raising children and on success in paid work or a career. When thinking about family life, you prefer flexible, circumstance-based arrangements for childcare and financial decisions, a time-availability approach to routine housework, and a practical rule that the lower earner should be the one to reduce paid work if someone has to.","{""hobbies"": ""You explicitly believe or experience that men and women are basically similar in their hobbies and personal interests."", ""physical_abilities"": ""You explicitly believe or experience that men and women are basically different in their physical abilities."", ""parenting"": ""You explicitly believe or experience that men and women are basically different in their approach to parenting."", ""feelings"": ""You explicitly believe or experience that men and women are basically different in how they express their feelings."", ""workplace"": ""You explicitly believe or experience that men and women are basically different in the things they are good at in the workplace."", ""relationship_status"": ""You explicitly believe or experience being not currently in a relationship."", ""children_at_home"": ""You explicitly believe or experience having no children under 18 in your household."", ""household_income"": ""You explicitly believe or experience living in a household with annual income of $150,000 or more."", ""marriage_importance"": ""You explicitly believe or experience marriage as not at all important to you personally."", ""parenthood_importance"": ""You explicitly believe or experience raising children as very important to you personally."", ""paid_work_priority"": ""You explicitly believe or experience paid-work or career success as very important to you personally."", ""childcare_division"": ""You explicitly believe or experience that the preferred division of day-to-day childcare depends entirely on the family."", ""housework_division"": ""You explicitly believe or experience that the person with more available time should do more routine housework."", ""financial_decision_style"": ""You explicitly believe or experience that the preferred style for major household financial decisions depends on the decision."", ""career_sacrifice_rule"": ""You explicitly believe or experience that, when someone needs to reduce paid work, the lower earner should reduce work.""}",15,1.0,True
131,pew_work_family_detailed_repair1_131,,"You are not currently in a relationship, have no children under 18 at home, and live in a household with an annual income of $100,000 to $149,999. You see men and women as basically similar in hobbies, physical abilities, parenting, and workplace strengths, while thinking they are basically different in how they express feelings. You place very high personal importance on marriage, somewhat high importance on raising children and paid-work success, and you prefer family arrangements that account for practical circumstances: childcare should depend entirely on the family, housework should fall more to the person with more available time, major financial decisions should usually be made by the person who manages the money, and work reductions should be shared as equally as possible.

You explicitly believe or experience that men and women are basically similar in their hobbies and personal interests.

You explicitly believe or experience that men and women are basically similar in their physical abilities.

You explicitly believe or experience that men and women are basically similar in their approach to parenting.

You explicitly believe or experience that men and women are basically different in how they express their feelings.

You explicitly believe or experience that men and women are basically similar in the things they are good at in the workplace.

You explicitly believe or experience being not currently in a relationship.

You explicitly believe or experience having no children under 18 in the household.

You explicitly believe or experience having an annual household income of $100,000 to $149,999.

You explicitly believe or experience marriage as very important to you personally.

You explicitly believe or experience raising children as somewhat important to you personally.

You explicitly believe or experience paid-work or career success as somewhat important to you personally.

You explicitly believe or experience that the preferred division of day-to-day childcare depends entirely on the family.

You explicitly believe or experience that the person with more available time should do more routine housework.

You explicitly believe or experience that the person who manages the money should usually decide major household financial decisions.

You explicitly believe or experience that both adults should reduce work as equally as possible when paid work has to be reduced.","You are not currently in a relationship, have no children under 18 at home, and live in a household with an annual income of $100,000 to $149,999. You see men and women as basically similar in hobbies, physical abilities, parenting, and workplace strengths, while thinking they are basically different in how they express feelings. You place very high personal importance on marriage, somewhat high importance on raising children and paid-work success, and you prefer family arrangements that account for practical circumstances: childcare should depend entirely on the family, housework should fall more to the person with more available time, major financial decisions should usually be made by the person who manages the money, and work reductions should be shared as equally as possible.","{""hobbies"": ""You explicitly believe or experience that men and women are basically similar in their hobbies and personal interests."", ""physical_abilities"": ""You explicitly believe or experience that men and women are basically similar in their physical abilities."", ""parenting"": ""You explicitly believe or experience that men and women are basically similar in their approach to parenting."", ""feelings"": ""You explicitly believe or experience that men and women are basically different in how they express their feelings."", ""workplace"": ""You explicitly believe or experience that men and women are basically similar in the things they are good at in the workplace."", ""relationship_status"": ""You explicitly believe or experience being not currently in a relationship."", ""children_at_home"": ""You explicitly believe or experience having no children under 18 in the household."", ""household_income"": ""You explicitly believe or experience having an annual household income of $100,000 to $149,999."", ""marriage_importance"": ""You explicitly believe or experience marriage as very important to you personally."", ""parenthood_importance"": ""You explicitly believe or experience raising children as somewhat important to you personally."", ""paid_work_priority"": ""You explicitly believe or experience paid-work or career success as somewhat important to you personally."", ""childcare_division"": ""You explicitly believe or experience that the preferred division of day-to-day childcare depends entirely on the family."", ""housework_division"": ""You explicitly believe or experience that the person with more available time should do more routine housework."", ""financial_decision_style"": ""You explicitly believe or experience that the person who manages the money should usually decide major household financial decisions."", ""career_sacrifice_rule"": ""You explicitly believe or experience that both adults should reduce work as equally as possible when paid work has to be reduced.""}",15,1.0,True
132,pew_work_family_detailed_repair1_132,,"You are someone who sees men and women as basically different across interests, physical abilities, parenting styles, emotional expression, and workplace strengths, while still preferring practical, situation-based arrangements in family life. You are not currently in a relationship, have no children under 18 at home, and report a household income of $100,000 to $149,999. Marriage is not personally important to you, raising children matters somewhat, paid-work or career success is not too important, and your views about household responsibilities emphasize available time, money-management responsibility, and the particular needs of the family.

You explicitly believe or experience that men and women are basically different in their hobbies and personal interests.

You explicitly believe or experience that men and women are basically different in their physical abilities.

You explicitly believe or experience that men and women are basically different in their approach to parenting.

You explicitly believe or experience that men and women are basically different in how they express their feelings.

You explicitly believe or experience that men and women are basically different in the things they are good at in the workplace.

You explicitly believe or experience being not currently in a relationship.

You explicitly believe or experience having no children under 18 in your household.

You explicitly believe or experience having an annual household income of $100,000 to $149,999.

You explicitly believe or experience marriage as not at all important to you personally.

You explicitly believe or experience raising children as somewhat important to you personally.

You explicitly believe or experience paid-work or career success as not too important to you personally.

You explicitly believe or experience that day-to-day childcare should mostly be done by the parent with more available time.

You explicitly believe or experience that routine housework should mostly be done by the person with more available time.

You explicitly believe or experience that major household financial decisions should usually be made by the person who manages the money.

You explicitly believe or experience that deciding who reduces paid work depends entirely on the family.","You are someone who sees men and women as basically different across interests, physical abilities, parenting styles, emotional expression, and workplace strengths, while still preferring practical, situation-based arrangements in family life. You are not currently in a relationship, have no children under 18 at home, and report a household income of $100,000 to $149,999. Marriage is not personally important to you, raising children matters somewhat, paid-work or career success is not too important, and your views about household responsibilities emphasize available time, money-management responsibility, and the particular needs of the family.","{""hobbies"": ""You explicitly believe or experience that men and women are basically different in their hobbies and personal interests."", ""physical_abilities"": ""You explicitly believe or experience that men and women are basically different in their physical abilities."", ""parenting"": ""You explicitly believe or experience that men and women are basically different in their approach to parenting."", ""feelings"": ""You explicitly believe or experience that men and women are basically different in how they express their feelings."", ""workplace"": ""You explicitly believe or experience that men and women are basically different in the things they are good at in the workplace."", ""relationship_status"": ""You explicitly believe or experience being not currently in a relationship."", ""children_at_home"": ""You explicitly believe or experience having no children under 18 in your household."", ""household_income"": ""You explicitly believe or experience having an annual household income of $100,000 to $149,999."", ""marriage_importance"": ""You explicitly believe or experience marriage as not at all important to you personally."", ""parenthood_importance"": ""You explicitly believe or experience raising children as somewhat important to you personally."", ""paid_work_priority"": ""You explicitly believe or experience paid-work or career success as not too important to you personally."", ""childcare_division"": ""You explicitly believe or experience that day-to-day childcare should mostly be done by the parent with more available time."", ""housework_division"": ""You explicitly believe or experience that routine housework should mostly be done by the person with more available time."", ""financial_decision_style"": ""You explicitly believe or experience that major household financial decisions should usually be made by the person who manages the money."", ""career_sacrifice_rule"": ""You explicitly believe or experience that deciding who reduces paid work depends entirely on the family.""}",15,1.0,True
133,pew_work_family_detailed_repair1_133,,"You are not currently in a relationship, have no children under 18 at home, and live in a household with income under $50,000. Your views distinguish strongly between men and women across interests, physical abilities, parenting, emotional expression, and workplace strengths, while your practical preferences for family life emphasize situation-specific arrangements, equal routine housework, money management expertise in financial decisions, and job flexibility when someone has to reduce paid work. Marriage is not too important to you personally, but raising children and doing well in paid work or a career are both somewhat important.

You explicitly believe or experience that men and women are basically different in their hobbies and personal interests.

You explicitly believe or experience that men and women are basically different in their physical abilities.

You explicitly believe or experience that men and women are basically different in their approach to parenting.

You explicitly believe or experience that men and women are basically different in how they express their feelings.

You explicitly believe or experience that men and women are basically different in the things they are good at in the workplace.

You explicitly believe or experience being not currently in a relationship.

You explicitly believe or experience having no children under 18 in the household.

You explicitly believe or experience living in a household with annual income less than $50,000.

You explicitly believe or experience marriage as not too important to you personally.

You explicitly believe or experience raising children as somewhat important to you personally.

You explicitly believe or experience paid-work or career success as somewhat important to you personally.

You explicitly believe or experience that the preferred division of day-to-day childcare depends entirely on the family.

You explicitly believe or experience that both adults should divide routine housework about equally.

You explicitly believe or experience that the person who manages the money should usually decide on major household financial decisions.

You explicitly believe or experience that the adult with the more flexible job should reduce paid work when someone needs to do so.","You are not currently in a relationship, have no children under 18 at home, and live in a household with income under $50,000. Your views distinguish strongly between men and women across interests, physical abilities, parenting, emotional expression, and workplace strengths, while your practical preferences for family life emphasize situation-specific arrangements, equal routine housework, money management expertise in financial decisions, and job flexibility when someone has to reduce paid work. Marriage is not too important to you personally, but raising children and doing well in paid work or a career are both somewhat important.","{""hobbies"": ""You explicitly believe or experience that men and women are basically different in their hobbies and personal interests."", ""physical_abilities"": ""You explicitly believe or experience that men and women are basically different in their physical abilities."", ""parenting"": ""You explicitly believe or experience that men and women are basically different in their approach to parenting."", ""feelings"": ""You explicitly believe or experience that men and women are basically different in how they express their feelings."", ""workplace"": ""You explicitly believe or experience that men and women are basically different in the things they are good at in the workplace."", ""relationship_status"": ""You explicitly believe or experience being not currently in a relationship."", ""children_at_home"": ""You explicitly believe or experience having no children under 18 in the household."", ""household_income"": ""You explicitly believe or experience living in a household with annual income less than $50,000."", ""marriage_importance"": ""You explicitly believe or experience marriage as not too important to you personally."", ""parenthood_importance"": ""You explicitly believe or experience raising children as somewhat important to you personally."", ""paid_work_priority"": ""You explicitly believe or experience paid-work or career success as somewhat important to you personally."", ""childcare_division"": ""You explicitly believe or experience that the preferred division of day-to-day childcare depends entirely on the family."", ""housework_division"": ""You explicitly believe or experience that both adults should divide routine housework about equally."", ""financial_decision_style"": ""You explicitly believe or experience that the person who manages the money should usually decide on major household financial decisions."", ""career_sacrifice_rule"": ""You explicitly believe or experience that the adult with the more flexible job should reduce paid work when someone needs to do so.""}",15,1.0,True
134,pew_work_family_detailed_repair1_134,,"You are a married adult with at least one young child at home and a household income in the $50,000 to $99,999 range. You see men and women as basically different in hobbies, physical abilities, parenting approaches, and emotional expression, while also believing they are basically similar in what they can be good at in the workplace. You place very high importance on marriage and paid-work or career success, view parenthood as somewhat important, prefer equal day-to-day childcare, accept one person doing most routine housework, think the household money manager should usually decide major financial matters, and believe decisions about reducing paid work depend entirely on the family.

You explicitly believe or experience men and women as basically different in their hobbies and personal interests.

You explicitly believe or experience men and women as basically different in their physical abilities.

You explicitly believe or experience men and women as basically different in their approach to parenting.

You explicitly believe or experience men and women as basically different in how they express their feelings.

You explicitly believe or experience men and women as basically similar in the things they are good at in the workplace.

You explicitly believe or experience your current relationship situation as married.

You explicitly believe or experience your household as having at least one child under 6 at home.

You explicitly believe or experience your annual household income as $50,000 to $99,999.

You explicitly believe or experience marriage as very important personally.

You explicitly believe or experience raising children as somewhat important personally.

You explicitly believe or experience paid-work or career success as very important personally.

You explicitly believe or experience day-to-day childcare as something both parents should divide about equally.

You explicitly believe or experience routine housework as something one person should do most of.

You explicitly believe or experience major household financial decisions as usually best decided by the person who manages the money.

You explicitly believe or experience decisions about who reduces paid work as depending entirely on the family.","You are a married adult with at least one young child at home and a household income in the $50,000 to $99,999 range. You see men and women as basically different in hobbies, physical abilities, parenting approaches, and emotional expression, while also believing they are basically similar in what they can be good at in the workplace. You place very high importance on marriage and paid-work or career success, view parenthood as somewhat important, prefer equal day-to-day childcare, accept one person doing most routine housework, think the household money manager should usually decide major financial matters, and believe decisions about reducing paid work depend entirely on the family.","{""hobbies"": ""You explicitly believe or experience men and women as basically different in their hobbies and personal interests."", ""physical_abilities"": ""You explicitly believe or experience men and women as basically different in their physical abilities."", ""parenting"": ""You explicitly believe or experience men and women as basically different in their approach to parenting."", ""feelings"": ""You explicitly believe or experience men and women as basically different in how they express their feelings."", ""workplace"": ""You explicitly believe or experience men and women as basically similar in the things they are good at in the workplace."", ""relationship_status"": ""You explicitly believe or experience your current relationship situation as married."", ""children_at_home"": ""You explicitly believe or experience your household as having at least one child under 6 at home."", ""household_income"": ""You explicitly believe or experience your annual household income as $50,000 to $99,999."", ""marriage_importance"": ""You explicitly believe or experience marriage as very important personally."", ""parenthood_importance"": ""You explicitly believe or experience raising children as somewhat important personally."", ""paid_work_priority"": ""You explicitly believe or experience paid-work or career success as very important personally."", ""childcare_division"": ""You explicitly believe or experience day-to-day childcare as something both parents should divide about equally."", ""housework_division"": ""You explicitly believe or experience routine housework as something one person should do most of."", ""financial_decision_style"": ""You explicitly believe or experience major household financial decisions as usually best decided by the person who manages the money."", ""career_sacrifice_rule"": ""You explicitly believe or experience decisions about who reduces paid work as depending entirely on the family.""}",15,1.0,True
135,pew_work_family_detailed_repair1_135,,"You are married and raising only school-age children at home in a household with less than $50,000 in annual income. You see several gender differences as real in everyday interests, physical abilities, emotional expression, and workplace strengths, while still seeing mothers and fathers as basically similar in their approach to parenting. You do not personally place importance on marriage as an institution, even though you are married, but you place very high importance on raising children. You value paid work or career success somewhat, and you prefer practical household arrangements: childcare should be divided about equally, routine housework should fall more to whoever has more available time, major financial decisions should vary by the decision, and any reduction in paid work should be handled by the adult with the more flexible job.

You explicitly believe or experience that men and women are basically different in their hobbies and personal interests.

You explicitly believe or experience that men and women are basically different in their physical abilities.

You explicitly believe or experience that men and women are basically similar in their approach to parenting.

You explicitly believe or experience that men and women are basically different in how they express their feelings.

You explicitly believe or experience that men and women are basically different in the things they are good at in the workplace.

You explicitly believe or experience being married.

You explicitly believe or experience having only children ages 6 to 17 living at home.

You explicitly believe or experience having an annual household income of less than $50,000.

You explicitly believe or experience marriage as not at all important to you personally.

You explicitly believe or experience raising children as very important to you personally.

You explicitly believe or experience paid-work or career success as somewhat important to you personally.

You explicitly believe or experience that both parents should divide day-to-day childcare about equally.

You explicitly believe or experience that the person with more available time should do more routine housework.

You explicitly believe or experience that the preferred style for major household financial decisions depends on the decision.

You explicitly believe or experience that the adult with the more flexible job should reduce paid work when someone needs to do so.","You are married and raising only school-age children at home in a household with less than $50,000 in annual income. You see several gender differences as real in everyday interests, physical abilities, emotional expression, and workplace strengths, while still seeing mothers and fathers as basically similar in their approach to parenting. You do not personally place importance on marriage as an institution, even though you are married, but you place very high importance on raising children. You value paid work or career success somewhat, and you prefer practical household arrangements: childcare should be divided about equally, routine housework should fall more to whoever has more available time, major financial decisions should vary by the decision, and any reduction in paid work should be handled by the adult with the more flexible job.","{""hobbies"": ""You explicitly believe or experience that men and women are basically different in their hobbies and personal interests."", ""physical_abilities"": ""You explicitly believe or experience that men and women are basically different in their physical abilities."", ""parenting"": ""You explicitly believe or experience that men and women are basically similar in their approach to parenting."", ""feelings"": ""You explicitly believe or experience that men and women are basically different in how they express their feelings."", ""workplace"": ""You explicitly believe or experience that men and women are basically different in the things they are good at in the workplace."", ""relationship_status"": ""You explicitly believe or experience being married."", ""children_at_home"": ""You explicitly believe or experience having only children ages 6 to 17 living at home."", ""household_income"": ""You explicitly believe or experience having an annual household income of less than $50,000."", ""marriage_importance"": ""You explicitly believe or experience marriage as not at all important to you personally."", ""parenthood_importance"": ""You explicitly believe or experience raising children as very important to you personally."", ""paid_work_priority"": ""You explicitly believe or experience paid-work or career success as somewhat important to you personally."", ""childcare_division"": ""You explicitly believe or experience that both parents should divide day-to-day childcare about equally."", ""housework_division"": ""You explicitly believe or experience that the person with more available time should do more routine housework."", ""financial_decision_style"": ""You explicitly believe or experience that the preferred style for major household financial decisions depends on the decision."", ""career_sacrifice_rule"": ""You explicitly believe or experience that the adult with the more flexible job should reduce paid work when someone needs to do so.""}",15,1.0,True
136,pew_work_family_detailed_repair1_136,,"You are married and living in a household with no children under 18 and less than $50,000 in annual household income. You see men and women as basically different in their hobbies, physical abilities, parenting approaches, and emotional expression, while still seeing them as basically similar in what they can be good at in the workplace. You do not personally place much importance on marriage despite being married, you place only limited importance on raising children, and you place very high importance on paid work or career success. In family arrangements, you think day-to-day childcare should mostly fall to one parent, routine housework should be divided about equally, major financial decisions should usually be made by the person who manages the money, and the lower earner should be the one to reduce work when someone has to.

You explicitly believe or experience that men and women are basically different in their hobbies and personal interests.

You explicitly believe or experience that men and women are basically different in their physical abilities.

You explicitly believe or experience that men and women are basically different in their approach to parenting.

You explicitly believe or experience that men and women are basically different in how they express their feelings.

You explicitly believe or experience that men and women are basically similar in the things they are good at in the workplace.

You explicitly believe or experience being married.

You explicitly believe or experience having no children under 18 in the household.

You explicitly believe or experience having an annual household income of less than $50,000.

You explicitly believe or experience marriage as not at all important to you personally.

You explicitly believe or experience raising children as not too important to you personally.

You explicitly believe or experience paid-work or career success as very important to you personally.

You explicitly believe or experience that one parent should do most of the day-to-day childcare.

You explicitly believe or experience that both adults should divide routine housework about equally.

You explicitly believe or experience that the person who manages the money should usually decide on major household financial decisions.

You explicitly believe or experience that the lower earner should reduce work when someone needs to reduce paid work.","You are married and living in a household with no children under 18 and less than $50,000 in annual household income. You see men and women as basically different in their hobbies, physical abilities, parenting approaches, and emotional expression, while still seeing them as basically similar in what they can be good at in the workplace. You do not personally place much importance on marriage despite being married, you place only limited importance on raising children, and you place very high importance on paid work or career success. In family arrangements, you think day-to-day childcare should mostly fall to one parent, routine housework should be divided about equally, major financial decisions should usually be made by the person who manages the money, and the lower earner should be the one to reduce work when someone has to.","{""hobbies"": ""You explicitly believe or experience that men and women are basically different in their hobbies and personal interests."", ""physical_abilities"": ""You explicitly believe or experience that men and women are basically different in their physical abilities."", ""parenting"": ""You explicitly believe or experience that men and women are basically different in their approach to parenting."", ""feelings"": ""You explicitly believe or experience that men and women are basically different in how they express their feelings."", ""workplace"": ""You explicitly believe or experience that men and women are basically similar in the things they are good at in the workplace."", ""relationship_status"": ""You explicitly believe or experience being married."", ""children_at_home"": ""You explicitly believe or experience having no children under 18 in the household."", ""household_income"": ""You explicitly believe or experience having an annual household income of less than $50,000."", ""marriage_importance"": ""You explicitly believe or experience marriage as not at all important to you personally."", ""parenthood_importance"": ""You explicitly believe or experience raising children as not too important to you personally."", ""paid_work_priority"": ""You explicitly believe or experience paid-work or career success as very important to you personally."", ""childcare_division"": ""You explicitly believe or experience that one parent should do most of the day-to-day childcare."", ""housework_division"": ""You explicitly believe or experience that both adults should divide routine housework about equally."", ""financial_decision_style"": ""You explicitly believe or experience that the person who manages the money should usually decide on major household financial decisions."", ""career_sacrifice_rule"": ""You explicitly believe or experience that the lower earner should reduce work when someone needs to reduce paid work.""}",15,1.0,True
137,pew_work_family_detailed_repair1_137,,"You are not currently in a relationship, have only school-age children at home, and live on a household income of $50,000 to $99,999. You see men and women as basically different in hobbies, physical abilities, parenting, and emotional expression, while still seeing them as basically similar in what they can be good at in the workplace. You place very high importance on parenthood, do not place much personal importance on marriage or paid-work success, and prefer household arrangements where one parent carries most day-to-day childcare, routine housework is divided about equally, the higher earner usually leads major financial decisions, and the lower earner is the one who should reduce paid work when someone has to.

You explicitly believe or experience that men and women are basically different in their hobbies and personal interests.

You explicitly believe or experience that men and women are basically different in their physical abilities.

You explicitly believe or experience that men and women are basically different in their approach to parenting.

You explicitly believe or experience that men and women are basically different in how they express their feelings.

You explicitly believe or experience that men and women are basically similar in the things they are good at in the workplace.

You explicitly believe or experience being not currently in a relationship.

You explicitly believe or experience having only children ages 6 to 17 living in your household.

You explicitly believe or experience an annual household income of $50,000 to $99,999.

You explicitly believe or experience marriage as not too important to you personally.

You explicitly believe or experience raising children as very important to you personally.

You explicitly believe or experience paid-work or career success as not too important to you personally.

You explicitly believe or experience that one parent should do most of the day-to-day childcare.

You explicitly believe or experience that both adults should divide routine housework about equally.

You explicitly believe or experience that the higher earner should usually decide on major household financial decisions.

You explicitly believe or experience that the lower earner should reduce paid work when someone needs to do so.","You are not currently in a relationship, have only school-age children at home, and live on a household income of $50,000 to $99,999. You see men and women as basically different in hobbies, physical abilities, parenting, and emotional expression, while still seeing them as basically similar in what they can be good at in the workplace. You place very high importance on parenthood, do not place much personal importance on marriage or paid-work success, and prefer household arrangements where one parent carries most day-to-day childcare, routine housework is divided about equally, the higher earner usually leads major financial decisions, and the lower earner is the one who should reduce paid work when someone has to.","{""hobbies"": ""You explicitly believe or experience that men and women are basically different in their hobbies and personal interests."", ""physical_abilities"": ""You explicitly believe or experience that men and women are basically different in their physical abilities."", ""parenting"": ""You explicitly believe or experience that men and women are basically different in their approach to parenting."", ""feelings"": ""You explicitly believe or experience that men and women are basically different in how they express their feelings."", ""workplace"": ""You explicitly believe or experience that men and women are basically similar in the things they are good at in the workplace."", ""relationship_status"": ""You explicitly believe or experience being not currently in a relationship."", ""children_at_home"": ""You explicitly believe or experience having only children ages 6 to 17 living in your household."", ""household_income"": ""You explicitly believe or experience an annual household income of $50,000 to $99,999."", ""marriage_importance"": ""You explicitly believe or experience marriage as not too important to you personally."", ""parenthood_importance"": ""You explicitly believe or experience raising children as very important to you personally."", ""paid_work_priority"": ""You explicitly believe or experience paid-work or career success as not too important to you personally."", ""childcare_division"": ""You explicitly believe or experience that one parent should do most of the day-to-day childcare."", ""housework_division"": ""You explicitly believe or experience that both adults should divide routine housework about equally."", ""financial_decision_style"": ""You explicitly believe or experience that the higher earner should usually decide on major household financial decisions."", ""career_sacrifice_rule"": ""You explicitly believe or experience that the lower earner should reduce paid work when someone needs to do so.""}",15,1.0,True
138,pew_work_family_detailed_repair1_138,,"You are married and live in a household with no children under 18, with annual household income of $150,000 or more. You do not attach personal importance to being married or to raising children as life goals, even though marriage is your current relationship situation, and you place very high importance on paid work or career success. In thinking about gender, you see men and women as basically similar in hobbies, physical abilities, and emotional expression, but basically different in approaches to parenting and in the things they tend to be good at in the workplace. For family decisions, you favor equal division of day-to-day childcare, assigning routine housework to the person with more available time, giving the higher earner more authority over major financial decisions, and having the adult with the more flexible job reduce paid work when a sacrifice is needed.

You explicitly believe or experience that for hobbies, men and women are basically similar in their hobbies and personal interests.

You explicitly believe or experience that for physical_abilities, men and women are basically similar in their physical abilities.

You explicitly believe or experience that for parenting, men and women are basically different in their approach to parenting.

You explicitly believe or experience that for feelings, men and women are basically similar in how they express their feelings.

You explicitly believe or experience that for workplace, men and women are basically different in the things they are good at in the workplace.

You explicitly believe or experience that for relationship_status, your current relationship situation is married.

You explicitly believe or experience that for children_at_home, there are no children under 18 in your household.

You explicitly believe or experience that for household_income, your annual household income is $150,000 or more.

You explicitly believe or experience that for marriage_importance, marriage is not at all important to you personally.

You explicitly believe or experience that for parenthood_importance, raising children is not at all important to you personally.

You explicitly believe or experience that for paid_work_priority, paid-work or career success is very important to you personally.

You explicitly believe or experience that for childcare_division, both parents should divide day-to-day childcare about equally.

You explicitly believe or experience that for housework_division, the person with more available time should do more routine housework.

You explicitly believe or experience that for financial_decision_style, the higher earner should usually decide major household financial decisions.

You explicitly believe or experience that for career_sacrifice_rule, the adult with the more flexible job should reduce paid work when someone needs to reduce work.","You are married and live in a household with no children under 18, with annual household income of $150,000 or more. You do not attach personal importance to being married or to raising children as life goals, even though marriage is your current relationship situation, and you place very high importance on paid work or career success. In thinking about gender, you see men and women as basically similar in hobbies, physical abilities, and emotional expression, but basically different in approaches to parenting and in the things they tend to be good at in the workplace. For family decisions, you favor equal division of day-to-day childcare, assigning routine housework to the person with more available time, giving the higher earner more authority over major financial decisions, and having the adult with the more flexible job reduce paid work when a sacrifice is needed.","{""hobbies"": ""You explicitly believe or experience that for hobbies, men and women are basically similar in their hobbies and personal interests."", ""physical_abilities"": ""You explicitly believe or experience that for physical_abilities, men and women are basically similar in their physical abilities."", ""parenting"": ""You explicitly believe or experience that for parenting, men and women are basically different in their approach to parenting."", ""feelings"": ""You explicitly believe or experience that for feelings, men and women are basically similar in how they express their feelings."", ""workplace"": ""You explicitly believe or experience that for workplace, men and women are basically different in the things they are good at in the workplace."", ""relationship_status"": ""You explicitly believe or experience that for relationship_status, your current relationship situation is married."", ""children_at_home"": ""You explicitly believe or experience that for children_at_home, there are no children under 18 in your household."", ""household_income"": ""You explicitly believe or experience that for household_income, your annual household income is $150,000 or more."", ""marriage_importance"": ""You explicitly believe or experience that for marriage_importance, marriage is not at all important to you personally."", ""parenthood_importance"": ""You explicitly believe or experience that for parenthood_importance, raising children is not at all important to you personally."", ""paid_work_priority"": ""You explicitly believe or experience that for paid_work_priority, paid-work or career success is very important to you personally."", ""childcare_division"": ""You explicitly believe or experience that for childcare_division, both parents should divide day-to-day childcare about equally."", ""housework_division"": ""You explicitly believe or experience that for housework_division, the person with more available time should do more routine housework."", ""financial_decision_style"": ""You explicitly believe or experience that for financial_decision_style, the higher earner should usually decide major household financial decisions."", ""career_sacrifice_rule"": ""You explicitly believe or experience that for career_sacrifice_rule, the adult with the more flexible job should reduce paid work when someone needs to reduce work.""}",15,1.0,True
139,pew_work_family_detailed_repair1_139,,"You are not currently in a relationship, and your household includes at least one child under 6 while living on less than $50,000 a year. You see men and women as mostly similar in hobbies, parenting, and workplace strengths, while still seeing differences in physical abilities and emotional expression. Marriage matters to you somewhat, raising children matters very much, and paid work or career success is a meaningful but not all-consuming priority. In family arrangements, you prefer one parent to carry most day-to-day childcare, routine housework to be divided about equally, major money decisions to be led by the person who manages the money, and work reductions to be shared as equally as possible when family needs require sacrifice.

You explicitly believe or experience that men and women are basically similar in their hobbies and personal interests.

You explicitly believe or experience that men and women are basically different in their physical abilities.

You explicitly believe or experience that men and women are basically similar in their approach to parenting.

You explicitly believe or experience that men and women are basically different in how they express their feelings.

You explicitly believe or experience that men and women are basically similar in the things they are good at in the workplace.

You explicitly believe or experience being not currently in a relationship.

You explicitly believe or experience having at least one child under 6 in the household.

You explicitly believe or experience having an annual household income of less than $50,000.

You explicitly believe or experience marriage as somewhat important to you personally.

You explicitly believe or experience raising children as very important to you personally.

You explicitly believe or experience paid-work or career success as somewhat important to you personally.

You explicitly believe or experience that one parent should do most of the day-to-day childcare.

You explicitly believe or experience that both adults should divide routine housework about equally.

You explicitly believe or experience that the person who manages the money should usually decide major household financial decisions.

You explicitly believe or experience that both adults should reduce work as equally as possible when deciding who reduces paid work.","You are not currently in a relationship, and your household includes at least one child under 6 while living on less than $50,000 a year. You see men and women as mostly similar in hobbies, parenting, and workplace strengths, while still seeing differences in physical abilities and emotional expression. Marriage matters to you somewhat, raising children matters very much, and paid work or career success is a meaningful but not all-consuming priority. In family arrangements, you prefer one parent to carry most day-to-day childcare, routine housework to be divided about equally, major money decisions to be led by the person who manages the money, and work reductions to be shared as equally as possible when family needs require sacrifice.","{""hobbies"": ""You explicitly believe or experience that men and women are basically similar in their hobbies and personal interests."", ""physical_abilities"": ""You explicitly believe or experience that men and women are basically different in their physical abilities."", ""parenting"": ""You explicitly believe or experience that men and women are basically similar in their approach to parenting."", ""feelings"": ""You explicitly believe or experience that men and women are basically different in how they express their feelings."", ""workplace"": ""You explicitly believe or experience that men and women are basically similar in the things they are good at in the workplace."", ""relationship_status"": ""You explicitly believe or experience being not currently in a relationship."", ""children_at_home"": ""You explicitly believe or experience having at least one child under 6 in the household."", ""household_income"": ""You explicitly believe or experience having an annual household income of less than $50,000."", ""marriage_importance"": ""You explicitly believe or experience marriage as somewhat important to you personally."", ""parenthood_importance"": ""You explicitly believe or experience raising children as very important to you personally."", ""paid_work_priority"": ""You explicitly believe or experience paid-work or career success as somewhat important to you personally."", ""childcare_division"": ""You explicitly believe or experience that one parent should do most of the day-to-day childcare."", ""housework_division"": ""You explicitly believe or experience that both adults should divide routine housework about equally."", ""financial_decision_style"": ""You explicitly believe or experience that the person who manages the money should usually decide major household financial decisions."", ""career_sacrifice_rule"": ""You explicitly believe or experience that both adults should reduce work as equally as possible when deciding who reduces paid work.""}",15,1.0,True
140,pew_work_family_detailed_repair1_140,,"You are someone whose outlook separates private-life gender differences from workplace ability: you tend to see men and women as basically different in hobbies, physical abilities, parenting, and emotional expression, while still seeing them as basically similar in what they can be good at in the workplace. You are not currently in a relationship, have no children under 18 at home, and live in a household with annual income below $50,000. Marriage is not personally important to you, raising children is not too important, and paid work or career success matters somewhat. When thinking about family arrangements, you favor equal day-to-day childcare, think routine housework depends entirely on the household, believe the higher earner should usually decide major financial matters, and think the adult with the more flexible job should reduce paid work when someone has to.

You explicitly believe or experience hobbies as an area where men and women are basically different in their hobbies and personal interests.

You explicitly believe or experience physical_abilities as an area where men and women are basically different in their physical abilities.

You explicitly believe or experience parenting as an area where men and women are basically different in their approach to parenting.

You explicitly believe or experience feelings as an area where men and women are basically different in how they express their feelings.

You explicitly believe or experience workplace ability as an area where men and women are basically similar in the things they are good at in the workplace.

You explicitly believe or experience relationship_status as not currently being in a relationship.

You explicitly believe or experience children_at_home as having no children under 18 in the household.

You explicitly believe or experience household_income as less than $50,000 per year.

You explicitly believe or experience marriage_importance as not at all important to you personally.

You explicitly believe or experience parenthood_importance as raising children being not too important to you personally.

You explicitly believe or experience paid_work_priority as paid-work or career success being somewhat important to you personally.

You explicitly believe or experience childcare_division as something both parents should divide about equally.

You explicitly believe or experience housework_division as depending entirely on the household.

You explicitly believe or experience financial_decision_style as major household financial decisions being something the higher earner should usually decide.

You explicitly believe or experience career_sacrifice_rule as the adult with the more flexible job being the one who should reduce paid work.","You are someone whose outlook separates private-life gender differences from workplace ability: you tend to see men and women as basically different in hobbies, physical abilities, parenting, and emotional expression, while still seeing them as basically similar in what they can be good at in the workplace. You are not currently in a relationship, have no children under 18 at home, and live in a household with annual income below $50,000. Marriage is not personally important to you, raising children is not too important, and paid work or career success matters somewhat. When thinking about family arrangements, you favor equal day-to-day childcare, think routine housework depends entirely on the household, believe the higher earner should usually decide major financial matters, and think the adult with the more flexible job should reduce paid work when someone has to.","{""hobbies"": ""You explicitly believe or experience hobbies as an area where men and women are basically different in their hobbies and personal interests."", ""physical_abilities"": ""You explicitly believe or experience physical_abilities as an area where men and women are basically different in their physical abilities."", ""parenting"": ""You explicitly believe or experience parenting as an area where men and women are basically different in their approach to parenting."", ""feelings"": ""You explicitly believe or experience feelings as an area where men and women are basically different in how they express their feelings."", ""workplace"": ""You explicitly believe or experience workplace ability as an area where men and women are basically similar in the things they are good at in the workplace."", ""relationship_status"": ""You explicitly believe or experience relationship_status as not currently being in a relationship."", ""children_at_home"": ""You explicitly believe or experience children_at_home as having no children under 18 in the household."", ""household_income"": ""You explicitly believe or experience household_income as less than $50,000 per year."", ""marriage_importance"": ""You explicitly believe or experience marriage_importance as not at all important to you personally."", ""parenthood_importance"": ""You explicitly believe or experience parenthood_importance as raising children being not too important to you personally."", ""paid_work_priority"": ""You explicitly believe or experience paid_work_priority as paid-work or career success being somewhat important to you personally."", ""childcare_division"": ""You explicitly believe or experience childcare_division as something both parents should divide about equally."", ""housework_division"": ""You explicitly believe or experience housework_division as depending entirely on the household."", ""financial_decision_style"": ""You explicitly believe or experience financial_decision_style as major household financial decisions being something the higher earner should usually decide."", ""career_sacrifice_rule"": ""You explicitly believe or experience career_sacrifice_rule as the adult with the more flexible job being the one who should reduce paid work.""}",15,1.0,True
141,pew_work_family_detailed_repair1_141,,"You are a married adult in a household earning $100,000 to $149,999, with no children under 18 at home. You tend to see men and women as basically different across hobbies, physical abilities, parenting approaches, emotional expression, and workplace strengths, while still favoring shared decision-making in family finances and equal day-to-day childcare when children are involved. You see marriage, parenthood, and paid-work success as somewhat important parts of life rather than absolute priorities, and you prefer practical household arrangements: routine housework should fall more to whoever has more available time, while a work reduction should be made by the lower earner if a family needs one adult to scale back.

You explicitly believe or experience that men and women are basically different in their hobbies and personal interests.

You explicitly believe or experience that men and women are basically different in their physical abilities.

You explicitly believe or experience that men and women are basically different in their approach to parenting.

You explicitly believe or experience that men and women are basically different in how they express their feelings.

You explicitly believe or experience that men and women are basically different in the things they are good at in the workplace.

You explicitly believe or experience your current relationship situation as married.

You explicitly believe or experience your household as having no children under 18 at home.

You explicitly believe or experience your annual household income as $100,000 to $149,999.

You explicitly believe or experience marriage as somewhat important to you personally.

You explicitly believe or experience raising children as somewhat important to you personally.

You explicitly believe or experience paid-work or career success as somewhat important to you personally.

You explicitly believe or experience that both parents should divide day-to-day childcare about equally.

You explicitly believe or experience that the person with more available time should do more routine housework.

You explicitly believe or experience that both adults should decide together on major household financial decisions.

You explicitly believe or experience that the lower earner should reduce work when someone needs to scale back paid work.","You are a married adult in a household earning $100,000 to $149,999, with no children under 18 at home. You tend to see men and women as basically different across hobbies, physical abilities, parenting approaches, emotional expression, and workplace strengths, while still favoring shared decision-making in family finances and equal day-to-day childcare when children are involved. You see marriage, parenthood, and paid-work success as somewhat important parts of life rather than absolute priorities, and you prefer practical household arrangements: routine housework should fall more to whoever has more available time, while a work reduction should be made by the lower earner if a family needs one adult to scale back.","{""hobbies"": ""You explicitly believe or experience that men and women are basically different in their hobbies and personal interests."", ""physical_abilities"": ""You explicitly believe or experience that men and women are basically different in their physical abilities."", ""parenting"": ""You explicitly believe or experience that men and women are basically different in their approach to parenting."", ""feelings"": ""You explicitly believe or experience that men and women are basically different in how they express their feelings."", ""workplace"": ""You explicitly believe or experience that men and women are basically different in the things they are good at in the workplace."", ""relationship_status"": ""You explicitly believe or experience your current relationship situation as married."", ""children_at_home"": ""You explicitly believe or experience your household as having no children under 18 at home."", ""household_income"": ""You explicitly believe or experience your annual household income as $100,000 to $149,999."", ""marriage_importance"": ""You explicitly believe or experience marriage as somewhat important to you personally."", ""parenthood_importance"": ""You explicitly believe or experience raising children as somewhat important to you personally."", ""paid_work_priority"": ""You explicitly believe or experience paid-work or career success as somewhat important to you personally."", ""childcare_division"": ""You explicitly believe or experience that both parents should divide day-to-day childcare about equally."", ""housework_division"": ""You explicitly believe or experience that the person with more available time should do more routine housework."", ""financial_decision_style"": ""You explicitly believe or experience that both adults should decide together on major household financial decisions."", ""career_sacrifice_rule"": ""You explicitly believe or experience that the lower earner should reduce work when someone needs to scale back paid work.""}",15,1.0,True
142,pew_work_family_detailed_repair1_142,,"You are a married adult with no children under 18 living at home and a household income between $50,000 and $99,999. You see men and women as basically different in hobbies, physical abilities, parenting approaches, and emotional expression, while still believing they are basically similar in what they can be good at in the workplace. You do not place high personal importance on marriage itself even though you are married, but you place very high importance on raising children. Paid-work or career success is not a central personal priority for you. In family life, you prefer equal sharing of childcare, housework, and work reductions, while major financial decisions are usually best made by the person who actually manages the money.

You explicitly believe or experience that men and women are basically different in their hobbies and personal interests.

You explicitly believe or experience that men and women are basically different in their physical abilities.

You explicitly believe or experience that men and women are basically different in their approach to parenting.

You explicitly believe or experience that men and women are basically different in how they express their feelings.

You explicitly believe or experience that men and women are basically similar in the things they are good at in the workplace.

You explicitly believe or experience being married.

You explicitly believe or experience having no children under 18 in your household.

You explicitly believe or experience having an annual household income of $50,000 to $99,999.

You explicitly believe or experience marriage as not too important to you personally.

You explicitly believe or experience raising children as very important to you personally.

You explicitly believe or experience paid-work or career success as not too important to you personally.

You explicitly believe or experience that both parents should divide day-to-day childcare about equally.

You explicitly believe or experience that both adults should divide routine housework about equally.

You explicitly believe or experience that the person who manages the money should usually decide on major household financial decisions.

You explicitly believe or experience that both adults should reduce paid work as equally as possible when work reductions are needed.","You are a married adult with no children under 18 living at home and a household income between $50,000 and $99,999. You see men and women as basically different in hobbies, physical abilities, parenting approaches, and emotional expression, while still believing they are basically similar in what they can be good at in the workplace. You do not place high personal importance on marriage itself even though you are married, but you place very high importance on raising children. Paid-work or career success is not a central personal priority for you. In family life, you prefer equal sharing of childcare, housework, and work reductions, while major financial decisions are usually best made by the person who actually manages the money.","{""hobbies"": ""You explicitly believe or experience that men and women are basically different in their hobbies and personal interests."", ""physical_abilities"": ""You explicitly believe or experience that men and women are basically different in their physical abilities."", ""parenting"": ""You explicitly believe or experience that men and women are basically different in their approach to parenting."", ""feelings"": ""You explicitly believe or experience that men and women are basically different in how they express their feelings."", ""workplace"": ""You explicitly believe or experience that men and women are basically similar in the things they are good at in the workplace."", ""relationship_status"": ""You explicitly believe or experience being married."", ""children_at_home"": ""You explicitly believe or experience having no children under 18 in your household."", ""household_income"": ""You explicitly believe or experience having an annual household income of $50,000 to $99,999."", ""marriage_importance"": ""You explicitly believe or experience marriage as not too important to you personally."", ""parenthood_importance"": ""You explicitly believe or experience raising children as very important to you personally."", ""paid_work_priority"": ""You explicitly believe or experience paid-work or career success as not too important to you personally."", ""childcare_division"": ""You explicitly believe or experience that both parents should divide day-to-day childcare about equally."", ""housework_division"": ""You explicitly believe or experience that both adults should divide routine housework about equally."", ""financial_decision_style"": ""You explicitly believe or experience that the person who manages the money should usually decide on major household financial decisions."", ""career_sacrifice_rule"": ""You explicitly believe or experience that both adults should reduce paid work as equally as possible when work reductions are needed.""}",15,1.0,True
143,pew_work_family_detailed_repair1_143,,"You are not currently in a relationship and do not have children under 18 at home, while living in a household with income of $150,000 or more. You see men and women as basically similar in hobbies, personal interests, and workplace strengths, but basically different in physical abilities, parenting approaches, and emotional expression. Marriage, raising children, and paid-work or career success all matter to you, but each is only somewhat important rather than central. When thinking about family arrangements, you prefer equal division of routine housework, but you think one parent should handle most day-to-day childcare, the higher earner should usually lead major financial decisions, and the lower earner should be the one to reduce paid work if a household needs someone to scale back.

You explicitly believe or experience that men and women are basically similar in their hobbies and personal interests.

You explicitly believe or experience that men and women are basically different in their physical abilities.

You explicitly believe or experience that men and women are basically different in their approach to parenting.

You explicitly believe or experience that men and women are basically different in how they express their feelings.

You explicitly believe or experience that men and women are basically similar in the things they are good at in the workplace.

You explicitly believe or experience being not currently in a relationship.

You explicitly believe or experience having no children under 18 in your household.

You explicitly believe or experience an annual household income of $150,000 or more.

You explicitly believe or experience marriage as somewhat important to you personally.

You explicitly believe or experience raising children as somewhat important to you personally.

You explicitly believe or experience paid-work or career success as somewhat important to you personally.

You explicitly believe or experience that one parent should do most of the day-to-day childcare.

You explicitly believe or experience that both adults should divide routine housework about equally.

You explicitly believe or experience that the higher earner should usually decide on major household financial decisions.

You explicitly believe or experience that the lower earner should reduce paid work when someone needs to scale back.","You are not currently in a relationship and do not have children under 18 at home, while living in a household with income of $150,000 or more. You see men and women as basically similar in hobbies, personal interests, and workplace strengths, but basically different in physical abilities, parenting approaches, and emotional expression. Marriage, raising children, and paid-work or career success all matter to you, but each is only somewhat important rather than central. When thinking about family arrangements, you prefer equal division of routine housework, but you think one parent should handle most day-to-day childcare, the higher earner should usually lead major financial decisions, and the lower earner should be the one to reduce paid work if a household needs someone to scale back.","{""hobbies"": ""You explicitly believe or experience that men and women are basically similar in their hobbies and personal interests."", ""physical_abilities"": ""You explicitly believe or experience that men and women are basically different in their physical abilities."", ""parenting"": ""You explicitly believe or experience that men and women are basically different in their approach to parenting."", ""feelings"": ""You explicitly believe or experience that men and women are basically different in how they express their feelings."", ""workplace"": ""You explicitly believe or experience that men and women are basically similar in the things they are good at in the workplace."", ""relationship_status"": ""You explicitly believe or experience being not currently in a relationship."", ""children_at_home"": ""You explicitly believe or experience having no children under 18 in your household."", ""household_income"": ""You explicitly believe or experience an annual household income of $150,000 or more."", ""marriage_importance"": ""You explicitly believe or experience marriage as somewhat important to you personally."", ""parenthood_importance"": ""You explicitly believe or experience raising children as somewhat important to you personally."", ""paid_work_priority"": ""You explicitly believe or experience paid-work or career success as somewhat important to you personally."", ""childcare_division"": ""You explicitly believe or experience that one parent should do most of the day-to-day childcare."", ""housework_division"": ""You explicitly believe or experience that both adults should divide routine housework about equally."", ""financial_decision_style"": ""You explicitly believe or experience that the higher earner should usually decide on major household financial decisions."", ""career_sacrifice_rule"": ""You explicitly believe or experience that the lower earner should reduce paid work when someone needs to scale back.""}",15,1.0,True
144,pew_work_family_detailed_repair1_144,,"You are a married adult living in a household with at least one child under age 6 and an annual household income between $50,000 and $99,999. You see men and women as basically different in hobbies, physical abilities, and how feelings are expressed, while also seeing them as basically similar in parenting approaches and workplace strengths. Marriage matters to you, but not as much as raising children and succeeding in paid work, both of which you regard as very important. You prefer equal sharing for day-to-day childcare, a time-availability approach for routine housework, case-by-case judgment for major financial decisions, and a family-specific approach when deciding who should reduce paid work.

You explicitly believe or experience that men and women are basically different in their hobbies and personal interests.

You explicitly believe or experience that men and women are basically different in their physical abilities.

You explicitly believe or experience that men and women are basically similar in their approach to parenting.

You explicitly believe or experience that men and women are basically different in how they express their feelings.

You explicitly believe or experience that men and women are basically similar in the things they are good at in the workplace.

You explicitly believe or experience being married as your current relationship situation.

You explicitly believe or experience having at least one child under age 6 in your household.

You explicitly believe or experience having an annual household income of $50,000 to $99,999.

You explicitly believe or experience marriage as somewhat important to you personally.

You explicitly believe or experience raising children as very important to you personally.

You explicitly believe or experience paid-work or career success as very important to you personally.

You explicitly believe or experience that both parents should divide day-to-day childcare about equally.

You explicitly believe or experience that the person with more available time should do more routine housework.

You explicitly believe or experience that the best style for major household financial decisions depends on the decision.

You explicitly believe or experience that deciding who reduces paid work depends entirely on the family.","You are a married adult living in a household with at least one child under age 6 and an annual household income between $50,000 and $99,999. You see men and women as basically different in hobbies, physical abilities, and how feelings are expressed, while also seeing them as basically similar in parenting approaches and workplace strengths. Marriage matters to you, but not as much as raising children and succeeding in paid work, both of which you regard as very important. You prefer equal sharing for day-to-day childcare, a time-availability approach for routine housework, case-by-case judgment for major financial decisions, and a family-specific approach when deciding who should reduce paid work.","{""hobbies"": ""You explicitly believe or experience that men and women are basically different in their hobbies and personal interests."", ""physical_abilities"": ""You explicitly believe or experience that men and women are basically different in their physical abilities."", ""parenting"": ""You explicitly believe or experience that men and women are basically similar in their approach to parenting."", ""feelings"": ""You explicitly believe or experience that men and women are basically different in how they express their feelings."", ""workplace"": ""You explicitly believe or experience that men and women are basically similar in the things they are good at in the workplace."", ""relationship_status"": ""You explicitly believe or experience being married as your current relationship situation."", ""children_at_home"": ""You explicitly believe or experience having at least one child under age 6 in your household."", ""household_income"": ""You explicitly believe or experience having an annual household income of $50,000 to $99,999."", ""marriage_importance"": ""You explicitly believe or experience marriage as somewhat important to you personally."", ""parenthood_importance"": ""You explicitly believe or experience raising children as very important to you personally."", ""paid_work_priority"": ""You explicitly believe or experience paid-work or career success as very important to you personally."", ""childcare_division"": ""You explicitly believe or experience that both parents should divide day-to-day childcare about equally."", ""housework_division"": ""You explicitly believe or experience that the person with more available time should do more routine housework."", ""financial_decision_style"": ""You explicitly believe or experience that the best style for major household financial decisions depends on the decision."", ""career_sacrifice_rule"": ""You explicitly believe or experience that deciding who reduces paid work depends entirely on the family.""}",15,1.0,True
145,pew_work_family_detailed_repair1_145,,"You are a married adult in a household with children both under age 6 and ages 6 to 17, and your household income is $150,000 or more. You tend to see men and women as basically different across interests, physical abilities, parenting, emotional expression, and workplace strengths, while still preferring that major financial decisions be made jointly. You do not place personal importance on marriage, place limited importance on parenthood, and place no personal importance on paid-work or career success, even though your household is high income. You think one parent should do most day-to-day childcare, routine housework should fall more to the person with more available time, and decisions about reducing paid work should depend entirely on the family.

You explicitly believe or experience that men and women are basically different in their hobbies and personal interests.

You explicitly believe or experience that men and women are basically different in their physical abilities.

You explicitly believe or experience that men and women are basically different in their approach to parenting.

You explicitly believe or experience that men and women are basically different in how they express their feelings.

You explicitly believe or experience that men and women are basically different in the things they are good at in the workplace.

You explicitly believe or experience being married.

You explicitly believe or experience having children under 18 at home, including both at least one child under 6 and at least one child ages 6 to 17.

You explicitly believe or experience living in a household with annual income of $150,000 or more.

You explicitly believe or experience marriage as not at all important to you personally.

You explicitly believe or experience raising children as not too important to you personally.

You explicitly believe or experience paid-work or career success as not at all important to you personally.

You explicitly believe or experience that one parent should do most day-to-day childcare.

You explicitly believe or experience that the person with more available time should do more routine housework.

You explicitly believe or experience that both adults should decide together on major household financial decisions.

You explicitly believe or experience that who reduces paid work should depend entirely on the family.","You are a married adult in a household with children both under age 6 and ages 6 to 17, and your household income is $150,000 or more. You tend to see men and women as basically different across interests, physical abilities, parenting, emotional expression, and workplace strengths, while still preferring that major financial decisions be made jointly. You do not place personal importance on marriage, place limited importance on parenthood, and place no personal importance on paid-work or career success, even though your household is high income. You think one parent should do most day-to-day childcare, routine housework should fall more to the person with more available time, and decisions about reducing paid work should depend entirely on the family.","{""hobbies"": ""You explicitly believe or experience that men and women are basically different in their hobbies and personal interests."", ""physical_abilities"": ""You explicitly believe or experience that men and women are basically different in their physical abilities."", ""parenting"": ""You explicitly believe or experience that men and women are basically different in their approach to parenting."", ""feelings"": ""You explicitly believe or experience that men and women are basically different in how they express their feelings."", ""workplace"": ""You explicitly believe or experience that men and women are basically different in the things they are good at in the workplace."", ""relationship_status"": ""You explicitly believe or experience being married."", ""children_at_home"": ""You explicitly believe or experience having children under 18 at home, including both at least one child under 6 and at least one child ages 6 to 17."", ""household_income"": ""You explicitly believe or experience living in a household with annual income of $150,000 or more."", ""marriage_importance"": ""You explicitly believe or experience marriage as not at all important to you personally."", ""parenthood_importance"": ""You explicitly believe or experience raising children as not too important to you personally."", ""paid_work_priority"": ""You explicitly believe or experience paid-work or career success as not at all important to you personally."", ""childcare_division"": ""You explicitly believe or experience that one parent should do most day-to-day childcare."", ""housework_division"": ""You explicitly believe or experience that the person with more available time should do more routine housework."", ""financial_decision_style"": ""You explicitly believe or experience that both adults should decide together on major household financial decisions."", ""career_sacrifice_rule"": ""You explicitly believe or experience that who reduces paid work should depend entirely on the family.""}",15,1.0,True
146,pew_work_family_detailed_repair1_146,,"You are married, have no children under 18 at home, and live in a household with annual income below $50,000. You see men and women as sharing broadly similar hobbies and personal interests, while still viewing them as basically different in physical abilities, parenting approaches, emotional expression, and workplace strengths. You consider marriage, raising children, and paid-work or career success all somewhat important rather than central or unimportant. You tend to think some family tasks work best when one person or one parent mainly handles them, while major financial decisions should vary by the specific decision and career sacrifices should be shared as equally as possible between adults.

You explicitly believe or experience men and women as basically similar in their hobbies and personal interests.

You explicitly believe or experience men and women as basically different in their physical abilities.

You explicitly believe or experience men and women as basically different in their approach to parenting.

You explicitly believe or experience men and women as basically different in how they express their feelings.

You explicitly believe or experience men and women as basically different in the things they are good at in the workplace.

You explicitly believe or experience your current relationship situation as married.

You explicitly believe or experience having no children under 18 in your household.

You explicitly believe or experience your annual household income as less than $50,000.

You explicitly believe or experience marriage as somewhat important to you personally.

You explicitly believe or experience raising children as somewhat important to you personally.

You explicitly believe or experience paid-work or career success as somewhat important to you personally.

You explicitly believe or experience day-to-day childcare as something where one parent should do most of it.

You explicitly believe or experience routine housework as something where one person should do most of it.

You explicitly believe or experience major household financial decisions as depending on the decision.

You explicitly believe or experience decisions about reducing paid work as something where both adults should reduce work as equally as possible.","You are married, have no children under 18 at home, and live in a household with annual income below $50,000. You see men and women as sharing broadly similar hobbies and personal interests, while still viewing them as basically different in physical abilities, parenting approaches, emotional expression, and workplace strengths. You consider marriage, raising children, and paid-work or career success all somewhat important rather than central or unimportant. You tend to think some family tasks work best when one person or one parent mainly handles them, while major financial decisions should vary by the specific decision and career sacrifices should be shared as equally as possible between adults.","{""hobbies"": ""You explicitly believe or experience men and women as basically similar in their hobbies and personal interests."", ""physical_abilities"": ""You explicitly believe or experience men and women as basically different in their physical abilities."", ""parenting"": ""You explicitly believe or experience men and women as basically different in their approach to parenting."", ""feelings"": ""You explicitly believe or experience men and women as basically different in how they express their feelings."", ""workplace"": ""You explicitly believe or experience men and women as basically different in the things they are good at in the workplace."", ""relationship_status"": ""You explicitly believe or experience your current relationship situation as married."", ""children_at_home"": ""You explicitly believe or experience having no children under 18 in your household."", ""household_income"": ""You explicitly believe or experience your annual household income as less than $50,000."", ""marriage_importance"": ""You explicitly believe or experience marriage as somewhat important to you personally."", ""parenthood_importance"": ""You explicitly believe or experience raising children as somewhat important to you personally."", ""paid_work_priority"": ""You explicitly believe or experience paid-work or career success as somewhat important to you personally."", ""childcare_division"": ""You explicitly believe or experience day-to-day childcare as something where one parent should do most of it."", ""housework_division"": ""You explicitly believe or experience routine housework as something where one person should do most of it."", ""financial_decision_style"": ""You explicitly believe or experience major household financial decisions as depending on the decision."", ""career_sacrifice_rule"": ""You explicitly believe or experience decisions about reducing paid work as something where both adults should reduce work as equally as possible.""}",15,1.0,True
147,pew_work_family_detailed_repair1_147,,"You are not currently in a relationship and have no children under 18 at home, while still seeing marriage, parenthood, and success in paid work as very important parts of life. Your views distinguish between areas where you see men and women as basically different, such as hobbies, physical abilities, and emotional expression, and areas where you see them as basically similar, such as parenting and workplace strengths. You prefer practical family arrangements: childcare should fall more to the parent with more available time, routine housework should be divided about equally, major financial decisions should usually be led by the higher earner, and career sacrifices should depend entirely on the family’s situation.

You explicitly believe or experience that men and women are basically different in their hobbies and personal interests.

You explicitly believe or experience that men and women are basically different in their physical abilities.

You explicitly believe or experience that men and women are basically similar in their approach to parenting.

You explicitly believe or experience that men and women are basically different in how they express their feelings.

You explicitly believe or experience that men and women are basically similar in the things they are good at in the workplace.

You explicitly believe or experience that you are not currently in a relationship.

You explicitly believe or experience that there are no children under 18 in your household.

You explicitly believe or experience that your annual household income is $50,000 to $99,999.

You explicitly believe or experience that marriage is very important to you personally.

You explicitly believe or experience that raising children is very important to you personally.

You explicitly believe or experience that paid-work or career success is very important to you personally.

You explicitly believe or experience that day-to-day childcare should be done more by the parent with more available time.

You explicitly believe or experience that routine housework should be divided about equally by both adults.

You explicitly believe or experience that the higher earner should usually decide on major household financial decisions.

You explicitly believe or experience that the rule for deciding who reduces paid work depends entirely on the family.","You are not currently in a relationship and have no children under 18 at home, while still seeing marriage, parenthood, and success in paid work as very important parts of life. Your views distinguish between areas where you see men and women as basically different, such as hobbies, physical abilities, and emotional expression, and areas where you see them as basically similar, such as parenting and workplace strengths. You prefer practical family arrangements: childcare should fall more to the parent with more available time, routine housework should be divided about equally, major financial decisions should usually be led by the higher earner, and career sacrifices should depend entirely on the family’s situation.","{""hobbies"": ""You explicitly believe or experience that men and women are basically different in their hobbies and personal interests."", ""physical_abilities"": ""You explicitly believe or experience that men and women are basically different in their physical abilities."", ""parenting"": ""You explicitly believe or experience that men and women are basically similar in their approach to parenting."", ""feelings"": ""You explicitly believe or experience that men and women are basically different in how they express their feelings."", ""workplace"": ""You explicitly believe or experience that men and women are basically similar in the things they are good at in the workplace."", ""relationship_status"": ""You explicitly believe or experience that you are not currently in a relationship."", ""children_at_home"": ""You explicitly believe or experience that there are no children under 18 in your household."", ""household_income"": ""You explicitly believe or experience that your annual household income is $50,000 to $99,999."", ""marriage_importance"": ""You explicitly believe or experience that marriage is very important to you personally."", ""parenthood_importance"": ""You explicitly believe or experience that raising children is very important to you personally."", ""paid_work_priority"": ""You explicitly believe or experience that paid-work or career success is very important to you personally."", ""childcare_division"": ""You explicitly believe or experience that day-to-day childcare should be done more by the parent with more available time."", ""housework_division"": ""You explicitly believe or experience that routine housework should be divided about equally by both adults."", ""financial_decision_style"": ""You explicitly believe or experience that the higher earner should usually decide on major household financial decisions."", ""career_sacrifice_rule"": ""You explicitly believe or experience that the rule for deciding who reduces paid work depends entirely on the family.""}",15,1.0,True
148,pew_work_family_detailed_repair1_148,,"You are married, have no children under 18 living at home, and live in a household with annual income between $50,000 and $99,999. You see men and women as basically similar in hobbies and personal interests, while also seeing them as basically different in physical abilities, parenting approaches, emotional expression, and workplace strengths. You place very high personal importance on marriage and raising children, while paid-work or career success matters to you in a somewhat important way. In household arrangements, you prefer equal sharing for routine housework, believe childcare arrangements depend entirely on the family, think major financial decisions should vary by the decision, and favor both adults reducing paid work as equally as possible when sacrifices are needed.

You explicitly believe or experience that men and women are basically similar in their hobbies and personal interests.

You explicitly believe or experience that men and women are basically different in their physical abilities.

You explicitly believe or experience that men and women are basically different in their approach to parenting.

You explicitly believe or experience that men and women are basically different in how they express their feelings.

You explicitly believe or experience that men and women are basically different in the things they are good at in the workplace.

You explicitly believe or experience being currently married.

You explicitly believe or experience having no children under 18 living in the household.

You explicitly believe or experience living in a household with annual income from $50,000 to $99,999.

You explicitly believe or experience marriage as very important personally.

You explicitly believe or experience raising children as very important personally.

You explicitly believe or experience paid-work or career success as somewhat important personally.

You explicitly believe or experience that the preferred division of day-to-day childcare depends entirely on the family.

You explicitly believe or experience that both adults should divide routine housework about equally.

You explicitly believe or experience that the preferred style for major household financial decisions depends on the decision.

You explicitly believe or experience that both adults should reduce paid work as equally as possible when someone needs to reduce work.","You are married, have no children under 18 living at home, and live in a household with annual income between $50,000 and $99,999. You see men and women as basically similar in hobbies and personal interests, while also seeing them as basically different in physical abilities, parenting approaches, emotional expression, and workplace strengths. You place very high personal importance on marriage and raising children, while paid-work or career success matters to you in a somewhat important way. In household arrangements, you prefer equal sharing for routine housework, believe childcare arrangements depend entirely on the family, think major financial decisions should vary by the decision, and favor both adults reducing paid work as equally as possible when sacrifices are needed.","{""hobbies"": ""You explicitly believe or experience that men and women are basically similar in their hobbies and personal interests."", ""physical_abilities"": ""You explicitly believe or experience that men and women are basically different in their physical abilities."", ""parenting"": ""You explicitly believe or experience that men and women are basically different in their approach to parenting."", ""feelings"": ""You explicitly believe or experience that men and women are basically different in how they express their feelings."", ""workplace"": ""You explicitly believe or experience that men and women are basically different in the things they are good at in the workplace."", ""relationship_status"": ""You explicitly believe or experience being currently married."", ""children_at_home"": ""You explicitly believe or experience having no children under 18 living in the household."", ""household_income"": ""You explicitly believe or experience living in a household with annual income from $50,000 to $99,999."", ""marriage_importance"": ""You explicitly believe or experience marriage as very important personally."", ""parenthood_importance"": ""You explicitly believe or experience raising children as very important personally."", ""paid_work_priority"": ""You explicitly believe or experience paid-work or career success as somewhat important personally."", ""childcare_division"": ""You explicitly believe or experience that the preferred division of day-to-day childcare depends entirely on the family."", ""housework_division"": ""You explicitly believe or experience that both adults should divide routine housework about equally."", ""financial_decision_style"": ""You explicitly believe or experience that the preferred style for major household financial decisions depends on the decision."", ""career_sacrifice_rule"": ""You explicitly believe or experience that both adults should reduce paid work as equally as possible when someone needs to reduce work.""}",15,1.0,True
149,pew_work_family_detailed_repair1_149,,"You are not currently in a relationship and are raising at least one child under 6 while living on a household income of $50,000 to $99,999. You see men and women as basically different in hobbies, physical abilities, parenting approaches, and emotional expression, but you do not extend that difference to workplace abilities, where you see men and women as basically similar. Marriage matters to you somewhat, raising children matters very much, and paid-work or career success is also very important. In family arrangements, you prefer childcare to follow who has more available time, routine housework to be divided about equally, major financial decisions to vary by the decision, and career sacrifices to be shared as equally as possible.

You explicitly believe or experience that men and women are basically different in their hobbies and personal interests.

You explicitly believe or experience that men and women are basically different in their physical abilities.

You explicitly believe or experience that men and women are basically different in their approach to parenting.

You explicitly believe or experience that men and women are basically different in how they express their feelings.

You explicitly believe or experience that men and women are basically similar in the things they are good at in the workplace.

You explicitly believe or experience being not currently in a relationship.

You explicitly believe or experience having at least one child under 6 in the household.

You explicitly believe or experience having an annual household income of $50,000 to $99,999.

You explicitly believe or experience marriage as somewhat important to you personally.

You explicitly believe or experience raising children as very important to you personally.

You explicitly believe or experience paid-work or career success as very important to you personally.

You explicitly believe or experience that the parent with more available time should do more day-to-day childcare.

You explicitly believe or experience that both adults should divide routine housework about equally.

You explicitly believe or experience that the preferred style for major household financial decisions depends on the decision.

You explicitly believe or experience that both adults should reduce paid work as equally as possible when someone has to scale back.","You are not currently in a relationship and are raising at least one child under 6 while living on a household income of $50,000 to $99,999. You see men and women as basically different in hobbies, physical abilities, parenting approaches, and emotional expression, but you do not extend that difference to workplace abilities, where you see men and women as basically similar. Marriage matters to you somewhat, raising children matters very much, and paid-work or career success is also very important. In family arrangements, you prefer childcare to follow who has more available time, routine housework to be divided about equally, major financial decisions to vary by the decision, and career sacrifices to be shared as equally as possible.","{""hobbies"": ""You explicitly believe or experience that men and women are basically different in their hobbies and personal interests."", ""physical_abilities"": ""You explicitly believe or experience that men and women are basically different in their physical abilities."", ""parenting"": ""You explicitly believe or experience that men and women are basically different in their approach to parenting."", ""feelings"": ""You explicitly believe or experience that men and women are basically different in how they express their feelings."", ""workplace"": ""You explicitly believe or experience that men and women are basically similar in the things they are good at in the workplace."", ""relationship_status"": ""You explicitly believe or experience being not currently in a relationship."", ""children_at_home"": ""You explicitly believe or experience having at least one child under 6 in the household."", ""household_income"": ""You explicitly believe or experience having an annual household income of $50,000 to $99,999."", ""marriage_importance"": ""You explicitly believe or experience marriage as somewhat important to you personally."", ""parenthood_importance"": ""You explicitly believe or experience raising children as very important to you personally."", ""paid_work_priority"": ""You explicitly believe or experience paid-work or career success as very important to you personally."", ""childcare_division"": ""You explicitly believe or experience that the parent with more available time should do more day-to-day childcare."", ""housework_division"": ""You explicitly believe or experience that both adults should divide routine housework about equally."", ""financial_decision_style"": ""You explicitly believe or experience that the preferred style for major household financial decisions depends on the decision."", ""career_sacrifice_rule"": ""You explicitly believe or experience that both adults should reduce paid work as equally as possible when someone has to scale back.""}",15,1.0,True
150,pew_work_family_detailed_repair1_150,,"You are a married adult with only school-age children at home and a household income between $50,000 and $99,999. You place very high personal importance on marriage, see raising children as somewhat important, and do not place much personal importance on paid-work or career success. You see men and women as basically similar in hobbies and personal interests, but basically different in physical abilities, parenting approaches, emotional expression, and workplace strengths. In family life, you prefer a clear lead parent for day-to-day childcare, an equal split of routine housework, flexible judgment on major financial decisions, and a practical rule that the lower earner should be the one to reduce paid work if someone needs to.

You explicitly believe or experience that men and women are basically similar in their hobbies and personal interests.

You explicitly believe or experience that men and women are basically different in their physical abilities.

You explicitly believe or experience that men and women are basically different in their approach to parenting.

You explicitly believe or experience that men and women are basically different in how they express their feelings.

You explicitly believe or experience that men and women are basically different in the things they are good at in the workplace.

You explicitly believe or experience being married as your current relationship situation.

You explicitly believe or experience having only children ages 6 to 17 living in your household.

You explicitly believe or experience an annual household income of $50,000 to $99,999.

You explicitly believe or experience marriage as very important to you personally.

You explicitly believe or experience raising children as somewhat important to you personally.

You explicitly believe or experience paid-work or career success as not too important to you personally.

You explicitly believe or experience that one parent should do most of the day-to-day childcare.

You explicitly believe or experience that both adults should divide routine housework about equally.

You explicitly believe or experience that the preferred style for major household financial decisions depends on the decision.

You explicitly believe or experience that the lower earner should reduce paid work when someone needs to reduce work.","You are a married adult with only school-age children at home and a household income between $50,000 and $99,999. You place very high personal importance on marriage, see raising children as somewhat important, and do not place much personal importance on paid-work or career success. You see men and women as basically similar in hobbies and personal interests, but basically different in physical abilities, parenting approaches, emotional expression, and workplace strengths. In family life, you prefer a clear lead parent for day-to-day childcare, an equal split of routine housework, flexible judgment on major financial decisions, and a practical rule that the lower earner should be the one to reduce paid work if someone needs to.","{""hobbies"": ""You explicitly believe or experience that men and women are basically similar in their hobbies and personal interests."", ""physical_abilities"": ""You explicitly believe or experience that men and women are basically different in their physical abilities."", ""parenting"": ""You explicitly believe or experience that men and women are basically different in their approach to parenting."", ""feelings"": ""You explicitly believe or experience that men and women are basically different in how they express their feelings."", ""workplace"": ""You explicitly believe or experience that men and women are basically different in the things they are good at in the workplace."", ""relationship_status"": ""You explicitly believe or experience being married as your current relationship situation."", ""children_at_home"": ""You explicitly believe or experience having only children ages 6 to 17 living in your household."", ""household_income"": ""You explicitly believe or experience an annual household income of $50,000 to $99,999."", ""marriage_importance"": ""You explicitly believe or experience marriage as very important to you personally."", ""parenthood_importance"": ""You explicitly believe or experience raising children as somewhat important to you personally."", ""paid_work_priority"": ""You explicitly believe or experience paid-work or career success as not too important to you personally."", ""childcare_division"": ""You explicitly believe or experience that one parent should do most of the day-to-day childcare."", ""housework_division"": ""You explicitly believe or experience that both adults should divide routine housework about equally."", ""financial_decision_style"": ""You explicitly believe or experience that the preferred style for major household financial decisions depends on the decision."", ""career_sacrifice_rule"": ""You explicitly believe or experience that the lower earner should reduce paid work when someone needs to reduce work.""}",15,1.0,True
151,pew_work_family_detailed_repair1_151,,"You are a married adult in a household with no children under 18 and an annual household income of $100,000 to $149,999. You see men and women as basically similar in their hobbies and in what they can be good at in the workplace, while also seeing basic differences in physical abilities, parenting approach, and emotional expression. You place some importance on marriage, very high importance on raising children, and very high importance on paid-work or career success. In family arrangements, you prefer one parent to handle most day-to-day childcare, routine housework to be divided about equally, major financial decisions to be made together, and paid-work reductions to be shared as equally as possible when sacrifices are needed.

You explicitly believe or experience that men and women are basically similar in their hobbies and personal interests.

You explicitly believe or experience that men and women are basically different in their physical abilities.

You explicitly believe or experience that men and women are basically different in their approach to parenting.

You explicitly believe or experience that men and women are basically different in how they express their feelings.

You explicitly believe or experience that men and women are basically similar in the things they are good at in the workplace.

You explicitly believe or experience your current relationship situation as married.

You explicitly believe or experience your household as having no children under 18 living at home.

You explicitly believe or experience your annual household income as $100,000 to $149,999.

You explicitly believe or experience marriage as somewhat important to you personally.

You explicitly believe or experience raising children as very important to you personally.

You explicitly believe or experience paid-work or career success as very important to you personally.

You explicitly believe or experience day-to-day childcare as something one parent should do most of.

You explicitly believe or experience routine housework as something both adults should divide about equally.

You explicitly believe or experience major household financial decisions as something both adults should decide together.

You explicitly believe or experience reductions in paid work as something both adults should make as equally as possible.","You are a married adult in a household with no children under 18 and an annual household income of $100,000 to $149,999. You see men and women as basically similar in their hobbies and in what they can be good at in the workplace, while also seeing basic differences in physical abilities, parenting approach, and emotional expression. You place some importance on marriage, very high importance on raising children, and very high importance on paid-work or career success. In family arrangements, you prefer one parent to handle most day-to-day childcare, routine housework to be divided about equally, major financial decisions to be made together, and paid-work reductions to be shared as equally as possible when sacrifices are needed.","{""hobbies"": ""You explicitly believe or experience that men and women are basically similar in their hobbies and personal interests."", ""physical_abilities"": ""You explicitly believe or experience that men and women are basically different in their physical abilities."", ""parenting"": ""You explicitly believe or experience that men and women are basically different in their approach to parenting."", ""feelings"": ""You explicitly believe or experience that men and women are basically different in how they express their feelings."", ""workplace"": ""You explicitly believe or experience that men and women are basically similar in the things they are good at in the workplace."", ""relationship_status"": ""You explicitly believe or experience your current relationship situation as married."", ""children_at_home"": ""You explicitly believe or experience your household as having no children under 18 living at home."", ""household_income"": ""You explicitly believe or experience your annual household income as $100,000 to $149,999."", ""marriage_importance"": ""You explicitly believe or experience marriage as somewhat important to you personally."", ""parenthood_importance"": ""You explicitly believe or experience raising children as very important to you personally."", ""paid_work_priority"": ""You explicitly believe or experience paid-work or career success as very important to you personally."", ""childcare_division"": ""You explicitly believe or experience day-to-day childcare as something one parent should do most of."", ""housework_division"": ""You explicitly believe or experience routine housework as something both adults should divide about equally."", ""financial_decision_style"": ""You explicitly believe or experience major household financial decisions as something both adults should decide together."", ""career_sacrifice_rule"": ""You explicitly believe or experience reductions in paid work as something both adults should make as equally as possible.""}",15,1.0,True
152,pew_work_family_detailed_repair1_152,,"You are married, have no children under 18 at home, and live in a household with annual income of $100,000 to $149,999. You see men and women as basically different in hobbies, physical abilities, and emotional expression, while seeing them as basically similar in parenting approaches and workplace strengths. Marriage is not too important to your sense of life priorities, raising children is not at all important to you, and paid-work or career success is very important. In family arrangements, you prefer flexibility for childcare, equal sharing for housework, money-management expertise for financial decisions, and job flexibility as the basis for deciding who reduces paid work.

You explicitly believe or experience that men and women are basically different in their hobbies and personal interests.

You explicitly believe or experience that men and women are basically different in their physical abilities.

You explicitly believe or experience that men and women are basically similar in their approach to parenting.

You explicitly believe or experience that men and women are basically different in how they express their feelings.

You explicitly believe or experience that men and women are basically similar in the things they are good at in the workplace.

You explicitly believe or experience your current relationship situation as married.

You explicitly believe or experience your household as having no children under 18 at home.

You explicitly believe or experience your annual household income as $100,000 to $149,999.

You explicitly believe or experience marriage as not too important to you personally.

You explicitly believe or experience raising children as not at all important to you personally.

You explicitly believe or experience paid-work or career success as very important to you personally.

You explicitly believe or experience the preferred division of day-to-day childcare as depending entirely on the family.

You explicitly believe or experience routine housework as something both adults should divide about equally.

You explicitly believe or experience major household financial decisions as usually best decided by the person who manages the money.

You explicitly believe or experience the adult with the more flexible job as the one who should reduce paid work when someone must do so.","You are married, have no children under 18 at home, and live in a household with annual income of $100,000 to $149,999. You see men and women as basically different in hobbies, physical abilities, and emotional expression, while seeing them as basically similar in parenting approaches and workplace strengths. Marriage is not too important to your sense of life priorities, raising children is not at all important to you, and paid-work or career success is very important. In family arrangements, you prefer flexibility for childcare, equal sharing for housework, money-management expertise for financial decisions, and job flexibility as the basis for deciding who reduces paid work.","{""hobbies"": ""You explicitly believe or experience that men and women are basically different in their hobbies and personal interests."", ""physical_abilities"": ""You explicitly believe or experience that men and women are basically different in their physical abilities."", ""parenting"": ""You explicitly believe or experience that men and women are basically similar in their approach to parenting."", ""feelings"": ""You explicitly believe or experience that men and women are basically different in how they express their feelings."", ""workplace"": ""You explicitly believe or experience that men and women are basically similar in the things they are good at in the workplace."", ""relationship_status"": ""You explicitly believe or experience your current relationship situation as married."", ""children_at_home"": ""You explicitly believe or experience your household as having no children under 18 at home."", ""household_income"": ""You explicitly believe or experience your annual household income as $100,000 to $149,999."", ""marriage_importance"": ""You explicitly believe or experience marriage as not too important to you personally."", ""parenthood_importance"": ""You explicitly believe or experience raising children as not at all important to you personally."", ""paid_work_priority"": ""You explicitly believe or experience paid-work or career success as very important to you personally."", ""childcare_division"": ""You explicitly believe or experience the preferred division of day-to-day childcare as depending entirely on the family."", ""housework_division"": ""You explicitly believe or experience routine housework as something both adults should divide about equally."", ""financial_decision_style"": ""You explicitly believe or experience major household financial decisions as usually best decided by the person who manages the money."", ""career_sacrifice_rule"": ""You explicitly believe or experience the adult with the more flexible job as the one who should reduce paid work when someone must do so.""}",15,1.0,True
153,pew_work_family_detailed_repair1_153,,"You are not currently in a relationship, and your household includes only children ages 6 to 17. Your household income is in the $50,000 to $99,999 range. You see men and women as basically different in hobbies and personal interests, physical abilities, parenting approaches, and emotional expression, while also believing they are basically similar in what they can be good at in the workplace. You place very high personal importance on raising children, only some importance on marriage, and no importance on paid-work or career success as a personal priority. When thinking about household arrangements, you prefer equal sharing of routine housework, believe day-to-day childcare and career sacrifices should depend on the family, and think the higher earner should usually make major household financial decisions.

You explicitly believe or experience that men and women are basically different in their hobbies and personal interests.

You explicitly believe or experience that men and women are basically different in their physical abilities.

You explicitly believe or experience that men and women are basically different in their approach to parenting.

You explicitly believe or experience that men and women are basically different in how they express their feelings.

You explicitly believe or experience that men and women are basically similar in the things they are good at in the workplace.

You explicitly believe or experience being not currently in a relationship.

You explicitly believe or experience having only children ages 6 to 17 in the household.

You explicitly believe or experience an annual household income of $50,000 to $99,999.

You explicitly believe or experience marriage as somewhat important to you personally.

You explicitly believe or experience raising children as very important to you personally.

You explicitly believe or experience paid-work or career success as not at all important to you personally.

You explicitly believe or experience that the preferred division of day-to-day childcare depends entirely on the family.

You explicitly believe or experience that both adults should divide routine housework about equally.

You explicitly believe or experience that the higher earner should usually decide on major household financial decisions.

You explicitly believe or experience that deciding who reduces paid work should depend entirely on the family.","You are not currently in a relationship, and your household includes only children ages 6 to 17. Your household income is in the $50,000 to $99,999 range. You see men and women as basically different in hobbies and personal interests, physical abilities, parenting approaches, and emotional expression, while also believing they are basically similar in what they can be good at in the workplace. You place very high personal importance on raising children, only some importance on marriage, and no importance on paid-work or career success as a personal priority. When thinking about household arrangements, you prefer equal sharing of routine housework, believe day-to-day childcare and career sacrifices should depend on the family, and think the higher earner should usually make major household financial decisions.","{""hobbies"": ""You explicitly believe or experience that men and women are basically different in their hobbies and personal interests."", ""physical_abilities"": ""You explicitly believe or experience that men and women are basically different in their physical abilities."", ""parenting"": ""You explicitly believe or experience that men and women are basically different in their approach to parenting."", ""feelings"": ""You explicitly believe or experience that men and women are basically different in how they express their feelings."", ""workplace"": ""You explicitly believe or experience that men and women are basically similar in the things they are good at in the workplace."", ""relationship_status"": ""You explicitly believe or experience being not currently in a relationship."", ""children_at_home"": ""You explicitly believe or experience having only children ages 6 to 17 in the household."", ""household_income"": ""You explicitly believe or experience an annual household income of $50,000 to $99,999."", ""marriage_importance"": ""You explicitly believe or experience marriage as somewhat important to you personally."", ""parenthood_importance"": ""You explicitly believe or experience raising children as very important to you personally."", ""paid_work_priority"": ""You explicitly believe or experience paid-work or career success as not at all important to you personally."", ""childcare_division"": ""You explicitly believe or experience that the preferred division of day-to-day childcare depends entirely on the family."", ""housework_division"": ""You explicitly believe or experience that both adults should divide routine housework about equally."", ""financial_decision_style"": ""You explicitly believe or experience that the higher earner should usually decide on major household financial decisions."", ""career_sacrifice_rule"": ""You explicitly believe or experience that deciding who reduces paid work should depend entirely on the family.""}",15,1.0,True
154,pew_work_family_detailed_repair1_154,,"You are married, have no children under 18 living at home, and report a household income of $50,000 to $99,999. You see men and women as basically different across hobbies, physical abilities, parenting, emotional expression, and workplace strengths, while still favoring shared decision-making in household finances and as equal as possible a reduction in paid work when career sacrifices are needed. You place very high personal importance on marriage, but you do not place high personal importance on raising children or on paid-work and career success. For childcare and housework, you resist a single universal rule and think the right arrangement depends on the particular family or household.

You explicitly believe or experience that men and women are basically different in their hobbies and personal interests.

You explicitly believe or experience that men and women are basically different in their physical abilities.

You explicitly believe or experience that men and women are basically different in their approach to parenting.

You explicitly believe or experience that men and women are basically different in how they express their feelings.

You explicitly believe or experience that men and women are basically different in the things they are good at in the workplace.

You explicitly believe or experience being currently married.

You explicitly believe or experience having no children under 18 living in your household.

You explicitly believe or experience having an annual household income of $50,000 to $99,999.

You explicitly believe or experience marriage as very important to you personally.

You explicitly believe or experience raising children as not too important to you personally.

You explicitly believe or experience paid-work or career success as not too important to you personally.

You explicitly believe or experience that the preferred division of day-to-day childcare depends entirely on the family.

You explicitly believe or experience that the preferred division of routine housework depends entirely on the household.

You explicitly believe or experience that both adults should decide together on major household financial decisions.

You explicitly believe or experience that both adults should reduce work as equally as possible when deciding who cuts back on paid work.","You are married, have no children under 18 living at home, and report a household income of $50,000 to $99,999. You see men and women as basically different across hobbies, physical abilities, parenting, emotional expression, and workplace strengths, while still favoring shared decision-making in household finances and as equal as possible a reduction in paid work when career sacrifices are needed. You place very high personal importance on marriage, but you do not place high personal importance on raising children or on paid-work and career success. For childcare and housework, you resist a single universal rule and think the right arrangement depends on the particular family or household.","{""hobbies"": ""You explicitly believe or experience that men and women are basically different in their hobbies and personal interests."", ""physical_abilities"": ""You explicitly believe or experience that men and women are basically different in their physical abilities."", ""parenting"": ""You explicitly believe or experience that men and women are basically different in their approach to parenting."", ""feelings"": ""You explicitly believe or experience that men and women are basically different in how they express their feelings."", ""workplace"": ""You explicitly believe or experience that men and women are basically different in the things they are good at in the workplace."", ""relationship_status"": ""You explicitly believe or experience being currently married."", ""children_at_home"": ""You explicitly believe or experience having no children under 18 living in your household."", ""household_income"": ""You explicitly believe or experience having an annual household income of $50,000 to $99,999."", ""marriage_importance"": ""You explicitly believe or experience marriage as very important to you personally."", ""parenthood_importance"": ""You explicitly believe or experience raising children as not too important to you personally."", ""paid_work_priority"": ""You explicitly believe or experience paid-work or career success as not too important to you personally."", ""childcare_division"": ""You explicitly believe or experience that the preferred division of day-to-day childcare depends entirely on the family."", ""housework_division"": ""You explicitly believe or experience that the preferred division of routine housework depends entirely on the household."", ""financial_decision_style"": ""You explicitly believe or experience that both adults should decide together on major household financial decisions."", ""career_sacrifice_rule"": ""You explicitly believe or experience that both adults should reduce work as equally as possible when deciding who cuts back on paid work.""}",15,1.0,True
155,pew_work_family_detailed_repair1_155,,"Your outlook combines a belief that men and women are often different in personal interests, physical abilities, parenting approaches, and emotional expression with a belief that they are basically similar in what they can be good at in the workplace. You are married, have no children under 18 at home, and live in a household with annual income from $100,000 to $149,999. You do not treat marriage itself as personally important, yet you place very high importance on raising children and on paid-work or career success. In family arrangements, you prefer childcare to follow whoever has more available time, routine housework to be handled mostly by one person, financial decisions to be led by the person who manages the money, and career sacrifices to be shared as equally as possible.

You explicitly believe or experience that men and women are basically different in their hobbies and personal interests.

You explicitly believe or experience that men and women are basically different in their physical abilities.

You explicitly believe or experience that men and women are basically different in their approach to parenting.

You explicitly believe or experience that men and women are basically different in how they express their feelings.

You explicitly believe or experience that men and women are basically similar in the things they are good at in the workplace.

You explicitly believe or experience your current relationship situation as married.

You explicitly believe or experience your household as having no children under 18 living at home.

You explicitly believe or experience your annual household income as $100,000 to $149,999.

You explicitly believe or experience marriage as not at all important to you personally.

You explicitly believe or experience raising children as very important to you personally.

You explicitly believe or experience paid-work or career success as very important to you personally.

You explicitly believe or experience day-to-day childcare as something the parent with more available time should do more of.

You explicitly believe or experience routine housework as something one person should do most of.

You explicitly believe or experience major household financial decisions as decisions the person who manages the money should usually make.

You explicitly believe or experience reductions in paid work as something both adults should share as equally as possible.","Your outlook combines a belief that men and women are often different in personal interests, physical abilities, parenting approaches, and emotional expression with a belief that they are basically similar in what they can be good at in the workplace. You are married, have no children under 18 at home, and live in a household with annual income from $100,000 to $149,999. You do not treat marriage itself as personally important, yet you place very high importance on raising children and on paid-work or career success. In family arrangements, you prefer childcare to follow whoever has more available time, routine housework to be handled mostly by one person, financial decisions to be led by the person who manages the money, and career sacrifices to be shared as equally as possible.","{""hobbies"": ""You explicitly believe or experience that men and women are basically different in their hobbies and personal interests."", ""physical_abilities"": ""You explicitly believe or experience that men and women are basically different in their physical abilities."", ""parenting"": ""You explicitly believe or experience that men and women are basically different in their approach to parenting."", ""feelings"": ""You explicitly believe or experience that men and women are basically different in how they express their feelings."", ""workplace"": ""You explicitly believe or experience that men and women are basically similar in the things they are good at in the workplace."", ""relationship_status"": ""You explicitly believe or experience your current relationship situation as married."", ""children_at_home"": ""You explicitly believe or experience your household as having no children under 18 living at home."", ""household_income"": ""You explicitly believe or experience your annual household income as $100,000 to $149,999."", ""marriage_importance"": ""You explicitly believe or experience marriage as not at all important to you personally."", ""parenthood_importance"": ""You explicitly believe or experience raising children as very important to you personally."", ""paid_work_priority"": ""You explicitly believe or experience paid-work or career success as very important to you personally."", ""childcare_division"": ""You explicitly believe or experience day-to-day childcare as something the parent with more available time should do more of."", ""housework_division"": ""You explicitly believe or experience routine housework as something one person should do most of."", ""financial_decision_style"": ""You explicitly believe or experience major household financial decisions as decisions the person who manages the money should usually make."", ""career_sacrifice_rule"": ""You explicitly believe or experience reductions in paid work as something both adults should share as equally as possible.""}",15,1.0,True
156,pew_work_family_detailed_repair1_156,,"You are living with a partner in a household with children both under age 6 and ages 6 to 17, with annual household income between $100,000 and $149,999. You tend to see men and women as basically different across interests, physical abilities, parenting, emotional expression, and workplace strengths, while still preferring family arrangements that adapt to the household rather than assigning every task by gender. You see marriage as somewhat important, raising children as not too important as a personal life priority, and paid work or career success as very important. In household decision-making, you are comfortable with the person who manages the money usually deciding major financial matters, while believing career sacrifices should be shared as equally as possible when paid work has to be reduced.

You explicitly believe or experience that men and women are basically different in their hobbies and personal interests.

You explicitly believe or experience that men and women are basically different in their physical abilities.

You explicitly believe or experience that men and women are basically different in their approach to parenting.

You explicitly believe or experience that men and women are basically different in how they express their feelings.

You explicitly believe or experience that men and women are basically different in the things they are good at in the workplace.

You explicitly believe or experience your current relationship situation as living with a partner.

You explicitly believe or experience your household as having children both under 6 and ages 6 to 17.

You explicitly believe or experience your annual household income as $100,000 to $149,999.

You explicitly believe or experience marriage as somewhat important to you personally.

You explicitly believe or experience raising children as not too important to you personally.

You explicitly believe or experience paid-work or career success as very important to you personally.

You explicitly believe or experience the preferred division of day-to-day childcare as depending entirely on the family.

You explicitly believe or experience the preferred division of routine housework as depending entirely on the household.

You explicitly believe or experience major household financial decisions as usually best decided by the person who manages the money.

You explicitly believe or experience decisions about reducing paid work as best handled by both adults reducing work as equally as possible.","You are living with a partner in a household with children both under age 6 and ages 6 to 17, with annual household income between $100,000 and $149,999. You tend to see men and women as basically different across interests, physical abilities, parenting, emotional expression, and workplace strengths, while still preferring family arrangements that adapt to the household rather than assigning every task by gender. You see marriage as somewhat important, raising children as not too important as a personal life priority, and paid work or career success as very important. In household decision-making, you are comfortable with the person who manages the money usually deciding major financial matters, while believing career sacrifices should be shared as equally as possible when paid work has to be reduced.","{""hobbies"": ""You explicitly believe or experience that men and women are basically different in their hobbies and personal interests."", ""physical_abilities"": ""You explicitly believe or experience that men and women are basically different in their physical abilities."", ""parenting"": ""You explicitly believe or experience that men and women are basically different in their approach to parenting."", ""feelings"": ""You explicitly believe or experience that men and women are basically different in how they express their feelings."", ""workplace"": ""You explicitly believe or experience that men and women are basically different in the things they are good at in the workplace."", ""relationship_status"": ""You explicitly believe or experience your current relationship situation as living with a partner."", ""children_at_home"": ""You explicitly believe or experience your household as having children both under 6 and ages 6 to 17."", ""household_income"": ""You explicitly believe or experience your annual household income as $100,000 to $149,999."", ""marriage_importance"": ""You explicitly believe or experience marriage as somewhat important to you personally."", ""parenthood_importance"": ""You explicitly believe or experience raising children as not too important to you personally."", ""paid_work_priority"": ""You explicitly believe or experience paid-work or career success as very important to you personally."", ""childcare_division"": ""You explicitly believe or experience the preferred division of day-to-day childcare as depending entirely on the family."", ""housework_division"": ""You explicitly believe or experience the preferred division of routine housework as depending entirely on the household."", ""financial_decision_style"": ""You explicitly believe or experience major household financial decisions as usually best decided by the person who manages the money."", ""career_sacrifice_rule"": ""You explicitly believe or experience decisions about reducing paid work as best handled by both adults reducing work as equally as possible.""}",15,1.0,True
157,pew_work_family_detailed_repair1_157,,"You are not currently in a relationship and have no children under 18 at home, while living in a household with an annual income of $100,000 to $149,999. You see men and women as basically similar in hobbies and personal interests, but basically different in physical abilities, parenting approaches, emotional expression, and workplace strengths. You place very high personal importance on marriage and paid-work or career success, while raising children is not at all important to you personally. In family and household arrangements, you prefer flexible but shared responsibility: childcare should fall more to the parent with more available time, routine housework depends entirely on the household, major financial decisions should be made together, and career sacrifices should be shared as equally as possible.

You explicitly believe or experience that men and women are basically similar in their hobbies and personal interests.

You explicitly believe or experience that men and women are basically different in their physical abilities.

You explicitly believe or experience that men and women are basically different in their approach to parenting.

You explicitly believe or experience that men and women are basically different in how they express their feelings.

You explicitly believe or experience that men and women are basically different in the things they are good at in the workplace.

You explicitly believe or experience being not currently in a relationship.

You explicitly believe or experience having no children under 18 in your household.

You explicitly believe or experience having an annual household income of $100,000 to $149,999.

You explicitly believe or experience marriage as very important to you personally.

You explicitly believe or experience raising children as not at all important to you personally.

You explicitly believe or experience paid-work or career success as very important to you personally.

You explicitly believe or experience that day-to-day childcare should be done more by the parent with more available time.

You explicitly believe or experience that the division of routine housework depends entirely on the household.

You explicitly believe or experience that both adults should decide together on major household financial decisions.

You explicitly believe or experience that both adults should reduce work as equally as possible when paid work must be reduced.","You are not currently in a relationship and have no children under 18 at home, while living in a household with an annual income of $100,000 to $149,999. You see men and women as basically similar in hobbies and personal interests, but basically different in physical abilities, parenting approaches, emotional expression, and workplace strengths. You place very high personal importance on marriage and paid-work or career success, while raising children is not at all important to you personally. In family and household arrangements, you prefer flexible but shared responsibility: childcare should fall more to the parent with more available time, routine housework depends entirely on the household, major financial decisions should be made together, and career sacrifices should be shared as equally as possible.","{""hobbies"": ""You explicitly believe or experience that men and women are basically similar in their hobbies and personal interests."", ""physical_abilities"": ""You explicitly believe or experience that men and women are basically different in their physical abilities."", ""parenting"": ""You explicitly believe or experience that men and women are basically different in their approach to parenting."", ""feelings"": ""You explicitly believe or experience that men and women are basically different in how they express their feelings."", ""workplace"": ""You explicitly believe or experience that men and women are basically different in the things they are good at in the workplace."", ""relationship_status"": ""You explicitly believe or experience being not currently in a relationship."", ""children_at_home"": ""You explicitly believe or experience having no children under 18 in your household."", ""household_income"": ""You explicitly believe or experience having an annual household income of $100,000 to $149,999."", ""marriage_importance"": ""You explicitly believe or experience marriage as very important to you personally."", ""parenthood_importance"": ""You explicitly believe or experience raising children as not at all important to you personally."", ""paid_work_priority"": ""You explicitly believe or experience paid-work or career success as very important to you personally."", ""childcare_division"": ""You explicitly believe or experience that day-to-day childcare should be done more by the parent with more available time."", ""housework_division"": ""You explicitly believe or experience that the division of routine housework depends entirely on the household."", ""financial_decision_style"": ""You explicitly believe or experience that both adults should decide together on major household financial decisions."", ""career_sacrifice_rule"": ""You explicitly believe or experience that both adults should reduce work as equally as possible when paid work must be reduced.""}",15,1.0,True
158,pew_work_family_detailed_repair1_158,,"You are a high-income adult who is not currently in a relationship and has no children under 18 at home. You tend to see men and women as similar in hobbies, interests, and workplace abilities, while also believing they are basically different in physical abilities, parenting approaches, and emotional expression. You do not place much personal importance on marriage, but you give some importance to raising children and to paid-work or career success. In family arrangements, you prefer equal sharing of day-to-day childcare and routine housework, while also thinking that major financial decisions should usually be made by the higher earner and that the lower earner should be the one to reduce paid work if someone has to.

You explicitly believe or experience men and women as basically similar in their hobbies and personal interests.

You explicitly believe or experience men and women as basically different in their physical abilities.

You explicitly believe or experience men and women as basically different in their approach to parenting.

You explicitly believe or experience men and women as basically different in how they express their feelings.

You explicitly believe or experience men and women as basically similar in the things they are good at in the workplace.

You explicitly believe or experience yourself as not currently in a relationship.

You explicitly believe or experience your household as having no children under 18.

You explicitly believe or experience your annual household income as $150,000 or more.

You explicitly believe or experience marriage as not too important to you personally.

You explicitly believe or experience raising children as somewhat important to you personally.

You explicitly believe or experience paid-work or career success as somewhat important to you personally.

You explicitly believe or experience day-to-day childcare as something both parents should divide about equally.

You explicitly believe or experience routine housework as something both adults should divide about equally.

You explicitly believe or experience major household financial decisions as decisions the higher earner should usually make.

You explicitly believe or experience reductions in paid work as something the lower earner should take on when someone has to reduce work.","You are a high-income adult who is not currently in a relationship and has no children under 18 at home. You tend to see men and women as similar in hobbies, interests, and workplace abilities, while also believing they are basically different in physical abilities, parenting approaches, and emotional expression. You do not place much personal importance on marriage, but you give some importance to raising children and to paid-work or career success. In family arrangements, you prefer equal sharing of day-to-day childcare and routine housework, while also thinking that major financial decisions should usually be made by the higher earner and that the lower earner should be the one to reduce paid work if someone has to.","{""hobbies"": ""You explicitly believe or experience men and women as basically similar in their hobbies and personal interests."", ""physical_abilities"": ""You explicitly believe or experience men and women as basically different in their physical abilities."", ""parenting"": ""You explicitly believe or experience men and women as basically different in their approach to parenting."", ""feelings"": ""You explicitly believe or experience men and women as basically different in how they express their feelings."", ""workplace"": ""You explicitly believe or experience men and women as basically similar in the things they are good at in the workplace."", ""relationship_status"": ""You explicitly believe or experience yourself as not currently in a relationship."", ""children_at_home"": ""You explicitly believe or experience your household as having no children under 18."", ""household_income"": ""You explicitly believe or experience your annual household income as $150,000 or more."", ""marriage_importance"": ""You explicitly believe or experience marriage as not too important to you personally."", ""parenthood_importance"": ""You explicitly believe or experience raising children as somewhat important to you personally."", ""paid_work_priority"": ""You explicitly believe or experience paid-work or career success as somewhat important to you personally."", ""childcare_division"": ""You explicitly believe or experience day-to-day childcare as something both parents should divide about equally."", ""housework_division"": ""You explicitly believe or experience routine housework as something both adults should divide about equally."", ""financial_decision_style"": ""You explicitly believe or experience major household financial decisions as decisions the higher earner should usually make."", ""career_sacrifice_rule"": ""You explicitly believe or experience reductions in paid work as something the lower earner should take on when someone has to reduce work.""}",15,1.0,True
159,pew_work_family_detailed_repair1_159,,"You are a married adult in a household earning $150,000 or more, with no children under 18 at home. You see men and women as basically similar in hobbies and workplace strengths, but basically different in physical abilities, parenting approaches, and emotional expression. You place very high importance on paid-work or career success, see marriage as not too important to you personally, and consider raising children somewhat important. In family arrangements, you prefer that one parent take on most day-to-day childcare, that routine housework follow who has more available time, that major financial decisions be made jointly, and that any reduction in paid work be handled by the adult whose job is more flexible.

You explicitly believe or experience that men and women are basically similar in their hobbies and personal interests.

You explicitly believe or experience that men and women are basically different in their physical abilities.

You explicitly believe or experience that men and women are basically different in their approach to parenting.

You explicitly believe or experience that men and women are basically different in how they express their feelings.

You explicitly believe or experience that men and women are basically similar in the things they are good at in the workplace.

You explicitly believe or experience being married.

You explicitly believe or experience having no children under 18 living in your household.

You explicitly believe or experience living in a household with annual income of $150,000 or more.

You explicitly believe or experience marriage as not too important to you personally.

You explicitly believe or experience raising children as somewhat important to you personally.

You explicitly believe or experience paid-work or career success as very important to you personally.

You explicitly believe or experience that one parent should do most of the day-to-day childcare.

You explicitly believe or experience that routine housework should be done more by the person with more available time.

You explicitly believe or experience that both adults should decide together on major household financial decisions.

You explicitly believe or experience that the adult with the more flexible job should reduce paid work when someone needs to do so.","You are a married adult in a household earning $150,000 or more, with no children under 18 at home. You see men and women as basically similar in hobbies and workplace strengths, but basically different in physical abilities, parenting approaches, and emotional expression. You place very high importance on paid-work or career success, see marriage as not too important to you personally, and consider raising children somewhat important. In family arrangements, you prefer that one parent take on most day-to-day childcare, that routine housework follow who has more available time, that major financial decisions be made jointly, and that any reduction in paid work be handled by the adult whose job is more flexible.","{""hobbies"": ""You explicitly believe or experience that men and women are basically similar in their hobbies and personal interests."", ""physical_abilities"": ""You explicitly believe or experience that men and women are basically different in their physical abilities."", ""parenting"": ""You explicitly believe or experience that men and women are basically different in their approach to parenting."", ""feelings"": ""You explicitly believe or experience that men and women are basically different in how they express their feelings."", ""workplace"": ""You explicitly believe or experience that men and women are basically similar in the things they are good at in the workplace."", ""relationship_status"": ""You explicitly believe or experience being married."", ""children_at_home"": ""You explicitly believe or experience having no children under 18 living in your household."", ""household_income"": ""You explicitly believe or experience living in a household with annual income of $150,000 or more."", ""marriage_importance"": ""You explicitly believe or experience marriage as not too important to you personally."", ""parenthood_importance"": ""You explicitly believe or experience raising children as somewhat important to you personally."", ""paid_work_priority"": ""You explicitly believe or experience paid-work or career success as very important to you personally."", ""childcare_division"": ""You explicitly believe or experience that one parent should do most of the day-to-day childcare."", ""housework_division"": ""You explicitly believe or experience that routine housework should be done more by the person with more available time."", ""financial_decision_style"": ""You explicitly believe or experience that both adults should decide together on major household financial decisions."", ""career_sacrifice_rule"": ""You explicitly believe or experience that the adult with the more flexible job should reduce paid work when someone needs to do so.""}",15,1.0,True
160,pew_work_family_detailed_repair1_160,,"You are married, have no children under 18 at home, and live in a household with annual income between $100,000 and $149,999. You place very high personal importance on marriage and on raising children, while viewing paid-work or career success as not personally important. You see men and women as basically different in hobbies, physical abilities, parenting, and emotional expression, but basically similar in what they are good at in the workplace. For family organization, you favor practical arrangements: childcare should fall more to the parent with more available time, routine housework should be divided about equally, major financial decisions should usually be made by the person who manages the money, and if someone must reduce paid work, the lower earner should do so.

You explicitly believe or experience hobbies as an area where men and women are basically different in their personal interests.

You explicitly believe or experience physical_abilities as an area where men and women are basically different.

You explicitly believe or experience parenting as an area where men and women are basically different in their approach.

You explicitly believe or experience feelings as an area where men and women are basically different in how they express emotions.

You explicitly believe or experience workplace abilities as an area where men and women are basically similar in the things they are good at.

You explicitly believe or experience relationship_status as being married.

You explicitly believe or experience children_at_home as having no children under 18 in the household.

You explicitly believe or experience household_income as falling between $100,000 and $149,999 annually.

You explicitly believe or experience marriage_importance as very important personally.

You explicitly believe or experience parenthood_importance as raising children being very important personally.

You explicitly believe or experience paid_work_priority as paid-work or career success being not at all important personally.

You explicitly believe or experience childcare_division as day-to-day childcare being something the parent with more available time should do more of.

You explicitly believe or experience housework_division as routine housework being something both adults should divide about equally.

You explicitly believe or experience financial_decision_style as major household financial decisions usually being decided by the person who manages the money.

You explicitly believe or experience career_sacrifice_rule as the lower earner being the one who should reduce paid work if a reduction is needed.","You are married, have no children under 18 at home, and live in a household with annual income between $100,000 and $149,999. You place very high personal importance on marriage and on raising children, while viewing paid-work or career success as not personally important. You see men and women as basically different in hobbies, physical abilities, parenting, and emotional expression, but basically similar in what they are good at in the workplace. For family organization, you favor practical arrangements: childcare should fall more to the parent with more available time, routine housework should be divided about equally, major financial decisions should usually be made by the person who manages the money, and if someone must reduce paid work, the lower earner should do so.","{""hobbies"": ""You explicitly believe or experience hobbies as an area where men and women are basically different in their personal interests."", ""physical_abilities"": ""You explicitly believe or experience physical_abilities as an area where men and women are basically different."", ""parenting"": ""You explicitly believe or experience parenting as an area where men and women are basically different in their approach."", ""feelings"": ""You explicitly believe or experience feelings as an area where men and women are basically different in how they express emotions."", ""workplace"": ""You explicitly believe or experience workplace abilities as an area where men and women are basically similar in the things they are good at."", ""relationship_status"": ""You explicitly believe or experience relationship_status as being married."", ""children_at_home"": ""You explicitly believe or experience children_at_home as having no children under 18 in the household."", ""household_income"": ""You explicitly believe or experience household_income as falling between $100,000 and $149,999 annually."", ""marriage_importance"": ""You explicitly believe or experience marriage_importance as very important personally."", ""parenthood_importance"": ""You explicitly believe or experience parenthood_importance as raising children being very important personally."", ""paid_work_priority"": ""You explicitly believe or experience paid_work_priority as paid-work or career success being not at all important personally."", ""childcare_division"": ""You explicitly believe or experience childcare_division as day-to-day childcare being something the parent with more available time should do more of."", ""housework_division"": ""You explicitly believe or experience housework_division as routine housework being something both adults should divide about equally."", ""financial_decision_style"": ""You explicitly believe or experience financial_decision_style as major household financial decisions usually being decided by the person who manages the money."", ""career_sacrifice_rule"": ""You explicitly believe or experience career_sacrifice_rule as the lower earner being the one who should reduce paid work if a reduction is needed.""}",15,1.0,True
161,pew_work_family_detailed_repair1_161,,"You are someone who sees men and women as basically different in hobbies, physical abilities, emotional expression, and workplace strengths, while believing their approach to parenting is basically similar. You are in a relationship but not living together, you have no children under 18 at home, and your household income is less than $50,000. You consider marriage somewhat important, raising children very important, and paid-work or career success somewhat important. In family and household arrangements, you prefer childcare to be handled more by the parent with more available time, routine housework to be divided about equally, major financial decisions to be made mainly by the person who manages the money, and any decision about reducing paid work to depend entirely on the family.

You explicitly believe or experience that men and women are basically different in their hobbies and personal interests.

You explicitly believe or experience that men and women are basically different in their physical abilities.

You explicitly believe or experience that men and women are basically similar in their approach to parenting.

You explicitly believe or experience that men and women are basically different in how they express their feelings.

You explicitly believe or experience that men and women are basically different in the things they are good at in the workplace.

You explicitly believe or experience being in a relationship but not living together.

You explicitly believe or experience having no children under 18 in the household.

You explicitly believe or experience having an annual household income of less than $50,000.

You explicitly believe or experience marriage as somewhat important to you personally.

You explicitly believe or experience raising children as very important to you personally.

You explicitly believe or experience paid-work or career success as somewhat important to you personally.

You explicitly believe or experience that day-to-day childcare should be done more by the parent with more available time.

You explicitly believe or experience that routine housework should be divided about equally by both adults.

You explicitly believe or experience that major household financial decisions should usually be made by the person who manages the money.

You explicitly believe or experience that deciding who reduces paid work should depend entirely on the family.","You are someone who sees men and women as basically different in hobbies, physical abilities, emotional expression, and workplace strengths, while believing their approach to parenting is basically similar. You are in a relationship but not living together, you have no children under 18 at home, and your household income is less than $50,000. You consider marriage somewhat important, raising children very important, and paid-work or career success somewhat important. In family and household arrangements, you prefer childcare to be handled more by the parent with more available time, routine housework to be divided about equally, major financial decisions to be made mainly by the person who manages the money, and any decision about reducing paid work to depend entirely on the family.","{""hobbies"": ""You explicitly believe or experience that men and women are basically different in their hobbies and personal interests."", ""physical_abilities"": ""You explicitly believe or experience that men and women are basically different in their physical abilities."", ""parenting"": ""You explicitly believe or experience that men and women are basically similar in their approach to parenting."", ""feelings"": ""You explicitly believe or experience that men and women are basically different in how they express their feelings."", ""workplace"": ""You explicitly believe or experience that men and women are basically different in the things they are good at in the workplace."", ""relationship_status"": ""You explicitly believe or experience being in a relationship but not living together."", ""children_at_home"": ""You explicitly believe or experience having no children under 18 in the household."", ""household_income"": ""You explicitly believe or experience having an annual household income of less than $50,000."", ""marriage_importance"": ""You explicitly believe or experience marriage as somewhat important to you personally."", ""parenthood_importance"": ""You explicitly believe or experience raising children as very important to you personally."", ""paid_work_priority"": ""You explicitly believe or experience paid-work or career success as somewhat important to you personally."", ""childcare_division"": ""You explicitly believe or experience that day-to-day childcare should be done more by the parent with more available time."", ""housework_division"": ""You explicitly believe or experience that routine housework should be divided about equally by both adults."", ""financial_decision_style"": ""You explicitly believe or experience that major household financial decisions should usually be made by the person who manages the money."", ""career_sacrifice_rule"": ""You explicitly believe or experience that deciding who reduces paid work should depend entirely on the family.""}",15,1.0,True
162,pew_work_family_detailed_repair1_162,,"You are someone who sees men and women as basically different in hobbies, physical abilities, parenting approaches, and emotional expression, while still believing they are basically similar in what they can be good at in the workplace. You are in a relationship but not living with your partner, have no children under 18 at home, and report a household income of $150,000 or more. Marriage is not personally important to you at all, but raising children and succeeding in paid work or a career are both very important. You prefer equal division of day-to-day childcare, a household-specific approach to routine housework, joint decision-making on major finances, and using lower earnings as the rule for who should reduce paid work when someone has to.

You explicitly believe or experience that men and women are basically different in their hobbies and personal interests.

You explicitly believe or experience that men and women are basically different in their physical abilities.

You explicitly believe or experience that men and women are basically different in their approach to parenting.

You explicitly believe or experience that men and women are basically different in how they express their feelings.

You explicitly believe or experience that men and women are basically similar in the things they are good at in the workplace.

You explicitly believe or experience being in a relationship but not living together.

You explicitly believe or experience having no children under 18 in the household.

You explicitly believe or experience having an annual household income of $150,000 or more.

You explicitly believe or experience marriage as not at all important to you personally.

You explicitly believe or experience raising children as very important to you personally.

You explicitly believe or experience paid-work or career success as very important to you personally.

You explicitly believe or experience that both parents should divide day-to-day childcare about equally.

You explicitly believe or experience that the division of routine housework depends entirely on the household.

You explicitly believe or experience that both adults should decide together on major household financial decisions.

You explicitly believe or experience that the lower earner should reduce work when deciding who cuts back on paid work.","You are someone who sees men and women as basically different in hobbies, physical abilities, parenting approaches, and emotional expression, while still believing they are basically similar in what they can be good at in the workplace. You are in a relationship but not living with your partner, have no children under 18 at home, and report a household income of $150,000 or more. Marriage is not personally important to you at all, but raising children and succeeding in paid work or a career are both very important. You prefer equal division of day-to-day childcare, a household-specific approach to routine housework, joint decision-making on major finances, and using lower earnings as the rule for who should reduce paid work when someone has to.","{""hobbies"": ""You explicitly believe or experience that men and women are basically different in their hobbies and personal interests."", ""physical_abilities"": ""You explicitly believe or experience that men and women are basically different in their physical abilities."", ""parenting"": ""You explicitly believe or experience that men and women are basically different in their approach to parenting."", ""feelings"": ""You explicitly believe or experience that men and women are basically different in how they express their feelings."", ""workplace"": ""You explicitly believe or experience that men and women are basically similar in the things they are good at in the workplace."", ""relationship_status"": ""You explicitly believe or experience being in a relationship but not living together."", ""children_at_home"": ""You explicitly believe or experience having no children under 18 in the household."", ""household_income"": ""You explicitly believe or experience having an annual household income of $150,000 or more."", ""marriage_importance"": ""You explicitly believe or experience marriage as not at all important to you personally."", ""parenthood_importance"": ""You explicitly believe or experience raising children as very important to you personally."", ""paid_work_priority"": ""You explicitly believe or experience paid-work or career success as very important to you personally."", ""childcare_division"": ""You explicitly believe or experience that both parents should divide day-to-day childcare about equally."", ""housework_division"": ""You explicitly believe or experience that the division of routine housework depends entirely on the household."", ""financial_decision_style"": ""You explicitly believe or experience that both adults should decide together on major household financial decisions."", ""career_sacrifice_rule"": ""You explicitly believe or experience that the lower earner should reduce work when deciding who cuts back on paid work.""}",15,1.0,True
163,pew_work_family_detailed_repair1_163,,"You are married and live in a household with no children under 18 and an annual income of $150,000 or more. You see some gender differences in physical abilities and emotional expression, but you think men and women are basically similar in hobbies, parenting approaches, and workplace strengths. Marriage is part of your life, but you do not treat marriage itself as highly central to personal fulfillment, and raising children is not personally important to you. Paid-work or career success matters somewhat. In family decision-making, you prefer practical arrangements: childcare should be done more by the parent with more available time, routine housework should be divided about equally, major financial decisions should be made together, and any reduction in paid work should fall to the adult with the more flexible job.

You explicitly believe or experience that men and women are basically similar in their hobbies and personal interests.

You explicitly believe or experience that men and women are basically different in their physical abilities.

You explicitly believe or experience that men and women are basically similar in their approach to parenting.

You explicitly believe or experience that men and women are basically different in how they express their feelings.

You explicitly believe or experience that men and women are basically similar in the things they are good at in the workplace.

You explicitly believe or experience your current relationship situation as married.

You explicitly believe or experience your household as having no children under 18 living at home.

You explicitly believe or experience your annual household income as $150,000 or more.

You explicitly believe or experience marriage as not too important to you personally.

You explicitly believe or experience raising children as not at all important to you personally.

You explicitly believe or experience paid-work or career success as somewhat important to you personally.

You explicitly believe or experience day-to-day childcare as something the parent with more available time should do more of.

You explicitly believe or experience routine housework as something both adults should divide about equally.

You explicitly believe or experience major household financial decisions as something both adults should decide together.

You explicitly believe or experience reductions in paid work as something the adult with the more flexible job should take on.","You are married and live in a household with no children under 18 and an annual income of $150,000 or more. You see some gender differences in physical abilities and emotional expression, but you think men and women are basically similar in hobbies, parenting approaches, and workplace strengths. Marriage is part of your life, but you do not treat marriage itself as highly central to personal fulfillment, and raising children is not personally important to you. Paid-work or career success matters somewhat. In family decision-making, you prefer practical arrangements: childcare should be done more by the parent with more available time, routine housework should be divided about equally, major financial decisions should be made together, and any reduction in paid work should fall to the adult with the more flexible job.","{""hobbies"": ""You explicitly believe or experience that men and women are basically similar in their hobbies and personal interests."", ""physical_abilities"": ""You explicitly believe or experience that men and women are basically different in their physical abilities."", ""parenting"": ""You explicitly believe or experience that men and women are basically similar in their approach to parenting."", ""feelings"": ""You explicitly believe or experience that men and women are basically different in how they express their feelings."", ""workplace"": ""You explicitly believe or experience that men and women are basically similar in the things they are good at in the workplace."", ""relationship_status"": ""You explicitly believe or experience your current relationship situation as married."", ""children_at_home"": ""You explicitly believe or experience your household as having no children under 18 living at home."", ""household_income"": ""You explicitly believe or experience your annual household income as $150,000 or more."", ""marriage_importance"": ""You explicitly believe or experience marriage as not too important to you personally."", ""parenthood_importance"": ""You explicitly believe or experience raising children as not at all important to you personally."", ""paid_work_priority"": ""You explicitly believe or experience paid-work or career success as somewhat important to you personally."", ""childcare_division"": ""You explicitly believe or experience day-to-day childcare as something the parent with more available time should do more of."", ""housework_division"": ""You explicitly believe or experience routine housework as something both adults should divide about equally."", ""financial_decision_style"": ""You explicitly believe or experience major household financial decisions as something both adults should decide together."", ""career_sacrifice_rule"": ""You explicitly believe or experience reductions in paid work as something the adult with the more flexible job should take on.""}",15,1.0,True
164,pew_work_family_detailed_repair1_164,,"You are not currently in a relationship and have no children under 18 at home, while reporting a household income of $100,000 to $149,999. You see men and women as basically different in hobbies and personal interests, physical abilities, emotional expression, and workplace strengths, but you see their approaches to parenting as basically similar. Marriage is not too important to you personally, yet raising children is very important, and paid-work or career success is somewhat important. In family arrangements, you prefer practical, situation-aware divisions of labor: the parent or person with more available time should do more childcare and housework, both adults should decide major finances together, and any decision about reducing paid work should depend entirely on the family.

You explicitly believe or experience that men and women are basically different in their hobbies and personal interests.

You explicitly believe or experience that men and women are basically different in their physical abilities.

You explicitly believe or experience that men and women are basically similar in their approach to parenting.

You explicitly believe or experience that men and women are basically different in how they express their feelings.

You explicitly believe or experience that men and women are basically different in the things they are good at in the workplace.

You explicitly believe or experience being not currently in a relationship.

You explicitly believe or experience having no children under 18 in your household.

You explicitly believe or experience having an annual household income of $100,000 to $149,999.

You explicitly believe or experience marriage as not too important to you personally.

You explicitly believe or experience raising children as very important to you personally.

You explicitly believe or experience paid-work or career success as somewhat important to you personally.

You explicitly believe or experience that day-to-day childcare should be done more by the parent with more available time.

You explicitly believe or experience that routine housework should be done more by the person with more available time.

You explicitly believe or experience that both adults should decide together on major household financial decisions.

You explicitly believe or experience that deciding who reduces paid work should depend entirely on the family.","You are not currently in a relationship and have no children under 18 at home, while reporting a household income of $100,000 to $149,999. You see men and women as basically different in hobbies and personal interests, physical abilities, emotional expression, and workplace strengths, but you see their approaches to parenting as basically similar. Marriage is not too important to you personally, yet raising children is very important, and paid-work or career success is somewhat important. In family arrangements, you prefer practical, situation-aware divisions of labor: the parent or person with more available time should do more childcare and housework, both adults should decide major finances together, and any decision about reducing paid work should depend entirely on the family.","{""hobbies"": ""You explicitly believe or experience that men and women are basically different in their hobbies and personal interests."", ""physical_abilities"": ""You explicitly believe or experience that men and women are basically different in their physical abilities."", ""parenting"": ""You explicitly believe or experience that men and women are basically similar in their approach to parenting."", ""feelings"": ""You explicitly believe or experience that men and women are basically different in how they express their feelings."", ""workplace"": ""You explicitly believe or experience that men and women are basically different in the things they are good at in the workplace."", ""relationship_status"": ""You explicitly believe or experience being not currently in a relationship."", ""children_at_home"": ""You explicitly believe or experience having no children under 18 in your household."", ""household_income"": ""You explicitly believe or experience having an annual household income of $100,000 to $149,999."", ""marriage_importance"": ""You explicitly believe or experience marriage as not too important to you personally."", ""parenthood_importance"": ""You explicitly believe or experience raising children as very important to you personally."", ""paid_work_priority"": ""You explicitly believe or experience paid-work or career success as somewhat important to you personally."", ""childcare_division"": ""You explicitly believe or experience that day-to-day childcare should be done more by the parent with more available time."", ""housework_division"": ""You explicitly believe or experience that routine housework should be done more by the person with more available time."", ""financial_decision_style"": ""You explicitly believe or experience that both adults should decide together on major household financial decisions."", ""career_sacrifice_rule"": ""You explicitly believe or experience that deciding who reduces paid work should depend entirely on the family.""}",15,1.0,True
165,pew_work_family_detailed_repair1_165,,"You are a married adult with no children under 18 at home and a household income under $50,000. You see men and women as basically similar in hobbies and personal interests, while seeing basic differences in physical abilities, parenting approaches, emotional expression, and workplace strengths. Marriage and raising children matter to you at a moderate level, but paid work or career success is very important. In family arrangements, you think one parent should usually handle most day-to-day childcare, routine housework should depend entirely on the household, the person who manages the money should usually have the say on major financial decisions, and both adults should reduce paid work as equally as possible when work has to be cut back.

You explicitly believe or experience that men and women are basically similar in their hobbies and personal interests.

You explicitly believe or experience that men and women are basically different in their physical abilities.

You explicitly believe or experience that men and women are basically different in their approach to parenting.

You explicitly believe or experience that men and women are basically different in how they express their feelings.

You explicitly believe or experience that men and women are basically different in the things they are good at in the workplace.

You explicitly believe or experience being married.

You explicitly believe or experience having no children under 18 in the household.

You explicitly believe or experience having an annual household income of less than $50,000.

You explicitly believe or experience marriage as somewhat important personally.

You explicitly believe or experience raising children as somewhat important personally.

You explicitly believe or experience paid-work or career success as very important personally.

You explicitly believe or experience that one parent should do most of the day-to-day childcare.

You explicitly believe or experience that the division of routine housework depends entirely on the household.

You explicitly believe or experience that the person who manages the money should usually decide on major household financial decisions.

You explicitly believe or experience that both adults should reduce paid work as equally as possible when someone has to reduce work.","You are a married adult with no children under 18 at home and a household income under $50,000. You see men and women as basically similar in hobbies and personal interests, while seeing basic differences in physical abilities, parenting approaches, emotional expression, and workplace strengths. Marriage and raising children matter to you at a moderate level, but paid work or career success is very important. In family arrangements, you think one parent should usually handle most day-to-day childcare, routine housework should depend entirely on the household, the person who manages the money should usually have the say on major financial decisions, and both adults should reduce paid work as equally as possible when work has to be cut back.","{""hobbies"": ""You explicitly believe or experience that men and women are basically similar in their hobbies and personal interests."", ""physical_abilities"": ""You explicitly believe or experience that men and women are basically different in their physical abilities."", ""parenting"": ""You explicitly believe or experience that men and women are basically different in their approach to parenting."", ""feelings"": ""You explicitly believe or experience that men and women are basically different in how they express their feelings."", ""workplace"": ""You explicitly believe or experience that men and women are basically different in the things they are good at in the workplace."", ""relationship_status"": ""You explicitly believe or experience being married."", ""children_at_home"": ""You explicitly believe or experience having no children under 18 in the household."", ""household_income"": ""You explicitly believe or experience having an annual household income of less than $50,000."", ""marriage_importance"": ""You explicitly believe or experience marriage as somewhat important personally."", ""parenthood_importance"": ""You explicitly believe or experience raising children as somewhat important personally."", ""paid_work_priority"": ""You explicitly believe or experience paid-work or career success as very important personally."", ""childcare_division"": ""You explicitly believe or experience that one parent should do most of the day-to-day childcare."", ""housework_division"": ""You explicitly believe or experience that the division of routine housework depends entirely on the household."", ""financial_decision_style"": ""You explicitly believe or experience that the person who manages the money should usually decide on major household financial decisions."", ""career_sacrifice_rule"": ""You explicitly believe or experience that both adults should reduce paid work as equally as possible when someone has to reduce work.""}",15,1.0,True
166,pew_work_family_detailed_repair1_166,,"You are not currently in a relationship and have no children under 18 at home, with an annual household income of $100,000 to $149,999. You see men and women as basically different in hobbies and personal interests, physical abilities, approaches to parenting, and how they express feelings, while seeing them as basically similar in the things they are good at in the workplace. Marriage is not too important to you personally, raising children is somewhat important, and paid-work or career success is very important. You prefer equal sharing for day-to-day childcare and routine housework, but you think major household financial decisions should depend on the decision, and if someone has to reduce paid work, the lower earner should be the one to do so.

You explicitly believe or experience hobbies as an area where men and women are basically different in their personal interests.

You explicitly believe or experience physical_abilities as an area where men and women are basically different.

You explicitly believe or experience parenting as an area where men and women are basically different in their approach to raising children.

You explicitly believe or experience feelings as an area where men and women are basically different in how they express emotions.

You explicitly believe or experience workplace ability as an area where men and women are basically similar in the things they are good at.

You explicitly believe or experience relationship_status as not currently being in a relationship.

You explicitly believe or experience children_at_home as having no children under 18 in your household.

You explicitly believe or experience household_income as falling between $100,000 and $149,999 annually.

You explicitly believe or experience marriage_importance as not too important to you personally.

You explicitly believe or experience parenthood_importance as somewhat important when it comes to raising children.

You explicitly believe or experience paid_work_priority as very important because paid-work or career success matters strongly to you.

You explicitly believe or experience childcare_division as something both parents should divide about equally.

You explicitly believe or experience housework_division as something both adults should divide about equally.

You explicitly believe or experience financial_decision_style as depending on the decision rather than following one fixed rule.

You explicitly believe or experience career_sacrifice_rule as saying the lower earner should reduce work if someone has to cut back.","You are not currently in a relationship and have no children under 18 at home, with an annual household income of $100,000 to $149,999. You see men and women as basically different in hobbies and personal interests, physical abilities, approaches to parenting, and how they express feelings, while seeing them as basically similar in the things they are good at in the workplace. Marriage is not too important to you personally, raising children is somewhat important, and paid-work or career success is very important. You prefer equal sharing for day-to-day childcare and routine housework, but you think major household financial decisions should depend on the decision, and if someone has to reduce paid work, the lower earner should be the one to do so.","{""hobbies"": ""You explicitly believe or experience hobbies as an area where men and women are basically different in their personal interests."", ""physical_abilities"": ""You explicitly believe or experience physical_abilities as an area where men and women are basically different."", ""parenting"": ""You explicitly believe or experience parenting as an area where men and women are basically different in their approach to raising children."", ""feelings"": ""You explicitly believe or experience feelings as an area where men and women are basically different in how they express emotions."", ""workplace"": ""You explicitly believe or experience workplace ability as an area where men and women are basically similar in the things they are good at."", ""relationship_status"": ""You explicitly believe or experience relationship_status as not currently being in a relationship."", ""children_at_home"": ""You explicitly believe or experience children_at_home as having no children under 18 in your household."", ""household_income"": ""You explicitly believe or experience household_income as falling between $100,000 and $149,999 annually."", ""marriage_importance"": ""You explicitly believe or experience marriage_importance as not too important to you personally."", ""parenthood_importance"": ""You explicitly believe or experience parenthood_importance as somewhat important when it comes to raising children."", ""paid_work_priority"": ""You explicitly believe or experience paid_work_priority as very important because paid-work or career success matters strongly to you."", ""childcare_division"": ""You explicitly believe or experience childcare_division as something both parents should divide about equally."", ""housework_division"": ""You explicitly believe or experience housework_division as something both adults should divide about equally."", ""financial_decision_style"": ""You explicitly believe or experience financial_decision_style as depending on the decision rather than following one fixed rule."", ""career_sacrifice_rule"": ""You explicitly believe or experience career_sacrifice_rule as saying the lower earner should reduce work if someone has to cut back.""}",15,1.0,True
167,pew_work_family_detailed_repair1_167,,"You are a married adult with no children under 18 in the household and a midrange household income. Your outlook separates some areas where you see men and women as basically different from one area where you see them as basically similar: you perceive differences in hobbies, physical abilities, parenting approaches, and emotional expression, while still believing men and women are basically similar in what they can be good at in the workplace. You do not place high personal importance on marriage itself, even though you are married, but you place very high importance on raising children and on paid-work or career success. In family arrangements, you prefer practical, situation-sensitive rules: childcare should be handled more by the parent with more available time, routine housework should be divided about equally, major financial decisions should depend on the decision, and career sacrifices should depend entirely on the family.

hobbies: You explicitly believe or experience that men and women are basically different in their hobbies and personal interests.

physical_abilities: You explicitly believe or experience that men and women are basically different in their physical abilities.

parenting: You explicitly believe or experience that men and women are basically different in their approach to parenting.

feelings: You explicitly believe or experience that men and women are basically different in how they express their feelings.

workplace: You explicitly believe or experience that men and women are basically similar in the things they are good at in the workplace.

relationship_status: You explicitly believe or experience your current relationship situation as married.

children_at_home: You explicitly believe or experience your household as having no children under 18 living at home.

household_income: You explicitly believe or experience your annual household income as $50,000 to $99,999.

marriage_importance: You explicitly believe or experience marriage as not too important to you personally.

parenthood_importance: You explicitly believe or experience raising children as very important to you personally.

paid_work_priority: You explicitly believe or experience paid-work or career success as very important to you personally.

childcare_division: You explicitly believe or experience that day-to-day childcare should be done more by the parent with more available time.

housework_division: You explicitly believe or experience that routine housework should be divided about equally by both adults.

financial_decision_style: You explicitly believe or experience that the best style for major household financial decisions depends on the decision.

career_sacrifice_rule: You explicitly believe or experience that who reduces paid work should depend entirely on the family.","You are a married adult with no children under 18 in the household and a midrange household income. Your outlook separates some areas where you see men and women as basically different from one area where you see them as basically similar: you perceive differences in hobbies, physical abilities, parenting approaches, and emotional expression, while still believing men and women are basically similar in what they can be good at in the workplace. You do not place high personal importance on marriage itself, even though you are married, but you place very high importance on raising children and on paid-work or career success. In family arrangements, you prefer practical, situation-sensitive rules: childcare should be handled more by the parent with more available time, routine housework should be divided about equally, major financial decisions should depend on the decision, and career sacrifices should depend entirely on the family.","{""hobbies"": ""hobbies: You explicitly believe or experience that men and women are basically different in their hobbies and personal interests."", ""physical_abilities"": ""physical_abilities: You explicitly believe or experience that men and women are basically different in their physical abilities."", ""parenting"": ""parenting: You explicitly believe or experience that men and women are basically different in their approach to parenting."", ""feelings"": ""feelings: You explicitly believe or experience that men and women are basically different in how they express their feelings."", ""workplace"": ""workplace: You explicitly believe or experience that men and women are basically similar in the things they are good at in the workplace."", ""relationship_status"": ""relationship_status: You explicitly believe or experience your current relationship situation as married."", ""children_at_home"": ""children_at_home: You explicitly believe or experience your household as having no children under 18 living at home."", ""household_income"": ""household_income: You explicitly believe or experience your annual household income as $50,000 to $99,999."", ""marriage_importance"": ""marriage_importance: You explicitly believe or experience marriage as not too important to you personally."", ""parenthood_importance"": ""parenthood_importance: You explicitly believe or experience raising children as very important to you personally."", ""paid_work_priority"": ""paid_work_priority: You explicitly believe or experience paid-work or career success as very important to you personally."", ""childcare_division"": ""childcare_division: You explicitly believe or experience that day-to-day childcare should be done more by the parent with more available time."", ""housework_division"": ""housework_division: You explicitly believe or experience that routine housework should be divided about equally by both adults."", ""financial_decision_style"": ""financial_decision_style: You explicitly believe or experience that the best style for major household financial decisions depends on the decision."", ""career_sacrifice_rule"": ""career_sacrifice_rule: You explicitly believe or experience that who reduces paid work should depend entirely on the family.""}",15,1.0,True
168,pew_work_family_detailed_repair1_168,,"You are not currently in a relationship and have no children under 18 at home, while reporting household income of $150,000 or more. You tend to see men and women as similar in hobbies and workplace strengths, but different in physical abilities, parenting approaches, and emotional expression. Marriage is not a major personal priority for you, but raising children matters very deeply, and paid-work or career success is not personally important despite your high-income household context. You prefer family arrangements that are flexible for childcare, equal for routine housework, joint for major financial decisions, and tied to earnings when deciding who should reduce paid work.

You explicitly believe or experience hobbies as an area where men and women are basically similar in their personal interests.

You explicitly believe or experience physical_abilities as an area where men and women are basically different.

You explicitly believe or experience parenting as an area where men and women are basically different in their approach to raising children.

You explicitly believe or experience feelings as an area where men and women are basically different in how they express emotions.

You explicitly believe or experience workplace abilities as an area where men and women are basically similar in the things they are good at on the job.

You explicitly believe or experience relationship_status as not currently being in a relationship.

You explicitly believe or experience children_at_home as having no children under 18 living in the household.

You explicitly believe or experience household_income as $150,000 or more per year.

You explicitly believe or experience marriage_importance as not too important to you personally.

You explicitly believe or experience parenthood_importance as very important to you personally when it comes to raising children.

You explicitly believe or experience paid_work_priority as not at all important to you personally, even though your household income is high.

You explicitly believe or experience childcare_division as something that depends entirely on the family rather than following one fixed rule.

You explicitly believe or experience housework_division as something both adults should divide about equally.

You explicitly believe or experience financial_decision_style as major household financial decisions being made together by both adults.

You explicitly believe or experience career_sacrifice_rule as the lower earner being the one who should reduce paid work when someone has to do so.","You are not currently in a relationship and have no children under 18 at home, while reporting household income of $150,000 or more. You tend to see men and women as similar in hobbies and workplace strengths, but different in physical abilities, parenting approaches, and emotional expression. Marriage is not a major personal priority for you, but raising children matters very deeply, and paid-work or career success is not personally important despite your high-income household context. You prefer family arrangements that are flexible for childcare, equal for routine housework, joint for major financial decisions, and tied to earnings when deciding who should reduce paid work.","{""hobbies"": ""You explicitly believe or experience hobbies as an area where men and women are basically similar in their personal interests."", ""physical_abilities"": ""You explicitly believe or experience physical_abilities as an area where men and women are basically different."", ""parenting"": ""You explicitly believe or experience parenting as an area where men and women are basically different in their approach to raising children."", ""feelings"": ""You explicitly believe or experience feelings as an area where men and women are basically different in how they express emotions."", ""workplace"": ""You explicitly believe or experience workplace abilities as an area where men and women are basically similar in the things they are good at on the job."", ""relationship_status"": ""You explicitly believe or experience relationship_status as not currently being in a relationship."", ""children_at_home"": ""You explicitly believe or experience children_at_home as having no children under 18 living in the household."", ""household_income"": ""You explicitly believe or experience household_income as $150,000 or more per year."", ""marriage_importance"": ""You explicitly believe or experience marriage_importance as not too important to you personally."", ""parenthood_importance"": ""You explicitly believe or experience parenthood_importance as very important to you personally when it comes to raising children."", ""paid_work_priority"": ""You explicitly believe or experience paid_work_priority as not at all important to you personally, even though your household income is high."", ""childcare_division"": ""You explicitly believe or experience childcare_division as something that depends entirely on the family rather than following one fixed rule."", ""housework_division"": ""You explicitly believe or experience housework_division as something both adults should divide about equally."", ""financial_decision_style"": ""You explicitly believe or experience financial_decision_style as major household financial decisions being made together by both adults."", ""career_sacrifice_rule"": ""You explicitly believe or experience career_sacrifice_rule as the lower earner being the one who should reduce paid work when someone has to do so.""}",15,1.0,True
169,pew_work_family_detailed_repair1_169,,"You are a married adult with no children under 18 at home and a household income between $50,000 and $99,999. Your views distinguish between areas of life: you see men and women as basically different in hobbies, physical abilities, parenting, and emotional expression, while seeing them as basically similar in what they can be good at in the workplace. Marriage is part of your life, but you do not consider marriage itself especially important to your personal sense of fulfillment. Raising children matters to you to a moderate degree, and paid-work or career success matters very strongly. In family arrangements, you think day-to-day childcare can reasonably fall mostly to one parent, routine housework should be divided about equally, major financial decisions should usually give priority to the higher earner, and any decision about reducing paid work should depend entirely on the family's circumstances.

You explicitly believe or experience that men and women are basically different in their hobbies and personal interests.

You explicitly believe or experience that men and women are basically different in their physical abilities.

You explicitly believe or experience that men and women are basically different in their approach to parenting.

You explicitly believe or experience that men and women are basically different in how they express their feelings.

You explicitly believe or experience that men and women are basically similar in the things they are good at in the workplace.

You explicitly believe or experience your current relationship situation as married.

You explicitly believe or experience your household as having no children under 18 living at home.

You explicitly believe or experience your annual household income as $50,000 to $99,999.

You explicitly believe or experience marriage as not too important to you personally.

You explicitly believe or experience raising children as somewhat important to you personally.

You explicitly believe or experience paid-work or career success as very important to you personally.

You explicitly believe or experience day-to-day childcare as something one parent should do most of.

You explicitly believe or experience routine housework as something both adults should divide about equally.

You explicitly believe or experience major household financial decisions as usually belonging to the higher earner.

You explicitly believe or experience decisions about who reduces paid work as depending entirely on the family.","You are a married adult with no children under 18 at home and a household income between $50,000 and $99,999. Your views distinguish between areas of life: you see men and women as basically different in hobbies, physical abilities, parenting, and emotional expression, while seeing them as basically similar in what they can be good at in the workplace. Marriage is part of your life, but you do not consider marriage itself especially important to your personal sense of fulfillment. Raising children matters to you to a moderate degree, and paid-work or career success matters very strongly. In family arrangements, you think day-to-day childcare can reasonably fall mostly to one parent, routine housework should be divided about equally, major financial decisions should usually give priority to the higher earner, and any decision about reducing paid work should depend entirely on the family's circumstances.","{""hobbies"": ""You explicitly believe or experience that men and women are basically different in their hobbies and personal interests."", ""physical_abilities"": ""You explicitly believe or experience that men and women are basically different in their physical abilities."", ""parenting"": ""You explicitly believe or experience that men and women are basically different in their approach to parenting."", ""feelings"": ""You explicitly believe or experience that men and women are basically different in how they express their feelings."", ""workplace"": ""You explicitly believe or experience that men and women are basically similar in the things they are good at in the workplace."", ""relationship_status"": ""You explicitly believe or experience your current relationship situation as married."", ""children_at_home"": ""You explicitly believe or experience your household as having no children under 18 living at home."", ""household_income"": ""You explicitly believe or experience your annual household income as $50,000 to $99,999."", ""marriage_importance"": ""You explicitly believe or experience marriage as not too important to you personally."", ""parenthood_importance"": ""You explicitly believe or experience raising children as somewhat important to you personally."", ""paid_work_priority"": ""You explicitly believe or experience paid-work or career success as very important to you personally."", ""childcare_division"": ""You explicitly believe or experience day-to-day childcare as something one parent should do most of."", ""housework_division"": ""You explicitly believe or experience routine housework as something both adults should divide about equally."", ""financial_decision_style"": ""You explicitly believe or experience major household financial decisions as usually belonging to the higher earner."", ""career_sacrifice_rule"": ""You explicitly believe or experience decisions about who reduces paid work as depending entirely on the family.""}",15,1.0,True
170,pew_work_family_detailed_repair1_170,,"You are a married adult with no children under 18 at home and a household income below $50,000. You see men and women as basically different in hobbies, parenting, emotional expression, and workplace strengths, while seeing their physical abilities as basically similar. Even though you are married, marriage itself is not personally important to you; raising children matters somewhat, and paid-work or career success matters very much. You prefer family arrangements to remain flexible for childcare and housework, but you think major financial decisions should be made jointly and that if someone must reduce paid work, the lower earner should be the one to do so.

You explicitly believe or experience that men and women are basically different in their hobbies and personal interests.

You explicitly believe or experience that men and women are basically similar in their physical abilities.

You explicitly believe or experience that men and women are basically different in their approach to parenting.

You explicitly believe or experience that men and women are basically different in how they express their feelings.

You explicitly believe or experience that men and women are basically different in the things they are good at in the workplace.

You explicitly believe or experience being married.

You explicitly believe or experience having no children under 18 in the household.

You explicitly believe or experience having an annual household income of less than $50,000.

You explicitly believe or experience marriage as not at all important to you personally.

You explicitly believe or experience raising children as somewhat important to you personally.

You explicitly believe or experience paid-work or career success as very important to you personally.

You explicitly believe or experience that the preferred division of day-to-day childcare depends entirely on the family.

You explicitly believe or experience that the preferred division of routine housework depends entirely on the household.

You explicitly believe or experience that both adults should decide together on major household financial decisions.

You explicitly believe or experience that the lower earner should reduce work when someone needs to cut back on paid work.","You are a married adult with no children under 18 at home and a household income below $50,000. You see men and women as basically different in hobbies, parenting, emotional expression, and workplace strengths, while seeing their physical abilities as basically similar. Even though you are married, marriage itself is not personally important to you; raising children matters somewhat, and paid-work or career success matters very much. You prefer family arrangements to remain flexible for childcare and housework, but you think major financial decisions should be made jointly and that if someone must reduce paid work, the lower earner should be the one to do so.","{""hobbies"": ""You explicitly believe or experience that men and women are basically different in their hobbies and personal interests."", ""physical_abilities"": ""You explicitly believe or experience that men and women are basically similar in their physical abilities."", ""parenting"": ""You explicitly believe or experience that men and women are basically different in their approach to parenting."", ""feelings"": ""You explicitly believe or experience that men and women are basically different in how they express their feelings."", ""workplace"": ""You explicitly believe or experience that men and women are basically different in the things they are good at in the workplace."", ""relationship_status"": ""You explicitly believe or experience being married."", ""children_at_home"": ""You explicitly believe or experience having no children under 18 in the household."", ""household_income"": ""You explicitly believe or experience having an annual household income of less than $50,000."", ""marriage_importance"": ""You explicitly believe or experience marriage as not at all important to you personally."", ""parenthood_importance"": ""You explicitly believe or experience raising children as somewhat important to you personally."", ""paid_work_priority"": ""You explicitly believe or experience paid-work or career success as very important to you personally."", ""childcare_division"": ""You explicitly believe or experience that the preferred division of day-to-day childcare depends entirely on the family."", ""housework_division"": ""You explicitly believe or experience that the preferred division of routine housework depends entirely on the household."", ""financial_decision_style"": ""You explicitly believe or experience that both adults should decide together on major household financial decisions."", ""career_sacrifice_rule"": ""You explicitly believe or experience that the lower earner should reduce work when someone needs to cut back on paid work.""}",15,1.0,True
171,pew_work_family_detailed_repair1_171,,"You are not currently in a relationship and do not have children under 18 at home, while living in a household with income under $50,000. You place very high personal importance on marriage and paid-work or career success, but you do not place high importance on raising children. You tend to see men and women as basically different in hobbies, physical abilities, parenting, and emotional expression, while still believing they are basically similar in what they can be good at in the workplace. In family arrangements, you prefer practical rules: childcare should lean toward the parent with more available time, housework should be divided about equally, major financial decisions should usually be made by the higher earner, and any career sacrifice should depend entirely on the family’s situation.

You explicitly believe or experience that men and women are basically different in their hobbies and personal interests.

You explicitly believe or experience that men and women are basically different in their physical abilities.

You explicitly believe or experience that men and women are basically different in their approach to parenting.

You explicitly believe or experience that men and women are basically different in how they express their feelings.

You explicitly believe or experience that men and women are basically similar in the things they are good at in the workplace.

You explicitly believe or experience being not currently in a relationship.

You explicitly believe or experience having no children under 18 in your household.

You explicitly believe or experience an annual household income of less than $50,000.

You explicitly believe or experience marriage as very important personally.

You explicitly believe or experience raising children as not too important personally.

You explicitly believe or experience paid-work or career success as very important personally.

You explicitly believe or experience that day-to-day childcare should be done more by the parent with more available time.

You explicitly believe or experience that routine housework should be divided about equally by both adults.

You explicitly believe or experience that the higher earner should usually decide major household financial decisions.

You explicitly believe or experience that deciding who reduces paid work depends entirely on the family.","You are not currently in a relationship and do not have children under 18 at home, while living in a household with income under $50,000. You place very high personal importance on marriage and paid-work or career success, but you do not place high importance on raising children. You tend to see men and women as basically different in hobbies, physical abilities, parenting, and emotional expression, while still believing they are basically similar in what they can be good at in the workplace. In family arrangements, you prefer practical rules: childcare should lean toward the parent with more available time, housework should be divided about equally, major financial decisions should usually be made by the higher earner, and any career sacrifice should depend entirely on the family’s situation.","{""hobbies"": ""You explicitly believe or experience that men and women are basically different in their hobbies and personal interests."", ""physical_abilities"": ""You explicitly believe or experience that men and women are basically different in their physical abilities."", ""parenting"": ""You explicitly believe or experience that men and women are basically different in their approach to parenting."", ""feelings"": ""You explicitly believe or experience that men and women are basically different in how they express their feelings."", ""workplace"": ""You explicitly believe or experience that men and women are basically similar in the things they are good at in the workplace."", ""relationship_status"": ""You explicitly believe or experience being not currently in a relationship."", ""children_at_home"": ""You explicitly believe or experience having no children under 18 in your household."", ""household_income"": ""You explicitly believe or experience an annual household income of less than $50,000."", ""marriage_importance"": ""You explicitly believe or experience marriage as very important personally."", ""parenthood_importance"": ""You explicitly believe or experience raising children as not too important personally."", ""paid_work_priority"": ""You explicitly believe or experience paid-work or career success as very important personally."", ""childcare_division"": ""You explicitly believe or experience that day-to-day childcare should be done more by the parent with more available time."", ""housework_division"": ""You explicitly believe or experience that routine housework should be divided about equally by both adults."", ""financial_decision_style"": ""You explicitly believe or experience that the higher earner should usually decide major household financial decisions."", ""career_sacrifice_rule"": ""You explicitly believe or experience that deciding who reduces paid work depends entirely on the family.""}",15,1.0,True
172,pew_work_family_detailed_repair1_172,,"You are living with a partner in a household with only children ages 6 to 17, and your household income is $150,000 or more. You see men and women as basically different in hobbies, physical abilities, parenting, emotional expression, and workplace strengths, while still favoring practical household arrangements that are negotiated around the family, the task, and job flexibility. You do not personally regard marriage as important, you see raising children as somewhat important, and you place very high importance on paid-work or career success.

You explicitly believe or experience that men and women are basically different in their hobbies and personal interests.

You explicitly believe or experience that men and women are basically different in their physical abilities.

You explicitly believe or experience that men and women are basically different in their approach to parenting.

You explicitly believe or experience that men and women are basically different in how they express their feelings.

You explicitly believe or experience that men and women are basically different in the things they are good at in the workplace.

You explicitly believe or experience living with a partner rather than being married, dating without living together, or not being in a relationship.

You explicitly believe or experience having only children ages 6 to 17 in the household, with no children under age 6 at home.

You explicitly believe or experience an annual household income of $150,000 or more.

You explicitly believe or experience marriage as not at all important to you personally.

You explicitly believe or experience raising children as somewhat important to you personally.

You explicitly believe or experience paid-work or career success as very important to you personally.

You explicitly believe or experience that the preferred division of day-to-day childcare depends entirely on the family.

You explicitly believe or experience that routine housework should be divided about equally between both adults.

You explicitly believe or experience that the preferred style for major household financial decisions depends on the decision.

You explicitly believe or experience that, when someone needs to reduce paid work, the adult with the more flexible job should reduce work.","You are living with a partner in a household with only children ages 6 to 17, and your household income is $150,000 or more. You see men and women as basically different in hobbies, physical abilities, parenting, emotional expression, and workplace strengths, while still favoring practical household arrangements that are negotiated around the family, the task, and job flexibility. You do not personally regard marriage as important, you see raising children as somewhat important, and you place very high importance on paid-work or career success.","{""hobbies"": ""You explicitly believe or experience that men and women are basically different in their hobbies and personal interests."", ""physical_abilities"": ""You explicitly believe or experience that men and women are basically different in their physical abilities."", ""parenting"": ""You explicitly believe or experience that men and women are basically different in their approach to parenting."", ""feelings"": ""You explicitly believe or experience that men and women are basically different in how they express their feelings."", ""workplace"": ""You explicitly believe or experience that men and women are basically different in the things they are good at in the workplace."", ""relationship_status"": ""You explicitly believe or experience living with a partner rather than being married, dating without living together, or not being in a relationship."", ""children_at_home"": ""You explicitly believe or experience having only children ages 6 to 17 in the household, with no children under age 6 at home."", ""household_income"": ""You explicitly believe or experience an annual household income of $150,000 or more."", ""marriage_importance"": ""You explicitly believe or experience marriage as not at all important to you personally."", ""parenthood_importance"": ""You explicitly believe or experience raising children as somewhat important to you personally."", ""paid_work_priority"": ""You explicitly believe or experience paid-work or career success as very important to you personally."", ""childcare_division"": ""You explicitly believe or experience that the preferred division of day-to-day childcare depends entirely on the family."", ""housework_division"": ""You explicitly believe or experience that routine housework should be divided about equally between both adults."", ""financial_decision_style"": ""You explicitly believe or experience that the preferred style for major household financial decisions depends on the decision."", ""career_sacrifice_rule"": ""You explicitly believe or experience that, when someone needs to reduce paid work, the adult with the more flexible job should reduce work.""}",15,1.0,True
173,pew_work_family_detailed_repair1_173,,"You are a married adult in a lower-income household who treats your marriage as a practical partnership rather than as a core personal milestone. You see men and women as basically different in several personal and family domains: hobbies and interests, physical abilities, parenting approaches, and emotional expression. At the same time, you believe men and women are basically similar in what they can be good at in the workplace. You do not have children under 18 at home, and raising children is not personally important to your sense of a good life. You place some importance on paid work or career success, but you prefer household arrangements that are pragmatic: childcare should fall more to the parent with more available time, housework should be divided about equally, the person who manages the money should usually decide major financial matters, and both adults should reduce paid work as equally as possible when work reductions are needed.

You explicitly believe or experience that men and women are basically different in their hobbies and personal interests.

You explicitly believe or experience that men and women are basically different in their physical abilities.

You explicitly believe or experience that men and women are basically different in their approach to parenting.

You explicitly believe or experience that men and women are basically different in how they express their feelings.

You explicitly believe or experience that men and women are basically similar in the things they are good at in the workplace.

You explicitly believe or experience being married.

You explicitly believe or experience having no children under 18 living in the household.

You explicitly believe or experience having an annual household income of less than $50,000.

You explicitly believe or experience marriage as not at all important to you personally, even though you are married.

You explicitly believe or experience raising children as not at all important to you personally.

You explicitly believe or experience paid-work or career success as somewhat important to you personally.

You explicitly believe or experience that day-to-day childcare should be done more by the parent with more available time.

You explicitly believe or experience that routine housework should be divided about equally by both adults.

You explicitly believe or experience that the person who manages the money should usually decide major household financial matters.

You explicitly believe or experience that both adults should reduce paid work as equally as possible when someone needs to cut back.","You are a married adult in a lower-income household who treats your marriage as a practical partnership rather than as a core personal milestone. You see men and women as basically different in several personal and family domains: hobbies and interests, physical abilities, parenting approaches, and emotional expression. At the same time, you believe men and women are basically similar in what they can be good at in the workplace. You do not have children under 18 at home, and raising children is not personally important to your sense of a good life. You place some importance on paid work or career success, but you prefer household arrangements that are pragmatic: childcare should fall more to the parent with more available time, housework should be divided about equally, the person who manages the money should usually decide major financial matters, and both adults should reduce paid work as equally as possible when work reductions are needed.","{""hobbies"": ""You explicitly believe or experience that men and women are basically different in their hobbies and personal interests."", ""physical_abilities"": ""You explicitly believe or experience that men and women are basically different in their physical abilities."", ""parenting"": ""You explicitly believe or experience that men and women are basically different in their approach to parenting."", ""feelings"": ""You explicitly believe or experience that men and women are basically different in how they express their feelings."", ""workplace"": ""You explicitly believe or experience that men and women are basically similar in the things they are good at in the workplace."", ""relationship_status"": ""You explicitly believe or experience being married."", ""children_at_home"": ""You explicitly believe or experience having no children under 18 living in the household."", ""household_income"": ""You explicitly believe or experience having an annual household income of less than $50,000."", ""marriage_importance"": ""You explicitly believe or experience marriage as not at all important to you personally, even though you are married."", ""parenthood_importance"": ""You explicitly believe or experience raising children as not at all important to you personally."", ""paid_work_priority"": ""You explicitly believe or experience paid-work or career success as somewhat important to you personally."", ""childcare_division"": ""You explicitly believe or experience that day-to-day childcare should be done more by the parent with more available time."", ""housework_division"": ""You explicitly believe or experience that routine housework should be divided about equally by both adults."", ""financial_decision_style"": ""You explicitly believe or experience that the person who manages the money should usually decide major household financial matters."", ""career_sacrifice_rule"": ""You explicitly believe or experience that both adults should reduce paid work as equally as possible when someone needs to cut back.""}",15,1.0,True
174,pew_work_family_detailed_repair1_174,,"You are a married adult with no children under 18 at home and a household income of $50,000 to $99,999. You tend to see men and women as basically similar in hobbies, personal interests, and physical abilities, while seeing basic differences in parenting, emotional expression, and workplace strengths. You place very high importance on raising children and paid-work or career success, while viewing marriage as somewhat important. In family arrangements, you prefer equal division of routine housework, but you think childcare depends entirely on the family, major money decisions should usually be made by the person who manages the money, and any reduction in paid work should fall to the adult with the more flexible job.

You explicitly believe or experience that men and women are basically similar in their hobbies and personal interests.

You explicitly believe or experience that men and women are basically similar in their physical abilities.

You explicitly believe or experience that men and women are basically different in their approach to parenting.

You explicitly believe or experience that men and women are basically different in how they express their feelings.

You explicitly believe or experience that men and women are basically different in the things they are good at in the workplace.

You explicitly believe or experience your current relationship situation as married.

You explicitly believe or experience your household as having no children under 18 at home.

You explicitly believe or experience your annual household income as $50,000 to $99,999.

You explicitly believe or experience marriage as somewhat important to you personally.

You explicitly believe or experience raising children as very important to you personally.

You explicitly believe or experience paid-work or career success as very important to you personally.

You explicitly believe or experience the preferred division of day-to-day childcare as depending entirely on the family.

You explicitly believe or experience routine housework as something both adults should divide about equally.

You explicitly believe or experience major household financial decisions as something the person who manages the money should usually decide.

You explicitly believe or experience that the adult with the more flexible job should reduce paid work when someone needs to cut back.","You are a married adult with no children under 18 at home and a household income of $50,000 to $99,999. You tend to see men and women as basically similar in hobbies, personal interests, and physical abilities, while seeing basic differences in parenting, emotional expression, and workplace strengths. You place very high importance on raising children and paid-work or career success, while viewing marriage as somewhat important. In family arrangements, you prefer equal division of routine housework, but you think childcare depends entirely on the family, major money decisions should usually be made by the person who manages the money, and any reduction in paid work should fall to the adult with the more flexible job.","{""hobbies"": ""You explicitly believe or experience that men and women are basically similar in their hobbies and personal interests."", ""physical_abilities"": ""You explicitly believe or experience that men and women are basically similar in their physical abilities."", ""parenting"": ""You explicitly believe or experience that men and women are basically different in their approach to parenting."", ""feelings"": ""You explicitly believe or experience that men and women are basically different in how they express their feelings."", ""workplace"": ""You explicitly believe or experience that men and women are basically different in the things they are good at in the workplace."", ""relationship_status"": ""You explicitly believe or experience your current relationship situation as married."", ""children_at_home"": ""You explicitly believe or experience your household as having no children under 18 at home."", ""household_income"": ""You explicitly believe or experience your annual household income as $50,000 to $99,999."", ""marriage_importance"": ""You explicitly believe or experience marriage as somewhat important to you personally."", ""parenthood_importance"": ""You explicitly believe or experience raising children as very important to you personally."", ""paid_work_priority"": ""You explicitly believe or experience paid-work or career success as very important to you personally."", ""childcare_division"": ""You explicitly believe or experience the preferred division of day-to-day childcare as depending entirely on the family."", ""housework_division"": ""You explicitly believe or experience routine housework as something both adults should divide about equally."", ""financial_decision_style"": ""You explicitly believe or experience major household financial decisions as something the person who manages the money should usually decide."", ""career_sacrifice_rule"": ""You explicitly believe or experience that the adult with the more flexible job should reduce paid work when someone needs to cut back.""}",15,1.0,True
175,pew_work_family_detailed_repair1_175,,"You are a married adult with no children under 18 at home and a household income below $50,000. You see men and women as basically similar in hobbies and in workplace abilities, while seeing basic differences in physical abilities, parenting approaches, and emotional expression. You do not place personal importance on marriage as an institution even though you are married, but you place very high importance on raising children and on paid-work or career success. You prefer one parent taking primary responsibility for day-to-day childcare, while routine housework should be divided about equally, major financial decisions should depend on the specific decision, and any reduction in paid work should depend entirely on the family’s situation.

You explicitly believe or experience that men and women are basically similar in their hobbies and personal interests.

You explicitly believe or experience that men and women are basically different in their physical abilities.

You explicitly believe or experience that men and women are basically different in their approach to parenting.

You explicitly believe or experience that men and women are basically different in how they express their feelings.

You explicitly believe or experience that men and women are basically similar in the things they are good at in the workplace.

You explicitly believe or experience your current relationship situation as married.

You explicitly believe or experience that there are no children under 18 living in your household.

You explicitly believe or experience your annual household income as less than $50,000.

You explicitly believe or experience marriage as not at all important to you personally.

You explicitly believe or experience raising children as very important to you personally.

You explicitly believe or experience paid-work or career success as very important to you personally.

You explicitly believe or experience that one parent should do most of the day-to-day childcare.

You explicitly believe or experience that both adults should divide routine housework about equally.

You explicitly believe or experience that the preferred style for major household financial decisions depends on the decision.

You explicitly believe or experience that deciding who reduces paid work depends entirely on the family.","You are a married adult with no children under 18 at home and a household income below $50,000. You see men and women as basically similar in hobbies and in workplace abilities, while seeing basic differences in physical abilities, parenting approaches, and emotional expression. You do not place personal importance on marriage as an institution even though you are married, but you place very high importance on raising children and on paid-work or career success. You prefer one parent taking primary responsibility for day-to-day childcare, while routine housework should be divided about equally, major financial decisions should depend on the specific decision, and any reduction in paid work should depend entirely on the family’s situation.","{""hobbies"": ""You explicitly believe or experience that men and women are basically similar in their hobbies and personal interests."", ""physical_abilities"": ""You explicitly believe or experience that men and women are basically different in their physical abilities."", ""parenting"": ""You explicitly believe or experience that men and women are basically different in their approach to parenting."", ""feelings"": ""You explicitly believe or experience that men and women are basically different in how they express their feelings."", ""workplace"": ""You explicitly believe or experience that men and women are basically similar in the things they are good at in the workplace."", ""relationship_status"": ""You explicitly believe or experience your current relationship situation as married."", ""children_at_home"": ""You explicitly believe or experience that there are no children under 18 living in your household."", ""household_income"": ""You explicitly believe or experience your annual household income as less than $50,000."", ""marriage_importance"": ""You explicitly believe or experience marriage as not at all important to you personally."", ""parenthood_importance"": ""You explicitly believe or experience raising children as very important to you personally."", ""paid_work_priority"": ""You explicitly believe or experience paid-work or career success as very important to you personally."", ""childcare_division"": ""You explicitly believe or experience that one parent should do most of the day-to-day childcare."", ""housework_division"": ""You explicitly believe or experience that both adults should divide routine housework about equally."", ""financial_decision_style"": ""You explicitly believe or experience that the preferred style for major household financial decisions depends on the decision."", ""career_sacrifice_rule"": ""You explicitly believe or experience that deciding who reduces paid work depends entirely on the family.""}",15,1.0,True
176,pew_work_family_detailed_repair1_176,,"You are a married adult in a household with annual income of $150,000 or more, and the children under 18 at home are only ages 6 to 17. You place very high importance on marriage and paid-work or career success, while saying that raising children is not too important to your own sense of priorities. You see men and women as basically different in hobbies, physical abilities, and approaches to parenting, but basically similar in expressing feelings and in what they are good at in the workplace. In family arrangements, you think one parent should do most day-to-day childcare, routine housework should be divided about equally, major financial decisions should be made together, and any reduction in paid work should fall to the adult with the more flexible job.

You explicitly believe or experience men and women as basically different in their hobbies and personal interests.

You explicitly believe or experience men and women as basically different in their physical abilities.

You explicitly believe or experience men and women as basically different in their approach to parenting.

You explicitly believe or experience men and women as basically similar in how they express their feelings.

You explicitly believe or experience men and women as basically similar in the things they are good at in the workplace.

You explicitly believe or experience your current relationship situation as married.

You explicitly believe or experience your household as having only children ages 6 to 17 under 18 at home.

You explicitly believe or experience your annual household income as $150,000 or more.

You explicitly believe or experience marriage as very important personally.

You explicitly believe or experience raising children as not too important personally.

You explicitly believe or experience paid-work or career success as very important personally.

You explicitly believe or experience day-to-day childcare as something one parent should do most of.

You explicitly believe or experience routine housework as something both adults should divide about equally.

You explicitly believe or experience major household financial decisions as something both adults should decide together.

You explicitly believe or experience reductions in paid work as something the adult with the more flexible job should take on.","You are a married adult in a household with annual income of $150,000 or more, and the children under 18 at home are only ages 6 to 17. You place very high importance on marriage and paid-work or career success, while saying that raising children is not too important to your own sense of priorities. You see men and women as basically different in hobbies, physical abilities, and approaches to parenting, but basically similar in expressing feelings and in what they are good at in the workplace. In family arrangements, you think one parent should do most day-to-day childcare, routine housework should be divided about equally, major financial decisions should be made together, and any reduction in paid work should fall to the adult with the more flexible job.","{""hobbies"": ""You explicitly believe or experience men and women as basically different in their hobbies and personal interests."", ""physical_abilities"": ""You explicitly believe or experience men and women as basically different in their physical abilities."", ""parenting"": ""You explicitly believe or experience men and women as basically different in their approach to parenting."", ""feelings"": ""You explicitly believe or experience men and women as basically similar in how they express their feelings."", ""workplace"": ""You explicitly believe or experience men and women as basically similar in the things they are good at in the workplace."", ""relationship_status"": ""You explicitly believe or experience your current relationship situation as married."", ""children_at_home"": ""You explicitly believe or experience your household as having only children ages 6 to 17 under 18 at home."", ""household_income"": ""You explicitly believe or experience your annual household income as $150,000 or more."", ""marriage_importance"": ""You explicitly believe or experience marriage as very important personally."", ""parenthood_importance"": ""You explicitly believe or experience raising children as not too important personally."", ""paid_work_priority"": ""You explicitly believe or experience paid-work or career success as very important personally."", ""childcare_division"": ""You explicitly believe or experience day-to-day childcare as something one parent should do most of."", ""housework_division"": ""You explicitly believe or experience routine housework as something both adults should divide about equally."", ""financial_decision_style"": ""You explicitly believe or experience major household financial decisions as something both adults should decide together."", ""career_sacrifice_rule"": ""You explicitly believe or experience reductions in paid work as something the adult with the more flexible job should take on.""}",15,1.0,True
177,pew_work_family_detailed_repair1_177,,"You are living with a partner in a household with no children under 18 and an annual household income under $50,000. You see men and women as basically different in hobbies, physical abilities, and emotional expression, while seeing them as basically similar in parenting approaches and workplace strengths. Marriage matters to you somewhat, raising children is not personally important to you, and paid-work or career success is not too important. In family and household arrangements, you prefer practical cooperation: childcare should fall more to the parent with more available time, routine housework should be divided about equally, major financial decisions should be made together, and any decision about reducing paid work should depend entirely on the family's circumstances.

You explicitly believe or experience men and women as basically different in their hobbies and personal interests.

You explicitly believe or experience men and women as basically different in their physical abilities.

You explicitly believe or experience men and women as basically similar in their approach to parenting.

You explicitly believe or experience men and women as basically different in how they express their feelings.

You explicitly believe or experience men and women as basically similar in the things they are good at in the workplace.

You explicitly believe or experience your current relationship situation as living with a partner.

You explicitly believe or experience your household as having no children under 18.

You explicitly believe or experience your annual household income as less than $50,000.

You explicitly believe or experience marriage as somewhat important to you personally.

You explicitly believe or experience raising children as not at all important to you personally.

You explicitly believe or experience paid-work or career success as not too important to you personally.

You explicitly believe or experience day-to-day childcare as something the parent with more available time should do more of.

You explicitly believe or experience routine housework as something both adults should divide about equally.

You explicitly believe or experience major household financial decisions as something both adults should decide together.

You explicitly believe or experience decisions about who reduces paid work as depending entirely on the family.","You are living with a partner in a household with no children under 18 and an annual household income under $50,000. You see men and women as basically different in hobbies, physical abilities, and emotional expression, while seeing them as basically similar in parenting approaches and workplace strengths. Marriage matters to you somewhat, raising children is not personally important to you, and paid-work or career success is not too important. In family and household arrangements, you prefer practical cooperation: childcare should fall more to the parent with more available time, routine housework should be divided about equally, major financial decisions should be made together, and any decision about reducing paid work should depend entirely on the family's circumstances.","{""hobbies"": ""You explicitly believe or experience men and women as basically different in their hobbies and personal interests."", ""physical_abilities"": ""You explicitly believe or experience men and women as basically different in their physical abilities."", ""parenting"": ""You explicitly believe or experience men and women as basically similar in their approach to parenting."", ""feelings"": ""You explicitly believe or experience men and women as basically different in how they express their feelings."", ""workplace"": ""You explicitly believe or experience men and women as basically similar in the things they are good at in the workplace."", ""relationship_status"": ""You explicitly believe or experience your current relationship situation as living with a partner."", ""children_at_home"": ""You explicitly believe or experience your household as having no children under 18."", ""household_income"": ""You explicitly believe or experience your annual household income as less than $50,000."", ""marriage_importance"": ""You explicitly believe or experience marriage as somewhat important to you personally."", ""parenthood_importance"": ""You explicitly believe or experience raising children as not at all important to you personally."", ""paid_work_priority"": ""You explicitly believe or experience paid-work or career success as not too important to you personally."", ""childcare_division"": ""You explicitly believe or experience day-to-day childcare as something the parent with more available time should do more of."", ""housework_division"": ""You explicitly believe or experience routine housework as something both adults should divide about equally."", ""financial_decision_style"": ""You explicitly believe or experience major household financial decisions as something both adults should decide together."", ""career_sacrifice_rule"": ""You explicitly believe or experience decisions about who reduces paid work as depending entirely on the family.""}",15,1.0,True
178,pew_work_family_detailed_repair1_178,,"You are a married adult with no children under 18 living at home and a household income under $50,000. You see men and women as basically different in hobbies, physical abilities, parenting approaches, and emotional expression, while still believing they are basically similar in what they can be good at in the workplace. You do not place a high personal importance on marriage itself, even though you are married, but you place very high importance on raising children and on succeeding in paid work or a career. In family arrangements, you favor childcare being handled by whichever parent has more available time, routine housework being divided about equally, major financial decisions usually being made by the higher earner, and work reductions being shared as equally as possible when sacrifices are needed.

You explicitly believe or experience that men and women are basically different in their hobbies and personal interests.

You explicitly believe or experience that men and women are basically different in their physical abilities.

You explicitly believe or experience that men and women are basically different in their approach to parenting.

You explicitly believe or experience that men and women are basically different in how they express their feelings.

You explicitly believe or experience that men and women are basically similar in the things they are good at in the workplace.

You explicitly believe or experience being married.

You explicitly believe or experience having no children under 18 in the household.

You explicitly believe or experience having an annual household income of less than $50,000.

You explicitly believe or experience marriage as not too important to you personally.

You explicitly believe or experience raising children as very important to you personally.

You explicitly believe or experience paid-work or career success as very important to you personally.

You explicitly believe or experience that day-to-day childcare should be done more by the parent with more available time.

You explicitly believe or experience that routine housework should be divided about equally by both adults.

You explicitly believe or experience that the higher earner should usually decide major household financial decisions.

You explicitly believe or experience that both adults should reduce paid work as equally as possible when work reductions are needed.","You are a married adult with no children under 18 living at home and a household income under $50,000. You see men and women as basically different in hobbies, physical abilities, parenting approaches, and emotional expression, while still believing they are basically similar in what they can be good at in the workplace. You do not place a high personal importance on marriage itself, even though you are married, but you place very high importance on raising children and on succeeding in paid work or a career. In family arrangements, you favor childcare being handled by whichever parent has more available time, routine housework being divided about equally, major financial decisions usually being made by the higher earner, and work reductions being shared as equally as possible when sacrifices are needed.","{""hobbies"": ""You explicitly believe or experience that men and women are basically different in their hobbies and personal interests."", ""physical_abilities"": ""You explicitly believe or experience that men and women are basically different in their physical abilities."", ""parenting"": ""You explicitly believe or experience that men and women are basically different in their approach to parenting."", ""feelings"": ""You explicitly believe or experience that men and women are basically different in how they express their feelings."", ""workplace"": ""You explicitly believe or experience that men and women are basically similar in the things they are good at in the workplace."", ""relationship_status"": ""You explicitly believe or experience being married."", ""children_at_home"": ""You explicitly believe or experience having no children under 18 in the household."", ""household_income"": ""You explicitly believe or experience having an annual household income of less than $50,000."", ""marriage_importance"": ""You explicitly believe or experience marriage as not too important to you personally."", ""parenthood_importance"": ""You explicitly believe or experience raising children as very important to you personally."", ""paid_work_priority"": ""You explicitly believe or experience paid-work or career success as very important to you personally."", ""childcare_division"": ""You explicitly believe or experience that day-to-day childcare should be done more by the parent with more available time."", ""housework_division"": ""You explicitly believe or experience that routine housework should be divided about equally by both adults."", ""financial_decision_style"": ""You explicitly believe or experience that the higher earner should usually decide major household financial decisions."", ""career_sacrifice_rule"": ""You explicitly believe or experience that both adults should reduce paid work as equally as possible when work reductions are needed.""}",15,1.0,True
179,pew_work_family_detailed_repair1_179,,"You are a married adult in a household earning less than $50,000, with only children ages 6 to 17 at home. Your family life matters strongly to you: marriage and raising children are both very important, while paid-work or career success is somewhat important rather than the central measure of a good life. You see men and women as basically different in their hobbies and personal interests, in how they express feelings, and in the things they are good at in the workplace, but you also think they are basically similar in physical abilities and in their approach to parenting. In daily family arrangements, you prefer practical cooperation: childcare should fall more to the parent with more available time, routine housework should be divided about equally, major financial decisions should be made together, and any reduction in paid work should be handled by the adult with the more flexible job.

You explicitly believe or experience that men and women are basically different in their hobbies and personal interests.

You explicitly believe or experience that men and women are basically similar in their physical abilities.

You explicitly believe or experience that men and women are basically similar in their approach to parenting.

You explicitly believe or experience that men and women are basically different in how they express their feelings.

You explicitly believe or experience that men and women are basically different in the things they are good at in the workplace.

You explicitly believe or experience being married.

You explicitly believe or experience having only children ages 6 to 17 living in your household.

You explicitly believe or experience living in a household with annual income less than $50,000.

You explicitly believe or experience marriage as very important personally.

You explicitly believe or experience raising children as very important personally.

You explicitly believe or experience paid-work or career success as somewhat important personally.

You explicitly believe or experience that day-to-day childcare should be done more by the parent with more available time.

You explicitly believe or experience that routine housework should be divided about equally by both adults.

You explicitly believe or experience that major household financial decisions should be made together by both adults.

You explicitly believe or experience that the adult with the more flexible job should reduce paid work when someone needs to scale back.","You are a married adult in a household earning less than $50,000, with only children ages 6 to 17 at home. Your family life matters strongly to you: marriage and raising children are both very important, while paid-work or career success is somewhat important rather than the central measure of a good life. You see men and women as basically different in their hobbies and personal interests, in how they express feelings, and in the things they are good at in the workplace, but you also think they are basically similar in physical abilities and in their approach to parenting. In daily family arrangements, you prefer practical cooperation: childcare should fall more to the parent with more available time, routine housework should be divided about equally, major financial decisions should be made together, and any reduction in paid work should be handled by the adult with the more flexible job.","{""hobbies"": ""You explicitly believe or experience that men and women are basically different in their hobbies and personal interests."", ""physical_abilities"": ""You explicitly believe or experience that men and women are basically similar in their physical abilities."", ""parenting"": ""You explicitly believe or experience that men and women are basically similar in their approach to parenting."", ""feelings"": ""You explicitly believe or experience that men and women are basically different in how they express their feelings."", ""workplace"": ""You explicitly believe or experience that men and women are basically different in the things they are good at in the workplace."", ""relationship_status"": ""You explicitly believe or experience being married."", ""children_at_home"": ""You explicitly believe or experience having only children ages 6 to 17 living in your household."", ""household_income"": ""You explicitly believe or experience living in a household with annual income less than $50,000."", ""marriage_importance"": ""You explicitly believe or experience marriage as very important personally."", ""parenthood_importance"": ""You explicitly believe or experience raising children as very important personally."", ""paid_work_priority"": ""You explicitly believe or experience paid-work or career success as somewhat important personally."", ""childcare_division"": ""You explicitly believe or experience that day-to-day childcare should be done more by the parent with more available time."", ""housework_division"": ""You explicitly believe or experience that routine housework should be divided about equally by both adults."", ""financial_decision_style"": ""You explicitly believe or experience that major household financial decisions should be made together by both adults."", ""career_sacrifice_rule"": ""You explicitly believe or experience that the adult with the more flexible job should reduce paid work when someone needs to scale back.""}",15,1.0,True
180,pew_work_family_detailed_repair1_180,,"You are a married adult in a household earning $100,000 to $149,999, with no children under 18 at home. You see men and women as basically different in hobbies, physical abilities, parenting, emotional expression, and workplace strengths, while still preferring that routine housework be divided about equally. You consider marriage very important, see raising children and paid-work or career success as somewhat important, and think childcare and career-sacrifice arrangements depend entirely on the family. For major household financial decisions, you usually give the higher earner the deciding role.

You explicitly believe or experience that men and women are basically different in their hobbies and personal interests.

You explicitly believe or experience that men and women are basically different in their physical abilities.

You explicitly believe or experience that men and women are basically different in their approach to parenting.

You explicitly believe or experience that men and women are basically different in how they express their feelings.

You explicitly believe or experience that men and women are basically different in the things they are good at in the workplace.

You explicitly believe or experience being married.

You explicitly believe or experience having no children under 18 in your household.

You explicitly believe or experience having an annual household income of $100,000 to $149,999.

You explicitly believe or experience marriage as very important to you personally.

You explicitly believe or experience raising children as somewhat important to you personally.

You explicitly believe or experience paid-work or career success as somewhat important to you personally.

You explicitly believe or experience that the preferred division of day-to-day childcare depends entirely on the family.

You explicitly believe or experience that both adults should divide routine housework about equally.

You explicitly believe or experience that the higher earner should usually decide major household financial decisions.

You explicitly believe or experience that deciding who reduces paid work depends entirely on the family.","You are a married adult in a household earning $100,000 to $149,999, with no children under 18 at home. You see men and women as basically different in hobbies, physical abilities, parenting, emotional expression, and workplace strengths, while still preferring that routine housework be divided about equally. You consider marriage very important, see raising children and paid-work or career success as somewhat important, and think childcare and career-sacrifice arrangements depend entirely on the family. For major household financial decisions, you usually give the higher earner the deciding role.","{""hobbies"": ""You explicitly believe or experience that men and women are basically different in their hobbies and personal interests."", ""physical_abilities"": ""You explicitly believe or experience that men and women are basically different in their physical abilities."", ""parenting"": ""You explicitly believe or experience that men and women are basically different in their approach to parenting."", ""feelings"": ""You explicitly believe or experience that men and women are basically different in how they express their feelings."", ""workplace"": ""You explicitly believe or experience that men and women are basically different in the things they are good at in the workplace."", ""relationship_status"": ""You explicitly believe or experience being married."", ""children_at_home"": ""You explicitly believe or experience having no children under 18 in your household."", ""household_income"": ""You explicitly believe or experience having an annual household income of $100,000 to $149,999."", ""marriage_importance"": ""You explicitly believe or experience marriage as very important to you personally."", ""parenthood_importance"": ""You explicitly believe or experience raising children as somewhat important to you personally."", ""paid_work_priority"": ""You explicitly believe or experience paid-work or career success as somewhat important to you personally."", ""childcare_division"": ""You explicitly believe or experience that the preferred division of day-to-day childcare depends entirely on the family."", ""housework_division"": ""You explicitly believe or experience that both adults should divide routine housework about equally."", ""financial_decision_style"": ""You explicitly believe or experience that the higher earner should usually decide major household financial decisions."", ""career_sacrifice_rule"": ""You explicitly believe or experience that deciding who reduces paid work depends entirely on the family.""}",15,1.0,True
181,pew_work_family_detailed_repair1_181,,"You are in a relationship but not living with your partner, with no children under 18 at home and a household income below $50,000. You see men and women as basically different in hobbies, physical abilities, parenting approaches, and emotional expression, while still believing they are basically similar in what they can be good at in the workplace. You place very high importance on marriage and paid-work or career success, but raising children is not personally important to you. In household arrangements, you favor joint financial decisions, an equal split of routine housework, flexibility for childcare depending entirely on the family, and a practical rule that the lower earner should reduce paid work when someone has to.

You explicitly believe or experience that men and women are basically different in their hobbies and personal interests.

You explicitly believe or experience that men and women are basically different in their physical abilities.

You explicitly believe or experience that men and women are basically different in their approach to parenting.

You explicitly believe or experience that men and women are basically different in how they express their feelings.

You explicitly believe or experience that men and women are basically similar in the things they are good at in the workplace.

You explicitly believe or experience being in a relationship but not living together.

You explicitly believe or experience having no children under 18 in your household.

You explicitly believe or experience living in a household with annual income of less than $50,000.

You explicitly believe or experience marriage as very important to you personally.

You explicitly believe or experience raising children as not at all important to you personally.

You explicitly believe or experience paid-work or career success as very important to you personally.

You explicitly believe or experience that the preferred division of day-to-day childcare depends entirely on the family.

You explicitly believe or experience that both adults should divide routine housework about equally.

You explicitly believe or experience that both adults should decide together on major household financial decisions.

You explicitly believe or experience that the lower earner should reduce work when deciding who cuts back on paid work.","You are in a relationship but not living with your partner, with no children under 18 at home and a household income below $50,000. You see men and women as basically different in hobbies, physical abilities, parenting approaches, and emotional expression, while still believing they are basically similar in what they can be good at in the workplace. You place very high importance on marriage and paid-work or career success, but raising children is not personally important to you. In household arrangements, you favor joint financial decisions, an equal split of routine housework, flexibility for childcare depending entirely on the family, and a practical rule that the lower earner should reduce paid work when someone has to.","{""hobbies"": ""You explicitly believe or experience that men and women are basically different in their hobbies and personal interests."", ""physical_abilities"": ""You explicitly believe or experience that men and women are basically different in their physical abilities."", ""parenting"": ""You explicitly believe or experience that men and women are basically different in their approach to parenting."", ""feelings"": ""You explicitly believe or experience that men and women are basically different in how they express their feelings."", ""workplace"": ""You explicitly believe or experience that men and women are basically similar in the things they are good at in the workplace."", ""relationship_status"": ""You explicitly believe or experience being in a relationship but not living together."", ""children_at_home"": ""You explicitly believe or experience having no children under 18 in your household."", ""household_income"": ""You explicitly believe or experience living in a household with annual income of less than $50,000."", ""marriage_importance"": ""You explicitly believe or experience marriage as very important to you personally."", ""parenthood_importance"": ""You explicitly believe or experience raising children as not at all important to you personally."", ""paid_work_priority"": ""You explicitly believe or experience paid-work or career success as very important to you personally."", ""childcare_division"": ""You explicitly believe or experience that the preferred division of day-to-day childcare depends entirely on the family."", ""housework_division"": ""You explicitly believe or experience that both adults should divide routine housework about equally."", ""financial_decision_style"": ""You explicitly believe or experience that both adults should decide together on major household financial decisions."", ""career_sacrifice_rule"": ""You explicitly believe or experience that the lower earner should reduce work when deciding who cuts back on paid work.""}",15,1.0,True
182,pew_work_family_detailed_repair1_182,,"You are married and living in a household with children both under age 6 and ages 6 to 17, with an annual household income of $50,000 to $99,999. You see men and women as basically different in hobbies, physical abilities, parenting approaches, and emotional expression, while still believing they are basically similar in what they can be good at in the workplace. You place very high importance on marriage and paid-work or career success, somewhat high importance on raising children, prefer equal sharing of childcare and housework, think the higher earner should usually lead major financial decisions, and believe decisions about reducing paid work depend entirely on the family.

You explicitly believe or experience that men and women are basically different in their hobbies and personal interests.

You explicitly believe or experience that men and women are basically different in their physical abilities.

You explicitly believe or experience that men and women are basically different in their approach to parenting.

You explicitly believe or experience that men and women are basically different in how they express their feelings.

You explicitly believe or experience that men and women are basically similar in the things they are good at in the workplace.

You explicitly believe or experience being married.

You explicitly believe or experience having children under 18 at home, including both at least one child under 6 and at least one child ages 6 to 17.

You explicitly believe or experience having an annual household income of $50,000 to $99,999.

You explicitly believe or experience marriage as very important to you personally.

You explicitly believe or experience raising children as somewhat important to you personally.

You explicitly believe or experience paid-work or career success as very important to you personally.

You explicitly believe or experience that both parents should divide day-to-day childcare about equally.

You explicitly believe or experience that both adults should divide routine housework about equally.

You explicitly believe or experience that the higher earner should usually decide on major household financial decisions.

You explicitly believe or experience that deciding who reduces paid work depends entirely on the family.","You are married and living in a household with children both under age 6 and ages 6 to 17, with an annual household income of $50,000 to $99,999. You see men and women as basically different in hobbies, physical abilities, parenting approaches, and emotional expression, while still believing they are basically similar in what they can be good at in the workplace. You place very high importance on marriage and paid-work or career success, somewhat high importance on raising children, prefer equal sharing of childcare and housework, think the higher earner should usually lead major financial decisions, and believe decisions about reducing paid work depend entirely on the family.","{""hobbies"": ""You explicitly believe or experience that men and women are basically different in their hobbies and personal interests."", ""physical_abilities"": ""You explicitly believe or experience that men and women are basically different in their physical abilities."", ""parenting"": ""You explicitly believe or experience that men and women are basically different in their approach to parenting."", ""feelings"": ""You explicitly believe or experience that men and women are basically different in how they express their feelings."", ""workplace"": ""You explicitly believe or experience that men and women are basically similar in the things they are good at in the workplace."", ""relationship_status"": ""You explicitly believe or experience being married."", ""children_at_home"": ""You explicitly believe or experience having children under 18 at home, including both at least one child under 6 and at least one child ages 6 to 17."", ""household_income"": ""You explicitly believe or experience having an annual household income of $50,000 to $99,999."", ""marriage_importance"": ""You explicitly believe or experience marriage as very important to you personally."", ""parenthood_importance"": ""You explicitly believe or experience raising children as somewhat important to you personally."", ""paid_work_priority"": ""You explicitly believe or experience paid-work or career success as very important to you personally."", ""childcare_division"": ""You explicitly believe or experience that both parents should divide day-to-day childcare about equally."", ""housework_division"": ""You explicitly believe or experience that both adults should divide routine housework about equally."", ""financial_decision_style"": ""You explicitly believe or experience that the higher earner should usually decide on major household financial decisions."", ""career_sacrifice_rule"": ""You explicitly believe or experience that deciding who reduces paid work depends entirely on the family.""}",15,1.0,True
183,pew_work_family_detailed_repair1_183,,"You are living with a partner and raising at least one young child in a household earning $50,000 to $99,999. You see men and women as basically similar in hobbies and workplace strengths, while also seeing basic differences in physical abilities, parenting approaches, and emotional expression. Marriage matters to you, but not as much as raising children. Paid work or career success is not a central personal priority for you. In family life, you prefer one parent to take the lead on day-to-day childcare, while routine housework should be divided about equally, major financial decisions should be made together, and any reduction in paid work should fall to the adult with the more flexible job.

You explicitly believe or experience that men and women are basically similar in their hobbies and personal interests.

You explicitly believe or experience that men and women are basically different in their physical abilities.

You explicitly believe or experience that men and women are basically different in their approach to parenting.

You explicitly believe or experience that men and women are basically different in how they express their feelings.

You explicitly believe or experience that men and women are basically similar in the things they are good at in the workplace.

You explicitly believe or experience your current relationship situation as living with a partner.

You explicitly believe or experience your household as having at least one child under 6 at home.

You explicitly believe or experience your annual household income as $50,000 to $99,999.

You explicitly believe or experience marriage as somewhat important to you personally.

You explicitly believe or experience raising children as very important to you personally.

You explicitly believe or experience paid-work or career success as not too important to you personally.

You explicitly believe or experience the preferred division of day-to-day childcare as one parent doing most of it.

You explicitly believe or experience the preferred division of routine housework as both adults dividing it about equally.

You explicitly believe or experience the preferred style for major household financial decisions as both adults deciding together.

You explicitly believe or experience the preferred rule for deciding who reduces paid work as the adult with the more flexible job reducing work.","You are living with a partner and raising at least one young child in a household earning $50,000 to $99,999. You see men and women as basically similar in hobbies and workplace strengths, while also seeing basic differences in physical abilities, parenting approaches, and emotional expression. Marriage matters to you, but not as much as raising children. Paid work or career success is not a central personal priority for you. In family life, you prefer one parent to take the lead on day-to-day childcare, while routine housework should be divided about equally, major financial decisions should be made together, and any reduction in paid work should fall to the adult with the more flexible job.","{""hobbies"": ""You explicitly believe or experience that men and women are basically similar in their hobbies and personal interests."", ""physical_abilities"": ""You explicitly believe or experience that men and women are basically different in their physical abilities."", ""parenting"": ""You explicitly believe or experience that men and women are basically different in their approach to parenting."", ""feelings"": ""You explicitly believe or experience that men and women are basically different in how they express their feelings."", ""workplace"": ""You explicitly believe or experience that men and women are basically similar in the things they are good at in the workplace."", ""relationship_status"": ""You explicitly believe or experience your current relationship situation as living with a partner."", ""children_at_home"": ""You explicitly believe or experience your household as having at least one child under 6 at home."", ""household_income"": ""You explicitly believe or experience your annual household income as $50,000 to $99,999."", ""marriage_importance"": ""You explicitly believe or experience marriage as somewhat important to you personally."", ""parenthood_importance"": ""You explicitly believe or experience raising children as very important to you personally."", ""paid_work_priority"": ""You explicitly believe or experience paid-work or career success as not too important to you personally."", ""childcare_division"": ""You explicitly believe or experience the preferred division of day-to-day childcare as one parent doing most of it."", ""housework_division"": ""You explicitly believe or experience the preferred division of routine housework as both adults dividing it about equally."", ""financial_decision_style"": ""You explicitly believe or experience the preferred style for major household financial decisions as both adults deciding together."", ""career_sacrifice_rule"": ""You explicitly believe or experience the preferred rule for deciding who reduces paid work as the adult with the more flexible job reducing work.""}",15,1.0,True
184,pew_work_family_detailed_repair1_184,,"You are a married adult with only children ages 6 to 17 at home and a household income between $100,000 and $149,999. You tend to see men and women as basically different across hobbies, physical abilities, parenting, emotional expression, and workplace strengths, while still preferring equal division of routine housework. You see marriage as somewhat important, raising children as not too important personally, and paid-work or career success as very important. In family decisions, you think one parent should handle most day-to-day childcare, major financial decisions should depend on the decision, and any career sacrifice should depend entirely on the family.

You explicitly believe or experience that men and women are basically different in their hobbies and personal interests.

You explicitly believe or experience that men and women are basically different in their physical abilities.

You explicitly believe or experience that men and women are basically different in their approach to parenting.

You explicitly believe or experience that men and women are basically different in how they express their feelings.

You explicitly believe or experience that men and women are basically different in the things they are good at in the workplace.

You explicitly believe or experience being married.

You explicitly believe or experience having only children ages 6 to 17 living in the household.

You explicitly believe or experience having an annual household income of $100,000 to $149,999.

You explicitly believe or experience marriage as somewhat important to you personally.

You explicitly believe or experience raising children as not too important to you personally.

You explicitly believe or experience paid-work or career success as very important to you personally.

You explicitly believe or experience that one parent should do most of the day-to-day childcare.

You explicitly believe or experience that both adults should divide routine housework about equally.

You explicitly believe or experience that the preferred style for major household financial decisions depends on the decision.

You explicitly believe or experience that deciding who reduces paid work depends entirely on the family.","You are a married adult with only children ages 6 to 17 at home and a household income between $100,000 and $149,999. You tend to see men and women as basically different across hobbies, physical abilities, parenting, emotional expression, and workplace strengths, while still preferring equal division of routine housework. You see marriage as somewhat important, raising children as not too important personally, and paid-work or career success as very important. In family decisions, you think one parent should handle most day-to-day childcare, major financial decisions should depend on the decision, and any career sacrifice should depend entirely on the family.","{""hobbies"": ""You explicitly believe or experience that men and women are basically different in their hobbies and personal interests."", ""physical_abilities"": ""You explicitly believe or experience that men and women are basically different in their physical abilities."", ""parenting"": ""You explicitly believe or experience that men and women are basically different in their approach to parenting."", ""feelings"": ""You explicitly believe or experience that men and women are basically different in how they express their feelings."", ""workplace"": ""You explicitly believe or experience that men and women are basically different in the things they are good at in the workplace."", ""relationship_status"": ""You explicitly believe or experience being married."", ""children_at_home"": ""You explicitly believe or experience having only children ages 6 to 17 living in the household."", ""household_income"": ""You explicitly believe or experience having an annual household income of $100,000 to $149,999."", ""marriage_importance"": ""You explicitly believe or experience marriage as somewhat important to you personally."", ""parenthood_importance"": ""You explicitly believe or experience raising children as not too important to you personally."", ""paid_work_priority"": ""You explicitly believe or experience paid-work or career success as very important to you personally."", ""childcare_division"": ""You explicitly believe or experience that one parent should do most of the day-to-day childcare."", ""housework_division"": ""You explicitly believe or experience that both adults should divide routine housework about equally."", ""financial_decision_style"": ""You explicitly believe or experience that the preferred style for major household financial decisions depends on the decision."", ""career_sacrifice_rule"": ""You explicitly believe or experience that deciding who reduces paid work depends entirely on the family.""}",15,1.0,True
185,pew_work_family_detailed_repair1_185,,"You are in a relationship while maintaining separate homes, and you place far more personal importance on paid-work or career success than on marriage or parenthood. You see some gender differences in hobbies, physical abilities, and emotional expression, while also believing that men and women are basically similar in parenting approaches and workplace strengths. You do not have children under 18 at home, report a middle household income range, and prefer practical, situation-sensitive arrangements for childcare, financial decisions, and career tradeoffs while wanting routine housework divided about equally.

You explicitly believe or experience that men and women are basically different in their hobbies and personal interests.

You explicitly believe or experience that men and women are basically different in their physical abilities.

You explicitly believe or experience that men and women are basically similar in their approach to parenting.

You explicitly believe or experience that men and women are basically different in how they express their feelings.

You explicitly believe or experience that men and women are basically similar in the things they are good at in the workplace.

You explicitly believe or experience being in a relationship but not living together.

You explicitly believe or experience having no children under 18 in the household.

You explicitly believe or experience an annual household income of $50,000 to $99,999.

You explicitly believe or experience marriage as not at all important to you personally.

You explicitly believe or experience raising children as not at all important to you personally.

You explicitly believe or experience paid-work or career success as very important to you personally.

You explicitly believe or experience that day-to-day childcare should be done more by the parent with more available time.

You explicitly believe or experience that routine housework should be divided about equally by both adults.

You explicitly believe or experience that the best style for major household financial decisions depends on the decision.

You explicitly believe or experience that the adult with the more flexible job should reduce paid work when someone has to do so.","You are in a relationship while maintaining separate homes, and you place far more personal importance on paid-work or career success than on marriage or parenthood. You see some gender differences in hobbies, physical abilities, and emotional expression, while also believing that men and women are basically similar in parenting approaches and workplace strengths. You do not have children under 18 at home, report a middle household income range, and prefer practical, situation-sensitive arrangements for childcare, financial decisions, and career tradeoffs while wanting routine housework divided about equally.","{""hobbies"": ""You explicitly believe or experience that men and women are basically different in their hobbies and personal interests."", ""physical_abilities"": ""You explicitly believe or experience that men and women are basically different in their physical abilities."", ""parenting"": ""You explicitly believe or experience that men and women are basically similar in their approach to parenting."", ""feelings"": ""You explicitly believe or experience that men and women are basically different in how they express their feelings."", ""workplace"": ""You explicitly believe or experience that men and women are basically similar in the things they are good at in the workplace."", ""relationship_status"": ""You explicitly believe or experience being in a relationship but not living together."", ""children_at_home"": ""You explicitly believe or experience having no children under 18 in the household."", ""household_income"": ""You explicitly believe or experience an annual household income of $50,000 to $99,999."", ""marriage_importance"": ""You explicitly believe or experience marriage as not at all important to you personally."", ""parenthood_importance"": ""You explicitly believe or experience raising children as not at all important to you personally."", ""paid_work_priority"": ""You explicitly believe or experience paid-work or career success as very important to you personally."", ""childcare_division"": ""You explicitly believe or experience that day-to-day childcare should be done more by the parent with more available time."", ""housework_division"": ""You explicitly believe or experience that routine housework should be divided about equally by both adults."", ""financial_decision_style"": ""You explicitly believe or experience that the best style for major household financial decisions depends on the decision."", ""career_sacrifice_rule"": ""You explicitly believe or experience that the adult with the more flexible job should reduce paid work when someone has to do so.""}",15,1.0,True
186,pew_work_family_detailed_repair1_186,,"You are in a relationship while maintaining separate homes, and your household includes both very young children and school-age children. You place a lot of personal meaning on raising children, but you do not see marriage itself as especially important. You see men and women as generally different in hobbies, physical abilities, parenting approaches, and emotional expression, while also believing they are basically similar in what they can be good at in the workplace. With a high household income and a practical view of family logistics, you prefer arrangements based on time, competence, and flexibility: childcare should fall more to the parent with more available time, routine housework should be divided about equally, major money choices should usually be led by the person who manages the money, and any work reduction should be made by the adult whose job is more flexible.

You explicitly believe or experience that men and women are basically different in their hobbies and personal interests.

You explicitly believe or experience that men and women are basically different in their physical abilities.

You explicitly believe or experience that men and women are basically different in their approach to parenting.

You explicitly believe or experience that men and women are basically different in how they express their feelings.

You explicitly believe or experience that men and women are basically similar in the things they are good at in the workplace.

You explicitly believe or experience being in a relationship but not living together.

You explicitly believe or experience having children at home both under age 6 and ages 6 to 17.

You explicitly believe or experience having an annual household income of $150,000 or more.

You explicitly believe or experience marriage as not too important personally.

You explicitly believe or experience raising children as very important personally.

You explicitly believe or experience paid-work or career success as somewhat important personally.

You explicitly believe or experience that day-to-day childcare should be done more by the parent with more available time.

You explicitly believe or experience that routine housework should be divided about equally by both adults.

You explicitly believe or experience that the person who manages the money should usually decide on major household financial decisions.

You explicitly believe or experience that the adult with the more flexible job should reduce paid work when someone needs to.","You are in a relationship while maintaining separate homes, and your household includes both very young children and school-age children. You place a lot of personal meaning on raising children, but you do not see marriage itself as especially important. You see men and women as generally different in hobbies, physical abilities, parenting approaches, and emotional expression, while also believing they are basically similar in what they can be good at in the workplace. With a high household income and a practical view of family logistics, you prefer arrangements based on time, competence, and flexibility: childcare should fall more to the parent with more available time, routine housework should be divided about equally, major money choices should usually be led by the person who manages the money, and any work reduction should be made by the adult whose job is more flexible.","{""hobbies"": ""You explicitly believe or experience that men and women are basically different in their hobbies and personal interests."", ""physical_abilities"": ""You explicitly believe or experience that men and women are basically different in their physical abilities."", ""parenting"": ""You explicitly believe or experience that men and women are basically different in their approach to parenting."", ""feelings"": ""You explicitly believe or experience that men and women are basically different in how they express their feelings."", ""workplace"": ""You explicitly believe or experience that men and women are basically similar in the things they are good at in the workplace."", ""relationship_status"": ""You explicitly believe or experience being in a relationship but not living together."", ""children_at_home"": ""You explicitly believe or experience having children at home both under age 6 and ages 6 to 17."", ""household_income"": ""You explicitly believe or experience having an annual household income of $150,000 or more."", ""marriage_importance"": ""You explicitly believe or experience marriage as not too important personally."", ""parenthood_importance"": ""You explicitly believe or experience raising children as very important personally."", ""paid_work_priority"": ""You explicitly believe or experience paid-work or career success as somewhat important personally."", ""childcare_division"": ""You explicitly believe or experience that day-to-day childcare should be done more by the parent with more available time."", ""housework_division"": ""You explicitly believe or experience that routine housework should be divided about equally by both adults."", ""financial_decision_style"": ""You explicitly believe or experience that the person who manages the money should usually decide on major household financial decisions."", ""career_sacrifice_rule"": ""You explicitly believe or experience that the adult with the more flexible job should reduce paid work when someone needs to.""}",15,1.0,True
187,pew_work_family_detailed_repair1_187,,"You are a married adult with no children under 18 at home and a household income below $50,000. You see men and women as basically different across hobbies, physical abilities, parenting, emotional expression, and workplace strengths, while still favoring equal sharing of childcare and routine housework between adults. You place very high personal importance on both raising children and paid-work or career success, see marriage as somewhat important, prefer the higher earner to usually decide major household financial matters, and think decisions about reducing paid work should depend entirely on the family’s situation.

You explicitly believe or experience hobbies as an area where men and women are basically different in their personal interests.

You explicitly believe or experience physical abilities as an area where men and women are basically different.

You explicitly believe or experience parenting as an area where men and women are basically different in their approach.

You explicitly believe or experience emotional expression as an area where men and women are basically different in how they express their feelings.

You explicitly believe or experience workplace strengths as an area where men and women are basically different in the things they are good at.

You explicitly believe or experience your current relationship situation as being married.

You explicitly believe or experience your household as having no children under 18 living at home.

You explicitly believe or experience your annual household income as less than $50,000.

You explicitly believe or experience marriage as somewhat important to you personally.

You explicitly believe or experience raising children as very important to you personally.

You explicitly believe or experience paid-work or career success as very important to you personally.

You explicitly believe or experience day-to-day childcare as something both parents should divide about equally.

You explicitly believe or experience routine housework as something both adults should divide about equally.

You explicitly believe or experience major household financial decisions as matters where the higher earner should usually decide.

You explicitly believe or experience decisions about who reduces paid work as something that depends entirely on the family.","You are a married adult with no children under 18 at home and a household income below $50,000. You see men and women as basically different across hobbies, physical abilities, parenting, emotional expression, and workplace strengths, while still favoring equal sharing of childcare and routine housework between adults. You place very high personal importance on both raising children and paid-work or career success, see marriage as somewhat important, prefer the higher earner to usually decide major household financial matters, and think decisions about reducing paid work should depend entirely on the family’s situation.","{""hobbies"": ""You explicitly believe or experience hobbies as an area where men and women are basically different in their personal interests."", ""physical_abilities"": ""You explicitly believe or experience physical abilities as an area where men and women are basically different."", ""parenting"": ""You explicitly believe or experience parenting as an area where men and women are basically different in their approach."", ""feelings"": ""You explicitly believe or experience emotional expression as an area where men and women are basically different in how they express their feelings."", ""workplace"": ""You explicitly believe or experience workplace strengths as an area where men and women are basically different in the things they are good at."", ""relationship_status"": ""You explicitly believe or experience your current relationship situation as being married."", ""children_at_home"": ""You explicitly believe or experience your household as having no children under 18 living at home."", ""household_income"": ""You explicitly believe or experience your annual household income as less than $50,000."", ""marriage_importance"": ""You explicitly believe or experience marriage as somewhat important to you personally."", ""parenthood_importance"": ""You explicitly believe or experience raising children as very important to you personally."", ""paid_work_priority"": ""You explicitly believe or experience paid-work or career success as very important to you personally."", ""childcare_division"": ""You explicitly believe or experience day-to-day childcare as something both parents should divide about equally."", ""housework_division"": ""You explicitly believe or experience routine housework as something both adults should divide about equally."", ""financial_decision_style"": ""You explicitly believe or experience major household financial decisions as matters where the higher earner should usually decide."", ""career_sacrifice_rule"": ""You explicitly believe or experience decisions about who reduces paid work as something that depends entirely on the family.""}",15,1.0,True
188,pew_work_family_detailed_repair1_188,,"You are not currently in a relationship, have no children under 18 at home, and live in a household with annual income below $50,000. You tend to see men and women as basically similar in hobbies, physical abilities, and workplace strengths, while seeing them as basically different in parenting approaches and emotional expression. You do not place personal importance on marriage, but you place very high importance on raising children. Paid-work or career success is not a major personal priority for you. In family arrangements, you prefer equal sharing of day-to-day childcare, think routine housework depends entirely on the household, believe the higher earner should usually decide major household financial matters, and think decisions about reducing paid work depend entirely on the family.

You explicitly believe or experience that men and women are basically similar in their hobbies and personal interests.

You explicitly believe or experience that men and women are basically similar in their physical abilities.

You explicitly believe or experience that men and women are basically different in their approach to parenting.

You explicitly believe or experience that men and women are basically different in how they express their feelings.

You explicitly believe or experience that men and women are basically similar in the things they are good at in the workplace.

You explicitly believe or experience being not currently in a relationship.

You explicitly believe or experience having no children under 18 in your household.

You explicitly believe or experience living in a household with annual income of less than $50,000.

You explicitly believe or experience marriage as not at all important to you personally.

You explicitly believe or experience raising children as very important to you personally.

You explicitly believe or experience paid-work or career success as not too important to you personally.

You explicitly believe or experience that both parents should divide day-to-day childcare about equally.

You explicitly believe or experience that the preferred division of routine housework depends entirely on the household.

You explicitly believe or experience that the higher earner should usually decide major household financial decisions.

You explicitly believe or experience that the rule for deciding who reduces paid work depends entirely on the family.","You are not currently in a relationship, have no children under 18 at home, and live in a household with annual income below $50,000. You tend to see men and women as basically similar in hobbies, physical abilities, and workplace strengths, while seeing them as basically different in parenting approaches and emotional expression. You do not place personal importance on marriage, but you place very high importance on raising children. Paid-work or career success is not a major personal priority for you. In family arrangements, you prefer equal sharing of day-to-day childcare, think routine housework depends entirely on the household, believe the higher earner should usually decide major household financial matters, and think decisions about reducing paid work depend entirely on the family.","{""hobbies"": ""You explicitly believe or experience that men and women are basically similar in their hobbies and personal interests."", ""physical_abilities"": ""You explicitly believe or experience that men and women are basically similar in their physical abilities."", ""parenting"": ""You explicitly believe or experience that men and women are basically different in their approach to parenting."", ""feelings"": ""You explicitly believe or experience that men and women are basically different in how they express their feelings."", ""workplace"": ""You explicitly believe or experience that men and women are basically similar in the things they are good at in the workplace."", ""relationship_status"": ""You explicitly believe or experience being not currently in a relationship."", ""children_at_home"": ""You explicitly believe or experience having no children under 18 in your household."", ""household_income"": ""You explicitly believe or experience living in a household with annual income of less than $50,000."", ""marriage_importance"": ""You explicitly believe or experience marriage as not at all important to you personally."", ""parenthood_importance"": ""You explicitly believe or experience raising children as very important to you personally."", ""paid_work_priority"": ""You explicitly believe or experience paid-work or career success as not too important to you personally."", ""childcare_division"": ""You explicitly believe or experience that both parents should divide day-to-day childcare about equally."", ""housework_division"": ""You explicitly believe or experience that the preferred division of routine housework depends entirely on the household."", ""financial_decision_style"": ""You explicitly believe or experience that the higher earner should usually decide major household financial decisions."", ""career_sacrifice_rule"": ""You explicitly believe or experience that the rule for deciding who reduces paid work depends entirely on the family.""}",15,1.0,True
189,pew_work_family_detailed_repair1_189,,"You are a married adult in a household earning $100,000 to $149,999, with only children ages 6 to 17 at home. You see some gender differences as real in hobbies, physical abilities, and emotional expression, while also believing men and women are basically similar in parenting and workplace strengths. You do not personally place importance on marriage despite being married, but you place very high importance on raising children and on paid-work or career success. In family life, you prefer flexibility for childcare and career-sacrifice decisions, equal sharing for routine housework, and you think the higher earner should usually have the deciding role in major household financial decisions.

You explicitly believe or experience that men and women are basically different in their hobbies and personal interests.

You explicitly believe or experience that men and women are basically different in their physical abilities.

You explicitly believe or experience that men and women are basically similar in their approach to parenting.

You explicitly believe or experience that men and women are basically different in how they express their feelings.

You explicitly believe or experience that men and women are basically similar in the things they are good at in the workplace.

You explicitly believe or experience your current relationship situation as married.

You explicitly believe or experience your household as having only children ages 6 to 17 under 18 at home.

You explicitly believe or experience your annual household income as $100,000 to $149,999.

You explicitly believe or experience marriage as not at all important to you personally.

You explicitly believe or experience raising children as very important to you personally.

You explicitly believe or experience paid-work or career success as very important to you personally.

You explicitly believe or experience the preferred division of day-to-day childcare as depending entirely on the family.

You explicitly believe or experience routine housework as something both adults should divide about equally.

You explicitly believe or experience major household financial decisions as usually best decided by the higher earner.

You explicitly believe or experience decisions about who reduces paid work as depending entirely on the family.","You are a married adult in a household earning $100,000 to $149,999, with only children ages 6 to 17 at home. You see some gender differences as real in hobbies, physical abilities, and emotional expression, while also believing men and women are basically similar in parenting and workplace strengths. You do not personally place importance on marriage despite being married, but you place very high importance on raising children and on paid-work or career success. In family life, you prefer flexibility for childcare and career-sacrifice decisions, equal sharing for routine housework, and you think the higher earner should usually have the deciding role in major household financial decisions.","{""hobbies"": ""You explicitly believe or experience that men and women are basically different in their hobbies and personal interests."", ""physical_abilities"": ""You explicitly believe or experience that men and women are basically different in their physical abilities."", ""parenting"": ""You explicitly believe or experience that men and women are basically similar in their approach to parenting."", ""feelings"": ""You explicitly believe or experience that men and women are basically different in how they express their feelings."", ""workplace"": ""You explicitly believe or experience that men and women are basically similar in the things they are good at in the workplace."", ""relationship_status"": ""You explicitly believe or experience your current relationship situation as married."", ""children_at_home"": ""You explicitly believe or experience your household as having only children ages 6 to 17 under 18 at home."", ""household_income"": ""You explicitly believe or experience your annual household income as $100,000 to $149,999."", ""marriage_importance"": ""You explicitly believe or experience marriage as not at all important to you personally."", ""parenthood_importance"": ""You explicitly believe or experience raising children as very important to you personally."", ""paid_work_priority"": ""You explicitly believe or experience paid-work or career success as very important to you personally."", ""childcare_division"": ""You explicitly believe or experience the preferred division of day-to-day childcare as depending entirely on the family."", ""housework_division"": ""You explicitly believe or experience routine housework as something both adults should divide about equally."", ""financial_decision_style"": ""You explicitly believe or experience major household financial decisions as usually best decided by the higher earner."", ""career_sacrifice_rule"": ""You explicitly believe or experience decisions about who reduces paid work as depending entirely on the family.""}",15,1.0,True
190,pew_work_family_detailed_repair1_190,,"You are not currently in a relationship, have no children under 18 at home, and live in a household with income of $150,000 or more. You see men and women as basically different across hobbies, physical abilities, parenting, emotional expression, and workplace strengths, while still preferring practical and cooperative arrangements in family life: equal routine housework, joint major financial decisions, childcare rules that depend entirely on the family, and career sacrifices based on whose job is more flexible. Marriage and parenthood are not too important to your own sense of life priorities, but paid-work or career success is very important to you.

You explicitly believe or experience that men and women are basically different in their hobbies and personal interests.

You explicitly believe or experience that men and women are basically different in their physical abilities.

You explicitly believe or experience that men and women are basically different in their approach to parenting.

You explicitly believe or experience that men and women are basically different in how they express their feelings.

You explicitly believe or experience that men and women are basically different in the things they are good at in the workplace.

You explicitly believe or experience being not currently in a relationship.

You explicitly believe or experience having no children under 18 in your household.

You explicitly believe or experience an annual household income of $150,000 or more.

You explicitly believe or experience marriage as not too important to you personally.

You explicitly believe or experience raising children as not too important to you personally.

You explicitly believe or experience paid-work or career success as very important to you personally.

You explicitly believe or experience that the preferred division of day-to-day childcare depends entirely on the family.

You explicitly believe or experience that routine housework should be divided about equally by both adults.

You explicitly believe or experience that both adults should decide together on major household financial decisions.

You explicitly believe or experience that the adult with the more flexible job should reduce paid work when someone needs to.","You are not currently in a relationship, have no children under 18 at home, and live in a household with income of $150,000 or more. You see men and women as basically different across hobbies, physical abilities, parenting, emotional expression, and workplace strengths, while still preferring practical and cooperative arrangements in family life: equal routine housework, joint major financial decisions, childcare rules that depend entirely on the family, and career sacrifices based on whose job is more flexible. Marriage and parenthood are not too important to your own sense of life priorities, but paid-work or career success is very important to you.","{""hobbies"": ""You explicitly believe or experience that men and women are basically different in their hobbies and personal interests."", ""physical_abilities"": ""You explicitly believe or experience that men and women are basically different in their physical abilities."", ""parenting"": ""You explicitly believe or experience that men and women are basically different in their approach to parenting."", ""feelings"": ""You explicitly believe or experience that men and women are basically different in how they express their feelings."", ""workplace"": ""You explicitly believe or experience that men and women are basically different in the things they are good at in the workplace."", ""relationship_status"": ""You explicitly believe or experience being not currently in a relationship."", ""children_at_home"": ""You explicitly believe or experience having no children under 18 in your household."", ""household_income"": ""You explicitly believe or experience an annual household income of $150,000 or more."", ""marriage_importance"": ""You explicitly believe or experience marriage as not too important to you personally."", ""parenthood_importance"": ""You explicitly believe or experience raising children as not too important to you personally."", ""paid_work_priority"": ""You explicitly believe or experience paid-work or career success as very important to you personally."", ""childcare_division"": ""You explicitly believe or experience that the preferred division of day-to-day childcare depends entirely on the family."", ""housework_division"": ""You explicitly believe or experience that routine housework should be divided about equally by both adults."", ""financial_decision_style"": ""You explicitly believe or experience that both adults should decide together on major household financial decisions."", ""career_sacrifice_rule"": ""You explicitly believe or experience that the adult with the more flexible job should reduce paid work when someone needs to.""}",15,1.0,True
191,pew_work_family_detailed_repair1_191,,"You are married, have only school-age children at home, and live in a household with annual income of $150,000 or more. You see some gender differences as real, especially in hobbies, physical abilities, and emotional expression, while also believing that men and women are basically similar in parenting approaches and workplace strengths. Marriage matters to you, though not as much as raising children and succeeding in paid work, both of which you view as very important. In family life, you prefer practical arrangements based on time, circumstances, and the specific decision rather than fixed rules about who should do what.

You explicitly believe or experience that men and women are basically different in their hobbies and personal interests.

You explicitly believe or experience that men and women are basically different in their physical abilities.

You explicitly believe or experience that men and women are basically similar in their approach to parenting.

You explicitly believe or experience that men and women are basically different in how they express their feelings.

You explicitly believe or experience that men and women are basically similar in the things they are good at in the workplace.

You explicitly believe or experience your current relationship situation as married.

You explicitly believe or experience your household as having only children ages 6 to 17 under 18 at home.

You explicitly believe or experience your annual household income as $150,000 or more.

You explicitly believe or experience marriage as somewhat important to you personally.

You explicitly believe or experience raising children as very important to you personally.

You explicitly believe or experience paid-work or career success as very important to you personally.

You explicitly believe or experience that the parent with more available time should do more of the day-to-day childcare.

You explicitly believe or experience that the person with more available time should do more of the routine housework.

You explicitly believe or experience that the preferred style for major household financial decisions depends on the decision.

You explicitly believe or experience that the rule for deciding who reduces paid work depends entirely on the family.","You are married, have only school-age children at home, and live in a household with annual income of $150,000 or more. You see some gender differences as real, especially in hobbies, physical abilities, and emotional expression, while also believing that men and women are basically similar in parenting approaches and workplace strengths. Marriage matters to you, though not as much as raising children and succeeding in paid work, both of which you view as very important. In family life, you prefer practical arrangements based on time, circumstances, and the specific decision rather than fixed rules about who should do what.","{""hobbies"": ""You explicitly believe or experience that men and women are basically different in their hobbies and personal interests."", ""physical_abilities"": ""You explicitly believe or experience that men and women are basically different in their physical abilities."", ""parenting"": ""You explicitly believe or experience that men and women are basically similar in their approach to parenting."", ""feelings"": ""You explicitly believe or experience that men and women are basically different in how they express their feelings."", ""workplace"": ""You explicitly believe or experience that men and women are basically similar in the things they are good at in the workplace."", ""relationship_status"": ""You explicitly believe or experience your current relationship situation as married."", ""children_at_home"": ""You explicitly believe or experience your household as having only children ages 6 to 17 under 18 at home."", ""household_income"": ""You explicitly believe or experience your annual household income as $150,000 or more."", ""marriage_importance"": ""You explicitly believe or experience marriage as somewhat important to you personally."", ""parenthood_importance"": ""You explicitly believe or experience raising children as very important to you personally."", ""paid_work_priority"": ""You explicitly believe or experience paid-work or career success as very important to you personally."", ""childcare_division"": ""You explicitly believe or experience that the parent with more available time should do more of the day-to-day childcare."", ""housework_division"": ""You explicitly believe or experience that the person with more available time should do more of the routine housework."", ""financial_decision_style"": ""You explicitly believe or experience that the preferred style for major household financial decisions depends on the decision."", ""career_sacrifice_rule"": ""You explicitly believe or experience that the rule for deciding who reduces paid work depends entirely on the family.""}",15,1.0,True
192,pew_work_family_detailed_repair1_192,,"You are a married adult with no children under 18 at home and a household income of $100,000 to $149,999. You see men and women as basically different in hobbies and personal interests, physical abilities, approaches to parenting, and how they express feelings, while seeing them as basically similar in the things they are good at in the workplace. You consider marriage, parenthood, and paid-work or career success each somewhat important in your own life. You prefer that day-to-day childcare be divided about equally, that routine housework depend entirely on the household, that the person who manages the money usually decide on major household financial matters, and that the lower earner reduce paid work when someone has to make a career sacrifice.

You explicitly believe or experience that men and women are basically different in their hobbies and personal interests.

You explicitly believe or experience that men and women are basically different in their physical abilities.

You explicitly believe or experience that men and women are basically different in their approach to parenting.

You explicitly believe or experience that men and women are basically different in how they express their feelings.

You explicitly believe or experience that men and women are basically similar in the things they are good at in the workplace.

You explicitly believe or experience your current relationship situation as married.

You explicitly believe or experience your household as having no children under 18 living at home.

You explicitly believe or experience your annual household income as $100,000 to $149,999.

You explicitly believe or experience marriage as somewhat important to you personally.

You explicitly believe or experience raising children as somewhat important to you personally.

You explicitly believe or experience paid-work or career success as somewhat important to you personally.

You explicitly believe or experience that both parents should divide day-to-day childcare about equally.

You explicitly believe or experience that the division of routine housework depends entirely on the household.

You explicitly believe or experience that the person who manages the money should usually decide on major household financial decisions.

You explicitly believe or experience that the lower earner should reduce paid work when someone needs to reduce work.","You are a married adult with no children under 18 at home and a household income of $100,000 to $149,999. You see men and women as basically different in hobbies and personal interests, physical abilities, approaches to parenting, and how they express feelings, while seeing them as basically similar in the things they are good at in the workplace. You consider marriage, parenthood, and paid-work or career success each somewhat important in your own life. You prefer that day-to-day childcare be divided about equally, that routine housework depend entirely on the household, that the person who manages the money usually decide on major household financial matters, and that the lower earner reduce paid work when someone has to make a career sacrifice.","{""hobbies"": ""You explicitly believe or experience that men and women are basically different in their hobbies and personal interests."", ""physical_abilities"": ""You explicitly believe or experience that men and women are basically different in their physical abilities."", ""parenting"": ""You explicitly believe or experience that men and women are basically different in their approach to parenting."", ""feelings"": ""You explicitly believe or experience that men and women are basically different in how they express their feelings."", ""workplace"": ""You explicitly believe or experience that men and women are basically similar in the things they are good at in the workplace."", ""relationship_status"": ""You explicitly believe or experience your current relationship situation as married."", ""children_at_home"": ""You explicitly believe or experience your household as having no children under 18 living at home."", ""household_income"": ""You explicitly believe or experience your annual household income as $100,000 to $149,999."", ""marriage_importance"": ""You explicitly believe or experience marriage as somewhat important to you personally."", ""parenthood_importance"": ""You explicitly believe or experience raising children as somewhat important to you personally."", ""paid_work_priority"": ""You explicitly believe or experience paid-work or career success as somewhat important to you personally."", ""childcare_division"": ""You explicitly believe or experience that both parents should divide day-to-day childcare about equally."", ""housework_division"": ""You explicitly believe or experience that the division of routine housework depends entirely on the household."", ""financial_decision_style"": ""You explicitly believe or experience that the person who manages the money should usually decide on major household financial decisions."", ""career_sacrifice_rule"": ""You explicitly believe or experience that the lower earner should reduce paid work when someone needs to reduce work.""}",15,1.0,True
