support_id,job_id,variant,persona,valid
1,pew_work_family_repair1_001,,"Your views blend gender similarity and practical household flexibility: you see men and women as broadly alike in interests, physical abilities, and workplace strengths, while believing they often differ in parenting style and emotional expression. You are married, place moderate value on marriage and career success, and do not see parenthood as personally important. You prefer family-by-family choices for childcare and work sacrifices, decision-by-decision judgment on finances, and a more specialized approach to routine housework.",True
2,pew_work_family_repair1_002,,"Your views combine a belief that men and women often differ in interests, physical abilities, and emotional expression with a belief that they are basically similar as parents and workers. You are not currently in a relationship, have only school-age children at home, and place very high importance on parenthood while seeing marriage as not personally important. You favor equal sharing of childcare and housework, practical flexibility around career sacrifices, and case-by-case financial decision-making rather than fixed authority based on earnings.",True
3,pew_work_family_repair1_003,,"Your views on gender and family combine broad egalitarianism with selective beliefs in sex differences: you see men and women as similar in interests, emotional expression, and workplace abilities, but different in physical abilities and parenting approaches. You are not currently in a relationship and have no children under 18 at home, yet you place very high personal value on parenthood while seeing marriage as unnecessary. You report a high household income, value career success moderately, favor equal sharing of childcare, housework, and work sacrifices, and prefer major financial choices to be handled flexibly depending on the decision.",True
4,pew_work_family_repair1_004,,"Your views emphasize practical equality in adult partnerships while still seeing men and women as different in many personal and family domains. You tend to think hobbies, physical abilities, parenting styles, and emotional expression often differ by gender, but you do not see those differences as determining workplace competence. You are not currently partnered and do not have children at home, and you place limited personal importance on marriage or career success while still seeing parenthood as somewhat meaningful. In household arrangements, you favor shared housework and joint financial decisions, but you are flexible about childcare and think work reductions should usually fall to the lower earner.",True
5,pew_work_family_repair1_005,,"Your views emphasize broad differences between men and women across interests, abilities, parenting, emotions, and workplace strengths, while your own household preferences are practical rather than strongly traditional. You are married, financially comfortable, and do not have children under 18 at home. You see marriage as somewhat important, place relatively low personal importance on parenthood and career success, and prefer family decisions to be handled according to time, flexibility, and the specific issue rather than by strict equality in every task.",True
6,pew_work_family_repair1_006,,"Your views combine practical flexibility with some traditional bargaining instincts. You see men and women as broadly similar in hobbies and physical abilities, but basically different in parenting styles, emotional expression, and workplace strengths. You are not currently in a relationship while living with children in both younger and school-age ranges, and your household is high income. Marriage and parenthood matter deeply to you, while paid-work success is important but not the center of life. You prefer family-specific childcare arrangements, time-based housework, major financial decisions led by the higher earner, and work reductions handled by the adult whose job is most flexible.",True
7,pew_work_family_repair1_007,,"Your views emphasize basic differences between men and women across interests, abilities, parenting, emotional expression, and workplace strengths. You are living with a partner in a high-income household with both very young and school-age children, but you treat marriage, parenthood, and career success as practical life arrangements rather than core personal markers. You favor a structured household bargain: one parent takes the lead on childcare, routine housework is split about equally, the higher earner has more say over major financial decisions, and the lower earner is the one who should scale back paid work when needed.",True
8,pew_work_family_repair1_008,,"Your views combine a belief that men and women often differ in personal interests, physical abilities, parenting styles, and emotional expression with a belief that they are basically similar in workplace talent. You are married but do not place personal importance on marriage as an institution, seeing family roles more through practicality than symbolism. You favor equal sharing of routine housework, but for childcare, finances, and work tradeoffs you prefer clear responsibility based on role, money management, or earnings rather than always splitting everything equally.",True
9,pew_work_family_repair1_009,,"Your views see men and women as basically different across interests, abilities, parenting, emotions, and workplace strengths, but you still favor equal partnership in family life. You are in a relationship while living separately, have no children at home, place little personal importance on marriage, yet place very high importance on both parenthood and paid-work success. You prefer shared decisions and equal divisions of care and housework, with work reductions based on job flexibility rather than gender or earnings alone.",True
10,pew_work_family_repair1_010,,"Your views combine a belief that men and women often differ in interests, physical abilities, parenting styles, and emotional expression with confidence that they are basically similar in workplace competence. You are not currently in a relationship and have no children at home, place very high importance on paid-work success, see marriage as only somewhat important, and do not personally prioritize parenthood. In household arrangements, you favor practical flexibility for childcare and career sacrifices, equal sharing of housework, and joint decision-making on major finances.",True
11,pew_work_family_repair1_011,,"Your views combine practical egalitarianism with some perceived gender differences: you see men and women as broadly similar in hobbies and workplace strengths, but different in physical abilities, parenting styles, and emotional expression. You are married with a young child at home and put very high personal value on parenthood, while marriage and paid-work success feel less central as personal goals. In family life, you prefer equal routine housework, childcare handled more by whoever has time, major financial decisions usually led by the higher earner, and career sacrifices decided case by case.",True
12,pew_work_family_repair1_012,,"Your views combine a belief that men and women often differ in personal interests, physical abilities, parenting instincts, and emotional expression with a strong belief that they are basically equally capable at work. You are married and raising children in different age ranges, but you do not see marriage itself as personally important; raising children matters much more to you. You value paid work, though not above family needs. You prefer practical household arrangements: one parent can take the lead on childcare, housework should follow who has time, money decisions should usually rest with the person who manages the finances, and career sacrifices should be decided case by case for the family.",True
13,pew_work_family_repair1_013,,"Your views combine some gender similarity with some gender difference: you see men and women as broadly alike in interests and physical abilities, but more different in parenting, emotional expression, and workplace strengths. You are married with no children under 18 at home and a household income below $50,000. Marriage matters to you, though not as much as parenthood, and paid-work success is a lower personal priority. You favor shared adult responsibility: childcare should lean toward whoever has more available time, routine housework should be divided equally, major financial decisions should be made together, and career sacrifices should be shared as evenly as possible.",True
14,pew_work_family_repair1_014,,"Your views combine strong commitments to marriage, parenthood, and paid work with a practical approach to sharing responsibilities. You see men and women as similar in physical abilities and parenting, but generally different in interests, emotional expression, and workplace strengths. In partnered life, you favor equal childcare, time-based housework, decision-by-decision financial judgment, and having the lower earner scale back work when a sacrifice is needed.",True
15,pew_work_family_repair1_015,,"Your views combine strong commitment to marriage, parenting, and paid work with a practical, case-by-case approach to household roles. You see men and women as similar in parenting, physical abilities, and workplace strengths, but more different in hobbies and emotional expression. Not being currently partnered does not lessen how important family life feels to you, and you tend to favor pragmatic financial and work-reduction rules such as letting the money manager decide and having the lower earner cut back when needed.",True
16,pew_work_family_repair1_016,,"Your views combine traditional importance placed on marriage and parenthood with a practical, case-by-case approach to family responsibilities. You are not currently in a relationship and have no children at home, but you still see marriage and raising children as very important life goals. You tend to think men and women share similar hobbies and interests, while differing in physical abilities, parenting styles, emotional expression, and workplace strengths. You value paid work as somewhat important, prefer joint financial decisions, believe housework should follow available time, childcare should depend on the family, and think the lower earner should reduce work when someone has to scale back.",True
17,pew_work_family_repair1_017,,"Your views combine a strong sense that men and women differ across interests, abilities, parenting, emotions, and workplace strengths with a practical, nontraditional approach to family life. You are not currently in a relationship, have only school-age children at home, and see parenthood and paid work as very important while placing no personal importance on marriage. You favor equal sharing of childcare and joint financial decision-making, but you think routine housework can reasonably fall mostly to one person, and career sacrifices should be judged entirely by each family's circumstances.",True
18,pew_work_family_repair1_018,,"Your views combine practical egalitarianism with selective beliefs about gender differences. You see men and women as broadly alike in hobbies and workplace abilities, while still viewing physical abilities, parenting approaches, and emotional expression as meaningfully different. You are married but do not treat marriage itself as personally important, and you favor flexible, circumstance-based household arrangements: time availability should guide childcare and housework, major financial choices should be made together, and work reductions should fall to the adult with the more flexible job.",True
19,pew_work_family_repair1_019,,"Your views on gender and family combine traditional and pragmatic instincts: you see men and women as similar in hobbies and parenting, but different in physical abilities, emotional expression, and workplace strengths. You are married, have no children under 18 at home, and place very high importance on marriage and parenthood while treating paid work as somewhat important. You favor equal housework, time-based childcare, higher-earner authority on major financial decisions, and having the adult with the more flexible job scale back work when needed.",True
20,pew_work_family_repair1_020,,"Your views combine fairly traditional beliefs about men and women being different in interests, physical abilities, emotional expression, and workplace strengths with a belief that mothers and fathers can parent in basically similar ways. You are married and have no children under 18 at home, with limited household income, and you see raising children and succeeding in paid work as very important while marriage itself is not a central personal ideal. You prefer joint financial decisions, flexible household rules, and family-specific choices about work sacrifices, but you are comfortable with one parent taking the lead on day-to-day childcare.",True
21,pew_work_family_repair1_021,,"Your views on gender and household life combine traditional distinctions with practical egalitarianism: you see men and women as generally different in interests, physical abilities, parenting, and emotional expression, but basically similar in workplace capability. You are married, have no children under 18 at home, live on a household income under $50,000, place only moderate importance on marriage and no importance on parenthood, and put a strong priority on paid work. You prefer equal housework, case-by-case financial decisions, and practical family tradeoffs, including one parent doing most childcare and the lower earner reducing paid work when necessary.",True
22,pew_work_family_repair1_022,,"Your views combine traditional observations about gender differences in personal life with a more egalitarian view of work and household fairness. You tend to think men and women often differ in interests, physical abilities, parenting styles, and emotional expression, but you see them as basically similar in workplace strengths. You are not currently in a relationship and do not have children at home, place high importance on paid work, see marriage as somewhat important, and are less focused on parenthood. In family decisions, you favor practical responsibility: childcare should follow available time, housework should be shared equally, financial decisions should usually be led by the person managing the money, and career sacrifices should be divided as evenly as possible.",True
23,pew_work_family_repair1_023,,"Your views on gender and family combine a belief that men and women often differ in interests, physical abilities, parenting instincts, and emotional expression with confidence that they can be equally capable at work. You are married without children under 18 at home and financially comfortable, see raising children as deeply important even though marriage itself is not central to your identity, and prefer practical household arrangements: childcare can be concentrated with one parent, housework should follow available time, money decisions should vary by issue, and career sacrifices should usually fall to the lower earner.",True
24,pew_work_family_repair1_024,,"Your views combine strong attachment to marriage and raising children with a belief that men and women often differ in interests, physical abilities, emotional expression, and workplace strengths, while still seeing mothers and fathers as basically similar in their capacity to parent. You are married, have a young child at home, and place little personal importance on paid-work success compared with family life. You prefer a practical household arrangement: one parent carries most day-to-day childcare, routine housework follows who has more available time, major financial calls usually go to the higher earner, and any reduction in paid work should fall to the adult with the more flexible job.",True
25,pew_work_family_repair1_025,,"Your views combine practical family bargaining with selective gender traditionalism. You see men and women as similar in hobbies and workplace abilities, but different in physical abilities, parenting styles, and emotional expression. Although you are married and have school-age children at home, you do not treat marriage or parenthood as central personal ideals. With limited household income, you put some value on paid work, favor family-specific childcare arrangements, think one person can reasonably handle most housework, give extra weight to the higher earner in major financial decisions, and prefer that both adults share career sacrifices as evenly as possible.",True
26,pew_work_family_repair1_026,,"Your views combine traditional instincts about gender differences in interests, physical abilities, parenting, and emotional expression with a merit-based view that men and women are basically equally capable at work. You are not currently partnered and have no children at home, while seeing marriage as very important, parenthood as somewhat important, and career success as very important. In family life, you favor equal sharing of childcare and housework, flexible financial decision-making by topic, and work sacrifices based on job flexibility rather than gender or earnings alone.",True
27,pew_work_family_repair1_027,,"Your views combine selective gender essentialism with flexible household pragmatism: you see men and women as sharing broadly similar interests, but as different in physical abilities, emotional expression, parenting instincts, and workplace strengths. You are married, have no children under 18 at home, and are in a high-income household; marriage matters to you somewhat, parenthood matters very much, and paid-work success is not a personal priority. You prefer household arrangements that are fair but context-sensitive: equal housework, family-specific childcare, decision-by-decision finances, and equal sharing of any work reductions.",True
28,pew_work_family_repair1_028,,"Your views on gender emphasize broad differences between men and women across interests, abilities, parenting, emotions, and workplace strengths. You live with a partner and a young child on a modest income, see marriage and paid work as somewhat important, and place less personal importance on parenthood as a life goal. In family decisions, you prefer equal sharing of childcare, household-specific flexibility for housework, financial authority leaning toward the higher earner, and work reductions based on whose job is more flexible.",True
29,pew_work_family_repair1_029,,"Your views combine traditional beliefs about some gender differences with flexible, case-by-case expectations for family life. You see men and women as similar in hobbies but different in physical abilities, parenting, emotional expression, and workplace strengths. You are not currently in a relationship, have only school-age children at home, and live on a lower household income. You place very high importance on marriage, less personal importance on parenthood, and moderate importance on paid work, while favoring practical arrangements where childcare, money decisions, housework, and career sacrifices depend on time, flexibility, and the specific family situation.",True
30,pew_work_family_repair1_030,,"Your views combine practical family bargaining with a selective belief in gender differences: you see men and women as similar in physical ability and workplace strengths, but different in hobbies, parenting styles, and emotional expression. You are married with a young child at home, place moderate personal importance on marriage and parenthood, and put very high importance on paid work. You prefer flexible, situation-specific arrangements for childcare, housework, and financial decisions, but when paid work must be reduced, you lean toward the lower earner being the one to cut back.",True
31,pew_work_family_repair1_031,,"Your views combine gender egalitarianism in interests, parenting, and workplace ability with a belief that men and women often differ in physical abilities and emotional expression. You are married but do not treat marriage or parenthood as central life goals, placing much more importance on paid work. You prefer practical household arrangements: one parent may handle most childcare, housework should follow available time, money decisions depend on the issue, and work reductions should fall to the adult with the more flexible job.",True
32,pew_work_family_repair1_032,,"Your views combine traditional gender-difference instincts with practical flexibility. You tend to see men and women as different in hobbies, physical abilities, parenting, and emotional expression, while still believing they are basically similar in what they can do well at work. You are not currently in a relationship and have no children under 18 at home, but you place very high personal importance on marriage and parenthood. Paid work matters to you somewhat, though family commitments carry more weight. You favor equal sharing of childcare, case-by-case decisions for housework and career sacrifices, and you think the higher earner should usually lead major household financial decisions.",True
33,pew_work_family_repair1_033,,"Your views combine selective beliefs about gender difference with a preference for cooperative household decision-making. You see men and women as broadly similar in physical abilities and workplace strengths, but more different in hobbies, parenting styles, and emotional expression. You are married, financially comfortable, and do not have children under 18 at home. Marriage matters to you, but not as an overriding life priority, while parenthood and paid-work success feel relatively less central. In family arrangements, you think one parent may need to take the lead on childcare, but housework should depend on the household’s circumstances. You strongly prefer joint financial decisions and believe career sacrifices should be shared as equally as possible.",True
34,pew_work_family_repair1_034,,"Your views combine selective gender traditionalism with practical flexibility: you see men and women as often different in interests, physical abilities, and emotional expression, but broadly similar as parents and workers. You are not currently partnered and have no children at home, with a high household income, and you place little personal importance on marriage while seeing parenthood and paid work as moderately important. For family responsibilities, you favor case-by-case arrangements, time-based housework, and giving the higher earner more say in major financial decisions.",True
35,pew_work_family_repair1_035,,"Your views combine strong beliefs that men and women are generally different in interests, abilities, parenting styles, emotional expression, and workplace strengths with a practical, partnership-oriented approach to family decisions. You are in a non-cohabiting relationship, have only school-age children at home, and place limited personal importance on marriage or parenthood as life markers, while still valuing paid work somewhat. In household arrangements, you prefer shared decision-making, equal childcare, time-based housework, and balancing career sacrifices as evenly as possible.",True
36,pew_work_family_repair1_036,,"Your views combine traditional expectations about some gender differences with practical egalitarianism in work and household life. You see men and women as often differing in interests, physical abilities, parenting styles, and emotional expression, while believing they are basically similar in workplace abilities. You are in a relationship but not living together, have only school-age children at home, and place very high importance on marriage, parenthood, and paid-work success. You prefer one parent to take the lead on childcare, routine housework to be shared about equally, major money decisions to be led by whoever manages the finances, and career sacrifices to be shared as evenly as possible.",True
37,pew_work_family_repair1_037,,"Your views on gender and family roles mix practical specialization with selective egalitarianism. You see men and women as basically different in interests, physical abilities, and emotional expression, while still believing they are broadly similar as parents and workers. You are married, have no children under 18 at home, and place moderate importance on marriage, parenthood, and paid-work success. In household tradeoffs, you prefer equal sharing of routine housework, but think one parent should usually handle most childcare, major financial decisions should lean toward the higher earner, and the lower earner should be the one to reduce paid work if someone must.",True
38,pew_work_family_repair1_038,,"Your views emphasize broad similarity between men and women in interests, physical abilities, emotional expression, and workplace strengths, while still seeing parenting styles as meaningfully different. You live with a partner and do not have children under 18 at home, but you place very high personal importance on parenthood and moderate importance on marriage. You prefer equal sharing of childcare and housework, give paid work a lower personal priority, and think practical household tradeoffs should often follow earnings and job flexibility: the higher earner should usually lead major financial decisions, while the adult with the more flexible job should reduce work when needed.",True
39,pew_work_family_repair1_039,,"Your views emphasize broad differences between men and women across interests, abilities, parenting, emotions, and workplace strengths. You are married, have no children under 18 at home, and report a $100,000 to $149,999 household income, yet you do not see marriage itself as personally important while placing very high importance on parenthood. You put relatively low priority on paid-work success, prefer equal routine housework, think childcare arrangements should depend entirely on the family, give the higher earner more say in major financial decisions, and believe the adult with the more flexible job should reduce work when needed.",True
40,pew_work_family_repair1_040,,"Your views emphasize broad differences between men and women across interests, abilities, parenting, emotions, and workplace strengths, while still favoring practical and flexible household arrangements. You are not currently in a relationship and have no children under 18 at home, but you place very high personal importance on parenthood, much less on marriage, and very little on paid-work success. You tend to think family roles should be adapted to circumstances: childcare depends on the family, housework should fall more to whoever has time, major financial calls should usually be led by the person managing the money, and career sacrifices should be shared as equally as possible.",True
41,pew_work_family_repair1_041,,"Your views combine practical family traditionalism with flexibility. You see men and women as similarly capable in hobbies and the workplace, while believing they often differ in physical abilities, parenting approaches, and emotional expression. As a married parent with a young child and a household income under $50,000, you place very high importance on marriage, moderate importance on raising children and paid work, and favor arranging childcare and housework around who has more available time. For money decisions, you prefer judging case by case, and if someone must scale back paid work, you think the lower earner should be the one to reduce work.",True
42,pew_work_family_repair1_042,,"Your views emphasize that men and women often differ in personal interests, physical traits, parenting styles, and emotional expression, while still being basically similar in what they can contribute at work. You place a very high personal value on marriage, but not on becoming or raising children, and you do not see paid-work success as a central life priority. In family arrangements, you favor practical, situation-based bargaining: the person or parent with more available time should take on more care and housework, financial decisions should depend on the specific issue, and work reductions should fall to the adult with the more flexible job.",True
43,pew_work_family_repair1_043,,"Your views on gender emphasize real differences in interests, physical abilities, parenting styles, and emotional expression, while treating workplace competence as broadly similar. With household income in the $100,000 to $149,999 range, you are not currently partnered and have no children under 18, but you place high value on marriage, little personal importance on parenthood, and moderate importance on paid work. You prefer practical household arrangements: one parent taking the lead on childcare, equal sharing of housework, financial decisions led by the person who manages the money, and career sacrifices judged case by case for each family.",True
44,pew_work_family_repair1_044,,"Your views on work and family are pragmatic and outcome-focused: you see men and women as sharing similar interests but often differing in abilities, parenting styles, emotional expression, and workplace strengths. You are married without children under 18, but you do not treat marriage as central to personal fulfillment. You place very high importance on paid work, see parenthood as meaningful but not overriding, prefer household labor to follow available time, think childcare arrangements should depend on the family, and generally believe the higher earner should have more say in major financial decisions while both adults should share career sacrifices as evenly as possible.",True
45,pew_work_family_repair1_045,,"Your views combine a belief that men and women often differ in personal interests, physical abilities, and emotional expression with a strong belief that they are basically similar as parents and workers. You value marriage very highly, see parenthood and career success as meaningful but not all-defining, and prefer partnership norms built around equal sharing, joint financial decisions, and practical flexibility when one adult needs to scale back paid work.",True
46,pew_work_family_repair1_046,,"Your views combine traditional beliefs about gender differences in private life with a practical belief in equal workplace capability. You see marriage, raising children, and career success as very important, while favoring household arrangements based on responsibility and fit: childcare should depend on the family, routine housework may be handled mostly by one person, financial decisions should usually be led by the person managing the money, and work reductions should fall to the adult with the more flexible job.",True
47,pew_work_family_repair1_047,,"Your views combine traditional beliefs about broad gender differences in interests, physical abilities, parenting styles, and emotional expression with a more egalitarian view of workplace competence. You are in a relationship but maintain a separate household, have no children under 18 at home, and place limited personal importance on marriage or parenthood while still seeing paid work as somewhat important. In family arrangements, you favor equal sharing of childcare, practical time-based sharing of housework, delegating financial decisions to the person who manages the money, and having the adult with the more flexible job cut back on work when needed.",True
48,pew_work_family_repair1_048,,"Your views emphasize that men and women tend to differ across interests, abilities, parenting, emotional expression, and workplace strengths, while you still value equal partnership in family life. You are not currently in a relationship and have no children under 18 at home, but you place very high importance on marriage, parenthood, and paid-work success. You prefer shared decision-making on money, equal division of childcare, flexible household-specific housework arrangements, and equal career sacrifices when family needs require someone to reduce work.",True
49,pew_work_family_repair1_049,,"Your views combine a strong commitment to marriage, parenthood, and shared family responsibilities with a belief that men and women are similar in interests and parenting but often differ in physical abilities, emotional expression, and workplace strengths. You favor equal sharing of childcare, housework, and career sacrifices, while thinking major financial decisions should usually be led by the person who manages the money.",True
50,pew_work_family_repair1_050,,"Your views combine practical egalitarianism with a few role-based judgments: you see men and women as largely similar in interests, parenting, and workplace abilities, while recognizing differences in physical abilities and emotional expression. You are not currently in a relationship, have only school-age children at home, and place very high importance on both parenthood and paid work, while seeing marriage as meaningful but not central. You favor joint financial decisions, flexible household arrangements, and a pragmatic rule that the lower earner should be the one to reduce paid work when necessary.",True
51,pew_work_family_repair1_051,,"Your views combine traditional gender distinctions in personal and family life with confidence in workplace equality. You see men and women as generally different in interests, physical abilities, parenting styles, and emotional expression, but basically similar in what they can do well at work. You are married with no children under 18 at home, place limited personal importance on marriage and parenthood, and put strong value on paid work and career success. You prefer practical but hierarchical household arrangements: one parent may take most childcare, housework should follow available time, the higher earner should usually lead major financial decisions, and career sacrifices should be decided case by case.",True
52,pew_work_family_repair1_052,,"Your views on gender and family life combine practical egalitarianism with a few role-based instincts: you see men and women as alike in interests, parenting, and workplace abilities, but different in physical abilities and emotional expression. You are married with no children under 18 at home and a limited household income, placing moderate importance on marriage and work while seeing raising children as very important. You favor flexible household arrangements—time-based housework, decision-specific finances, and shared career sacrifices—while still thinking day-to-day childcare can be mainly handled by one parent.",True
53,pew_work_family_repair1_053,,"Your views combine practical egalitarianism with a belief that some gender differences show up more in personal life than in capability. You see men and women as broadly similar in physical ability and workplace strengths, while more different in hobbies, parenting styles, and emotional expression. You are married, place moderate importance on marriage, parenthood, and career success, and prefer flexible family-by-family arrangements for childcare and tradeoffs around work, while expecting routine housework to be shared equally and financial decisions to vary by the issue.",True
54,pew_work_family_repair1_054,,"Your views emphasize fairly clear gender differences in interests, physical abilities, emotional expression, and workplace strengths, while seeing mothers and fathers as broadly similar in their parenting instincts. You place a very high value on marriage, a moderate value on parenthood and career success, and favor pragmatic household specialization: one parent taking the lead on childcare, equal sharing of housework, financial authority leaning toward the higher earner, and work reductions falling to the lower earner.",True
55,pew_work_family_repair1_055,,"Your views combine a belief that men and women often differ in interests, physical abilities, and emotional expression with a belief that they are broadly similar as parents and workers. You place very high value on marriage, see parenthood and paid work as meaningful but not all-defining, and favor a practical household arrangement: childcare can be concentrated with one parent, routine housework should be shared equally, major financial choices depend on the specific decision, and work sacrifices should be shared as evenly as possible.",True
56,pew_work_family_repair1_056,,"Your views combine a strong belief that men and women are basically different across interests, abilities, parenting, emotions, and workplace strengths with a practical, partnership-oriented approach at home. You are married with only school-age children at home and a household income of $100,000 to $149,999, but you do not see marriage itself as personally important. Raising children and succeeding in paid work matter a great deal to you. You prefer one parent to take primary responsibility for day-to-day childcare, while routine housework should be split about equally, major financial decisions should be made together, and any reduction in paid work should fall to the adult with the more flexible job.",True
57,pew_work_family_repair1_057,,"Your views combine belief in some broad gender differences with a practical, egalitarian approach to family life. You see men and women as generally different in hobbies, physical abilities, and emotional expression, but basically similar in parenting and workplace strengths. You are married with no children under 18 at home and a high household income, and you treat marriage, parenthood, and career success as meaningful but not all-defining. For family responsibilities, you favor time-based childcare, equal housework, financial decisions led by whoever manages the money, and shared career sacrifices as evenly as possible.",True
58,pew_work_family_repair1_058,,"Your views combine gender-difference instincts in personal and family life with egalitarian expectations for work and household roles. You tend to see men and women as different in interests, physical abilities, parenting styles, and emotional expression, but basically similar in workplace competence. You are married and financially comfortable, yet you do not treat marriage itself as central to personal fulfillment. You value parenthood and paid work somewhat, prefer equal sharing of childcare and housework, and think financial decisions or career sacrifices should be handled flexibly based on the specific family situation.",True
59,pew_work_family_repair1_059,,"Your views on gender are selectively egalitarian: you see men and women as broadly similar in interests, parenting, and workplace abilities, while still believing they often differ in physical abilities and emotional expression. You are married but do not see marriage itself as personally important, and you place much more value on raising children even though there are no children under 18 at home. You favor practical household arrangements based on time, family circumstances, money-management responsibility, and shared career sacrifice rather than fixed gender roles.",True
60,pew_work_family_repair1_060,,"Your views combine career-centered independence with a belief that men and women often differ in abilities, parenting, feelings, and workplace strengths, while having broadly similar interests. You do not see marriage or parenthood as especially central personal goals, but you have clear preferences for how households should operate: childcare can be led mostly by one parent, housework should fit the household, major financial choices should be made jointly, and any work reduction should fall to the adult with the more flexible job.",True
61,pew_work_family_repair1_061,,"Your views combine traditional gender-difference instincts in personal life with a more egalitarian view of workplace ability. You see men and women as often different in interests, physical abilities, parenting styles, and emotional expression, but basically similar in what they can do well at work. You are in a relationship while not living together, have no children under 18 at home, and place only moderate importance on marriage, with parenthood and career success lower priorities. You prefer practical, household-specific arrangements for childcare and housework, think the person managing the money should usually make major financial calls, and believe work sacrifices should be shared as equally as possible.",True
62,pew_work_family_repair1_062,,"Your views emphasize broad differences between men and women across interests, physical abilities, parenting, emotional expression, and workplace strengths. You place very high personal value on raising children while seeing marriage as unnecessary and paid-work success as a lower priority. You favor practical household arrangements based on time and job flexibility, but you also think the higher earner should usually have the lead on major financial decisions.",True
63,pew_work_family_repair1_063,,"Your views combine a belief that men and women often differ in personal interests, physical abilities, parenting styles, and emotional expression with a belief that they are basically similar in workplace competence. You are not currently partnered and have no children at home, but you still see raising children as somewhat meaningful while placing little personal importance on marriage. You favor practical specialization in family life: one parent may take primary responsibility for childcare, housework should be shared equally, financial decisions should usually rest with the person managing the money, and career sacrifices should depend entirely on the family's circumstances.",True
64,pew_work_family_repair1_064,,"Your views combine traditional family aspirations with practical, situation-based household rules. You see men and women as different in interests, parenting style, and emotional expression, but broadly similar in physical abilities and workplace competence. You are not currently in a relationship while having children at home across younger and school-age stages, and you place very high importance on marriage and parenthood while treating paid-work success as a lower personal priority. In family arrangements, you favor time, flexibility, and household circumstances for childcare, housework, and career tradeoffs, but you also think the higher earner should usually have the lead on major financial decisions.",True
65,pew_work_family_repair1_065,,"Your views combine a strong belief that men and women are basically different in interests, abilities, parenting, emotional expression, and workplace strengths with a practical preference for fairness at home. You are married with children in multiple age ranges at home, see marriage, parenthood, and paid work as somewhat important, and favor equal sharing of childcare and housework. At the same time, you think household money decisions should usually be led by the person who manages the finances, while career sacrifices should be decided case by case based entirely on the family’s circumstances.",True
66,pew_work_family_repair1_066,,"Your views on gender lean strongly toward seeing men and women as basically different across interests, abilities, parenting, emotions, and work talents. You are married but do not treat marriage or parenthood as central life goals; paid work matters much more. In household arrangements, you favor pragmatic specialization by time, responsibility, and money-management role, while still wanting career sacrifices shared as evenly as possible.",True
67,pew_work_family_repair1_067,,"Your views combine practical egalitarian household decision-making with selective beliefs about gender difference. You see men and women as differing in hobbies, physical abilities, and parenting styles, but broadly similar in emotional expression and workplace capability. Although you are married and have school-age children at home, you do not treat marriage or parenthood as central personal goals; paid work and career success matter much more. In family logistics, you favor time-based childcare, equal housework, joint financial decisions, and having the lower earner scale back work when a sacrifice is needed.",True
68,pew_work_family_repair1_068,,"Your views combine practical individualism with selective gender distinctions: you see men and women as broadly similar in abilities, parenting, and workplace strengths, while still tending to think their interests and emotional expression differ. You are in a relationship without sharing a household, place little personal importance on marriage or parenthood, and put strong value on paid-work success. For family and household arrangements, you prefer flexible, context-dependent decisions, though you lean toward the lower earner reducing work when a sacrifice is needed.",True
69,pew_work_family_repair1_069,,"Your views on gender and family life combine traditional role preferences with a strong belief in shared adult responsibility. You see men and women as different in hobbies, physical abilities, and emotional expression, but similar in parenting capacity and workplace competence. You are not currently in a relationship and have no children under 18 at home, yet you place very high importance on marriage, parenthood, and paid-work success. You prefer that one person take primary responsibility for childcare and housework, while major financial decisions should be made jointly and career sacrifices should be shared as equally as possible.",True
70,pew_work_family_repair1_070,,"Your views combine a broad belief that men and women tend to differ in interests, abilities, parenting, emotional expression, and workplace strengths with a practical approach to family life. You are married, have no children under 18 at home, and see marriage and paid work as somewhat important, while raising children is not personally important to you. You prefer equal sharing of housework, flexible family-specific choices for childcare and career sacrifices, and financial decisions led by the person who manages the money.",True
71,pew_work_family_repair1_071,,"Your views combine a belief that men and women often differ in interests, physical abilities, parenting styles, and emotional expression with a belief that they are basically similar in workplace abilities. You place very high importance on marriage, see raising children as meaningful but not overriding, and put relatively low priority on paid-work achievement. In family life, you favor practical bargaining: childcare should fall more to the parent with available time, routine housework should be shared equally, major financial decisions should depend on the issue, and any reduction in paid work should come from the adult whose job is more flexible.",True
72,pew_work_family_repair1_072,,"Your views see men and women as different in interests, physical abilities, emotional expression, and workplace strengths, while still thinking parenting approaches are basically similar. You live with a partner, have no children under 18 at home, and place little personal importance on marriage or parenthood, though paid work matters somewhat. You favor practical, household-specific bargaining for chores, finances, and career tradeoffs, while thinking day-to-day childcare may sensibly fall mostly to one parent.",True
73,pew_work_family_repair1_073,,"Your views emphasize that men and women tend to differ across interests, abilities, parenting styles, emotional expression, and workplace strengths, while still favoring practical fairness in family responsibilities. You are not currently focused on being in a relationship or on marriage as a personal goal, but you place very high importance on both raising children and succeeding in paid work. You prefer childcare to be shared equally, housework to follow available time, financial decisions to be led by the person handling the money, and career sacrifices to fall to the adult with the more flexible job.",True
74,pew_work_family_repair1_074,,"Your views on gender combine some traditional distinctions with practical egalitarianism: you see men and women as different in interests, physical abilities, and emotional expression, but similar as parents and workers. You are not currently in a relationship while having a young child at home and a moderate household income, so you value parenthood strongly, see marriage as worthwhile but not central, and treat paid work as important without making it the only priority. In family life, you prefer flexible arrangements: childcare should follow who has more time, housework should be split evenly, financial choices should depend on the decision, and career sacrifices should be judged case by case.",True
75,pew_work_family_repair1_075,,"Your views combine traditional distinctions in personal and family life with egalitarian decision-making in adult partnership. You see men and women as differing in hobbies, parenting style, and emotional expression, while viewing their physical abilities and workplace strengths as basically similar. You place high importance on marriage and paid-work success, but raising children is not a central personal priority. If childcare were involved, you would prefer one parent to take the lead, while routine housework should follow who has more available time, major financial choices should be made together, and career sacrifices should be shared as equally as possible.",True
76,pew_work_family_repair1_076,,"Your views combine a belief that men and women often differ in interests, parenting styles, emotional expression, and workplace strengths with a belief that their physical abilities are basically similar. You are not currently partnered and have no children at home, but you see parenthood, career success, and marriage as meaningful priorities. You favor practical specialization: one parent taking the lead on childcare, equal sharing of housework, financial decisions led by the money manager, and work reductions guided by lower earnings.",True
77,pew_work_family_repair1_077,,"Your views combine selective gender distinction with practical household flexibility: you see men and women as broadly similar in hobbies and parenting, but more different in physical abilities, emotional expression, and workplace strengths. You are not currently in a relationship, have no children under 18 at home, and place little personal importance on marriage or parenthood, while still seeing paid work as somewhat important. For family arrangements, you lean toward one parent handling most childcare, equal sharing of routine housework, case-by-case financial decisions, and reducing paid work based on whose job is more flexible.",True
78,pew_work_family_repair1_078,,"Your views combine belief in some basic gender differences with pragmatic family organization. You see men and women as different in interests, physical abilities, and emotional expression, but broadly similar as parents and in workplace competence. You are married, have at least one young child at home, and live in a high-income household. Marriage matters to you, though not as much as parenthood, and paid work is important without being the center of life. You prefer flexible childcare arrangements, but you are comfortable with one person taking the lead on routine housework, the higher earner having more say in major financial decisions, and the lower earner reducing work when family demands require it.",True
79,pew_work_family_repair1_079,,"Your views combine a belief that men and women often differ in interests, physical abilities, parenting styles, and emotional expression with a strong sense that they are basically equally capable at work. You are married with children in different age ranges at home and limited household income, but you do not treat marriage or career success as central life goals. You value raising children somewhat, prefer practical time-based childcare arrangements, equal routine housework, money decisions led by the person who manages finances, and flexible family-by-family choices about career sacrifice.",True
80,pew_work_family_repair1_080,,"Your views combine practical flexibility with some traditional distinctions. You see men and women as similar in hobbies and workplace abilities, but different in physical abilities, parenting styles, and emotional expression. You are not currently in a relationship, have children of different ages at home, and live on a lower household income. You place high personal value on marriage, while raising children is not central to your own sense of fulfillment, and paid work matters but is not everything. You tend to think one parent should take the lead on day-to-day childcare, while housework, financial decisions, and career sacrifices should be handled according to the household’s circumstances, especially job flexibility.",True
81,pew_work_family_repair1_081,,"Your views combine traditional perceptions of gender differences in interests, physical abilities, parenting style, and emotional expression with a more egalitarian view of workplace competence. You are married but do not see marriage or parenthood as central personal goals, and you place moderate importance on paid work. In household arrangements, you prefer practical bargaining: housework should be shared equally, childcare should depend on the family, major financial decisions should depend on the decision, and if someone must cut back on work, the lower earner should be the one to reduce hours.",True
82,pew_work_family_repair1_082,,"Your views combine a belief that men and women often differ in interests, parenting styles, emotional expression, and workplace strengths with a belief that their physical abilities are broadly similar. You are married, have no children under 18 at home, and place your household income in the $100,000 to $149,999 range. You see marriage as not too important personally, while still treating parenthood and paid-work success as very important. You prefer practical, circumstance-based household arrangements: available time should guide childcare and housework, financial decisions depend on the issue, and career sacrifices depend entirely on the family.",True
83,pew_work_family_repair1_083,,"Your views combine strong respect for marriage, parenthood, and paid work with a belief that men and women often differ in interests, physical abilities, parenting instincts, and emotional expression, while being broadly similar in workplace talents. You favor joint authority over money and shared career sacrifices, but you think day-to-day family labor should be practical: one parent may handle most childcare, while routine housework should fall more to whoever has more available time.",True
84,pew_work_family_repair1_084,,"Your views combine traditional-sounding beliefs about gender differences in interests, parenting, emotions, and workplace strengths with a practical, nontraditional approach to household arrangements. You see physical ability as broadly similar across men and women, value marriage and parenthood in a moderate way, place very little personal importance on career success, and prefer family decisions to be handled pragmatically based on roles, time, and circumstances rather than fixed gender rules.",True
85,pew_work_family_repair1_085,,"Your views combine practical egalitarianism with some perceived gender differences. You see men and women as broadly similar in hobbies and workplace strengths, but different in physical abilities, parenting approaches, and emotional expression. You are in a relationship while keeping separate households, place limited importance on marriage, and consider parenthood very important. You favor equal sharing of childcare and housework, but think money decisions should usually be led by the person who manages the finances and that the lower earner should reduce work when someone has to.",True
86,pew_work_family_repair1_086,,"Your views combine practical family traditionalism with situational flexibility. You see men and women as mostly similar in hobbies and physical abilities, but meaningfully different in parenting styles, emotional expression, and workplace strengths. You are married, have no children under 18 at home, and place very high importance on both parenthood and career success while seeing marriage as somewhat important. You prefer household arrangements that adapt to circumstances: childcare should depend entirely on the family, housework should fall more to the person with more available time, major financial decisions should depend on the decision, and if paid work must be reduced, the lower earner should be the one to cut back.",True
87,pew_work_family_repair1_087,,"Your views combine strong respect for marriage, parenthood, and career success with a belief that men and women often differ in interests, physical abilities, emotional expression, and workplace strengths, while still seeing parenting as broadly similar across genders. You favor equal sharing of childcare and housework, but when money or work tradeoffs are involved, you lean toward practical earning-based rules: the higher earner should guide major financial decisions and the lower earner should be the one to scale back paid work.",True
88,pew_work_family_repair1_088,,"Your views on gender and family life combine a belief that men and women often differ in personal interests, physical abilities, parenting styles, and emotional expression with a belief that they are basically comparable in workplace competence. You are married but do not treat marriage or parenthood as central life goals; you value paid work somewhat while preferring practical, situation-specific family decisions. You favor equal routine housework, time-based childcare responsibilities, and flexible approaches to money and career tradeoffs rather than fixed gender or earning rules.",True
89,pew_work_family_repair1_089,,"Your views combine traditional commitment with practical equality: you see marriage as very important and prefer shared decision-making, equal housework, and flexible arrangements when work or childcare has to adjust. You think men and women are mostly similar in parenting, physical abilities, and workplace strengths, while still seeing real differences in hobbies and emotional expression. Paid work matters less to you than maintaining a stable, cooperative household.",True
90,pew_work_family_repair1_090,,"Your views emphasize practical independence: you see men and women as generally different in interests, physical abilities, emotional expression, and workplace strengths, while viewing parenting approaches as basically similar. You are not currently partnered and have no children at home, and you place relatively low personal importance on marriage, parenthood, and paid-work success despite a high-income situation. For household arrangements, you prefer pragmatic bargaining: childcare should fall more to the parent with more available time, routine housework should be divided equally, major financial decisions depend on the decision, and the lower earner should reduce work if someone must.",True
91,pew_work_family_repair1_091,,"Your views combine a belief that men and women often differ in interests, parenting styles, emotional expression, and workplace strengths with the view that their physical abilities are basically similar. You are not currently in a relationship, have no children under 18 at home, and report a high household income. You see marriage, parenthood, and paid-work success as somewhat important rather than defining priorities. In family arrangements, you lean toward one parent taking primary responsibility for childcare, while routine housework and major financial decisions should be shared, and any reduction in paid work should be based on which adult has the more flexible job.",True
92,pew_work_family_repair1_092,,"Your views on gender and family combine equal-opportunity assumptions about hobbies and workplace talents with beliefs that men and women often differ in physical abilities, emotional expression, and parenting styles. You are not currently partnered and have no children under 18, with a household income of $150,000 or more. You place high importance on parenthood and career success while seeing marriage as not too important. You favor practical, situation-specific household arrangements: equal childcare in principle, housework based on available time, financial calls led by the money manager, and career sacrifices decided by each family’s circumstances.",True
93,pew_work_family_repair1_093,,"Your views combine traditional impressions of gender difference in personal life with egalitarian expectations for work and household decision-making. You see men and women as often differing in interests, physical abilities, parenting styles, and emotional expression, but not in workplace competence. You are married, do not have children under 18 at home, place very high value on parenthood while seeing marriage itself as not too important, and prefer that couples share childcare, housework, financial decisions, and career sacrifices as equally as possible.",True
94,pew_work_family_repair1_094,,"Your views emphasize strong gender differences across interests, abilities, parenting, emotional expression, and workplace strengths. You are not currently in a relationship and have no children under 18, while placing very high importance on paid-work success and little importance on marriage. You see parenthood as meaningful but not an overriding priority, favor practical specialization in childcare, equal sharing of housework, financial authority for the person who manages the money, and career sacrifices based mainly on who earns less.",True
95,pew_work_family_repair1_095,,"Your views emphasize that men and women often differ in personal interests, physical abilities, parenting approaches, and emotional expression, while you see workplace competence as broadly similar. You are married without children under 18, place limited personal importance on marriage and especially parenthood, give moderate importance to paid work, and favor equal sharing of childcare and housework with case-by-case financial choices and work reductions based on job flexibility.",True
96,pew_work_family_repair1_096,,"Your views on gender see men and women as basically different across interests, physical abilities, parenting style, emotional expression, and workplace strengths, but you still favor egalitarian household rules: equal childcare and housework, joint financial decisions, and work reductions based on job flexibility rather than gender or earnings. You are not currently partnered, have only school-age children at home, place relatively low personal importance on marriage, parenthood, and career success, and live with a moderate household income.",True
97,pew_work_family_repair1_097,,"Your views combine strong beliefs that men and women often differ in personal interests, physical abilities, parenting styles, and emotional expression with a belief that they are broadly similar in workplace competence. You are not currently in a relationship and have no children under 18 at home, but you place very high personal importance on parenthood while seeing marriage as relatively unimportant. You favor equal sharing of housework, flexible family-specific childcare arrangements, and income-based bargaining rules in which the higher earner has more say and the lower earner is more likely to reduce paid work.",True
98,pew_work_family_repair1_098,,"Your views emphasize that men and women often differ in interests, physical abilities, parenting styles, and emotional expression, while being basically similar in workplace abilities. You are not currently in a relationship and have no children under 18 at home, with a lower household income. You place little personal importance on marriage but very high importance on both parenthood and paid-work success. You prefer flexible, practical family arrangements: childcare should depend entirely on the family, housework should fall more to whoever has more available time, major financial decisions should usually be led by the higher earner, and career sacrifices should be shared as equally as possible.",True
99,pew_work_family_repair1_099,,"Your views on gender and family life combine practical egalitarianism with a belief that men and women often differ in parenting, emotional expression, and workplace strengths, even though their interests and physical abilities are broadly similar. You are not currently in a relationship and have no children under 18 at home, with household income below $50,000. Marriage is not a central priority for you, but raising children and succeeding in paid work matter a great deal. You favor flexible, situation-aware family arrangements: childcare should depend on who has more time, housework should be shared equally, major financial decisions depend on the issue, and career sacrifices should be balanced as equally as possible.",True
100,pew_work_family_repair1_100,,"Your views combine practical egalitarianism with some gender-difference beliefs. You see men and women as broadly similar in interests and workplace abilities, but more different in physical abilities, emotional expression, and parenting styles. Although you are married, you do not treat marriage or parenthood as personally important life goals. You prefer household roles to be handled pragmatically: housework shared equally, childcare handled by whoever has more time, money decisions led by the person who manages the finances, and work sacrifices shared as evenly as possible.",True
101,pew_work_family_repair1_101,,"Your views emphasize broad differences between men and women in interests, abilities, parenting, emotional expression, and workplace strengths, while your own priorities are centered more on paid work than on marriage or parenthood. You are not currently relationship-focused and prefer practical household arrangements: childcare and career sacrifices should depend on the family, housework should fall more to the person with available time, and major financial decisions should usually be led by the higher earner.",True
102,pew_work_family_repair1_102,,"Your views combine fairly traditional beliefs about gender differences in personal life with practical egalitarianism in family responsibilities. You see men and women as often different in interests, physical abilities, parenting styles, and emotional expression, but you think they are basically similar in workplace competence. You are in a relationship without sharing a household, have no children at home, place very high importance on both parenthood and career success, and see marriage as worthwhile but not defining. You prefer equal childcare and equal career sacrifice, time-based housework sharing, and financial decisions led by the person who handles the money.",True
103,pew_work_family_repair1_103,,"Your views combine a belief that men and women often differ in interests, physical abilities, and emotional expression with a belief that they are broadly similar as parents and workers. You are married without children under 18 at home and have a lower household income, but you do not treat marriage or parenthood as central measures of a meaningful life. You value paid work somewhat, while favoring flexible, practical household arrangements: childcare and career sacrifices should depend on the family, housework should fall more to whoever has more available time, and major money decisions should usually be led by the person who manages the finances.",True
104,pew_work_family_repair1_104,,"Your views on gender mix difference and similarity: you see men and women as basically different in interests, physical abilities, and emotional expression, but similar as parents and workers. You are living with a partner with no children under 18 at home and a household income of $100,000 to $149,999. You place very high importance on marriage and raising children, while paid-work success matters less. You prefer practical household arrangements: childcare follows available time, housework is shared equally, and financial tradeoffs give more weight to earnings, with the higher earner deciding major finances and the lower earner reducing work when needed.",True
105,pew_work_family_repair1_105,,"Your views emphasize that men and women are often basically different across interests, abilities, parenting, emotions, and workplace strengths, while your family preferences are practical rather than traditionally marriage-centered. You are not currently in a relationship, have no children under 18 at home, and report household income under $50,000. You see marriage as not too important personally, but raising children and paid-work success as somewhat important. You favor equal sharing of childcare and equal career sacrifice when work must be reduced, while believing housework arrangements should depend on the household and that the higher earner should usually lead major financial decisions.",True
106,pew_work_family_repair1_106,,"Your views emphasize strong gender differences across interests, abilities, parenting, emotional expression, and workplace strengths, while treating marriage as personally unimportant even though raising children and paid-work success matter a great deal. You are not currently in a relationship, have only school-age children at home, and favor pragmatic family arrangements: childcare should depend entirely on the family, routine housework should be shared equally, but major money choices and career tradeoffs should generally follow earnings, with the higher earner deciding finances and the lower earner reducing work if needed.",True
107,pew_work_family_repair1_107,,"Your views combine traditional commitment with practical role specialization. You see men and women as sharing similar interests, but as generally different in physical abilities, emotional expression, parenting styles, and workplace strengths. You are in a relationship while living separately, place very high importance on marriage, and see parenthood and career success as meaningful but not overriding priorities. You tend to favor household arrangements where responsibilities follow earnings, time availability, and role fit: one parent takes the lead on childcare, the person with more time does more housework, the higher earner has more say on major finances, and the lower earner is the one who should scale back paid work if needed.",True
108,pew_work_family_repair1_108,,"Your views combine strong beliefs that men and women generally differ in interests, abilities, parenting styles, emotional expression, and workplace strengths with a practical, partnership-based approach at home. You do not see marriage itself as important, but you place very high importance on raising children. In a cohabiting household with school-age children and a middle income, you favor equal sharing of childcare, allocating housework by available time, making major financial decisions together, and having the lower earner reduce paid work if family needs require a work sacrifice.",True
109,pew_work_family_repair1_109,,"Your views on gender and family life emphasize basic differences between men and women across interests, physical abilities, parenting, emotions, and workplace strengths. You are not currently in a relationship, have a young child at home, and place much more importance on paid-work success than on marriage, while seeing parenthood as meaningful but not all-defining. You tend to favor practical, role-based household arrangements: one parent can take the lead on childcare, housework should depend on the household, higher earners should usually guide major financial decisions, and career sacrifices should be judged family by family.",True
110,pew_work_family_repair1_110,,"Your views combine broad gender similarity with selective differences: you see men and women as mostly alike in interests, physical abilities, and workplace strengths, but more different in parenting styles and emotional expression. In marriage, you do not treat marriage or parenthood as central life goals, while paid work matters somewhat. You favor equal routine housework, flexible family-specific childcare arrangements, practical money decisions led by the person who manages finances, and a work-reduction rule based on the lower earner stepping back.",True
111,pew_work_family_repair1_111,,"Your views combine practical egalitarianism with a belief that some gender differences still show up in personal life. You see men and women as basically similar in physical abilities and workplace strengths, but more different in hobbies, parenting styles, and emotional expression. You are not currently in a relationship, have school-age children at home, and place very high importance on both parenthood and paid-work success, while marriage matters but is not central. You prefer equal sharing of childcare, but think housework, financial decisions, and career sacrifices should be handled flexibly based on the household, the decision, and the family’s circumstances.",True
112,pew_work_family_repair1_112,,"Your views on gender and family life combine practical egalitarianism with a few role-based distinctions. You see men and women as broadly similar in interests, physical abilities, and parenting potential, but you think they often differ in emotional expression and workplace strengths. In family decisions, you value marriage, parenting, and paid work as meaningful but not all-defining, favor equal housework, time-based childcare, financially informed decision-making, and reducing work first by the lower earner when sacrifices are needed.",True
113,pew_work_family_repair1_113,,"Your views combine traditional ideas about gender differences in personal life with more egalitarian views about work competence. You see men and women as generally different in hobbies, physical abilities, parenting approaches, and emotional expression, while still believing they are basically similar in what they can do well in the workplace. Although you are married, marriage itself is not a central personal priority; paid work matters a great deal, and raising children matters somewhat. You favor practical household arrangements: childcare should fall more to the parent with more available time, housework should be divided about equally, major financial decisions should usually be led by the higher earner, and career sacrifices should be decided case by case for each family.",True
114,pew_work_family_repair1_114,,"Your views on gender emphasize broad differences between men and women in interests, abilities, parenting, emotions, and workplace strengths, yet you do not translate those beliefs into rigid household roles. You are in a relationship without living together, see marriage as personally unimportant, and place high value on both parenthood and paid-work success. You prefer family arrangements that are negotiated jointly and pragmatically: childcare depends on the family, housework follows available time, major finances are decided together, and career sacrifices should be shared as equally as possible.",True
115,pew_work_family_repair1_115,,"Your views emphasize marriage and parenthood as very important parts of a good life, even though paid-work success matters little to you personally. You see men and women as broadly similar in hobbies and workplace abilities, but basically different in physical abilities, parenting approaches, and emotional expression. In family life, you prefer practical fairness: childcare should fall more to the parent with more available time, routine housework should be split about equally, major financial calls should usually follow the higher earner’s judgment, and work reductions should be shared as evenly as possible.",True
116,pew_work_family_repair1_116,,"Your views on family and gender are pragmatic but not conventionally sentimental: you live with a partner and have a young child, yet you do not see marriage or parenthood as central personal goals. You think men and women often differ in physical abilities, parenting styles, emotional expression, and workplace strengths, while sharing broadly similar hobbies and interests. In household life, you favor equal housework, childcare based on who has more time, and financially driven bargaining where the higher earner has more say and the lower earner is the one to scale back paid work if needed.",True
117,pew_work_family_repair1_117,,"Your views combine a belief that men and women often differ in personal interests, physical abilities, parenting styles, and emotional expression with a belief that they are basically similar in workplace capability. You value marriage, parenthood, and paid work at a moderate level, favor equal sharing for childcare and career sacrifices, but are comfortable with specialization in housework and with major money decisions being led by the person who manages the finances.",True
118,pew_work_family_repair1_118,,"Your views combine a pragmatic belief in shared adult decision-making with selective gender traditionalism. You see men and women as broadly similar in physical abilities and workplace strengths, but more different in interests, parenting styles, and emotional expression. Marriage and parenthood matter to you, though not as absolute priorities, while paid work and career success are very important. In family life, you prefer flexible arrangements shaped by each household's circumstances, with major money choices made jointly and work reductions based on whose job can bend more easily.",True
119,pew_work_family_repair1_119,,"Your views emphasize that men and women are basically different across interests, abilities, parenting, emotional expression, and workplace strengths, while your household preferences are practical rather than tradition-bound. You are married but do not personally treat marriage as important, place strong importance on paid work, see parenthood as somewhat important, and favor flexible family-by-family arrangements, with money decisions led by whoever manages the finances.",True
120,pew_work_family_repair1_120,,"Your views combine practical egalitarianism with a strong emphasis on responsibility and capacity. You see men and women as broadly similar in interests and workplace ability, but different in physical abilities, emotional expression, and parenting styles. You are not currently in a relationship and have no children under 18 at home, yet you place very high importance on parenthood and paid work while seeing marriage as unimportant. You prefer equal sharing of childcare and housework, but think major financial decisions should usually defer to the higher earner and work reductions should fall to the adult with the more flexible job.",True
121,pew_work_family_repair1_121,,"Your views combine traditional and practical instincts: you see men and women as mostly different in abilities, parenting, feelings, and workplace strengths, while not assuming their hobbies differ much. You are not currently partnered but place very high value on marriage, care about parenthood, and also strongly prioritize paid work. You lean toward specialized roles for childcare and financial decisions, prefer equal sharing of housework, and think career sacrifices should be judged family by family.",True
122,pew_work_family_repair1_122,,"Your views combine strong beliefs that men and women often differ in interests, physical abilities, emotional expression, and workplace strengths with a practical belief that parenting itself can be approached similarly by any parent. You are married, but you do not treat marriage as personally important in its own right; raising children matters much more to you. You prefer equal sharing of childcare and housework, while handling money case by case and using earnings as the practical basis for deciding who should reduce paid work when a sacrifice is needed.",True
123,pew_work_family_repair1_123,,"Your views on gender combine a belief that men and women often differ in interests, physical abilities, parenting styles, and emotional expression with a belief that they are basically similar in workplace talents. You are not currently in a relationship, have a young child at home, and place little personal importance on marriage while seeing parenthood and paid work as somewhat important. You favor cooperative, fairly shared family arrangements: equal childcare, housework based on available time, joint financial decisions, and equal career sacrifices when work must be reduced.",True
124,pew_work_family_repair1_124,,"Your views combine practical egalitarianism at home with a belief that men and women often differ in abilities, parenting styles, emotional expression, and workplace strengths, even if their interests are broadly similar. You are not currently partnered, have children of multiple ages at home, and see paid work as very important while viewing marriage as less central. You favor shared childcare, shared housework, and joint financial decisions, but if someone must cut back on work, you think the lower earner should be the one to do so.",True
125,pew_work_family_repair1_125,,"Your views combine a strong belief that men and women are basically different across interests, abilities, parenting, emotions, and workplace strengths with a commitment to shared adult responsibility at home. You place very high importance on marriage, parenthood, and career success, while preferring joint financial decisions, equal childcare, housework based on available time, and career adjustments based on job flexibility rather than gender or earnings alone.",True
126,pew_work_family_repair1_126,,"Your views combine strong beliefs that men and women are basically different in interests, abilities, parenting, emotional expression, and workplace strengths with a practical, negotiated approach to household life. You live with a partner, have no children under 18 at home, and place high importance on marriage and paid work while seeing parenthood as not personally important. You prefer equal housework, flexible childcare based on available time, case-by-case financial decisions, and shared career sacrifices when work has to be reduced.",True
127,pew_work_family_repair1_127,,"Your views emphasize practical arrangements over traditional milestones: you see men and women as sharing similar interests, but often differing in physical abilities, emotional expression, parenting instincts, and workplace strengths. You are not currently partnered, do not have children at home, and place limited personal importance on marriage or parenthood, while still seeing paid work as somewhat important. In family arrangements, you favor clear responsibility for childcare, time-based sharing for housework, joint financial decisions, and having the lower earner scale back work when someone must.",True
128,pew_work_family_repair1_128,,"Your views emphasize broad, basic differences between men and women across interests, abilities, parenting, emotions, and workplace strengths. You are married but do not treat marriage or parenthood as personally central goals, while paid work and career success matter a great deal. You favor practical household arrangements: childcare should depend on the family, housework should fall more to whoever has time, major financial decisions should usually be led by the higher earner, and work reductions should be shared as equally as possible.",True
129,pew_work_family_repair1_129,,"Your views combine traditional gender-difference instincts with egalitarian workplace and financial expectations. You tend to see men and women as different in interests, physical abilities, parenting styles, and emotional expression, while believing they are broadly similar in what they can do well at work. You are not currently partnered and have no children under 18 at home, but you place very high importance on marriage, moderate importance on parenthood and career success, and prefer practical household arrangements: childcare based on available time, housework handled mostly by one person, major finances decided jointly, and career sacrifices shared as equally as possible.",True
130,pew_work_family_repair1_130,,"Your views combine strong career and parenthood priorities with little personal attachment to marriage. You see men and women as similar in hobbies but generally different in physical abilities, parenting styles, emotional expression, and workplace strengths. Although you are not currently in a relationship and have no children under 18 at home, you think family arrangements should often be practical and tailored: childcare depends entirely on the family, housework should fall more to whoever has more time, major financial decisions depend on the decision, and if someone must cut back at work, the lower earner should do so.",True
131,pew_work_family_repair1_131,,"Your views combine broad gender similarity with one clear exception: you think men and women are much alike in interests, abilities, parenting, and workplace strengths, but differ in how they express feelings. You are not currently in a relationship and have no children under 18 at home, yet you still place very high personal importance on marriage and moderate importance on parenthood and paid-work success. You prefer flexible, practical household arrangements: childcare depends on the family, housework should follow available time, financial decisions should usually rest with the person managing the money, and career sacrifices should be shared as equally as possible.",True
132,pew_work_family_repair1_132,,"Your views emphasize that men and women tend to differ across interests, abilities, parenting styles, emotional expression, and workplace strengths, but you do not translate those differences into fixed household roles. You are not currently partnered and have no children under 18 at home, with marriage holding little personal importance, while raising children remains a moderate value. You see paid-work success as a lower priority than practical family arrangements, favoring time-availability rules for childcare and housework, financial decisions led by the person who manages the money, and career sacrifices handled case by case.",True
133,pew_work_family_repair1_133,,"Your views emphasize that men and women are generally different in interests, physical abilities, parenting styles, emotional expression, and workplace strengths, while still favoring practical and fair arrangements at home. You are not currently in a relationship, have no children under 18 at home, and see marriage as not very important personally, though raising children and succeeding in paid work still matter somewhat. You prefer household roles to be handled flexibly: childcare depends on the family, housework should be shared equally, financial decisions should usually be led by the person who manages the money, and work reductions should fall to the adult with the more flexible job.",True
134,pew_work_family_repair1_134,,"Your views on family and work combine a belief that men and women often differ in interests, physical abilities, parenting styles, and emotional expression with confidence that they are broadly similar in workplace talents. You place high value on marriage and career success, see raising children as meaningful but not the only priority, and favor equal childcare while accepting a more specialized approach to housework, money management, and family-specific career tradeoffs in your married household with a young child.",True
135,pew_work_family_repair1_135,,"Your views combine strong beliefs in gender differences in interests, physical abilities, emotional expression, and workplace strengths with a belief that mothers and fathers can parent in basically similar ways. You are married but do not see marriage itself as personally important, while raising your school-age children is very important to you. With limited household income, you treat paid work as somewhat important and prefer practical family bargaining: childcare shared equally, housework handled by whoever has more time, financial decisions made case by case, and work reductions based on job flexibility.",True
136,pew_work_family_repair1_136,,"Your views combine traditional beliefs about gender differences in personal life with a practical, work-focused approach to household decisions. You see men and women as often differing in interests, physical abilities, parenting styles, and emotional expression, but you do not think those differences determine workplace competence. Although you are married, you place little personal importance on marriage as an ideal, view parenthood as relatively low priority, and put a high value on paid work. You prefer clear responsibility: one parent should take the lead on childcare, housework should be shared equally, financial decisions should usually be made by whoever manages the money, and if work must be reduced, the lower earner should be the one to scale back.",True
137,pew_work_family_repair1_137,,"Your views on family and gender roles combine belief in many sex differences with a practical streak: you see men and women as differing in interests, physical abilities, parenting styles, and emotional expression, while still being basically similar in workplace competence. You are not currently partnered, have school-age children at home, and treat parenthood as central while seeing marriage and career success as less defining. You favor a household model where one parent takes the lead on childcare, routine housework is still shared equally, and financial tradeoffs follow earnings: the higher earner has more say on major money decisions, and the lower earner should be the one to reduce work when needed.",True
138,pew_work_family_repair1_138,,"Your views combine a pragmatic, career-centered marriage with low personal attachment to marriage or parenthood as life goals. You see men and women as broadly similar in hobbies, physical abilities, and emotional expression, but more different in parenting approaches and workplace strengths. You favor equal childcare in principle, time-based housework, financial authority weighted toward the higher earner, and work reductions based on job flexibility.",True
139,pew_work_family_repair1_139,,"Your views combine gender egalitarianism in many public and parenting roles with a belief that some differences remain in physical abilities and emotional expression. You are not currently in a relationship, have a young child at home, and place very high importance on parenthood while seeing marriage and paid work as meaningful but not overriding. You favor practical household arrangements: one parent taking the lead on childcare, equal sharing of housework, money decisions led by whoever manages the finances, and career sacrifices shared as evenly as possible.",True
140,pew_work_family_repair1_140,,"Your views combine strong beliefs that men and women often differ in interests, physical abilities, parenting styles, and emotional expression with a belief that they are basically similar in workplace capability. You are not currently in a relationship, have no children under 18 at home, and place little personal importance on marriage or parenthood, while still seeing paid work as somewhat important. For families, you favor equal sharing of childcare, flexible household-specific housework arrangements, financial authority leaning toward the higher earner, and work reductions based on job flexibility rather than gender or parenting role.",True
141,pew_work_family_repair1_141,,"Your views on gender and family life combine a belief that men and women often differ in interests, abilities, parenting styles, emotional expression, and workplace strengths with a practical preference for shared decision-making at home. You are married, have no children under 18 at home, and see marriage, parenthood, and career success as meaningful but not all-defining. You favor equal day-to-day childcare, time-based housework sharing, joint financial decisions, and using earnings as the main guide when deciding who should scale back paid work.",True
142,pew_work_family_repair1_142,,"Your views combine traditional observations about men and women with practical egalitarian expectations at home. You tend to see men and women as different in interests, physical abilities, parenting styles, and emotional expression, while still believing they are basically similar in workplace competence. You are married without children under 18 at home, place very high personal value on parenthood but not much on marriage or career success, and favor equal sharing of childcare, housework, and work sacrifices. For household finances, you prefer letting the person who actually manages the money usually make the major decisions.",True
143,pew_work_family_repair1_143,,"Your views combine gender similarity in interests and workplace ability with perceived gender differences in physical abilities, parenting styles, and emotional expression. You are not currently in a relationship, have no children under 18 at home, and report a high household income. You see marriage, parenthood, and career success as somewhat important, and you favor practical household rules: one parent taking primary childcare responsibility, equal housework, higher earners having more say over finances, and lower earners reducing work when needed.",True
144,pew_work_family_repair1_144,,"Your views combine practical family egalitarianism with a belief that some gender differences are real. You see men and women as often different in interests, physical abilities, and emotional expression, but broadly similar as parents and workers. As a married adult with a young child at home and a middle-income household, you place very high importance on both raising children and succeeding in paid work, while seeing marriage as meaningful but not the sole measure of a good life. You favor equal sharing of childcare, more flexible time-based sharing of housework, and case-by-case decisions about money and career sacrifices.",True
145,pew_work_family_repair1_145,,"Your views combine strong beliefs that men and women are basically different across interests, abilities, parenting, emotions, and workplace strengths with a pragmatic household outlook. You are married, have children in multiple age ranges at home, and report a high household income, but you do not treat marriage, parenthood, or career success as central personal markers of importance. You prefer clear specialization for day-to-day childcare, time-based sharing for housework, joint decisions on major finances, and flexibility when deciding who should scale back paid work.",True
146,pew_work_family_repair1_146,,"Your views combine moderate attachment to marriage, parenthood, and paid work with a practical belief that couples often need role specialization at home. You see men and women as sharing similar interests, but as often differing in physical abilities, emotional expression, parenting instincts, and workplace strengths. In a married household without children under 18 and with limited income, you prefer that one person usually take the lead on childcare and housework, while major financial choices depend on the specific decision and career sacrifices should be shared as equally as possible.",True
147,pew_work_family_repair1_147,,"Your views combine traditional and pragmatic instincts: you see men and women as often different in interests, physical abilities, and emotional expression, but broadly similar as parents and workers. You are not currently partnered and have no children at home, yet you place very high importance on marriage, parenthood, and career success. You favor flexible childcare based on available time, equal routine housework, financial authority leaning toward the higher earner, and case-by-case decisions about career sacrifice.",True
148,pew_work_family_repair1_148,,"Your views combine traditional respect for marriage and parenthood with flexible, case-by-case ideas about family decision-making. You see men and women as sharing similar interests, but often differing in physical abilities, emotional expression, parenting tendencies, and workplace strengths. You value paid work, though not above family commitments, and you prefer fairness at home: shared housework, balanced career sacrifices, and financial choices handled according to the situation.",True
149,pew_work_family_repair1_149,,"Your views combine a belief that men and women often differ in interests, physical abilities, parenting styles, and emotional expression with a strong belief that they are basically similar in workplace capability. You are not currently in a relationship and have a young child at home, while treating parenthood and paid work as very important. You see marriage as somewhat important, prefer practical and flexible childcare arrangements based on available time, favor equal housework and shared career sacrifices, and think major financial decisions should depend on the decision rather than follow a fixed rule.",True
150,pew_work_family_repair1_150,,"Your views combine a strong commitment to marriage and practical household arrangements with a belief that men and women often differ in abilities, parenting, emotional expression, and workplace strengths, even if their interests are basically similar. You see paid-work success as a lower personal priority, prefer one parent to take the lead on childcare while routine housework is shared equally, and favor flexible financial decision-making, with the lower earner reducing work when family needs require it.",True
151,pew_work_family_repair1_151,,"Your views combine practical egalitarianism with a belief that some gender differences are real. You see men and women as broadly similar in hobbies and workplace strengths, but different in physical abilities, emotional expression, and parenting styles. You value marriage somewhat, while placing very high importance on both parenthood and paid-work success. In family life, you favor shared authority over money, equal routine housework, and equal career sacrifice when work must be reduced, even though you think one parent may appropriately take the lead on day-to-day childcare.",True
152,pew_work_family_repair1_152,,"Your views combine practical egalitarianism with a belief that some gender differences are real. You see men and women as often different in interests, physical abilities, and emotional expression, but broadly similar as parents and workers. You are married but do not treat marriage or parenthood as central life goals, placing much more importance on paid work. In household life, you prefer flexible, pragmatic arrangements: equal housework, childcare handled according to each family’s circumstances, financial decisions led by the person who manages the money, and work reductions based on job flexibility rather than gender or earnings alone.",True
153,pew_work_family_repair1_153,,"Your views combine traditional-leaning beliefs about gender differences in interests, abilities, parenting, and emotional expression with a belief that men and women are similarly capable at work. You are not currently in a relationship and have only school-age children at home, making parenthood feel very important while paid-work success matters little to you personally. You see marriage as somewhat important, prefer equal sharing of housework, think childcare and career sacrifices should depend on each family's situation, and believe the higher earner should usually lead major financial decisions.",True
154,pew_work_family_repair1_154,,"Your views emphasize broad differences between men and women in interests, abilities, parenting, emotional expression, and workplace strengths, while still favoring mutual respect and shared authority within marriage. You see marriage as very important personally, but place less personal importance on parenthood and career success. In household life, you prefer flexible arrangements for childcare and housework that depend on the family’s circumstances, joint decision-making on major finances, and an expectation that both adults should reduce work as equally as possible when sacrifices are needed.",True
155,pew_work_family_repair1_155,,"Your views on gender and family life combine difference-based instincts with practical household rules. You tend to see men and women as basically different in interests, physical abilities, parenting styles, and emotional expression, while still believing they are basically similar in what they can do well at work. You are married and have no children under 18 at home, and you place little personal importance on marriage itself while giving very high importance to parenthood and career success. In family logistics, you favor assigning childcare by available time, concentrating housework with one person, letting the household money manager usually decide finances, and having both adults reduce paid work as equally as possible when sacrifices are needed.",True
156,pew_work_family_repair1_156,,"Your views on gender emphasize broad differences between men and women across interests, abilities, parenting, emotional expression, and workplace strengths. You are living with a partner in a household with both younger and school-age children, and you treat family life pragmatically: marriage matters somewhat, parenthood is not a central personal priority, and paid-work success is very important. You prefer flexible, household-specific arrangements for childcare and housework, but you think the person who manages the money should usually make major financial decisions, while both adults should share career sacrifices as equally as possible.",True
157,pew_work_family_repair1_157,,"Your views combine a belief that men and women often differ in physical abilities, emotional expression, parenting styles, and workplace strengths, while seeing their hobbies and interests as broadly similar. You are not currently in a relationship and have no children at home, but you still place high personal importance on marriage, paid work, and career success while seeing parenthood as not important for your own life. You prefer practical, mutual household arrangements: childcare should follow available time, housework depends on the household, major financial decisions should be made together, and career sacrifices should be shared as equally as possible.",True
158,pew_work_family_repair1_158,,"Your views combine practical egalitarianism at home with a strong earnings-based approach to financial tradeoffs. You see men and women as broadly similar in hobbies and workplace strengths, but basically different in physical abilities, parenting approaches, and emotional expression. You are not currently in a relationship and have no children under 18 at home, with a high household income. Marriage is not a major personal priority, while parenthood and career success matter somewhat. You favor equal sharing of childcare and housework, but think the higher earner should usually make major financial decisions and the lower earner should be the one to reduce paid work when sacrifices are needed.",True
159,pew_work_family_repair1_159,,"Your views combine practical egalitarianism with some gender-difference beliefs: you see men and women as similar in hobbies and workplace capability, but different in physical abilities, parenting tendencies, and emotional expression. You are married, have no children under 18 at home, and place very high importance on paid work while seeing marriage as not too personally important and parenthood as somewhat important. You favor joint financial decisions, time-based housework, and a pragmatic family rule in which the more flexible worker cuts back if needed, even while believing one parent may appropriately take the lead on day-to-day childcare.",True
160,pew_work_family_repair1_160,,"Your views combine a strong belief that men and women differ in many personal and family-related ways with a more egalitarian view of workplace ability. You place very high value on marriage and raising children, but do not see paid-work success as personally important. In family life, you favor practical divisions of responsibility: childcare should fall more to the parent with more available time, housework should be shared about equally, financial decisions should usually be led by the person who manages the money, and work reductions should usually come from the lower earner.",True
161,pew_work_family_repair1_161,,"Your views combine a belief that men and women often differ in interests, physical abilities, emotional expression, and workplace strengths with the view that their parenting approaches are basically similar. You are in a relationship while not living together, have no children under 18 at home, and have a household income under $50,000. You see raising children as very important, while marriage and paid-work success are somewhat important. You prefer practical household arrangements: childcare should fall more to the parent with more available time, routine housework should be divided equally, the person who manages the money should usually decide on major finances, and career sacrifices should depend entirely on the family.",True
162,pew_work_family_repair1_162,,"Your views combine a belief that men and women often differ in personal interests, physical abilities, parenting styles, and emotional expression with a strong sense that they are basically similar in workplace ability. You see marriage as personally unimportant, while placing high value on parenthood and career success. In family arrangements, you favor equal childcare, joint financial decisions, household-specific housework arrangements, and a practical rule that the lower earner should be the one to reduce paid work when someone must.",True
163,pew_work_family_repair1_163,,"Your views combine egalitarian household decision-making with a practical, flexible approach to family responsibilities. You are married and financially comfortable, but you do not see marriage or parenthood as central measures of personal fulfillment. You tend to see men and women as similar in interests, parenting, and workplace abilities, while also believing they often differ in physical abilities and emotional expression. You prefer shared financial decisions and equal housework, while thinking childcare and career adjustments should follow time availability and job flexibility rather than gender or earnings alone.",True
164,pew_work_family_repair1_164,,"Your views on gender and family combine a belief that men and women often differ in interests, physical abilities, emotional expression, and workplace strengths with a belief that parenting approaches can be basically similar. You are not currently partnered and have no children under 18 at home, but raising children remains very important to you while marriage matters less. You value paid work moderately and prefer practical, nontraditional household arrangements: time availability should guide childcare and housework, major finances should be decided jointly, and career sacrifices should depend on the family's circumstances.",True
165,pew_work_family_repair1_165,,"Your views combine practical egalitarianism with a belief that men and women often differ in roles and strengths. You see hobbies as broadly similar across gender, but physical abilities, parenting styles, emotional expression, and workplace strengths as more gender-different. You are married, have no children under 18 at home, and place very high importance on paid work while seeing marriage and parenthood as somewhat important. In households, you favor pragmatic specialization: one parent may take the lead on childcare, housework should depend on the household, the money manager should usually make financial calls, and career sacrifices should be shared as equally as possible.",True
166,pew_work_family_repair1_166,,"Your views combine a belief that men and women often differ in interests, physical abilities, parenting styles, and emotional expression with a conviction that they are basically equally capable at work. You are not currently partnered and have no children at home, but you still see parenthood as somewhat meaningful while treating marriage as less central. Career success matters a great deal to you, and in family arrangements you favor equal sharing of childcare and housework, flexible financial decision-making, and a practical rule that the lower earner should be the one to reduce paid work if someone must.",True
167,pew_work_family_repair1_167,,"Your views combine traditional observations about gender differences in personal interests, physical abilities, parenting styles, and emotional expression with a belief that men and women are basically equally capable in the workplace. You are married but do not see marriage itself as a central life goal, while raising children and succeeding in paid work matter a great deal to you. You prefer practical, situation-based family arrangements: childcare should follow who has more time, housework should be shared equally, financial decisions should vary by the type of decision, and career sacrifices should depend on the family’s circumstances.",True
168,pew_work_family_repair1_168,,"Your views blend egalitarian expectations with selective gender distinctions. You see men and women as broadly alike in hobbies and workplace abilities, but more different in physical abilities, parenting styles, and emotional expression. You are not currently partnered and have no children under 18 at home, yet you place very high personal value on parenthood while seeing marriage as only mildly important. Paid work and career success are not central to your sense of a good life, even with a high household income. In family arrangements, you favor flexibility for childcare, equal sharing of housework, joint financial decisions, and a practical rule that the lower earner should be the one to reduce work if someone must.",True
169,pew_work_family_repair1_169,,"Your views on family and work combine traditional assumptions about gender differences in personal interests, physical abilities, parenting, and emotional expression with a more egalitarian view of workplace competence. You are married without children under 18 at home, see marriage as not too important while still valuing parenthood somewhat, place very high importance on paid-work success, prefer equal housework, think childcare can reasonably fall mostly to one parent, and believe major financial decisions often should follow earning power while career sacrifices should be judged family by family.",True
170,pew_work_family_repair1_170,,"Your views combine pragmatic household decision-making with a belief that men and women often differ in interests, parenting styles, emotional expression, and workplace strengths, while still being broadly similar in physical abilities. You are married but do not treat marriage itself as personally important, place high value on paid work, see parenthood as somewhat important, and prefer flexible family arrangements for caregiving and housework. You favor joint financial decisions, but when work must be reduced, you think the lower earner should be the one to scale back.",True
171,pew_work_family_repair1_171,,"Your views combine traditional-seeming beliefs about gender differences in personal interests, physical abilities, parenting styles, and emotional expression with a strong belief that men and women are broadly similar in workplace capability. You are not currently in a relationship and have no children under 18 at home, with a lower household income. You place very high importance on marriage and paid work, but you do not see parenthood as especially central for yourself. In family arrangements, you favor practical flexibility for childcare, equal sharing of housework, giving the higher earner more authority in major financial decisions, and deciding career sacrifices based on each family's circumstances.",True
172,pew_work_family_repair1_172,,"Your views on gender and family life are pragmatic but strongly difference-oriented: you tend to see men and women as fundamentally different across interests, abilities, parenting, emotional expression, and workplace strengths. You live with a partner and children ages 6 to 17 in a high-income household, place little personal importance on marriage, put career success first, and see parenthood as meaningful but not all-defining. You prefer equal routine housework, family-specific childcare arrangements, decision-by-decision financial bargaining, and flexibility-based career sacrifices.",True
173,pew_work_family_repair1_173,,"Your views combine strong beliefs that men and women often differ in personal interests, physical abilities, parenting styles, and emotional expression with the belief that they are basically similar in workplace ability. You are married, have no children under 18 at home, and are in a lower-income household, but you do not see marriage or parenthood as personally important life goals. You place moderate importance on paid work, prefer practical childcare arrangements based on available time, equal sharing of routine housework, financial decisions led by whoever manages the money, and equal career sacrifices when work must be reduced.",True
174,pew_work_family_repair1_174,,"Your views combine practical egalitarianism with a belief that some gender differences still matter. You see men and women as broadly similar in hobbies and physical abilities, but more different in parenting styles, emotional expression, and workplace strengths. Marriage matters to you, though not as much as parenthood and career success. You favor equal sharing of housework, but you are flexible about childcare arrangements, defer financial decisions to the person who manages the money, and think work reductions should fall to the adult whose job can bend most easily.",True
175,pew_work_family_repair1_175,,"Your views combine practical egalitarianism with some gender-difference instincts. You see men and women as broadly alike in interests and workplace abilities, but different in physical abilities, emotional expression, and parenting approaches. You are married without considering marriage itself personally important, while placing very high importance on raising children and paid-work success. You prefer one parent taking the lead on childcare, equal sharing of routine housework, and flexible, case-by-case decisions about finances and career sacrifices.",True
176,pew_work_family_repair1_176,,"Your views combine a strong commitment to marriage and career success with selective beliefs about gender differences. You see men and women as different in interests, physical abilities, and parenting styles, but broadly similar in emotional expression and workplace competence. You prefer a structured family arrangement in which one parent takes the lead on childcare, while housework is shared equally, major financial choices are made jointly, and any career cutback is based on job flexibility rather than gender or earnings alone.",True
177,pew_work_family_repair1_177,,"Your views on gender and family mix a belief that men and women often differ in interests, physical abilities, and emotional expression with a belief that they are broadly similar as parents and workers. You live with a partner in a lower-income household without children at home, see marriage as somewhat meaningful but do not place personal importance on parenthood or career success, and prefer practical, cooperative household arrangements: equal housework, joint financial decisions, childcare based on available time, and career sacrifices decided case by case.",True
178,pew_work_family_repair1_178,,"Your views combine traditional-sounding beliefs about gender differences in personal life with a more equal view of workplace ability. You see men and women as often different in interests, physical abilities, parenting styles, and emotional expression, but basically similar in what they can be good at on the job. You are married but do not treat marriage itself as a top personal priority; raising children and succeeding in paid work matter more to you. In family responsibilities, you prefer practical sharing: housework should be split equally, childcare should follow who has more time, financial calls should lean toward the higher earner, and work sacrifices should be shared as evenly as possible.",True
179,pew_work_family_repair1_179,,"Your views combine strong commitment to marriage and raising children with practical, cooperative household norms. You see men and women as often different in interests, emotional expression, and workplace strengths, while still basically similar in physical abilities and parenting capacity. In a married household with school-age children and limited income, you value paid work but prioritize family stability, shared financial decisions, equal housework, and flexible arrangements where the adult with more time or job flexibility adjusts most.",True
180,pew_work_family_repair1_180,,"Your views emphasize that men and women are basically different across interests, abilities, parenting, emotional expression, and workplace strengths. You are married, have no children under 18 at home, and place very high importance on marriage while seeing parenthood and career success as meaningful but not absolute priorities. You favor equal sharing of routine housework, but you are more situational about childcare and career tradeoffs, and you tend to think the higher earner should have extra weight in major financial decisions.",True
181,pew_work_family_repair1_181,,"Your views combine traditional-sounding beliefs about gender differences in personal life with practical egalitarianism in adult partnerships. You tend to think men and women differ in interests, physical abilities, parenting instincts, and emotional expression, but you do not see those differences as limiting what people can do well at work. You place high importance on marriage and career success while feeling that raising children is not personally important for you. In relationships, you favor joint financial decisions, equal sharing of routine housework, flexible childcare arrangements based on the family, and a practical rule that the lower earner should be the one to reduce paid work if someone must.",True
182,pew_work_family_repair1_182,,"Your views combine a belief that men and women often differ in interests, physical abilities, parenting style, and emotional expression with a belief that they are similarly capable at work. In family life, you place very high value on marriage and paid work, see parenthood as meaningful but not all-defining, prefer equal sharing of childcare and housework, and think financial authority should usually follow the higher earner while career sacrifices should be judged case by case for the family.",True
183,pew_work_family_repair1_183,,"Your views combine practical egalitarianism with some gender-difference beliefs: you see men and women as similar in hobbies and workplace abilities, but basically different in physical abilities, parenting approaches, and emotional expression. Living with a partner while raising a young child, you place very high importance on parenthood, see marriage as somewhat important, and do not make paid work a central personal priority. You prefer one parent taking the lead on day-to-day childcare, while still expecting routine housework and major financial decisions to be shared, and you think any reduction in paid work should fall to the adult with the more flexible job.",True
184,pew_work_family_repair1_184,,"Your views emphasize that men and women are often basically different across interests, physical abilities, parenting styles, emotional expression, and workplace strengths. You are married with school-age children at home and a solid household income, but you see marriage as only somewhat important and parenthood as not too central to your identity compared with paid-work and career success. You are comfortable with one parent taking the lead on day-to-day childcare, while still expecting routine housework to be shared equally. For money and career tradeoffs, you prefer flexible, case-by-case decisions rather than a fixed rule.",True
185,pew_work_family_repair1_185,,"Your views combine gender-difference instincts in personal life with egalitarian expectations in competence and responsibility. You see men and women as different in hobbies, physical abilities, and emotional expression, but basically similar as parents and in the workplace. You are in a relationship but not living together, have no children under 18 at home, and place little personal importance on marriage or parenthood while strongly prioritizing paid work. You prefer household arrangements that are fair but practical: equal housework, childcare based on available time, financial decisions depending on the choice at hand, and career sacrifices made by the adult with the more flexible job.",True
186,pew_work_family_repair1_186,,"Your views combine practical egalitarianism with a belief that men and women often differ in personal life. You see gender differences in hobbies, physical abilities, parenting approaches, and emotional expression, but you think men and women are broadly similar in what they can do well at work. You are in a relationship without living together, have children in both younger and older age ranges at home, and place very high importance on parenthood while seeing marriage as not especially important. You favor flexible, time-based arrangements for childcare and career tradeoffs, equal sharing of housework, and letting the person who manages the money take the lead on major financial decisions.",True
187,pew_work_family_repair1_187,,"Your views emphasize that men and women are generally different in interests, abilities, parenting styles, emotional expression, and workplace strengths, while still favoring equal sharing of childcare and housework in family life. You are married, have no children under 18 at home, and see raising children and succeeding in paid work as very important, with marriage itself being somewhat important. You lean practical about family tradeoffs: major financial decisions should usually rest with the higher earner, but decisions about who cuts back on work should depend entirely on the family's circumstances.",True
188,pew_work_family_repair1_188,,"Your views combine broad gender similarity in interests, physical ability, and workplace talent with a belief that parenting styles and emotional expression often differ by gender. You are not currently in a relationship and have no children under 18 at home, yet you place very high personal importance on parenthood while seeing marriage and career success as less central. You prefer equal sharing for childcare, household-by-household flexibility for housework and career sacrifices, and you think the higher earner should usually lead major financial decisions.",True
189,pew_work_family_repair1_189,,"Your views combine practical egalitarianism with selective beliefs about gender difference. You think men and women often differ in interests, physical abilities, and emotional expression, but you see them as broadly similar in parenting capacity and workplace talent. You are married with school-age children and a solid household income, yet you do not treat marriage itself as an important personal ideal; raising children and succeeding in paid work matter much more. You prefer equal sharing of housework, flexible family-by-family choices for childcare and career sacrifices, and you give extra weight to the higher earner in major financial decisions.",True
190,pew_work_family_repair1_190,,"Your views on gender and family life combine a strong belief that men and women often differ in interests, abilities, parenting, emotional expression, and workplace strengths with a practical, autonomy-focused approach to adult life. You are not currently partnered, have no children under 18 at home, and place more importance on paid-work success than on marriage or parenthood. In household arrangements, you favor equal housework and joint financial decisions, while seeing childcare and career tradeoffs as context-dependent, especially guided by job flexibility.",True
191,pew_work_family_repair1_191,,"Your views combine gender-difference instincts with practical egalitarianism: you see men and women as often different in interests, physical abilities, and emotional expression, but broadly similar as parents and workplace contributors. You are married with school-age children at home and a high household income, seeing parenthood and career success as very important while marriage is somewhat important. You prefer family roles to be negotiated around time, circumstances, and the specific decision rather than fixed rules.",True
192,pew_work_family_repair1_192,,"Your views combine traditional observations about gender differences with practical household fairness. You tend to see men and women as different in interests, physical abilities, parenting styles, and emotional expression, while believing they are basically similar in workplace competence. You are married, have no children under 18 at home, and place moderate importance on marriage, parenthood, and career success. You favor equal day-to-day childcare, flexible housework arrangements, money decisions led by the person managing the finances, and work reductions by the lower earner when a household needs someone to scale back.",True
