job_id,support_id,status,code,message,item,raw_sum,min_probability,max_probability
teen_social_life_support_001,1,ok,,,social_media_hours,0.9999999999999999,0.1,0.58
teen_social_life_support_001,1,ok,,,posting_frequency,1.0,0.1,0.34
teen_social_life_support_001,1,ok,,,late_night_use,0.9999999999999999,0.08,0.4
teen_social_life_support_001,1,ok,,,sleep_interference,1.0,0.05,0.43
teen_social_life_support_001,1,ok,,,social_comparison,1.0,0.1,0.4
teen_social_life_support_001,1,ok,,,connection_effect,1.0,0.12,0.5
teen_social_life_support_001,1,ok,,,parental_rules,1.0,0.1,0.42
teen_social_life_support_001,1,ok,,,primary_platform,1.0,0.07,0.28
teen_social_life_support_001,1,ok,,,school_effort,1.0,0.02,0.58
teen_social_life_support_001,1,ok,,,academic_confidence,1.0,0.03,0.45
teen_social_life_support_001,1,ok,,,homework_distraction,1.0,0.05,0.4
teen_social_life_support_001,1,ok,,,organized_activity,1.0,0.14,0.41
teen_social_life_support_001,1,ok,,,career_clarity,1.0,0.14,0.34
teen_social_life_support_001,1,ok,,,future_optimism,1.0,0.04,0.48
teen_social_life_support_001,1,ok,,,peer_belonging,1.0,0.04,0.45
teen_social_life_support_002,2,ok,,,social_media_hours,1.0,0.06,0.88
teen_social_life_support_002,2,ok,,,posting_frequency,1.0,0.12,0.4
teen_social_life_support_002,2,ok,,,late_night_use,1.0,0.12,0.38
teen_social_life_support_002,2,ok,,,sleep_interference,0.9999999999999999,0.1,0.42
teen_social_life_support_002,2,ok,,,social_comparison,1.0,0.12,0.38
teen_social_life_support_002,2,ok,,,connection_effect,1.0,0.1,0.52
teen_social_life_support_002,2,ok,,,parental_rules,1.0,0.1,0.42
teen_social_life_support_002,2,ok,,,primary_platform,1.0,0.02,0.28
teen_social_life_support_002,2,ok,,,school_effort,1.0,0.02,0.58
teen_social_life_support_002,2,ok,,,academic_confidence,1.0,0.03,0.45
teen_social_life_support_002,2,ok,,,homework_distraction,1.0000000000000002,0.1,0.4
teen_social_life_support_002,2,ok,,,organized_activity,1.0,0.14,0.38
teen_social_life_support_002,2,ok,,,career_clarity,1.0,0.14,0.36
teen_social_life_support_002,2,ok,,,future_optimism,1.0,0.04,0.46
teen_social_life_support_002,2,ok,,,peer_belonging,1.0,0.03,0.5
teen_social_life_support_003,3,ok,,,social_media_hours,1.0,0.05,0.65
teen_social_life_support_003,3,ok,,,posting_frequency,1.0,0.08,0.45
teen_social_life_support_003,3,ok,,,late_night_use,1.0,0.04,0.43
teen_social_life_support_003,3,ok,,,sleep_interference,1.0,0.08,0.47
teen_social_life_support_003,3,ok,,,social_comparison,1.0,0.07,0.48
teen_social_life_support_003,3,ok,,,connection_effect,1.0,0.12,0.55
teen_social_life_support_003,3,ok,,,parental_rules,0.9999999999999999,0.08,0.42
teen_social_life_support_003,3,ok,,,primary_platform,1.0,0.01,0.36
teen_social_life_support_003,3,ok,,,school_effort,1.0,0.02,0.53
teen_social_life_support_003,3,ok,,,academic_confidence,1.0,0.03,0.48
teen_social_life_support_003,3,ok,,,homework_distraction,1.0,0.06,0.5
teen_social_life_support_003,3,ok,,,organized_activity,1.0,0.15,0.38
teen_social_life_support_003,3,ok,,,career_clarity,1.0,0.13,0.38
teen_social_life_support_003,3,ok,,,future_optimism,1.0,0.04,0.5
teen_social_life_support_003,3,ok,,,peer_belonging,1.0,0.04,0.41
teen_social_life_support_004,4,ok,,,social_media_hours,1.0,0.16,0.52
teen_social_life_support_004,4,ok,,,posting_frequency,1.0,0.02,0.84
teen_social_life_support_004,4,ok,,,late_night_use,1.0,0.11,0.38
teen_social_life_support_004,4,ok,,,sleep_interference,0.9999999999999999,0.08,0.37
teen_social_life_support_004,4,ok,,,social_comparison,0.9999999999999999,0.11,0.38
teen_social_life_support_004,4,ok,,,connection_effect,1.0,0.14,0.58
teen_social_life_support_004,4,ok,,,parental_rules,1.0,0.11,0.4
teen_social_life_support_004,4,ok,,,primary_platform,1.0,0.08,0.34
teen_social_life_support_004,4,ok,,,school_effort,1.0,0.01,0.65
teen_social_life_support_004,4,ok,,,academic_confidence,1.0,0.03,0.44
teen_social_life_support_004,4,ok,,,homework_distraction,1.0,0.07,0.38
teen_social_life_support_004,4,ok,,,organized_activity,1.0,0.16,0.37
teen_social_life_support_004,4,ok,,,career_clarity,1.0,0.14,0.36
teen_social_life_support_004,4,ok,,,future_optimism,1.0,0.04,0.47
teen_social_life_support_004,4,ok,,,peer_belonging,1.0,0.04,0.43
teen_social_life_support_005,5,ok,,,social_media_hours,1.0,0.17,0.55
teen_social_life_support_005,5,ok,,,posting_frequency,1.0,0.06,0.52
teen_social_life_support_005,5,ok,,,late_night_use,1.0,0.13,0.36
teen_social_life_support_005,5,ok,,,sleep_interference,1.0,0.09,0.4
teen_social_life_support_005,5,ok,,,social_comparison,1.0,0.12,0.38
teen_social_life_support_005,5,ok,,,connection_effect,1.0,0.13,0.45
teen_social_life_support_005,5,ok,,,parental_rules,1.0,0.15,0.35
teen_social_life_support_005,5,ok,,,primary_platform,0.9999999999999999,0.03,0.24
teen_social_life_support_005,5,ok,,,school_effort,1.0,0.02,0.57
teen_social_life_support_005,5,ok,,,academic_confidence,1.0,0.03,0.44
teen_social_life_support_005,5,ok,,,homework_distraction,1.0,0.1,0.39
teen_social_life_support_005,5,ok,,,organized_activity,1.0,0.14,0.42
teen_social_life_support_005,5,ok,,,career_clarity,1.0,0.14,0.36
teen_social_life_support_005,5,ok,,,future_optimism,1.0,0.04,0.49
teen_social_life_support_005,5,ok,,,peer_belonging,1.0,0.05,0.42
teen_social_life_support_006,6,ok,,,social_media_hours,1.0,0.08,0.58
teen_social_life_support_006,6,ok,,,posting_frequency,1.0,0.02,0.78
teen_social_life_support_006,6,ok,,,late_night_use,1.0,0.06,0.46
teen_social_life_support_006,6,ok,,,sleep_interference,1.0,0.12,0.38
teen_social_life_support_006,6,ok,,,social_comparison,1.0,0.08,0.48
teen_social_life_support_006,6,ok,,,connection_effect,1.0,0.08,0.65
teen_social_life_support_006,6,ok,,,parental_rules,1.0,0.1,0.43
teen_social_life_support_006,6,ok,,,primary_platform,1.0,0.01,0.32
teen_social_life_support_006,6,ok,,,school_effort,1.0,0.02,0.54
teen_social_life_support_006,6,ok,,,academic_confidence,1.0,0.03,0.46
teen_social_life_support_006,6,ok,,,homework_distraction,1.0,0.1,0.44
teen_social_life_support_006,6,ok,,,organized_activity,1.0,0.15,0.41
teen_social_life_support_006,6,ok,,,career_clarity,1.0,0.14,0.36
teen_social_life_support_006,6,ok,,,future_optimism,1.0,0.03,0.48
teen_social_life_support_006,6,ok,,,peer_belonging,1.0,0.03,0.49
teen_social_life_support_007,7,ok,,,social_media_hours,1.0,0.08,0.56
teen_social_life_support_007,7,ok,,,posting_frequency,1.0,0.03,0.55
teen_social_life_support_007,7,ok,,,late_night_use,1.0,0.05,0.42
teen_social_life_support_007,7,ok,,,sleep_interference,1.0,0.1,0.39
teen_social_life_support_007,7,ok,,,social_comparison,1.0,0.11,0.39
teen_social_life_support_007,7,ok,,,connection_effect,1.0,0.08,0.67
teen_social_life_support_007,7,ok,,,parental_rules,0.9999999999999999,0.09,0.44
teen_social_life_support_007,7,ok,,,primary_platform,1.0,0.01,0.3
teen_social_life_support_007,7,ok,,,school_effort,1.0,0.02,0.58
teen_social_life_support_007,7,ok,,,academic_confidence,1.0,0.03,0.5
teen_social_life_support_007,7,ok,,,homework_distraction,1.0,0.07,0.45
teen_social_life_support_007,7,ok,,,organized_activity,1.0,0.17,0.37
teen_social_life_support_007,7,ok,,,career_clarity,1.0000000000000002,0.11,0.39
teen_social_life_support_007,7,ok,,,future_optimism,1.0,0.04,0.53
teen_social_life_support_007,7,ok,,,peer_belonging,1.0,0.04,0.47
teen_social_life_support_008,8,ok,,,social_media_hours,1.0,0.1,0.55
teen_social_life_support_008,8,ok,,,posting_frequency,1.0,0.15,0.3
teen_social_life_support_008,8,ok,,,late_night_use,1.0,0.02,0.86
teen_social_life_support_008,8,ok,,,sleep_interference,1.0,0.03,0.7
teen_social_life_support_008,8,ok,,,social_comparison,0.9999999999999999,0.1,0.35
teen_social_life_support_008,8,ok,,,connection_effect,1.0,0.1,0.45
teen_social_life_support_008,8,ok,,,parental_rules,1.0,0.05,0.45
teen_social_life_support_008,8,ok,,,primary_platform,1.0,0.1,0.3
teen_social_life_support_008,8,ok,,,school_effort,1.0,0.01,0.7
teen_social_life_support_008,8,ok,,,academic_confidence,1.0,0.02,0.55
teen_social_life_support_008,8,ok,,,homework_distraction,1.0,0.03,0.62
teen_social_life_support_008,8,ok,,,organized_activity,1.0,0.15,0.45
teen_social_life_support_008,8,ok,,,career_clarity,1.0,0.15,0.35
teen_social_life_support_008,8,ok,,,future_optimism,1.0,0.03,0.45
teen_social_life_support_008,8,ok,,,peer_belonging,1.0,0.03,0.52
teen_social_life_support_009,9,ok,,,social_media_hours,1.0,0.2,0.55
teen_social_life_support_009,9,ok,,,posting_frequency,1.0,0.13,0.34
teen_social_life_support_009,9,ok,,,late_night_use,1.0,0.08,0.46
teen_social_life_support_009,9,ok,,,sleep_interference,0.9999999999999999,0.08,0.42
teen_social_life_support_009,9,ok,,,social_comparison,1.0,0.12,0.38
teen_social_life_support_009,9,ok,,,connection_effect,1.0,0.1,0.52
teen_social_life_support_009,9,ok,,,parental_rules,1.0,0.08,0.45
teen_social_life_support_009,9,ok,,,primary_platform,1.0,0.02,0.24
teen_social_life_support_009,9,ok,,,school_effort,1.0,0.02,0.56
teen_social_life_support_009,9,ok,,,academic_confidence,1.0,0.03,0.49
teen_social_life_support_009,9,ok,,,homework_distraction,1.0,0.09,0.39
teen_social_life_support_009,9,ok,,,organized_activity,1.0,0.16,0.38
teen_social_life_support_009,9,ok,,,career_clarity,1.0,0.12,0.36
teen_social_life_support_009,9,ok,,,future_optimism,1.0,0.04,0.52
teen_social_life_support_009,9,ok,,,peer_belonging,1.0,0.04,0.43
teen_social_life_support_010,10,ok,,,social_media_hours,1.0,0.07,0.55
teen_social_life_support_010,10,ok,,,posting_frequency,1.0,0.18,0.37
teen_social_life_support_010,10,ok,,,late_night_use,1.0,0.02,0.78
teen_social_life_support_010,10,ok,,,sleep_interference,1.0,0.06,0.52
teen_social_life_support_010,10,ok,,,social_comparison,1.0,0.08,0.43
teen_social_life_support_010,10,ok,,,connection_effect,1.0,0.08,0.6
teen_social_life_support_010,10,ok,,,parental_rules,1.0,0.12,0.4
teen_social_life_support_010,10,ok,,,primary_platform,1.0,0.02,0.32
teen_social_life_support_010,10,ok,,,school_effort,1.0,0.02,0.6
teen_social_life_support_010,10,ok,,,academic_confidence,1.0,0.03,0.5
teen_social_life_support_010,10,ok,,,homework_distraction,1.0,0.07,0.49
teen_social_life_support_010,10,ok,,,organized_activity,1.0,0.15,0.39
teen_social_life_support_010,10,ok,,,career_clarity,1.0,0.15,0.36
teen_social_life_support_010,10,ok,,,future_optimism,1.0,0.04,0.51
teen_social_life_support_010,10,ok,,,peer_belonging,1.0,0.03,0.46
teen_social_life_support_011,11,ok,,,social_media_hours,1.0,0.04,0.48
teen_social_life_support_011,11,ok,,,posting_frequency,1.0,0.1,0.4
teen_social_life_support_011,11,ok,,,late_night_use,1.0,0.03,0.52
teen_social_life_support_011,11,ok,,,sleep_interference,1.0,0.05,0.45
teen_social_life_support_011,11,ok,,,social_comparison,1.0,0.08,0.45
teen_social_life_support_011,11,ok,,,connection_effect,1.0,0.1,0.6
teen_social_life_support_011,11,ok,,,parental_rules,1.0000000000000002,0.1,0.4
teen_social_life_support_011,11,ok,,,primary_platform,1.0,0.01,0.32
teen_social_life_support_011,11,ok,,,school_effort,1.0,0.02,0.56
teen_social_life_support_011,11,ok,,,academic_confidence,1.0,0.04,0.52
teen_social_life_support_011,11,ok,,,homework_distraction,1.0,0.06,0.46
teen_social_life_support_011,11,ok,,,organized_activity,1.0,0.17,0.4
teen_social_life_support_011,11,ok,,,career_clarity,1.0,0.14,0.38
teen_social_life_support_011,11,ok,,,future_optimism,1.0,0.04,0.52
teen_social_life_support_011,11,ok,,,peer_belonging,1.0,0.04,0.48
teen_social_life_support_012,12,ok,,,social_media_hours,0.9999999999999999,0.09,0.48
teen_social_life_support_012,12,ok,,,posting_frequency,0.9999999999999999,0.08,0.38
teen_social_life_support_012,12,ok,,,late_night_use,1.0,0.03,0.55
teen_social_life_support_012,12,ok,,,sleep_interference,1.0,0.01,0.86
teen_social_life_support_012,12,ok,,,social_comparison,1.0,0.04,0.45
teen_social_life_support_012,12,ok,,,connection_effect,1.0,0.08,0.55
teen_social_life_support_012,12,ok,,,parental_rules,1.0,0.08,0.45
teen_social_life_support_012,12,ok,,,primary_platform,1.0,0.07,0.24
teen_social_life_support_012,12,ok,,,school_effort,1.0,0.01,0.68
teen_social_life_support_012,12,ok,,,academic_confidence,1.0,0.02,0.5
teen_social_life_support_012,12,ok,,,homework_distraction,1.0,0.02,0.62
teen_social_life_support_012,12,ok,,,organized_activity,1.0,0.12,0.5
teen_social_life_support_012,12,ok,,,career_clarity,1.0,0.16,0.34
teen_social_life_support_012,12,ok,,,future_optimism,1.0,0.03,0.45
teen_social_life_support_012,12,ok,,,peer_belonging,1.0,0.04,0.48
teen_social_life_support_013,13,ok,,,social_media_hours,1.0,0.2,0.58
teen_social_life_support_013,13,ok,,,posting_frequency,1.0,0.15,0.32
teen_social_life_support_013,13,ok,,,late_night_use,0.9999999999999999,0.08,0.44
teen_social_life_support_013,13,ok,,,sleep_interference,1.0,0.06,0.52
teen_social_life_support_013,13,ok,,,social_comparison,1.0,0.12,0.38
teen_social_life_support_013,13,ok,,,connection_effect,1.0,0.13,0.48
teen_social_life_support_013,13,ok,,,parental_rules,1.0,0.13,0.38
teen_social_life_support_013,13,ok,,,primary_platform,1.0,0.02,0.26
teen_social_life_support_013,13,ok,,,school_effort,1.0,0.02,0.56
teen_social_life_support_013,13,ok,,,academic_confidence,1.0,0.03,0.43
teen_social_life_support_013,13,ok,,,homework_distraction,1.0000000000000002,0.1,0.4
teen_social_life_support_013,13,ok,,,organized_activity,1.0,0.17,0.38
teen_social_life_support_013,13,ok,,,career_clarity,1.0,0.15,0.35
teen_social_life_support_013,13,ok,,,future_optimism,1.0,0.04,0.44
teen_social_life_support_013,13,ok,,,peer_belonging,1.0,0.03,0.47
teen_social_life_support_014,14,ok,,,social_media_hours,1.0,0.05,0.48
teen_social_life_support_014,14,ok,,,posting_frequency,1.0,0.12,0.4
teen_social_life_support_014,14,ok,,,late_night_use,1.0,0.03,0.55
teen_social_life_support_014,14,ok,,,sleep_interference,1.0,0.02,0.72
teen_social_life_support_014,14,ok,,,social_comparison,1.0,0.07,0.49
teen_social_life_support_014,14,ok,,,connection_effect,1.0,0.08,0.65
teen_social_life_support_014,14,ok,,,parental_rules,1.0,0.13,0.37
teen_social_life_support_014,14,ok,,,primary_platform,1.0,0.01,0.34
teen_social_life_support_014,14,ok,,,school_effort,1.0,0.02,0.6
teen_social_life_support_014,14,ok,,,academic_confidence,1.0,0.03,0.48
teen_social_life_support_014,14,ok,,,homework_distraction,1.0,0.04,0.56
teen_social_life_support_014,14,ok,,,organized_activity,1.0,0.15,0.4
teen_social_life_support_014,14,ok,,,career_clarity,1.0,0.14,0.35
teen_social_life_support_014,14,ok,,,future_optimism,1.0,0.04,0.49
teen_social_life_support_014,14,ok,,,peer_belonging,1.0,0.03,0.49
teen_social_life_support_015,15,ok,,,social_media_hours,1.0,0.03,0.65
teen_social_life_support_015,15,ok,,,posting_frequency,1.0,0.1,0.4
teen_social_life_support_015,15,ok,,,late_night_use,1.0,0.02,0.6
teen_social_life_support_015,15,ok,,,sleep_interference,1.0,0.02,0.55
teen_social_life_support_015,15,ok,,,social_comparison,1.0,0.08,0.45
teen_social_life_support_015,15,ok,,,connection_effect,1.0,0.1,0.63
teen_social_life_support_015,15,ok,,,parental_rules,1.0000000000000002,0.11,0.4
teen_social_life_support_015,15,ok,,,primary_platform,1.0,0.01,0.36
teen_social_life_support_015,15,ok,,,school_effort,1.0,0.02,0.62
teen_social_life_support_015,15,ok,,,academic_confidence,1.0,0.04,0.48
teen_social_life_support_015,15,ok,,,homework_distraction,1.0,0.04,0.48
teen_social_life_support_015,15,ok,,,organized_activity,1.0,0.17,0.36
teen_social_life_support_015,15,ok,,,career_clarity,1.0,0.14,0.38
teen_social_life_support_015,15,ok,,,future_optimism,1.0,0.05,0.47
teen_social_life_support_015,15,ok,,,peer_belonging,1.0,0.04,0.44
teen_social_life_support_016,16,ok,,,social_media_hours,1.0,0.2,0.55
teen_social_life_support_016,16,ok,,,posting_frequency,0.9999999999999999,0.1,0.4
teen_social_life_support_016,16,ok,,,late_night_use,0.9999999999999999,0.1,0.35
teen_social_life_support_016,16,ok,,,sleep_interference,1.0,0.07,0.45
teen_social_life_support_016,16,ok,,,social_comparison,1.0,0.01,0.88
teen_social_life_support_016,16,ok,,,connection_effect,1.0,0.08,0.54
teen_social_life_support_016,16,ok,,,parental_rules,1.0,0.1,0.4
teen_social_life_support_016,16,ok,,,primary_platform,1.0,0.05,0.27
teen_social_life_support_016,16,ok,,,school_effort,1.0,0.01,0.64
teen_social_life_support_016,16,ok,,,academic_confidence,1.0,0.02,0.52
teen_social_life_support_016,16,ok,,,homework_distraction,0.9999999999999999,0.08,0.36
teen_social_life_support_016,16,ok,,,organized_activity,1.0,0.12,0.49
teen_social_life_support_016,16,ok,,,career_clarity,1.0,0.1,0.43
teen_social_life_support_016,16,ok,,,future_optimism,1.0,0.02,0.5
teen_social_life_support_016,16,ok,,,peer_belonging,1.0,0.03,0.52
teen_social_life_support_017,17,ok,,,social_media_hours,1.0,0.18,0.58
teen_social_life_support_017,17,ok,,,posting_frequency,1.0,0.15,0.32
teen_social_life_support_017,17,ok,,,late_night_use,1.0,0.17,0.34
teen_social_life_support_017,17,ok,,,sleep_interference,1.0,0.1,0.38
teen_social_life_support_017,17,ok,,,social_comparison,1.0,0.07,0.45
teen_social_life_support_017,17,ok,,,connection_effect,1.0,0.1,0.54
teen_social_life_support_017,17,ok,,,parental_rules,1.0,0.1,0.4
teen_social_life_support_017,17,ok,,,primary_platform,1.0,0.02,0.27
teen_social_life_support_017,17,ok,,,school_effort,1.0,0.02,0.59
teen_social_life_support_017,17,ok,,,academic_confidence,1.0,0.03,0.45
teen_social_life_support_017,17,ok,,,homework_distraction,0.9999999999999999,0.12,0.36
teen_social_life_support_017,17,ok,,,organized_activity,1.0,0.16,0.39
teen_social_life_support_017,17,ok,,,career_clarity,1.0,0.16,0.34
teen_social_life_support_017,17,ok,,,future_optimism,1.0,0.03,0.48
teen_social_life_support_017,17,ok,,,peer_belonging,1.0,0.03,0.53
teen_social_life_support_018,18,ok,,,social_media_hours,1.0,0.08,0.54
teen_social_life_support_018,18,ok,,,posting_frequency,1.0,0.12,0.43
teen_social_life_support_018,18,ok,,,late_night_use,1.0,0.06,0.5
teen_social_life_support_018,18,ok,,,sleep_interference,1.0,0.1,0.43
teen_social_life_support_018,18,ok,,,social_comparison,1.0,0.01,0.78
teen_social_life_support_018,18,ok,,,connection_effect,1.0,0.1,0.58
teen_social_life_support_018,18,ok,,,parental_rules,1.0,0.12,0.42
teen_social_life_support_018,18,ok,,,primary_platform,1.0000000000000002,0.01,0.34
teen_social_life_support_018,18,ok,,,school_effort,1.0,0.02,0.62
teen_social_life_support_018,18,ok,,,academic_confidence,1.0,0.03,0.49
teen_social_life_support_018,18,ok,,,homework_distraction,1.0,0.08,0.45
teen_social_life_support_018,18,ok,,,organized_activity,1.0,0.16,0.38
teen_social_life_support_018,18,ok,,,career_clarity,1.0,0.12,0.37
teen_social_life_support_018,18,ok,,,future_optimism,1.0,0.03,0.52
teen_social_life_support_018,18,ok,,,peer_belonging,1.0,0.03,0.45
teen_social_life_support_019,19,ok,,,social_media_hours,1.0,0.08,0.47
teen_social_life_support_019,19,ok,,,posting_frequency,1.0,0.15,0.38
teen_social_life_support_019,19,ok,,,late_night_use,1.0,0.07,0.38
teen_social_life_support_019,19,ok,,,sleep_interference,1.0,0.1,0.42
teen_social_life_support_019,19,ok,,,social_comparison,1.0,0.02,0.56
teen_social_life_support_019,19,ok,,,connection_effect,1.0,0.18,0.52
teen_social_life_support_019,19,ok,,,parental_rules,1.0,0.12,0.38
teen_social_life_support_019,19,ok,,,primary_platform,1.0,0.01,0.35
teen_social_life_support_019,19,ok,,,school_effort,1.0,0.02,0.55
teen_social_life_support_019,19,ok,,,academic_confidence,1.0,0.05,0.49
teen_social_life_support_019,19,ok,,,homework_distraction,1.0,0.09,0.43
teen_social_life_support_019,19,ok,,,organized_activity,1.0,0.16,0.35
teen_social_life_support_019,19,ok,,,career_clarity,1.0,0.13,0.35
teen_social_life_support_019,19,ok,,,future_optimism,1.0,0.06,0.46
teen_social_life_support_019,19,ok,,,peer_belonging,1.0,0.05,0.43
teen_social_life_support_020,20,ok,,,social_media_hours,1.0,0.12,0.48
teen_social_life_support_020,20,ok,,,posting_frequency,1.0,0.11,0.34
teen_social_life_support_020,20,ok,,,late_night_use,1.0,0.08,0.39
teen_social_life_support_020,20,ok,,,sleep_interference,1.0,0.1,0.41
teen_social_life_support_020,20,ok,,,social_comparison,1.0,0.05,0.42
teen_social_life_support_020,20,ok,,,connection_effect,1.0,0.04,0.82
teen_social_life_support_020,20,ok,,,parental_rules,1.0,0.15,0.34
teen_social_life_support_020,20,ok,,,primary_platform,1.0,0.01,0.31
teen_social_life_support_020,20,ok,,,school_effort,1.0,0.04,0.49
teen_social_life_support_020,20,ok,,,academic_confidence,1.0,0.08,0.46
teen_social_life_support_020,20,ok,,,homework_distraction,1.0,0.08,0.43
teen_social_life_support_020,20,ok,,,organized_activity,1.0,0.21,0.27
teen_social_life_support_020,20,ok,,,career_clarity,0.9999999999999999,0.11,0.38
teen_social_life_support_020,20,ok,,,future_optimism,1.0,0.1,0.44
teen_social_life_support_020,20,ok,,,peer_belonging,1.0,0.12,0.42
teen_social_life_support_021,21,ok,,,social_media_hours,1.0,0.12,0.55
teen_social_life_support_021,21,ok,,,posting_frequency,1.0,0.16,0.34
teen_social_life_support_021,21,ok,,,late_night_use,1.0,0.14,0.38
teen_social_life_support_021,21,ok,,,sleep_interference,1.0,0.1,0.37
teen_social_life_support_021,21,ok,,,social_comparison,1.0,0.12,0.36
teen_social_life_support_021,21,ok,,,connection_effect,1.0,0.18,0.58
teen_social_life_support_021,21,ok,,,parental_rules,0.9999999999999999,0.1,0.42
teen_social_life_support_021,21,ok,,,primary_platform,0.9999999999999999,0.02,0.28
teen_social_life_support_021,21,ok,,,school_effort,1.0,0.02,0.54
teen_social_life_support_021,21,ok,,,academic_confidence,1.0,0.03,0.5
teen_social_life_support_021,21,ok,,,homework_distraction,1.0,0.12,0.36
teen_social_life_support_021,21,ok,,,organized_activity,1.0,0.18,0.33
teen_social_life_support_021,21,ok,,,career_clarity,1.0,0.14,0.36
teen_social_life_support_021,21,ok,,,future_optimism,1.0,0.04,0.5
teen_social_life_support_021,21,ok,,,peer_belonging,1.0,0.04,0.44
teen_social_life_support_022,22,ok,,,social_media_hours,1.0,0.06,0.48
teen_social_life_support_022,22,ok,,,posting_frequency,1.0,0.05,0.42
teen_social_life_support_022,22,ok,,,late_night_use,1.0,0.08,0.42
teen_social_life_support_022,22,ok,,,sleep_interference,1.0,0.14,0.34
teen_social_life_support_022,22,ok,,,social_comparison,1.0,0.12,0.38
teen_social_life_support_022,22,ok,,,connection_effect,1.0,0.01,0.91
teen_social_life_support_022,22,ok,,,parental_rules,0.9999999999999999,0.1,0.42
teen_social_life_support_022,22,ok,,,primary_platform,1.0,0.01,0.3
teen_social_life_support_022,22,ok,,,school_effort,1.0,0.01,0.62
teen_social_life_support_022,22,ok,,,academic_confidence,1.0,0.02,0.46
teen_social_life_support_022,22,ok,,,homework_distraction,1.0,0.08,0.43
teen_social_life_support_022,22,ok,,,organized_activity,1.0,0.14,0.42
teen_social_life_support_022,22,ok,,,career_clarity,1.0,0.1,0.39
teen_social_life_support_022,22,ok,,,future_optimism,1.0,0.03,0.48
teen_social_life_support_022,22,ok,,,peer_belonging,1.0,0.02,0.62
teen_social_life_support_023,23,ok,,,social_media_hours,1.0,0.12,0.48
teen_social_life_support_023,23,ok,,,posting_frequency,1.0,0.18,0.34
teen_social_life_support_023,23,ok,,,late_night_use,1.0,0.08,0.4
teen_social_life_support_023,23,ok,,,sleep_interference,1.0,0.13,0.38
teen_social_life_support_023,23,ok,,,social_comparison,1.0,0.14,0.38
teen_social_life_support_023,23,ok,,,connection_effect,1.0,0.12,0.56
teen_social_life_support_023,23,ok,,,parental_rules,1.0,0.06,0.55
teen_social_life_support_023,23,ok,,,primary_platform,1.0,0.02,0.34
teen_social_life_support_023,23,ok,,,school_effort,1.0,0.03,0.49
teen_social_life_support_023,23,ok,,,academic_confidence,1.0,0.04,0.49
teen_social_life_support_023,23,ok,,,homework_distraction,1.0,0.11,0.43
teen_social_life_support_023,23,ok,,,organized_activity,1.0,0.17,0.38
teen_social_life_support_023,23,ok,,,career_clarity,1.0,0.14,0.37
teen_social_life_support_023,23,ok,,,future_optimism,1.0,0.05,0.48
teen_social_life_support_023,23,ok,,,peer_belonging,1.0,0.05,0.39
teen_social_life_support_024,24,ok,,,social_media_hours,1.0,0.06,0.49
teen_social_life_support_024,24,ok,,,posting_frequency,1.0,0.08,0.45
teen_social_life_support_024,24,ok,,,late_night_use,1.0,0.03,0.45
teen_social_life_support_024,24,ok,,,sleep_interference,1.0,0.08,0.43
teen_social_life_support_024,24,ok,,,social_comparison,1.0,0.08,0.43
teen_social_life_support_024,24,ok,,,connection_effect,1.0,0.08,0.7
teen_social_life_support_024,24,ok,,,parental_rules,1.0,0.03,0.78
teen_social_life_support_024,24,ok,,,primary_platform,1.0,0.01,0.35
teen_social_life_support_024,24,ok,,,school_effort,1.0,0.01,0.6
teen_social_life_support_024,24,ok,,,academic_confidence,1.0,0.03,0.47
teen_social_life_support_024,24,ok,,,homework_distraction,1.0,0.06,0.47
teen_social_life_support_024,24,ok,,,organized_activity,1.0,0.16,0.39
teen_social_life_support_024,24,ok,,,career_clarity,1.0,0.12,0.38
teen_social_life_support_024,24,ok,,,future_optimism,1.0,0.03,0.46
teen_social_life_support_024,24,ok,,,peer_belonging,1.0,0.03,0.51
teen_social_life_support_025,25,ok,,,social_media_hours,1.0,0.12,0.52
teen_social_life_support_025,25,ok,,,posting_frequency,1.0,0.12,0.38
teen_social_life_support_025,25,ok,,,late_night_use,1.0,0.12,0.39
teen_social_life_support_025,25,ok,,,sleep_interference,1.0,0.14,0.36
teen_social_life_support_025,25,ok,,,social_comparison,1.0,0.1,0.4
teen_social_life_support_025,25,ok,,,connection_effect,1.0,0.12,0.5
teen_social_life_support_025,25,ok,,,parental_rules,1.0,0.06,0.52
teen_social_life_support_025,25,ok,,,primary_platform,1.0,0.01,0.34
teen_social_life_support_025,25,ok,,,school_effort,1.0,0.02,0.52
teen_social_life_support_025,25,ok,,,academic_confidence,1.0,0.03,0.48
teen_social_life_support_025,25,ok,,,homework_distraction,1.0,0.1,0.42
teen_social_life_support_025,25,ok,,,organized_activity,1.0,0.16,0.39
teen_social_life_support_025,25,ok,,,career_clarity,1.0,0.14,0.36
teen_social_life_support_025,25,ok,,,future_optimism,1.0,0.04,0.5
teen_social_life_support_025,25,ok,,,peer_belonging,1.0,0.04,0.42
teen_social_life_support_026,26,ok,,,social_media_hours,1.0,0.15,0.5
teen_social_life_support_026,26,ok,,,posting_frequency,0.9999999999999999,0.08,0.38
teen_social_life_support_026,26,ok,,,late_night_use,1.0,0.06,0.4
teen_social_life_support_026,26,ok,,,sleep_interference,1.0,0.07,0.4
teen_social_life_support_026,26,ok,,,social_comparison,1.0,0.13,0.35
teen_social_life_support_026,26,ok,,,connection_effect,1.0,0.15,0.45
teen_social_life_support_026,26,ok,,,parental_rules,1.0,0.02,0.78
teen_social_life_support_026,26,ok,,,primary_platform,0.9999999999999999,0.06,0.3
teen_social_life_support_026,26,ok,,,school_effort,1.0,0.02,0.65
teen_social_life_support_026,26,ok,,,academic_confidence,1.0,0.03,0.45
teen_social_life_support_026,26,ok,,,homework_distraction,1.0,0.07,0.36
teen_social_life_support_026,26,ok,,,organized_activity,1.0,0.12,0.4
teen_social_life_support_026,26,ok,,,career_clarity,1.0,0.14,0.38
teen_social_life_support_026,26,ok,,,future_optimism,1.0,0.04,0.45
teen_social_life_support_026,26,ok,,,peer_belonging,1.0,0.05,0.4
teen_social_life_support_027,27,ok,,,social_media_hours,0.9999999999999999,0.08,0.57
teen_social_life_support_027,27,ok,,,posting_frequency,1.0,0.12,0.42
teen_social_life_support_027,27,ok,,,late_night_use,1.0,0.08,0.45
teen_social_life_support_027,27,ok,,,sleep_interference,1.0,0.14,0.4
teen_social_life_support_027,27,ok,,,social_comparison,1.0,0.1,0.45
teen_social_life_support_027,27,ok,,,connection_effect,1.0,0.12,0.6
teen_social_life_support_027,27,ok,,,parental_rules,1.0,0.12,0.4
teen_social_life_support_027,27,ok,,,primary_platform,1.0,0.01,0.55
teen_social_life_support_027,27,ok,,,school_effort,1.0,0.02,0.52
teen_social_life_support_027,27,ok,,,academic_confidence,1.0,0.04,0.51
teen_social_life_support_027,27,ok,,,homework_distraction,1.0,0.09,0.45
teen_social_life_support_027,27,ok,,,organized_activity,0.9999999999999999,0.16,0.35
teen_social_life_support_027,27,ok,,,career_clarity,1.0,0.12,0.39
teen_social_life_support_027,27,ok,,,future_optimism,1.0,0.05,0.49
teen_social_life_support_027,27,ok,,,peer_belonging,1.0,0.04,0.44
teen_social_life_support_028,28,ok,,,social_media_hours,1.0,0.06,0.52
teen_social_life_support_028,28,ok,,,posting_frequency,1.0,0.05,0.43
teen_social_life_support_028,28,ok,,,late_night_use,1.0,0.04,0.43
teen_social_life_support_028,28,ok,,,sleep_interference,1.0,0.08,0.44
teen_social_life_support_028,28,ok,,,social_comparison,1.0,0.06,0.48
teen_social_life_support_028,28,ok,,,connection_effect,1.0,0.08,0.68
teen_social_life_support_028,28,ok,,,parental_rules,0.9999999999999999,0.08,0.43
teen_social_life_support_028,28,ok,,,primary_platform,1.0,0.01,0.76
teen_social_life_support_028,28,ok,,,school_effort,1.0,0.02,0.58
teen_social_life_support_028,28,ok,,,academic_confidence,1.0,0.03,0.45
teen_social_life_support_028,28,ok,,,homework_distraction,1.0,0.07,0.48
teen_social_life_support_028,28,ok,,,organized_activity,1.0,0.15,0.42
teen_social_life_support_028,28,ok,,,career_clarity,1.0,0.12,0.36
teen_social_life_support_028,28,ok,,,future_optimism,1.0,0.04,0.49
teen_social_life_support_028,28,ok,,,peer_belonging,1.0,0.03,0.5
teen_social_life_support_029,29,ok,,,social_media_hours,1.0,0.18,0.58
teen_social_life_support_029,29,ok,,,posting_frequency,0.9999999999999999,0.11,0.36
teen_social_life_support_029,29,ok,,,late_night_use,1.0,0.14,0.35
teen_social_life_support_029,29,ok,,,sleep_interference,0.9999999999999999,0.11,0.38
teen_social_life_support_029,29,ok,,,social_comparison,1.0,0.11,0.37
teen_social_life_support_029,29,ok,,,connection_effect,1.0,0.12,0.48
teen_social_life_support_029,29,ok,,,parental_rules,0.9999999999999999,0.1,0.43
teen_social_life_support_029,29,ok,,,primary_platform,1.0,0.03,0.55
teen_social_life_support_029,29,ok,,,school_effort,1.0,0.03,0.5
teen_social_life_support_029,29,ok,,,academic_confidence,1.0,0.04,0.46
teen_social_life_support_029,29,ok,,,homework_distraction,1.0,0.12,0.39
teen_social_life_support_029,29,ok,,,organized_activity,1.0,0.16,0.36
teen_social_life_support_029,29,ok,,,career_clarity,1.0,0.13,0.38
teen_social_life_support_029,29,ok,,,future_optimism,1.0,0.05,0.49
teen_social_life_support_029,29,ok,,,peer_belonging,1.0,0.05,0.39
teen_social_life_support_030,30,ok,,,social_media_hours,1.0,0.03,0.55
teen_social_life_support_030,30,ok,,,posting_frequency,1.0,0.02,0.6
teen_social_life_support_030,30,ok,,,late_night_use,1.0,0.02,0.46
teen_social_life_support_030,30,ok,,,sleep_interference,1.0,0.06,0.43
teen_social_life_support_030,30,ok,,,social_comparison,1.0,0.08,0.45
teen_social_life_support_030,30,ok,,,connection_effect,1.0,0.05,0.77
teen_social_life_support_030,30,ok,,,parental_rules,1.0,0.07,0.45
teen_social_life_support_030,30,ok,,,primary_platform,1.0,0.01,0.78
teen_social_life_support_030,30,ok,,,school_effort,1.0,0.02,0.6
teen_social_life_support_030,30,ok,,,academic_confidence,1.0,0.03,0.5
teen_social_life_support_030,30,ok,,,homework_distraction,1.0,0.04,0.5
teen_social_life_support_030,30,ok,,,organized_activity,1.0,0.12,0.49
teen_social_life_support_030,30,ok,,,career_clarity,1.0,0.15,0.35
teen_social_life_support_030,30,ok,,,future_optimism,1.0,0.03,0.5
teen_social_life_support_030,30,ok,,,peer_belonging,1.0,0.02,0.6
teen_social_life_support_031,31,ok,,,social_media_hours,1.0,0.18,0.58
teen_social_life_support_031,31,ok,,,posting_frequency,1.0,0.14,0.33
teen_social_life_support_031,31,ok,,,late_night_use,1.0,0.1,0.4
teen_social_life_support_031,31,ok,,,sleep_interference,1.0,0.14,0.34
teen_social_life_support_031,31,ok,,,social_comparison,1.0,0.12,0.36
teen_social_life_support_031,31,ok,,,connection_effect,1.0,0.14,0.5
teen_social_life_support_031,31,ok,,,parental_rules,1.0,0.12,0.38
teen_social_life_support_031,31,ok,,,primary_platform,1.0,0.02,0.49
teen_social_life_support_031,31,ok,,,school_effort,1.0,0.03,0.53
teen_social_life_support_031,31,ok,,,academic_confidence,1.0,0.04,0.43
teen_social_life_support_031,31,ok,,,homework_distraction,1.0,0.15,0.36
teen_social_life_support_031,31,ok,,,organized_activity,1.0,0.18,0.33
teen_social_life_support_031,31,ok,,,career_clarity,1.0,0.14,0.36
teen_social_life_support_031,31,ok,,,future_optimism,1.0,0.05,0.46
teen_social_life_support_031,31,ok,,,peer_belonging,1.0,0.07,0.39
teen_social_life_support_032,32,ok,,,social_media_hours,1.0,0.01,0.98
teen_social_life_support_032,32,ok,,,posting_frequency,1.0,0.01,0.92
teen_social_life_support_032,32,ok,,,late_night_use,1.0,0.01,0.86
teen_social_life_support_032,32,ok,,,sleep_interference,1.0,0.01,0.88
teen_social_life_support_032,32,ok,,,social_comparison,1.0,0.02,0.75
teen_social_life_support_032,32,ok,,,connection_effect,1.0,0.1,0.78
teen_social_life_support_032,32,ok,,,parental_rules,1.0,0.04,0.5
teen_social_life_support_032,32,ok,,,primary_platform,1.0,0.01,0.95
teen_social_life_support_032,32,ok,,,school_effort,1.0,0.01,0.7
teen_social_life_support_032,32,ok,,,academic_confidence,1.0,0.02,0.52
teen_social_life_support_032,32,ok,,,homework_distraction,1.0,0.01,0.88
teen_social_life_support_032,32,ok,,,organized_activity,1.0,0.14,0.43
teen_social_life_support_032,32,ok,,,career_clarity,1.0,0.12,0.38
teen_social_life_support_032,32,ok,,,future_optimism,1.0,0.02,0.48
teen_social_life_support_032,32,ok,,,peer_belonging,1.0,0.03,0.45
teen_social_life_support_033,33,ok,,,social_media_hours,1.0,0.12,0.5
teen_social_life_support_033,33,ok,,,posting_frequency,1.0,0.18,0.32
teen_social_life_support_033,33,ok,,,late_night_use,1.0,0.1,0.36
teen_social_life_support_033,33,ok,,,sleep_interference,1.0,0.16,0.35
teen_social_life_support_033,33,ok,,,social_comparison,1.0,0.17,0.34
teen_social_life_support_033,33,ok,,,connection_effect,1.0,0.18,0.48
teen_social_life_support_033,33,ok,,,parental_rules,1.0,0.1,0.39
teen_social_life_support_033,33,ok,,,primary_platform,0.9999999999999999,0.02,0.33
teen_social_life_support_033,33,ok,,,school_effort,1.0,0.07,0.45
teen_social_life_support_033,33,ok,,,academic_confidence,0.9999999999999999,0.1,0.37
teen_social_life_support_033,33,ok,,,homework_distraction,1.0,0.11,0.37
teen_social_life_support_033,33,ok,,,organized_activity,1.0,0.2,0.38
teen_social_life_support_033,33,ok,,,career_clarity,0.9999999999999999,0.08,0.39
teen_social_life_support_033,33,ok,,,future_optimism,1.0,0.12,0.34
teen_social_life_support_033,33,ok,,,peer_belonging,1.0,0.13,0.42
teen_social_life_support_034,34,ok,,,social_media_hours,1.0,0.08,0.54
teen_social_life_support_034,34,ok,,,posting_frequency,1.0,0.17,0.3
teen_social_life_support_034,34,ok,,,late_night_use,1.0,0.08,0.43
teen_social_life_support_034,34,ok,,,sleep_interference,1.0,0.12,0.4
teen_social_life_support_034,34,ok,,,social_comparison,1.0,0.12,0.42
teen_social_life_support_034,34,ok,,,connection_effect,1.0,0.16,0.5
teen_social_life_support_034,34,ok,,,parental_rules,1.0,0.1,0.38
teen_social_life_support_034,34,ok,,,primary_platform,1.0,0.01,0.34
teen_social_life_support_034,34,ok,,,school_effort,1.0,0.02,0.7
teen_social_life_support_034,34,ok,,,academic_confidence,1.0,0.07,0.45
teen_social_life_support_034,34,ok,,,homework_distraction,1.0,0.07,0.42
teen_social_life_support_034,34,ok,,,organized_activity,1.0,0.17,0.38
teen_social_life_support_034,34,ok,,,career_clarity,0.9999999999999999,0.08,0.42
teen_social_life_support_034,34,ok,,,future_optimism,1.0000000000000002,0.1,0.4
teen_social_life_support_034,34,ok,,,peer_belonging,1.0,0.12,0.42
teen_social_life_support_035,35,ok,,,social_media_hours,1.0,0.12,0.55
teen_social_life_support_035,35,ok,,,posting_frequency,1.0,0.16,0.36
teen_social_life_support_035,35,ok,,,late_night_use,1.0,0.08,0.45
teen_social_life_support_035,35,ok,,,sleep_interference,1.0,0.12,0.4
teen_social_life_support_035,35,ok,,,social_comparison,1.0,0.1,0.43
teen_social_life_support_035,35,ok,,,connection_effect,1.0,0.15,0.47
teen_social_life_support_035,35,ok,,,parental_rules,1.0,0.08,0.43
teen_social_life_support_035,35,ok,,,primary_platform,1.0,0.01,0.3
teen_social_life_support_035,35,ok,,,school_effort,1.0,0.04,0.52
teen_social_life_support_035,35,ok,,,academic_confidence,1.0,0.05,0.5
teen_social_life_support_035,35,ok,,,homework_distraction,1.0,0.08,0.46
teen_social_life_support_035,35,ok,,,organized_activity,1.0,0.16,0.33
teen_social_life_support_035,35,ok,,,career_clarity,1.0,0.12,0.4
teen_social_life_support_035,35,ok,,,future_optimism,1.0,0.06,0.52
teen_social_life_support_035,35,ok,,,peer_belonging,1.0,0.05,0.44
teen_social_life_support_036,36,ok,,,social_media_hours,1.0,0.16,0.58
teen_social_life_support_036,36,ok,,,posting_frequency,1.0,0.18,0.36
teen_social_life_support_036,36,ok,,,late_night_use,1.0,0.1,0.4
teen_social_life_support_036,36,ok,,,sleep_interference,1.0,0.12,0.36
teen_social_life_support_036,36,ok,,,social_comparison,1.0,0.16,0.34
teen_social_life_support_036,36,ok,,,connection_effect,1.0,0.12,0.52
teen_social_life_support_036,36,ok,,,parental_rules,1.0,0.1,0.43
teen_social_life_support_036,36,ok,,,primary_platform,1.0,0.01,0.29
teen_social_life_support_036,36,ok,,,school_effort,1.0,0.01,0.8
teen_social_life_support_036,36,ok,,,academic_confidence,1.0,0.02,0.55
teen_social_life_support_036,36,ok,,,homework_distraction,1.0,0.12,0.4
teen_social_life_support_036,36,ok,,,organized_activity,1.0,0.14,0.4
teen_social_life_support_036,36,ok,,,career_clarity,1.0,0.12,0.42
teen_social_life_support_036,36,ok,,,future_optimism,1.0,0.03,0.45
teen_social_life_support_036,36,ok,,,peer_belonging,1.0,0.03,0.53
teen_social_life_support_037,37,ok,,,social_media_hours,1.0,0.12,0.49
teen_social_life_support_037,37,ok,,,posting_frequency,1.0,0.18,0.32
teen_social_life_support_037,37,ok,,,late_night_use,1.0,0.08,0.38
teen_social_life_support_037,37,ok,,,sleep_interference,1.0,0.11,0.39
teen_social_life_support_037,37,ok,,,social_comparison,1.0,0.08,0.43
teen_social_life_support_037,37,ok,,,connection_effect,1.0,0.22,0.42
teen_social_life_support_037,37,ok,,,parental_rules,1.0,0.15,0.34
teen_social_life_support_037,37,ok,,,primary_platform,1.0,0.02,0.31
teen_social_life_support_037,37,ok,,,school_effort,1.0,0.09,0.43
teen_social_life_support_037,37,ok,,,academic_confidence,1.0,0.06,0.42
teen_social_life_support_037,37,ok,,,homework_distraction,1.0,0.09,0.42
teen_social_life_support_037,37,ok,,,organized_activity,1.0,0.22,0.28
teen_social_life_support_037,37,ok,,,career_clarity,0.9999999999999999,0.08,0.36
teen_social_life_support_037,37,ok,,,future_optimism,1.0,0.14,0.34
teen_social_life_support_037,37,ok,,,peer_belonging,1.0,0.11,0.39
teen_social_life_support_038,38,ok,,,social_media_hours,1.0,0.08,0.48
teen_social_life_support_038,38,ok,,,posting_frequency,1.0,0.18,0.32
teen_social_life_support_038,38,ok,,,late_night_use,1.0,0.06,0.42
teen_social_life_support_038,38,ok,,,sleep_interference,1.0,0.1,0.43
teen_social_life_support_038,38,ok,,,social_comparison,1.0,0.08,0.43
teen_social_life_support_038,38,ok,,,connection_effect,1.0,0.18,0.44
teen_social_life_support_038,38,ok,,,parental_rules,1.0000000000000002,0.11,0.4
teen_social_life_support_038,38,ok,,,primary_platform,1.0,0.01,0.3
teen_social_life_support_038,38,ok,,,school_effort,1.0,0.04,0.45
teen_social_life_support_038,38,ok,,,academic_confidence,1.0,0.02,0.78
teen_social_life_support_038,38,ok,,,homework_distraction,1.0,0.07,0.44
teen_social_life_support_038,38,ok,,,organized_activity,1.0,0.18,0.31
teen_social_life_support_038,38,ok,,,career_clarity,1.0,0.06,0.43
teen_social_life_support_038,38,ok,,,future_optimism,1.0,0.13,0.39
teen_social_life_support_038,38,ok,,,peer_belonging,1.0,0.08,0.45
teen_social_life_support_039,39,ok,,,social_media_hours,1.0,0.12,0.55
teen_social_life_support_039,39,ok,,,posting_frequency,1.0,0.18,0.36
teen_social_life_support_039,39,ok,,,late_night_use,1.0,0.08,0.43
teen_social_life_support_039,39,ok,,,sleep_interference,1.0,0.14,0.36
teen_social_life_support_039,39,ok,,,social_comparison,1.0,0.1,0.44
teen_social_life_support_039,39,ok,,,connection_effect,1.0,0.16,0.49
teen_social_life_support_039,39,ok,,,parental_rules,1.0,0.11,0.38
teen_social_life_support_039,39,ok,,,primary_platform,1.0,0.02,0.32
teen_social_life_support_039,39,ok,,,school_effort,1.0,0.03,0.47
teen_social_life_support_039,39,ok,,,academic_confidence,1.0,0.03,0.6
teen_social_life_support_039,39,ok,,,homework_distraction,1.0,0.1,0.43
teen_social_life_support_039,39,ok,,,organized_activity,1.0,0.16,0.34
teen_social_life_support_039,39,ok,,,career_clarity,1.0,0.12,0.39
teen_social_life_support_039,39,ok,,,future_optimism,1.0,0.05,0.5
teen_social_life_support_039,39,ok,,,peer_belonging,1.0,0.05,0.41
teen_social_life_support_040,40,ok,,,social_media_hours,1.0,0.18,0.55
teen_social_life_support_040,40,ok,,,posting_frequency,1.0,0.18,0.34
teen_social_life_support_040,40,ok,,,late_night_use,1.0,0.16,0.34
teen_social_life_support_040,40,ok,,,sleep_interference,1.0,0.11,0.39
teen_social_life_support_040,40,ok,,,social_comparison,1.0,0.13,0.37
teen_social_life_support_040,40,ok,,,connection_effect,1.0,0.08,0.57
teen_social_life_support_040,40,ok,,,parental_rules,0.9999999999999999,0.1,0.42
teen_social_life_support_040,40,ok,,,primary_platform,1.0,0.02,0.24
teen_social_life_support_040,40,ok,,,school_effort,1.0,0.01,0.78
teen_social_life_support_040,40,ok,,,academic_confidence,1.0,0.01,0.84
teen_social_life_support_040,40,ok,,,homework_distraction,1.0,0.1,0.38
teen_social_life_support_040,40,ok,,,organized_activity,1.0,0.12,0.47
teen_social_life_support_040,40,ok,,,career_clarity,1.0,0.08,0.43
teen_social_life_support_040,40,ok,,,future_optimism,1.0,0.02,0.55
teen_social_life_support_040,40,ok,,,peer_belonging,1.0,0.04,0.51
teen_social_life_support_041,41,ok,,,social_media_hours,1.0,0.14,0.58
teen_social_life_support_041,41,ok,,,posting_frequency,1.0,0.12,0.32
teen_social_life_support_041,41,ok,,,late_night_use,0.9999999999999999,0.09,0.35
teen_social_life_support_041,41,ok,,,sleep_interference,1.0,0.06,0.45
teen_social_life_support_041,41,ok,,,social_comparison,1.0,0.1,0.37
teen_social_life_support_041,41,ok,,,connection_effect,1.0,0.13,0.45
teen_social_life_support_041,41,ok,,,parental_rules,1.0,0.13,0.39
teen_social_life_support_041,41,ok,,,primary_platform,1.0,0.03,0.25
teen_social_life_support_041,41,ok,,,school_effort,1.0,0.01,0.69
teen_social_life_support_041,41,ok,,,academic_confidence,1.0,0.02,0.45
teen_social_life_support_041,41,ok,,,homework_distraction,1.0,0.03,0.56
teen_social_life_support_041,41,ok,,,organized_activity,1.0,0.14,0.4
teen_social_life_support_041,41,ok,,,career_clarity,1.0,0.14,0.35
teen_social_life_support_041,41,ok,,,future_optimism,1.0,0.03,0.5
teen_social_life_support_041,41,ok,,,peer_belonging,1.0,0.03,0.47
teen_social_life_support_042,42,ok,,,social_media_hours,1.0,0.14,0.58
teen_social_life_support_042,42,ok,,,posting_frequency,1.0,0.15,0.34
teen_social_life_support_042,42,ok,,,late_night_use,0.9999999999999999,0.08,0.48
teen_social_life_support_042,42,ok,,,sleep_interference,1.0,0.04,0.43
teen_social_life_support_042,42,ok,,,social_comparison,0.9999999999999999,0.08,0.42
teen_social_life_support_042,42,ok,,,connection_effect,1.0,0.08,0.49
teen_social_life_support_042,42,ok,,,parental_rules,1.0,0.09,0.45
teen_social_life_support_042,42,ok,,,primary_platform,1.0,0.02,0.27
teen_social_life_support_042,42,ok,,,school_effort,1.0,0.01,0.72
teen_social_life_support_042,42,ok,,,academic_confidence,1.0,0.02,0.49
teen_social_life_support_042,42,ok,,,homework_distraction,1.0,0.02,0.72
teen_social_life_support_042,42,ok,,,organized_activity,1.0,0.12,0.45
teen_social_life_support_042,42,ok,,,career_clarity,1.0,0.14,0.37
teen_social_life_support_042,42,ok,,,future_optimism,1.0,0.02,0.48
teen_social_life_support_042,42,ok,,,peer_belonging,1.0,0.03,0.49
teen_social_life_support_043,43,ok,,,social_media_hours,1.0,0.1,0.55
teen_social_life_support_043,43,ok,,,posting_frequency,1.0,0.18,0.34
teen_social_life_support_043,43,ok,,,late_night_use,1.0,0.08,0.42
teen_social_life_support_043,43,ok,,,sleep_interference,1.0,0.12,0.38
teen_social_life_support_043,43,ok,,,social_comparison,1.0,0.1,0.42
teen_social_life_support_043,43,ok,,,connection_effect,1.0,0.12,0.5
teen_social_life_support_043,43,ok,,,parental_rules,1.0,0.12,0.38
teen_social_life_support_043,43,ok,,,primary_platform,0.9999999999999999,0.02,0.3
teen_social_life_support_043,43,ok,,,school_effort,1.0,0.02,0.54
teen_social_life_support_043,43,ok,,,academic_confidence,1.0,0.03,0.52
teen_social_life_support_043,43,ok,,,homework_distraction,1.0,0.05,0.55
teen_social_life_support_043,43,ok,,,organized_activity,1.0,0.16,0.37
teen_social_life_support_043,43,ok,,,career_clarity,1.0,0.14,0.36
teen_social_life_support_043,43,ok,,,future_optimism,1.0,0.04,0.5
teen_social_life_support_043,43,ok,,,peer_belonging,1.0,0.04,0.42
teen_social_life_support_044,44,ok,,,social_media_hours,1.0,0.03,0.65
teen_social_life_support_044,44,ok,,,posting_frequency,1.0,0.08,0.41
teen_social_life_support_044,44,ok,,,late_night_use,1.0,0.03,0.56
teen_social_life_support_044,44,ok,,,sleep_interference,1.0,0.04,0.44
teen_social_life_support_044,44,ok,,,social_comparison,1.0,0.06,0.42
teen_social_life_support_044,44,ok,,,connection_effect,1.0,0.1,0.63
teen_social_life_support_044,44,ok,,,parental_rules,1.0,0.13,0.37
teen_social_life_support_044,44,ok,,,primary_platform,1.0,0.01,0.34
teen_social_life_support_044,44,ok,,,school_effort,1.0,0.02,0.59
teen_social_life_support_044,44,ok,,,academic_confidence,1.0,0.04,0.48
teen_social_life_support_044,44,ok,,,homework_distraction,1.0,0.02,0.74
teen_social_life_support_044,44,ok,,,organized_activity,1.0,0.18,0.33
teen_social_life_support_044,44,ok,,,career_clarity,1.0,0.14,0.36
teen_social_life_support_044,44,ok,,,future_optimism,1.0,0.04,0.45
teen_social_life_support_044,44,ok,,,peer_belonging,1.0,0.04,0.44
teen_social_life_support_045,45,ok,,,social_media_hours,1.0,0.18,0.56
teen_social_life_support_045,45,ok,,,posting_frequency,1.0,0.15,0.3
teen_social_life_support_045,45,ok,,,late_night_use,1.0,0.16,0.34
teen_social_life_support_045,45,ok,,,sleep_interference,1.0,0.12,0.36
teen_social_life_support_045,45,ok,,,social_comparison,1.0,0.12,0.37
teen_social_life_support_045,45,ok,,,connection_effect,1.0,0.17,0.43
teen_social_life_support_045,45,ok,,,parental_rules,1.0,0.12,0.4
teen_social_life_support_045,45,ok,,,primary_platform,1.0,0.03,0.27
teen_social_life_support_045,45,ok,,,school_effort,1.0,0.03,0.49
teen_social_life_support_045,45,ok,,,academic_confidence,1.0,0.05,0.47
teen_social_life_support_045,45,ok,,,homework_distraction,0.9999999999999999,0.12,0.36
teen_social_life_support_045,45,ok,,,organized_activity,1.0,0.1,0.55
teen_social_life_support_045,45,ok,,,career_clarity,1.0,0.12,0.38
teen_social_life_support_045,45,ok,,,future_optimism,1.0,0.07,0.48
teen_social_life_support_045,45,ok,,,peer_belonging,1.0,0.08,0.43
teen_social_life_support_046,46,ok,,,social_media_hours,1.0,0.12,0.58
teen_social_life_support_046,46,ok,,,posting_frequency,0.9999999999999999,0.1,0.35
teen_social_life_support_046,46,ok,,,late_night_use,1.0,0.12,0.4
teen_social_life_support_046,46,ok,,,sleep_interference,0.9999999999999999,0.11,0.37
teen_social_life_support_046,46,ok,,,social_comparison,1.0,0.15,0.36
teen_social_life_support_046,46,ok,,,connection_effect,1.0,0.12,0.5
teen_social_life_support_046,46,ok,,,parental_rules,1.0,0.14,0.36
teen_social_life_support_046,46,ok,,,primary_platform,0.9999999999999999,0.03,0.3
teen_social_life_support_046,46,ok,,,school_effort,1.0,0.03,0.49
teen_social_life_support_046,46,ok,,,academic_confidence,1.0,0.04,0.5
teen_social_life_support_046,46,ok,,,homework_distraction,1.0,0.15,0.37
teen_social_life_support_046,46,ok,,,organized_activity,1.0,0.02,0.78
teen_social_life_support_046,46,ok,,,career_clarity,1.0,0.12,0.4
teen_social_life_support_046,46,ok,,,future_optimism,1.0,0.06,0.49
teen_social_life_support_046,46,ok,,,peer_belonging,1.0,0.07,0.43
teen_social_life_support_047,47,ok,,,social_media_hours,1.0,0.12,0.55
teen_social_life_support_047,47,ok,,,posting_frequency,1.0,0.17,0.36
teen_social_life_support_047,47,ok,,,late_night_use,1.0,0.1,0.4
teen_social_life_support_047,47,ok,,,sleep_interference,1.0,0.13,0.37
teen_social_life_support_047,47,ok,,,social_comparison,1.0,0.1,0.43
teen_social_life_support_047,47,ok,,,connection_effect,1.0,0.12,0.52
teen_social_life_support_047,47,ok,,,parental_rules,1.0,0.11,0.39
teen_social_life_support_047,47,ok,,,primary_platform,1.0,0.02,0.31
teen_social_life_support_047,47,ok,,,school_effort,1.0,0.02,0.55
teen_social_life_support_047,47,ok,,,academic_confidence,1.0,0.03,0.5
teen_social_life_support_047,47,ok,,,homework_distraction,1.0,0.13,0.38
teen_social_life_support_047,47,ok,,,organized_activity,1.0,0.07,0.58
teen_social_life_support_047,47,ok,,,career_clarity,0.9999999999999999,0.09,0.43
teen_social_life_support_047,47,ok,,,future_optimism,1.0,0.04,0.5
teen_social_life_support_047,47,ok,,,peer_belonging,1.0,0.05,0.4
teen_social_life_support_048,48,ok,,,social_media_hours,1.0,0.14,0.58
teen_social_life_support_048,48,ok,,,posting_frequency,1.0,0.14,0.43
teen_social_life_support_048,48,ok,,,late_night_use,1.0,0.12,0.38
teen_social_life_support_048,48,ok,,,sleep_interference,1.0000000000000002,0.11,0.39
teen_social_life_support_048,48,ok,,,social_comparison,1.0,0.11,0.43
teen_social_life_support_048,48,ok,,,connection_effect,1.0,0.08,0.62
teen_social_life_support_048,48,ok,,,parental_rules,1.0,0.1,0.45
teen_social_life_support_048,48,ok,,,primary_platform,1.0,0.01,0.29
teen_social_life_support_048,48,ok,,,school_effort,1.0,0.01,0.69
teen_social_life_support_048,48,ok,,,academic_confidence,1.0,0.02,0.45
teen_social_life_support_048,48,ok,,,homework_distraction,1.0,0.13,0.37
teen_social_life_support_048,48,ok,,,organized_activity,1.0,0.01,0.91
teen_social_life_support_048,48,ok,,,career_clarity,1.0,0.11,0.38
teen_social_life_support_048,48,ok,,,future_optimism,1.0,0.02,0.46
teen_social_life_support_048,48,ok,,,peer_belonging,1.0,0.02,0.59
teen_social_life_support_049,49,ok,,,social_media_hours,1.0,0.14,0.52
teen_social_life_support_049,49,ok,,,posting_frequency,1.0,0.16,0.34
teen_social_life_support_049,49,ok,,,late_night_use,1.0,0.08,0.43
teen_social_life_support_049,49,ok,,,sleep_interference,1.0,0.15,0.35
teen_social_life_support_049,49,ok,,,social_comparison,1.0,0.12,0.4
teen_social_life_support_049,49,ok,,,connection_effect,1.0,0.16,0.45
teen_social_life_support_049,49,ok,,,parental_rules,1.0,0.14,0.35
teen_social_life_support_049,49,ok,,,primary_platform,1.0,0.02,0.3
teen_social_life_support_049,49,ok,,,school_effort,1.0,0.03,0.45
teen_social_life_support_049,49,ok,,,academic_confidence,1.0,0.06,0.52
teen_social_life_support_049,49,ok,,,homework_distraction,1.0,0.11,0.42
teen_social_life_support_049,49,ok,,,organized_activity,1.0,0.18,0.34
teen_social_life_support_049,49,ok,,,career_clarity,1.0,0.05,0.5
teen_social_life_support_049,49,ok,,,future_optimism,1.0,0.05,0.52
teen_social_life_support_049,49,ok,,,peer_belonging,1.0,0.05,0.43
teen_social_life_support_050,50,ok,,,social_media_hours,1.0,0.12,0.55
teen_social_life_support_050,50,ok,,,posting_frequency,1.0,0.13,0.32
teen_social_life_support_050,50,ok,,,late_night_use,1.0,0.08,0.42
teen_social_life_support_050,50,ok,,,sleep_interference,1.0,0.16,0.34
teen_social_life_support_050,50,ok,,,social_comparison,1.0,0.12,0.38
teen_social_life_support_050,50,ok,,,connection_effect,1.0,0.14,0.48
teen_social_life_support_050,50,ok,,,parental_rules,1.0,0.12,0.38
teen_social_life_support_050,50,ok,,,primary_platform,1.0,0.02,0.3
teen_social_life_support_050,50,ok,,,school_effort,1.0,0.02,0.49
teen_social_life_support_050,50,ok,,,academic_confidence,1.0,0.04,0.52
teen_social_life_support_050,50,ok,,,homework_distraction,1.0,0.1,0.43
teen_social_life_support_050,50,ok,,,organized_activity,1.0,0.18,0.29
teen_social_life_support_050,50,ok,,,career_clarity,1.0,0.03,0.78
teen_social_life_support_050,50,ok,,,future_optimism,1.0,0.04,0.54
teen_social_life_support_050,50,ok,,,peer_belonging,1.0,0.05,0.4
teen_social_life_support_051,51,ok,,,social_media_hours,1.0,0.12,0.52
teen_social_life_support_051,51,ok,,,posting_frequency,1.0,0.12,0.38
teen_social_life_support_051,51,ok,,,late_night_use,1.0,0.08,0.42
teen_social_life_support_051,51,ok,,,sleep_interference,1.0,0.15,0.36
teen_social_life_support_051,51,ok,,,social_comparison,1.0,0.12,0.4
teen_social_life_support_051,51,ok,,,connection_effect,1.0,0.12,0.54
teen_social_life_support_051,51,ok,,,parental_rules,1.0,0.13,0.38
teen_social_life_support_051,51,ok,,,primary_platform,1.0,0.02,0.28
teen_social_life_support_051,51,ok,,,school_effort,1.0,0.02,0.6
teen_social_life_support_051,51,ok,,,academic_confidence,1.0,0.03,0.48
teen_social_life_support_051,51,ok,,,homework_distraction,1.0,0.12,0.38
teen_social_life_support_051,51,ok,,,organized_activity,1.0,0.16,0.38
teen_social_life_support_051,51,ok,,,career_clarity,1.0,0.06,0.56
teen_social_life_support_051,51,ok,,,future_optimism,1.0,0.03,0.48
teen_social_life_support_051,51,ok,,,peer_belonging,1.0,0.04,0.44
teen_social_life_support_052,52,ok,,,social_media_hours,1.0,0.12,0.58
teen_social_life_support_052,52,ok,,,posting_frequency,1.0,0.18,0.36
teen_social_life_support_052,52,ok,,,late_night_use,1.0,0.12,0.35
teen_social_life_support_052,52,ok,,,sleep_interference,1.0,0.1,0.4
teen_social_life_support_052,52,ok,,,social_comparison,1.0,0.14,0.37
teen_social_life_support_052,52,ok,,,connection_effect,1.0,0.1,0.53
teen_social_life_support_052,52,ok,,,parental_rules,1.0,0.08,0.43
teen_social_life_support_052,52,ok,,,primary_platform,1.0,0.02,0.27
teen_social_life_support_052,52,ok,,,school_effort,1.0,0.01,0.75
teen_social_life_support_052,52,ok,,,academic_confidence,1.0,0.01,0.68
teen_social_life_support_052,52,ok,,,homework_distraction,1.0,0.1,0.42
teen_social_life_support_052,52,ok,,,organized_activity,1.0,0.12,0.5
teen_social_life_support_052,52,ok,,,career_clarity,1.0,0.01,0.8
teen_social_life_support_052,52,ok,,,future_optimism,1.0,0.01,0.66
teen_social_life_support_052,52,ok,,,peer_belonging,1.0,0.02,0.56
teen_social_life_support_053,53,ok,,,social_media_hours,1.0,0.08,0.48
teen_social_life_support_053,53,ok,,,posting_frequency,1.0,0.16,0.3
teen_social_life_support_053,53,ok,,,late_night_use,1.0,0.08,0.38
teen_social_life_support_053,53,ok,,,sleep_interference,1.0,0.12,0.38
teen_social_life_support_053,53,ok,,,social_comparison,1.0,0.04,0.43
teen_social_life_support_053,53,ok,,,connection_effect,1.0,0.26,0.44
teen_social_life_support_053,53,ok,,,parental_rules,1.0,0.13,0.38
teen_social_life_support_053,53,ok,,,primary_platform,1.0,0.01,0.31
teen_social_life_support_053,53,ok,,,school_effort,1.0,0.06,0.43
teen_social_life_support_053,53,ok,,,academic_confidence,1.0,0.14,0.34
teen_social_life_support_053,53,ok,,,homework_distraction,1.0,0.12,0.4
teen_social_life_support_053,53,ok,,,organized_activity,1.0,0.22,0.32
teen_social_life_support_053,53,ok,,,career_clarity,1.0,0.1,0.34
teen_social_life_support_053,53,ok,,,future_optimism,1.0,0.05,0.55
teen_social_life_support_053,53,ok,,,peer_belonging,1.0,0.12,0.42
teen_social_life_support_054,54,ok,,,social_media_hours,1.0,0.1,0.48
teen_social_life_support_054,54,ok,,,posting_frequency,1.0,0.13,0.34
teen_social_life_support_054,54,ok,,,late_night_use,1.0,0.06,0.43
teen_social_life_support_054,54,ok,,,sleep_interference,1.0,0.1,0.42
teen_social_life_support_054,54,ok,,,social_comparison,1.0,0.06,0.45
teen_social_life_support_054,54,ok,,,connection_effect,1.0,0.18,0.42
teen_social_life_support_054,54,ok,,,parental_rules,1.0,0.12,0.38
teen_social_life_support_054,54,ok,,,primary_platform,1.0,0.01,0.3
teen_social_life_support_054,54,ok,,,school_effort,1.0,0.02,0.43
teen_social_life_support_054,54,ok,,,academic_confidence,1.0,0.08,0.44
teen_social_life_support_054,54,ok,,,homework_distraction,1.0,0.08,0.45
teen_social_life_support_054,54,ok,,,organized_activity,1.0,0.2,0.29
teen_social_life_support_054,54,ok,,,career_clarity,1.0,0.07,0.48
teen_social_life_support_054,54,ok,,,future_optimism,1.0,0.03,0.78
teen_social_life_support_054,54,ok,,,peer_belonging,1.0,0.05,0.48
teen_social_life_support_055,55,ok,,,social_media_hours,1.0,0.1,0.55
teen_social_life_support_055,55,ok,,,posting_frequency,1.0,0.18,0.34
teen_social_life_support_055,55,ok,,,late_night_use,1.0,0.08,0.42
teen_social_life_support_055,55,ok,,,sleep_interference,1.0,0.14,0.36
teen_social_life_support_055,55,ok,,,social_comparison,1.0,0.1,0.42
teen_social_life_support_055,55,ok,,,connection_effect,1.0,0.12,0.52
teen_social_life_support_055,55,ok,,,parental_rules,1.0,0.12,0.42
teen_social_life_support_055,55,ok,,,primary_platform,1.0,0.02,0.33
teen_social_life_support_055,55,ok,,,school_effort,1.0,0.02,0.54
teen_social_life_support_055,55,ok,,,academic_confidence,1.0,0.03,0.52
teen_social_life_support_055,55,ok,,,homework_distraction,1.0,0.1,0.42
teen_social_life_support_055,55,ok,,,organized_activity,1.0,0.16,0.36
teen_social_life_support_055,55,ok,,,career_clarity,1.0,0.14,0.38
teen_social_life_support_055,55,ok,,,future_optimism,1.0,0.03,0.6
teen_social_life_support_055,55,ok,,,peer_belonging,1.0,0.04,0.42
teen_social_life_support_056,56,ok,,,social_media_hours,1.0,0.1,0.55
teen_social_life_support_056,56,ok,,,posting_frequency,1.0,0.12,0.4
teen_social_life_support_056,56,ok,,,late_night_use,1.0,0.08,0.43
teen_social_life_support_056,56,ok,,,sleep_interference,1.0,0.12,0.38
teen_social_life_support_056,56,ok,,,social_comparison,1.0,0.12,0.38
teen_social_life_support_056,56,ok,,,connection_effect,1.0,0.08,0.62
teen_social_life_support_056,56,ok,,,parental_rules,1.0,0.1,0.42
teen_social_life_support_056,56,ok,,,primary_platform,1.0000000000000002,0.03,0.3
teen_social_life_support_056,56,ok,,,school_effort,1.0,0.01,0.75
teen_social_life_support_056,56,ok,,,academic_confidence,1.0,0.01,0.7
teen_social_life_support_056,56,ok,,,homework_distraction,1.0,0.1,0.42
teen_social_life_support_056,56,ok,,,organized_activity,1.0,0.08,0.55
teen_social_life_support_056,56,ok,,,career_clarity,1.0,0.03,0.48
teen_social_life_support_056,56,ok,,,future_optimism,1.0,0.01,0.82
teen_social_life_support_056,56,ok,,,peer_belonging,1.0,0.02,0.62
teen_social_life_support_057,57,ok,,,social_media_hours,1.0,0.18,0.52
teen_social_life_support_057,57,ok,,,posting_frequency,1.0,0.15,0.32
teen_social_life_support_057,57,ok,,,late_night_use,1.0,0.18,0.32
teen_social_life_support_057,57,ok,,,sleep_interference,1.0,0.12,0.34
teen_social_life_support_057,57,ok,,,social_comparison,1.0,0.1,0.42
teen_social_life_support_057,57,ok,,,connection_effect,1.0,0.18,0.44
teen_social_life_support_057,57,ok,,,parental_rules,1.0,0.16,0.34
teen_social_life_support_057,57,ok,,,primary_platform,1.0,0.07,0.23
teen_social_life_support_057,57,ok,,,school_effort,1.0,0.04,0.42
teen_social_life_support_057,57,ok,,,academic_confidence,1.0,0.1,0.44
teen_social_life_support_057,57,ok,,,homework_distraction,0.9999999999999999,0.13,0.35
teen_social_life_support_057,57,ok,,,organized_activity,1.0,0.2,0.34
teen_social_life_support_057,57,ok,,,career_clarity,1.0,0.12,0.38
teen_social_life_support_057,57,ok,,,future_optimism,1.0,0.12,0.4
teen_social_life_support_057,57,ok,,,peer_belonging,1.0,0.05,0.55
teen_social_life_support_058,58,ok,,,social_media_hours,1.0,0.18,0.55
teen_social_life_support_058,58,ok,,,posting_frequency,1.0,0.11,0.34
teen_social_life_support_058,58,ok,,,late_night_use,1.0,0.12,0.4
teen_social_life_support_058,58,ok,,,sleep_interference,1.0,0.18,0.34
teen_social_life_support_058,58,ok,,,social_comparison,1.0,0.08,0.47
teen_social_life_support_058,58,ok,,,connection_effect,1.0,0.2,0.48
teen_social_life_support_058,58,ok,,,parental_rules,1.0,0.12,0.38
teen_social_life_support_058,58,ok,,,primary_platform,1.0,0.02,0.25
teen_social_life_support_058,58,ok,,,school_effort,1.0,0.03,0.47
teen_social_life_support_058,58,ok,,,academic_confidence,1.0,0.08,0.44
teen_social_life_support_058,58,ok,,,homework_distraction,1.0,0.15,0.4
teen_social_life_support_058,58,ok,,,organized_activity,1.0,0.18,0.32
teen_social_life_support_058,58,ok,,,career_clarity,1.0,0.12,0.39
teen_social_life_support_058,58,ok,,,future_optimism,1.0,0.1,0.43
teen_social_life_support_058,58,ok,,,peer_belonging,1.0,0.02,0.7
teen_social_life_support_059,59,ok,,,social_media_hours,1.0,0.12,0.56
teen_social_life_support_059,59,ok,,,posting_frequency,1.0,0.14,0.35
teen_social_life_support_059,59,ok,,,late_night_use,1.0,0.08,0.42
teen_social_life_support_059,59,ok,,,sleep_interference,1.0,0.12,0.38
teen_social_life_support_059,59,ok,,,social_comparison,1.0,0.1,0.43
teen_social_life_support_059,59,ok,,,connection_effect,1.0,0.16,0.47
teen_social_life_support_059,59,ok,,,parental_rules,1.0,0.12,0.38
teen_social_life_support_059,59,ok,,,primary_platform,1.0,0.03,0.3
teen_social_life_support_059,59,ok,,,school_effort,1.0,0.02,0.56
teen_social_life_support_059,59,ok,,,academic_confidence,1.0,0.04,0.52
teen_social_life_support_059,59,ok,,,homework_distraction,1.0,0.1,0.39
teen_social_life_support_059,59,ok,,,organized_activity,1.0,0.18,0.33
teen_social_life_support_059,59,ok,,,career_clarity,1.0,0.14,0.37
teen_social_life_support_059,59,ok,,,future_optimism,1.0,0.05,0.5
teen_social_life_support_059,59,ok,,,peer_belonging,1.0,0.04,0.56
teen_social_life_support_060,60,ok,,,social_media_hours,1.0,0.06,0.48
teen_social_life_support_060,60,ok,,,posting_frequency,1.0,0.08,0.47
teen_social_life_support_060,60,ok,,,late_night_use,1.0,0.08,0.43
teen_social_life_support_060,60,ok,,,sleep_interference,1.0,0.12,0.4
teen_social_life_support_060,60,ok,,,social_comparison,1.0,0.12,0.42
teen_social_life_support_060,60,ok,,,connection_effect,1.0,0.05,0.72
teen_social_life_support_060,60,ok,,,parental_rules,1.0,0.13,0.38
teen_social_life_support_060,60,ok,,,primary_platform,1.0,0.01,0.3
teen_social_life_support_060,60,ok,,,school_effort,1.0,0.02,0.6
teen_social_life_support_060,60,ok,,,academic_confidence,1.0,0.03,0.45
teen_social_life_support_060,60,ok,,,homework_distraction,1.0,0.09,0.44
teen_social_life_support_060,60,ok,,,organized_activity,1.0,0.15,0.42
teen_social_life_support_060,60,ok,,,career_clarity,1.0,0.12,0.36
teen_social_life_support_060,60,ok,,,future_optimism,1.0,0.03,0.45
teen_social_life_support_060,60,ok,,,peer_belonging,1.0,0.02,0.82
teen_social_life_support_061,61,ok,,,social_media_hours,1.0,0.07,0.62
teen_social_life_support_061,61,ok,,,posting_frequency,1.0,0.07,0.38
teen_social_life_support_061,61,ok,,,late_night_use,1.0,0.07,0.4
teen_social_life_support_061,61,ok,,,sleep_interference,1.0,0.05,0.45
teen_social_life_support_061,61,ok,,,social_comparison,1.0,0.09,0.38
teen_social_life_support_061,61,ok,,,connection_effect,1.0,0.14,0.47
teen_social_life_support_061,61,ok,,,parental_rules,1.0,0.1,0.42
teen_social_life_support_061,61,ok,,,primary_platform,1.0,0.08,0.28
teen_social_life_support_061,61,ok,,,school_effort,1.0,0.02,0.58
teen_social_life_support_061,61,ok,,,academic_confidence,1.0,0.03,0.45
teen_social_life_support_061,61,ok,,,homework_distraction,1.0,0.04,0.48
teen_social_life_support_061,61,ok,,,organized_activity,1.0,0.12,0.45
teen_social_life_support_061,61,ok,,,career_clarity,1.0,0.15,0.35
teen_social_life_support_061,61,ok,,,future_optimism,1.0,0.04,0.48
teen_social_life_support_061,61,ok,,,peer_belonging,1.0,0.04,0.5
teen_social_life_support_062,62,ok,,,social_media_hours,1.0,0.04,0.9
teen_social_life_support_062,62,ok,,,posting_frequency,1.0,0.12,0.42
teen_social_life_support_062,62,ok,,,late_night_use,1.0,0.12,0.38
teen_social_life_support_062,62,ok,,,sleep_interference,1.0,0.1,0.42
teen_social_life_support_062,62,ok,,,social_comparison,1.0,0.13,0.38
teen_social_life_support_062,62,ok,,,connection_effect,1.0,0.08,0.62
teen_social_life_support_062,62,ok,,,parental_rules,1.0,0.12,0.38
teen_social_life_support_062,62,ok,,,primary_platform,1.0000000000000002,0.01,0.32
teen_social_life_support_062,62,ok,,,school_effort,1.0,0.02,0.6
teen_social_life_support_062,62,ok,,,academic_confidence,1.0,0.03,0.48
teen_social_life_support_062,62,ok,,,homework_distraction,1.0,0.12,0.38
teen_social_life_support_062,62,ok,,,organized_activity,1.0,0.14,0.4
teen_social_life_support_062,62,ok,,,career_clarity,1.0,0.14,0.36
teen_social_life_support_062,62,ok,,,future_optimism,1.0,0.03,0.47
teen_social_life_support_062,62,ok,,,peer_belonging,1.0,0.04,0.49
teen_social_life_support_063,63,ok,,,social_media_hours,1.0,0.08,0.6
teen_social_life_support_063,63,ok,,,posting_frequency,1.0,0.12,0.38
teen_social_life_support_063,63,ok,,,late_night_use,1.0,0.06,0.4
teen_social_life_support_063,63,ok,,,sleep_interference,1.0,0.08,0.4
teen_social_life_support_063,63,ok,,,social_comparison,1.0,0.08,0.43
teen_social_life_support_063,63,ok,,,connection_effect,1.0,0.12,0.63
teen_social_life_support_063,63,ok,,,parental_rules,1.0,0.12,0.38
teen_social_life_support_063,63,ok,,,primary_platform,1.0,0.01,0.34
teen_social_life_support_063,63,ok,,,school_effort,1.0,0.02,0.6
teen_social_life_support_063,63,ok,,,academic_confidence,1.0,0.04,0.44
teen_social_life_support_063,63,ok,,,homework_distraction,1.0,0.06,0.43
teen_social_life_support_063,63,ok,,,organized_activity,1.0,0.18,0.37
teen_social_life_support_063,63,ok,,,career_clarity,1.0,0.15,0.35
teen_social_life_support_063,63,ok,,,future_optimism,1.0,0.04,0.46
teen_social_life_support_063,63,ok,,,peer_belonging,1.0,0.04,0.46
teen_social_life_support_064,64,ok,,,social_media_hours,1.0,0.14,0.46
teen_social_life_support_064,64,ok,,,posting_frequency,1.0,0.02,0.82
teen_social_life_support_064,64,ok,,,late_night_use,0.9999999999999999,0.1,0.36
teen_social_life_support_064,64,ok,,,sleep_interference,1.0,0.07,0.41
teen_social_life_support_064,64,ok,,,social_comparison,0.9999999999999999,0.08,0.42
teen_social_life_support_064,64,ok,,,connection_effect,1.0,0.12,0.55
teen_social_life_support_064,64,ok,,,parental_rules,1.0,0.1,0.42
teen_social_life_support_064,64,ok,,,primary_platform,1.0,0.08,0.26
teen_social_life_support_064,64,ok,,,school_effort,1.0,0.01,0.69
teen_social_life_support_064,64,ok,,,academic_confidence,1.0,0.02,0.45
teen_social_life_support_064,64,ok,,,homework_distraction,1.0,0.07,0.38
teen_social_life_support_064,64,ok,,,organized_activity,1.0,0.13,0.42
teen_social_life_support_064,64,ok,,,career_clarity,1.0,0.15,0.35
teen_social_life_support_064,64,ok,,,future_optimism,1.0,0.04,0.49
teen_social_life_support_064,64,ok,,,peer_belonging,1.0,0.03,0.47
teen_social_life_support_065,65,ok,,,social_media_hours,1.0,0.16,0.56
teen_social_life_support_065,65,ok,,,posting_frequency,0.9999999999999999,0.08,0.5
teen_social_life_support_065,65,ok,,,late_night_use,1.0,0.13,0.39
teen_social_life_support_065,65,ok,,,sleep_interference,1.0,0.1,0.4
teen_social_life_support_065,65,ok,,,social_comparison,1.0,0.12,0.38
teen_social_life_support_065,65,ok,,,connection_effect,1.0,0.12,0.45
teen_social_life_support_065,65,ok,,,parental_rules,1.0000000000000002,0.11,0.42
teen_social_life_support_065,65,ok,,,primary_platform,1.0,0.04,0.23
teen_social_life_support_065,65,ok,,,school_effort,1.0,0.02,0.58
teen_social_life_support_065,65,ok,,,academic_confidence,1.0,0.03,0.47
teen_social_life_support_065,65,ok,,,homework_distraction,0.9999999999999999,0.09,0.41
teen_social_life_support_065,65,ok,,,organized_activity,1.0,0.12,0.41
teen_social_life_support_065,65,ok,,,career_clarity,1.0,0.15,0.36
teen_social_life_support_065,65,ok,,,future_optimism,1.0,0.04,0.46
teen_social_life_support_065,65,ok,,,peer_belonging,1.0,0.04,0.42
teen_social_life_support_066,66,ok,,,social_media_hours,1.0,0.08,0.62
teen_social_life_support_066,66,ok,,,posting_frequency,1.0,0.02,0.75
teen_social_life_support_066,66,ok,,,late_night_use,1.0,0.08,0.46
teen_social_life_support_066,66,ok,,,sleep_interference,1.0,0.14,0.36
teen_social_life_support_066,66,ok,,,social_comparison,1.0,0.1,0.42
teen_social_life_support_066,66,ok,,,connection_effect,1.0,0.09,0.66
teen_social_life_support_066,66,ok,,,parental_rules,1.0,0.12,0.39
teen_social_life_support_066,66,ok,,,primary_platform,1.0,0.01,0.32
teen_social_life_support_066,66,ok,,,school_effort,1.0,0.02,0.59
teen_social_life_support_066,66,ok,,,academic_confidence,1.0,0.03,0.46
teen_social_life_support_066,66,ok,,,homework_distraction,1.0,0.1,0.43
teen_social_life_support_066,66,ok,,,organized_activity,1.0,0.15,0.4
teen_social_life_support_066,66,ok,,,career_clarity,1.0,0.15,0.35
teen_social_life_support_066,66,ok,,,future_optimism,1.0,0.04,0.49
teen_social_life_support_066,66,ok,,,peer_belonging,1.0,0.03,0.47
teen_social_life_support_067,67,ok,,,social_media_hours,1.0,0.08,0.48
teen_social_life_support_067,67,ok,,,posting_frequency,1.0,0.03,0.55
teen_social_life_support_067,67,ok,,,late_night_use,1.0,0.05,0.43
teen_social_life_support_067,67,ok,,,sleep_interference,1.0,0.1,0.42
teen_social_life_support_067,67,ok,,,social_comparison,1.0,0.08,0.46
teen_social_life_support_067,67,ok,,,connection_effect,1.0,0.08,0.64
teen_social_life_support_067,67,ok,,,parental_rules,1.0000000000000002,0.1,0.38
teen_social_life_support_067,67,ok,,,primary_platform,1.0,0.01,0.32
teen_social_life_support_067,67,ok,,,school_effort,1.0,0.02,0.54
teen_social_life_support_067,67,ok,,,academic_confidence,1.0,0.04,0.48
teen_social_life_support_067,67,ok,,,homework_distraction,1.0,0.08,0.46
teen_social_life_support_067,67,ok,,,organized_activity,1.0,0.16,0.38
teen_social_life_support_067,67,ok,,,career_clarity,1.0,0.16,0.34
teen_social_life_support_067,67,ok,,,future_optimism,1.0,0.04,0.46
teen_social_life_support_067,67,ok,,,peer_belonging,1.0,0.04,0.46
teen_social_life_support_068,68,ok,,,social_media_hours,1.0,0.1,0.5
teen_social_life_support_068,68,ok,,,posting_frequency,0.9999999999999999,0.1,0.35
teen_social_life_support_068,68,ok,,,late_night_use,1.0,0.02,0.82
teen_social_life_support_068,68,ok,,,sleep_interference,1.0,0.02,0.68
teen_social_life_support_068,68,ok,,,social_comparison,0.9999999999999999,0.08,0.42
teen_social_life_support_068,68,ok,,,connection_effect,1.0,0.08,0.52
teen_social_life_support_068,68,ok,,,parental_rules,1.0,0.04,0.45
teen_social_life_support_068,68,ok,,,primary_platform,1.0,0.06,0.24
teen_social_life_support_068,68,ok,,,school_effort,1.0,0.01,0.75
teen_social_life_support_068,68,ok,,,academic_confidence,1.0,0.02,0.52
teen_social_life_support_068,68,ok,,,homework_distraction,1.0,0.02,0.62
teen_social_life_support_068,68,ok,,,organized_activity,1.0,0.12,0.5
teen_social_life_support_068,68,ok,,,career_clarity,1.0,0.12,0.38
teen_social_life_support_068,68,ok,,,future_optimism,1.0,0.03,0.48
teen_social_life_support_068,68,ok,,,peer_belonging,1.0,0.03,0.47
teen_social_life_support_069,69,ok,,,social_media_hours,1.0,0.2,0.58
teen_social_life_support_069,69,ok,,,posting_frequency,1.0,0.14,0.32
teen_social_life_support_069,69,ok,,,late_night_use,0.9999999999999999,0.08,0.46
teen_social_life_support_069,69,ok,,,sleep_interference,1.0,0.06,0.42
teen_social_life_support_069,69,ok,,,social_comparison,1.0000000000000002,0.11,0.37
teen_social_life_support_069,69,ok,,,connection_effect,1.0,0.12,0.5
teen_social_life_support_069,69,ok,,,parental_rules,1.0,0.12,0.38
teen_social_life_support_069,69,ok,,,primary_platform,1.0,0.03,0.26
teen_social_life_support_069,69,ok,,,school_effort,1.0,0.02,0.56
teen_social_life_support_069,69,ok,,,academic_confidence,1.0,0.03,0.47
teen_social_life_support_069,69,ok,,,homework_distraction,1.0,0.1,0.38
teen_social_life_support_069,69,ok,,,organized_activity,1.0,0.14,0.41
teen_social_life_support_069,69,ok,,,career_clarity,1.0,0.13,0.4
teen_social_life_support_069,69,ok,,,future_optimism,1.0,0.04,0.5
teen_social_life_support_069,69,ok,,,peer_belonging,1.0,0.04,0.47
teen_social_life_support_070,70,ok,,,social_media_hours,1.0,0.12,0.58
teen_social_life_support_070,70,ok,,,posting_frequency,1.0,0.18,0.34
teen_social_life_support_070,70,ok,,,late_night_use,1.0,0.03,0.72
teen_social_life_support_070,70,ok,,,sleep_interference,1.0,0.12,0.43
teen_social_life_support_070,70,ok,,,social_comparison,1.0,0.12,0.4
teen_social_life_support_070,70,ok,,,connection_effect,1.0,0.1,0.55
teen_social_life_support_070,70,ok,,,parental_rules,1.0,0.1,0.42
teen_social_life_support_070,70,ok,,,primary_platform,1.0,0.01,0.34
teen_social_life_support_070,70,ok,,,school_effort,1.0,0.02,0.6
teen_social_life_support_070,70,ok,,,academic_confidence,1.0,0.03,0.48
teen_social_life_support_070,70,ok,,,homework_distraction,1.0,0.1,0.47
teen_social_life_support_070,70,ok,,,organized_activity,1.0,0.14,0.43
teen_social_life_support_070,70,ok,,,career_clarity,1.0,0.15,0.34
teen_social_life_support_070,70,ok,,,future_optimism,1.0,0.04,0.48
teen_social_life_support_070,70,ok,,,peer_belonging,1.0,0.04,0.49
teen_social_life_support_071,71,ok,,,social_media_hours,1.0,0.08,0.52
teen_social_life_support_071,71,ok,,,posting_frequency,1.0,0.12,0.4
teen_social_life_support_071,71,ok,,,late_night_use,1.0,0.05,0.54
teen_social_life_support_071,71,ok,,,sleep_interference,1.0,0.07,0.43
teen_social_life_support_071,71,ok,,,social_comparison,1.0,0.1,0.42
teen_social_life_support_071,71,ok,,,connection_effect,1.0,0.12,0.54
teen_social_life_support_071,71,ok,,,parental_rules,1.0000000000000002,0.1,0.38
teen_social_life_support_071,71,ok,,,primary_platform,1.0,0.01,0.35
teen_social_life_support_071,71,ok,,,school_effort,1.0,0.03,0.53
teen_social_life_support_071,71,ok,,,academic_confidence,1.0,0.04,0.48
teen_social_life_support_071,71,ok,,,homework_distraction,1.0,0.08,0.45
teen_social_life_support_071,71,ok,,,organized_activity,1.0,0.17,0.31
teen_social_life_support_071,71,ok,,,career_clarity,1.0,0.14,0.38
teen_social_life_support_071,71,ok,,,future_optimism,1.0,0.05,0.5
teen_social_life_support_071,71,ok,,,peer_belonging,1.0,0.05,0.43
teen_social_life_support_072,72,ok,,,social_media_hours,1.0,0.1,0.45
teen_social_life_support_072,72,ok,,,posting_frequency,0.9999999999999999,0.1,0.35
teen_social_life_support_072,72,ok,,,late_night_use,1.0,0.02,0.65
teen_social_life_support_072,72,ok,,,sleep_interference,1.0,0.01,0.82
teen_social_life_support_072,72,ok,,,social_comparison,0.9999999999999999,0.08,0.35
teen_social_life_support_072,72,ok,,,connection_effect,1.0,0.08,0.47
teen_social_life_support_072,72,ok,,,parental_rules,1.0,0.08,0.45
teen_social_life_support_072,72,ok,,,primary_platform,1.0,0.03,0.28
teen_social_life_support_072,72,ok,,,school_effort,1.0,0.02,0.6
teen_social_life_support_072,72,ok,,,academic_confidence,1.0,0.02,0.55
teen_social_life_support_072,72,ok,,,homework_distraction,1.0,0.03,0.55
teen_social_life_support_072,72,ok,,,organized_activity,1.0,0.1,0.45
teen_social_life_support_072,72,ok,,,career_clarity,1.0,0.12,0.38
teen_social_life_support_072,72,ok,,,future_optimism,1.0,0.03,0.45
teen_social_life_support_072,72,ok,,,peer_belonging,1.0,0.03,0.5
teen_social_life_support_073,73,ok,,,social_media_hours,1.0,0.18,0.58
teen_social_life_support_073,73,ok,,,posting_frequency,1.0,0.16,0.32
teen_social_life_support_073,73,ok,,,late_night_use,1.0,0.12,0.39
teen_social_life_support_073,73,ok,,,sleep_interference,1.0,0.06,0.48
teen_social_life_support_073,73,ok,,,social_comparison,1.0,0.12,0.36
teen_social_life_support_073,73,ok,,,connection_effect,1.0,0.1,0.47
teen_social_life_support_073,73,ok,,,parental_rules,1.0,0.14,0.36
teen_social_life_support_073,73,ok,,,primary_platform,1.0,0.02,0.28
teen_social_life_support_073,73,ok,,,school_effort,1.0,0.02,0.58
teen_social_life_support_073,73,ok,,,academic_confidence,1.0,0.03,0.48
teen_social_life_support_073,73,ok,,,homework_distraction,0.9999999999999999,0.1,0.42
teen_social_life_support_073,73,ok,,,organized_activity,1.0,0.17,0.35
teen_social_life_support_073,73,ok,,,career_clarity,1.0,0.13,0.38
teen_social_life_support_073,73,ok,,,future_optimism,1.0,0.04,0.49
teen_social_life_support_073,73,ok,,,peer_belonging,1.0,0.03,0.5
teen_social_life_support_074,74,ok,,,social_media_hours,1.0,0.08,0.48
teen_social_life_support_074,74,ok,,,posting_frequency,1.0,0.18,0.34
teen_social_life_support_074,74,ok,,,late_night_use,1.0,0.03,0.55
teen_social_life_support_074,74,ok,,,sleep_interference,1.0,0.02,0.78
teen_social_life_support_074,74,ok,,,social_comparison,1.0,0.06,0.51
teen_social_life_support_074,74,ok,,,connection_effect,1.0,0.12,0.53
teen_social_life_support_074,74,ok,,,parental_rules,1.0,0.14,0.38
teen_social_life_support_074,74,ok,,,primary_platform,1.0,0.01,0.3
teen_social_life_support_074,74,ok,,,school_effort,1.0,0.01,0.62
teen_social_life_support_074,74,ok,,,academic_confidence,1.0,0.03,0.49
teen_social_life_support_074,74,ok,,,homework_distraction,1.0,0.05,0.53
teen_social_life_support_074,74,ok,,,organized_activity,1.0,0.16,0.38
teen_social_life_support_074,74,ok,,,career_clarity,1.0,0.13,0.35
teen_social_life_support_074,74,ok,,,future_optimism,1.0,0.04,0.48
teen_social_life_support_074,74,ok,,,peer_belonging,1.0,0.03,0.5
teen_social_life_support_075,75,ok,,,social_media_hours,1.0,0.04,0.58
teen_social_life_support_075,75,ok,,,posting_frequency,1.0,0.12,0.4
teen_social_life_support_075,75,ok,,,late_night_use,1.0,0.02,0.53
teen_social_life_support_075,75,ok,,,sleep_interference,1.0,0.03,0.5
teen_social_life_support_075,75,ok,,,social_comparison,1.0,0.08,0.45
teen_social_life_support_075,75,ok,,,connection_effect,1.0,0.12,0.55
teen_social_life_support_075,75,ok,,,parental_rules,1.0,0.14,0.36
teen_social_life_support_075,75,ok,,,primary_platform,1.0,0.01,0.32
teen_social_life_support_075,75,ok,,,school_effort,1.0,0.02,0.58
teen_social_life_support_075,75,ok,,,academic_confidence,1.0,0.03,0.49
teen_social_life_support_075,75,ok,,,homework_distraction,1.0,0.04,0.46
teen_social_life_support_075,75,ok,,,organized_activity,1.0,0.18,0.38
teen_social_life_support_075,75,ok,,,career_clarity,1.0,0.12,0.36
teen_social_life_support_075,75,ok,,,future_optimism,1.0,0.04,0.51
teen_social_life_support_075,75,ok,,,peer_belonging,1.0,0.04,0.45
teen_social_life_support_076,76,ok,,,social_media_hours,0.9999999999999999,0.11,0.47
teen_social_life_support_076,76,ok,,,posting_frequency,1.0,0.07,0.45
teen_social_life_support_076,76,ok,,,late_night_use,1.0,0.06,0.4
teen_social_life_support_076,76,ok,,,sleep_interference,1.0,0.04,0.55
teen_social_life_support_076,76,ok,,,social_comparison,1.0,0.01,0.86
teen_social_life_support_076,76,ok,,,connection_effect,1.0,0.05,0.5
teen_social_life_support_076,76,ok,,,parental_rules,1.0,0.1,0.42
teen_social_life_support_076,76,ok,,,primary_platform,1.0,0.05,0.28
teen_social_life_support_076,76,ok,,,school_effort,1.0,0.01,0.67
teen_social_life_support_076,76,ok,,,academic_confidence,1.0,0.02,0.55
teen_social_life_support_076,76,ok,,,homework_distraction,1.0,0.05,0.48
teen_social_life_support_076,76,ok,,,organized_activity,1.0,0.1,0.49
teen_social_life_support_076,76,ok,,,career_clarity,1.0,0.1,0.38
teen_social_life_support_076,76,ok,,,future_optimism,1.0,0.02,0.52
teen_social_life_support_076,76,ok,,,peer_belonging,1.0,0.02,0.63
teen_social_life_support_077,77,ok,,,social_media_hours,1.0,0.18,0.58
teen_social_life_support_077,77,ok,,,posting_frequency,1.0,0.14,0.35
teen_social_life_support_077,77,ok,,,late_night_use,1.0,0.16,0.34
teen_social_life_support_077,77,ok,,,sleep_interference,0.9999999999999999,0.08,0.38
teen_social_life_support_077,77,ok,,,social_comparison,1.0,0.04,0.5
teen_social_life_support_077,77,ok,,,connection_effect,1.0,0.1,0.51
teen_social_life_support_077,77,ok,,,parental_rules,1.0,0.12,0.38
teen_social_life_support_077,77,ok,,,primary_platform,1.0,0.02,0.28
teen_social_life_support_077,77,ok,,,school_effort,1.0,0.01,0.65
teen_social_life_support_077,77,ok,,,academic_confidence,1.0,0.03,0.45
teen_social_life_support_077,77,ok,,,homework_distraction,1.0000000000000002,0.1,0.4
teen_social_life_support_077,77,ok,,,organized_activity,1.0,0.13,0.43
teen_social_life_support_077,77,ok,,,career_clarity,1.0,0.14,0.36
teen_social_life_support_077,77,ok,,,future_optimism,1.0,0.03,0.48
teen_social_life_support_077,77,ok,,,peer_belonging,1.0,0.02,0.55
teen_social_life_support_078,78,ok,,,social_media_hours,1.0,0.08,0.5
teen_social_life_support_078,78,ok,,,posting_frequency,1.0,0.18,0.34
teen_social_life_support_078,78,ok,,,late_night_use,1.0,0.06,0.46
teen_social_life_support_078,78,ok,,,sleep_interference,1.0,0.1,0.43
teen_social_life_support_078,78,ok,,,social_comparison,0.9999999999999999,0.03,0.72
teen_social_life_support_078,78,ok,,,connection_effect,1.0,0.12,0.55
teen_social_life_support_078,78,ok,,,parental_rules,1.0,0.13,0.38
teen_social_life_support_078,78,ok,,,primary_platform,1.0,0.01,0.32
teen_social_life_support_078,78,ok,,,school_effort,1.0,0.02,0.6
teen_social_life_support_078,78,ok,,,academic_confidence,1.0,0.03,0.54
teen_social_life_support_078,78,ok,,,homework_distraction,1.0,0.08,0.47
teen_social_life_support_078,78,ok,,,organized_activity,0.9999999999999999,0.15,0.36
teen_social_life_support_078,78,ok,,,career_clarity,1.0,0.14,0.38
teen_social_life_support_078,78,ok,,,future_optimism,1.0,0.04,0.52
teen_social_life_support_078,78,ok,,,peer_belonging,1.0,0.04,0.44
teen_social_life_support_079,79,ok,,,social_media_hours,1.0,0.08,0.47
teen_social_life_support_079,79,ok,,,posting_frequency,1.0,0.12,0.42
teen_social_life_support_079,79,ok,,,late_night_use,1.0,0.07,0.43
teen_social_life_support_079,79,ok,,,sleep_interference,1.0,0.1,0.42
teen_social_life_support_079,79,ok,,,social_comparison,1.0,0.03,0.5
teen_social_life_support_079,79,ok,,,connection_effect,1.0,0.22,0.44
teen_social_life_support_079,79,ok,,,parental_rules,1.0,0.12,0.36
teen_social_life_support_079,79,ok,,,primary_platform,1.0000000000000002,0.01,0.34
teen_social_life_support_079,79,ok,,,school_effort,1.0,0.03,0.49
teen_social_life_support_079,79,ok,,,academic_confidence,1.0,0.06,0.48
teen_social_life_support_079,79,ok,,,homework_distraction,1.0,0.08,0.44
teen_social_life_support_079,79,ok,,,organized_activity,1.0,0.16,0.35
teen_social_life_support_079,79,ok,,,career_clarity,1.0,0.14,0.37
teen_social_life_support_079,79,ok,,,future_optimism,1.0,0.06,0.48
teen_social_life_support_079,79,ok,,,peer_belonging,1.0,0.07,0.44
teen_social_life_support_080,80,ok,,,social_media_hours,1.0,0.08,0.55
teen_social_life_support_080,80,ok,,,posting_frequency,1.0,0.14,0.31
teen_social_life_support_080,80,ok,,,late_night_use,1.0,0.06,0.39
teen_social_life_support_080,80,ok,,,sleep_interference,1.0,0.08,0.4
teen_social_life_support_080,80,ok,,,social_comparison,1.0,0.03,0.45
teen_social_life_support_080,80,ok,,,connection_effect,1.0,0.04,0.82
teen_social_life_support_080,80,ok,,,parental_rules,1.0,0.15,0.35
teen_social_life_support_080,80,ok,,,primary_platform,1.0,0.01,0.31
teen_social_life_support_080,80,ok,,,school_effort,1.0,0.03,0.53
teen_social_life_support_080,80,ok,,,academic_confidence,1.0,0.08,0.46
teen_social_life_support_080,80,ok,,,homework_distraction,1.0,0.07,0.43
teen_social_life_support_080,80,ok,,,organized_activity,1.0,0.18,0.35
teen_social_life_support_080,80,ok,,,career_clarity,1.0,0.16,0.35
teen_social_life_support_080,80,ok,,,future_optimism,1.0,0.07,0.47
teen_social_life_support_080,80,ok,,,peer_belonging,1.0,0.12,0.41
teen_social_life_support_081,81,ok,,,social_media_hours,1.0,0.12,0.58
teen_social_life_support_081,81,ok,,,posting_frequency,1.0,0.15,0.32
teen_social_life_support_081,81,ok,,,late_night_use,1.0,0.13,0.39
teen_social_life_support_081,81,ok,,,sleep_interference,1.0,0.12,0.38
teen_social_life_support_081,81,ok,,,social_comparison,1.0,0.13,0.36
teen_social_life_support_081,81,ok,,,connection_effect,1.0,0.17,0.58
teen_social_life_support_081,81,ok,,,parental_rules,1.0,0.12,0.39
teen_social_life_support_081,81,ok,,,primary_platform,0.9999999999999999,0.01,0.27
teen_social_life_support_081,81,ok,,,school_effort,1.0,0.03,0.51
teen_social_life_support_081,81,ok,,,academic_confidence,1.0,0.05,0.48
teen_social_life_support_081,81,ok,,,homework_distraction,1.0,0.12,0.37
teen_social_life_support_081,81,ok,,,organized_activity,1.0,0.18,0.34
teen_social_life_support_081,81,ok,,,career_clarity,1.0,0.12,0.39
teen_social_life_support_081,81,ok,,,future_optimism,1.0,0.04,0.52
teen_social_life_support_081,81,ok,,,peer_belonging,1.0,0.04,0.41
teen_social_life_support_082,82,ok,,,social_media_hours,1.0,0.06,0.48
teen_social_life_support_082,82,ok,,,posting_frequency,1.0,0.05,0.42
teen_social_life_support_082,82,ok,,,late_night_use,1.0,0.04,0.44
teen_social_life_support_082,82,ok,,,sleep_interference,1.0,0.08,0.43
teen_social_life_support_082,82,ok,,,social_comparison,1.0,0.08,0.45
teen_social_life_support_082,82,ok,,,connection_effect,1.0,0.02,0.91
teen_social_life_support_082,82,ok,,,parental_rules,1.0,0.12,0.4
teen_social_life_support_082,82,ok,,,primary_platform,1.0,0.01,0.31
teen_social_life_support_082,82,ok,,,school_effort,1.0,0.02,0.59
teen_social_life_support_082,82,ok,,,academic_confidence,1.0,0.03,0.43
teen_social_life_support_082,82,ok,,,homework_distraction,1.0,0.07,0.43
teen_social_life_support_082,82,ok,,,organized_activity,1.0,0.12,0.42
teen_social_life_support_082,82,ok,,,career_clarity,1.0,0.08,0.42
teen_social_life_support_082,82,ok,,,future_optimism,1.0,0.03,0.48
teen_social_life_support_082,82,ok,,,peer_belonging,1.0,0.02,0.59
teen_social_life_support_083,83,ok,,,social_media_hours,1.0,0.1,0.5
teen_social_life_support_083,83,ok,,,posting_frequency,1.0,0.15,0.35
teen_social_life_support_083,83,ok,,,late_night_use,1.0,0.08,0.4
teen_social_life_support_083,83,ok,,,sleep_interference,1.0,0.12,0.38
teen_social_life_support_083,83,ok,,,social_comparison,1.0,0.1,0.42
teen_social_life_support_083,83,ok,,,connection_effect,1.0,0.1,0.6
teen_social_life_support_083,83,ok,,,parental_rules,1.0,0.03,0.56
teen_social_life_support_083,83,ok,,,primary_platform,1.0,0.01,0.32
teen_social_life_support_083,83,ok,,,school_effort,1.0,0.03,0.5
teen_social_life_support_083,83,ok,,,academic_confidence,1.0,0.05,0.4
teen_social_life_support_083,83,ok,,,homework_distraction,1.0,0.1,0.42
teen_social_life_support_083,83,ok,,,organized_activity,1.0,0.15,0.4
teen_social_life_support_083,83,ok,,,career_clarity,1.0,0.16,0.34
teen_social_life_support_083,83,ok,,,future_optimism,1.0,0.05,0.45
teen_social_life_support_083,83,ok,,,peer_belonging,1.0,0.05,0.45
teen_social_life_support_084,84,ok,,,social_media_hours,1.0,0.09,0.55
teen_social_life_support_084,84,ok,,,posting_frequency,1.0,0.12,0.41
teen_social_life_support_084,84,ok,,,late_night_use,1.0,0.08,0.42
teen_social_life_support_084,84,ok,,,sleep_interference,1.0,0.14,0.38
teen_social_life_support_084,84,ok,,,social_comparison,1.0,0.12,0.38
teen_social_life_support_084,84,ok,,,connection_effect,1.0,0.08,0.63
teen_social_life_support_084,84,ok,,,parental_rules,1.0,0.03,0.84
teen_social_life_support_084,84,ok,,,primary_platform,1.0,0.01,0.29
teen_social_life_support_084,84,ok,,,school_effort,1.0,0.02,0.56
teen_social_life_support_084,84,ok,,,academic_confidence,1.0,0.03,0.47
teen_social_life_support_084,84,ok,,,homework_distraction,1.0,0.09,0.42
teen_social_life_support_084,84,ok,,,organized_activity,1.0,0.16,0.39
teen_social_life_support_084,84,ok,,,career_clarity,1.0,0.13,0.38
teen_social_life_support_084,84,ok,,,future_optimism,1.0,0.04,0.46
teen_social_life_support_084,84,ok,,,peer_belonging,1.0,0.03,0.47
teen_social_life_support_085,85,ok,,,social_media_hours,1.0,0.15,0.55
teen_social_life_support_085,85,ok,,,posting_frequency,1.0,0.16,0.36
teen_social_life_support_085,85,ok,,,late_night_use,1.0,0.14,0.36
teen_social_life_support_085,85,ok,,,sleep_interference,1.0,0.12,0.38
teen_social_life_support_085,85,ok,,,social_comparison,1.0,0.15,0.35
teen_social_life_support_085,85,ok,,,connection_effect,1.0,0.12,0.54
teen_social_life_support_085,85,ok,,,parental_rules,1.0,0.08,0.55
teen_social_life_support_085,85,ok,,,primary_platform,1.0,0.02,0.28
teen_social_life_support_085,85,ok,,,school_effort,1.0,0.03,0.55
teen_social_life_support_085,85,ok,,,academic_confidence,1.0,0.05,0.48
teen_social_life_support_085,85,ok,,,homework_distraction,1.0,0.15,0.35
teen_social_life_support_085,85,ok,,,organized_activity,1.0,0.16,0.39
teen_social_life_support_085,85,ok,,,career_clarity,1.0,0.15,0.35
teen_social_life_support_085,85,ok,,,future_optimism,1.0,0.05,0.47
teen_social_life_support_085,85,ok,,,peer_belonging,1.0,0.05,0.41
teen_social_life_support_086,86,ok,,,social_media_hours,1.0,0.12,0.5
teen_social_life_support_086,86,ok,,,posting_frequency,1.0,0.1,0.34
teen_social_life_support_086,86,ok,,,late_night_use,1.0,0.06,0.38
teen_social_life_support_086,86,ok,,,sleep_interference,1.0,0.05,0.45
teen_social_life_support_086,86,ok,,,social_comparison,1.0,0.12,0.38
teen_social_life_support_086,86,ok,,,connection_effect,1.0,0.14,0.46
teen_social_life_support_086,86,ok,,,parental_rules,1.0,0.01,0.83
teen_social_life_support_086,86,ok,,,primary_platform,1.0,0.09,0.27
teen_social_life_support_086,86,ok,,,school_effort,1.0,0.02,0.65
teen_social_life_support_086,86,ok,,,academic_confidence,1.0,0.03,0.43
teen_social_life_support_086,86,ok,,,homework_distraction,1.0,0.06,0.43
teen_social_life_support_086,86,ok,,,organized_activity,1.0,0.14,0.47
teen_social_life_support_086,86,ok,,,career_clarity,1.0,0.14,0.39
teen_social_life_support_086,86,ok,,,future_optimism,1.0,0.04,0.45
teen_social_life_support_086,86,ok,,,peer_belonging,1.0,0.05,0.43
teen_social_life_support_087,87,ok,,,social_media_hours,1.0,0.08,0.54
teen_social_life_support_087,87,ok,,,posting_frequency,1.0,0.12,0.4
teen_social_life_support_087,87,ok,,,late_night_use,1.0,0.08,0.43
teen_social_life_support_087,87,ok,,,sleep_interference,1.0,0.14,0.36
teen_social_life_support_087,87,ok,,,social_comparison,1.0,0.14,0.39
teen_social_life_support_087,87,ok,,,connection_effect,1.0,0.12,0.54
teen_social_life_support_087,87,ok,,,parental_rules,1.0,0.14,0.36
teen_social_life_support_087,87,ok,,,primary_platform,1.0,0.02,0.46
teen_social_life_support_087,87,ok,,,school_effort,1.0,0.02,0.58
teen_social_life_support_087,87,ok,,,academic_confidence,1.0,0.03,0.48
teen_social_life_support_087,87,ok,,,homework_distraction,1.0,0.13,0.41
teen_social_life_support_087,87,ok,,,organized_activity,1.0,0.16,0.36
teen_social_life_support_087,87,ok,,,career_clarity,1.0,0.15,0.34
teen_social_life_support_087,87,ok,,,future_optimism,1.0,0.04,0.49
teen_social_life_support_087,87,ok,,,peer_belonging,1.0,0.03,0.42
teen_social_life_support_088,88,ok,,,social_media_hours,1.0,0.05,0.5
teen_social_life_support_088,88,ok,,,posting_frequency,1.0,0.04,0.46
teen_social_life_support_088,88,ok,,,late_night_use,1.0,0.03,0.43
teen_social_life_support_088,88,ok,,,sleep_interference,1.0,0.08,0.44
teen_social_life_support_088,88,ok,,,social_comparison,1.0,0.06,0.48
teen_social_life_support_088,88,ok,,,connection_effect,1.0,0.05,0.67
teen_social_life_support_088,88,ok,,,parental_rules,1.0000000000000002,0.1,0.42
teen_social_life_support_088,88,ok,,,primary_platform,1.0,0.01,0.78
teen_social_life_support_088,88,ok,,,school_effort,1.0,0.02,0.55
teen_social_life_support_088,88,ok,,,academic_confidence,1.0,0.03,0.5
teen_social_life_support_088,88,ok,,,homework_distraction,1.0,0.06,0.47
teen_social_life_support_088,88,ok,,,organized_activity,1.0,0.16,0.4
teen_social_life_support_088,88,ok,,,career_clarity,1.0,0.14,0.35
teen_social_life_support_088,88,ok,,,future_optimism,1.0,0.04,0.48
teen_social_life_support_088,88,ok,,,peer_belonging,1.0,0.03,0.48
teen_social_life_support_089,89,ok,,,social_media_hours,1.0,0.15,0.58
teen_social_life_support_089,89,ok,,,posting_frequency,1.0,0.14,0.36
teen_social_life_support_089,89,ok,,,late_night_use,1.0,0.09,0.42
teen_social_life_support_089,89,ok,,,sleep_interference,1.0,0.15,0.35
teen_social_life_support_089,89,ok,,,social_comparison,1.0,0.12,0.38
teen_social_life_support_089,89,ok,,,connection_effect,1.0,0.15,0.43
teen_social_life_support_089,89,ok,,,parental_rules,1.0,0.12,0.38
teen_social_life_support_089,89,ok,,,primary_platform,1.0,0.01,0.55
teen_social_life_support_089,89,ok,,,school_effort,1.0,0.02,0.59
teen_social_life_support_089,89,ok,,,academic_confidence,1.0,0.03,0.51
teen_social_life_support_089,89,ok,,,homework_distraction,1.0,0.13,0.39
teen_social_life_support_089,89,ok,,,organized_activity,1.0,0.18,0.35
teen_social_life_support_089,89,ok,,,career_clarity,1.0,0.14,0.37
teen_social_life_support_089,89,ok,,,future_optimism,1.0,0.04,0.52
teen_social_life_support_089,89,ok,,,peer_belonging,1.0,0.04,0.44
teen_social_life_support_090,90,ok,,,social_media_hours,1.0,0.03,0.65
teen_social_life_support_090,90,ok,,,posting_frequency,1.0,0.02,0.65
teen_social_life_support_090,90,ok,,,late_night_use,1.0,0.02,0.5
teen_social_life_support_090,90,ok,,,sleep_interference,1.0,0.06,0.47
teen_social_life_support_090,90,ok,,,social_comparison,1.0,0.1,0.4
teen_social_life_support_090,90,ok,,,connection_effect,1.0,0.04,0.8
teen_social_life_support_090,90,ok,,,parental_rules,1.0,0.12,0.38
teen_social_life_support_090,90,ok,,,primary_platform,1.0,0.01,0.77
teen_social_life_support_090,90,ok,,,school_effort,1.0,0.02,0.58
teen_social_life_support_090,90,ok,,,academic_confidence,1.0,0.03,0.5
teen_social_life_support_090,90,ok,,,homework_distraction,1.0,0.04,0.48
teen_social_life_support_090,90,ok,,,organized_activity,1.0,0.12,0.44
teen_social_life_support_090,90,ok,,,career_clarity,1.0,0.13,0.36
teen_social_life_support_090,90,ok,,,future_optimism,1.0,0.04,0.47
teen_social_life_support_090,90,ok,,,peer_belonging,1.0,0.02,0.58
teen_social_life_support_091,91,ok,,,social_media_hours,1.0,0.18,0.55
teen_social_life_support_091,91,ok,,,posting_frequency,1.0,0.16,0.34
teen_social_life_support_091,91,ok,,,late_night_use,1.0,0.1,0.38
teen_social_life_support_091,91,ok,,,sleep_interference,1.0,0.14,0.34
teen_social_life_support_091,91,ok,,,social_comparison,1.0,0.14,0.36
teen_social_life_support_091,91,ok,,,connection_effect,1.0,0.14,0.5
teen_social_life_support_091,91,ok,,,parental_rules,1.0,0.13,0.36
teen_social_life_support_091,91,ok,,,primary_platform,1.0,0.03,0.45
teen_social_life_support_091,91,ok,,,school_effort,1.0,0.02,0.56
teen_social_life_support_091,91,ok,,,academic_confidence,1.0,0.03,0.49
teen_social_life_support_091,91,ok,,,homework_distraction,1.0,0.15,0.36
teen_social_life_support_091,91,ok,,,organized_activity,1.0,0.17,0.33
teen_social_life_support_091,91,ok,,,career_clarity,1.0,0.15,0.36
teen_social_life_support_091,91,ok,,,future_optimism,1.0,0.04,0.48
teen_social_life_support_091,91,ok,,,peer_belonging,1.0,0.05,0.39
teen_social_life_support_092,92,ok,,,social_media_hours,1.0,0.01,0.98
teen_social_life_support_092,92,ok,,,posting_frequency,1.0,0.01,0.97
teen_social_life_support_092,92,ok,,,late_night_use,1.0,0.01,0.86
teen_social_life_support_092,92,ok,,,sleep_interference,1.0,0.01,0.87
teen_social_life_support_092,92,ok,,,social_comparison,1.0,0.01,0.7
teen_social_life_support_092,92,ok,,,connection_effect,0.9999999999999999,0.08,0.82
teen_social_life_support_092,92,ok,,,parental_rules,1.0,0.05,0.45
teen_social_life_support_092,92,ok,,,primary_platform,1.0,0.01,0.95
teen_social_life_support_092,92,ok,,,school_effort,1.0,0.01,0.7
teen_social_life_support_092,92,ok,,,academic_confidence,1.0,0.02,0.55
teen_social_life_support_092,92,ok,,,homework_distraction,1.0,0.01,0.88
teen_social_life_support_092,92,ok,,,organized_activity,1.0,0.12,0.42
teen_social_life_support_092,92,ok,,,career_clarity,1.0,0.14,0.34
teen_social_life_support_092,92,ok,,,future_optimism,1.0,0.03,0.45
teen_social_life_support_092,92,ok,,,peer_belonging,1.0,0.04,0.42
teen_social_life_support_093,93,ok,,,social_media_hours,1.0,0.16,0.49
teen_social_life_support_093,93,ok,,,posting_frequency,1.0,0.18,0.3
teen_social_life_support_093,93,ok,,,late_night_use,1.0,0.13,0.38
teen_social_life_support_093,93,ok,,,sleep_interference,1.0,0.17,0.34
teen_social_life_support_093,93,ok,,,social_comparison,1.0,0.17,0.34
teen_social_life_support_093,93,ok,,,connection_effect,1.0,0.16,0.45
teen_social_life_support_093,93,ok,,,parental_rules,1.0,0.13,0.38
teen_social_life_support_093,93,ok,,,primary_platform,1.0,0.03,0.26
teen_social_life_support_093,93,ok,,,school_effort,1.0,0.08,0.45
teen_social_life_support_093,93,ok,,,academic_confidence,0.9999999999999999,0.1,0.35
teen_social_life_support_093,93,ok,,,homework_distraction,1.0,0.11,0.39
teen_social_life_support_093,93,ok,,,organized_activity,1.0,0.2,0.36
teen_social_life_support_093,93,ok,,,career_clarity,0.9999999999999999,0.08,0.36
teen_social_life_support_093,93,ok,,,future_optimism,1.0,0.12,0.36
teen_social_life_support_093,93,ok,,,peer_belonging,1.0,0.18,0.35
teen_social_life_support_094,94,ok,,,social_media_hours,1.0,0.08,0.5
teen_social_life_support_094,94,ok,,,posting_frequency,1.0,0.18,0.34
teen_social_life_support_094,94,ok,,,late_night_use,1.0,0.04,0.43
teen_social_life_support_094,94,ok,,,sleep_interference,1.0,0.08,0.38
teen_social_life_support_094,94,ok,,,social_comparison,1.0,0.1,0.43
teen_social_life_support_094,94,ok,,,connection_effect,1.0,0.16,0.5
teen_social_life_support_094,94,ok,,,parental_rules,1.0,0.14,0.36
teen_social_life_support_094,94,ok,,,primary_platform,1.0,0.02,0.34
teen_social_life_support_094,94,ok,,,school_effort,1.0,0.02,0.68
teen_social_life_support_094,94,ok,,,academic_confidence,0.9999999999999999,0.08,0.42
teen_social_life_support_094,94,ok,,,homework_distraction,1.0,0.06,0.4
teen_social_life_support_094,94,ok,,,organized_activity,1.0,0.17,0.36
teen_social_life_support_094,94,ok,,,career_clarity,1.0,0.06,0.42
teen_social_life_support_094,94,ok,,,future_optimism,1.0,0.11,0.37
teen_social_life_support_094,94,ok,,,peer_belonging,1.0,0.1,0.43
teen_social_life_support_095,95,ok,,,social_media_hours,1.0,0.12,0.58
teen_social_life_support_095,95,ok,,,posting_frequency,1.0,0.15,0.33
teen_social_life_support_095,95,ok,,,late_night_use,1.0,0.1,0.42
teen_social_life_support_095,95,ok,,,sleep_interference,1.0,0.15,0.35
teen_social_life_support_095,95,ok,,,social_comparison,1.0,0.12,0.4
teen_social_life_support_095,95,ok,,,connection_effect,1.0,0.12,0.55
teen_social_life_support_095,95,ok,,,parental_rules,1.0,0.1,0.4
teen_social_life_support_095,95,ok,,,primary_platform,0.9999999999999999,0.02,0.3
teen_social_life_support_095,95,ok,,,school_effort,1.0,0.04,0.56
teen_social_life_support_095,95,ok,,,academic_confidence,1.0,0.06,0.52
teen_social_life_support_095,95,ok,,,homework_distraction,1.0,0.11,0.43
teen_social_life_support_095,95,ok,,,organized_activity,1.0,0.18,0.32
teen_social_life_support_095,95,ok,,,career_clarity,1.0,0.12,0.4
teen_social_life_support_095,95,ok,,,future_optimism,1.0,0.07,0.49
teen_social_life_support_095,95,ok,,,peer_belonging,1.0,0.06,0.43
teen_social_life_support_096,96,ok,,,social_media_hours,1.0,0.12,0.56
teen_social_life_support_096,96,ok,,,posting_frequency,1.0,0.18,0.34
teen_social_life_support_096,96,ok,,,late_night_use,1.0,0.1,0.4
teen_social_life_support_096,96,ok,,,sleep_interference,1.0,0.17,0.35
teen_social_life_support_096,96,ok,,,social_comparison,1.0,0.14,0.39
teen_social_life_support_096,96,ok,,,connection_effect,1.0,0.11,0.55
teen_social_life_support_096,96,ok,,,parental_rules,1.0,0.13,0.37
teen_social_life_support_096,96,ok,,,primary_platform,0.9999999999999999,0.01,0.25
teen_social_life_support_096,96,ok,,,school_effort,1.0,0.01,0.79
teen_social_life_support_096,96,ok,,,academic_confidence,1.0,0.02,0.46
teen_social_life_support_096,96,ok,,,homework_distraction,1.0,0.13,0.39
teen_social_life_support_096,96,ok,,,organized_activity,1.0,0.17,0.37
teen_social_life_support_096,96,ok,,,career_clarity,1.0,0.12,0.37
teen_social_life_support_096,96,ok,,,future_optimism,1.0,0.03,0.48
teen_social_life_support_096,96,ok,,,peer_belonging,1.0,0.04,0.46
teen_social_life_support_097,97,ok,,,social_media_hours,1.0,0.08,0.5
teen_social_life_support_097,97,ok,,,posting_frequency,1.0,0.14,0.36
teen_social_life_support_097,97,ok,,,late_night_use,1.0,0.05,0.39
teen_social_life_support_097,97,ok,,,sleep_interference,1.0,0.08,0.42
teen_social_life_support_097,97,ok,,,social_comparison,1.0,0.07,0.45
teen_social_life_support_097,97,ok,,,connection_effect,1.0,0.22,0.42
teen_social_life_support_097,97,ok,,,parental_rules,1.0,0.12,0.4
teen_social_life_support_097,97,ok,,,primary_platform,1.0,0.01,0.32
teen_social_life_support_097,97,ok,,,school_effort,1.0,0.1,0.45
teen_social_life_support_097,97,ok,,,academic_confidence,1.0,0.03,0.52
teen_social_life_support_097,97,ok,,,homework_distraction,1.0,0.06,0.43
teen_social_life_support_097,97,ok,,,organized_activity,1.0,0.2,0.28
teen_social_life_support_097,97,ok,,,career_clarity,1.0,0.06,0.4
teen_social_life_support_097,97,ok,,,future_optimism,0.9999999999999999,0.1,0.36
teen_social_life_support_097,97,ok,,,peer_belonging,1.0,0.12,0.4
teen_social_life_support_098,98,ok,,,social_media_hours,1.0,0.08,0.47
teen_social_life_support_098,98,ok,,,posting_frequency,1.0,0.16,0.35
teen_social_life_support_098,98,ok,,,late_night_use,1.0,0.05,0.44
teen_social_life_support_098,98,ok,,,sleep_interference,1.0,0.08,0.44
teen_social_life_support_098,98,ok,,,social_comparison,1.0,0.06,0.48
teen_social_life_support_098,98,ok,,,connection_effect,1.0,0.16,0.48
teen_social_life_support_098,98,ok,,,parental_rules,0.9999999999999999,0.09,0.41
teen_social_life_support_098,98,ok,,,primary_platform,1.0000000000000002,0.01,0.34
teen_social_life_support_098,98,ok,,,school_effort,1.0,0.05,0.5
teen_social_life_support_098,98,ok,,,academic_confidence,1.0,0.02,0.74
teen_social_life_support_098,98,ok,,,homework_distraction,1.0,0.06,0.48
teen_social_life_support_098,98,ok,,,organized_activity,1.0,0.2,0.28
teen_social_life_support_098,98,ok,,,career_clarity,1.0,0.05,0.43
teen_social_life_support_098,98,ok,,,future_optimism,1.0,0.12,0.4
teen_social_life_support_098,98,ok,,,peer_belonging,1.0,0.08,0.48
teen_social_life_support_099,99,ok,,,social_media_hours,1.0,0.12,0.55
teen_social_life_support_099,99,ok,,,posting_frequency,1.0,0.14,0.42
teen_social_life_support_099,99,ok,,,late_night_use,1.0,0.08,0.43
teen_social_life_support_099,99,ok,,,sleep_interference,1.0,0.15,0.36
teen_social_life_support_099,99,ok,,,social_comparison,1.0,0.12,0.41
teen_social_life_support_099,99,ok,,,connection_effect,1.0,0.12,0.54
teen_social_life_support_099,99,ok,,,parental_rules,1.0,0.12,0.38
teen_social_life_support_099,99,ok,,,primary_platform,1.0,0.02,0.31
teen_social_life_support_099,99,ok,,,school_effort,1.0,0.02,0.5
teen_social_life_support_099,99,ok,,,academic_confidence,1.0,0.03,0.63
teen_social_life_support_099,99,ok,,,homework_distraction,1.0,0.1,0.44
teen_social_life_support_099,99,ok,,,organized_activity,1.0,0.16,0.34
teen_social_life_support_099,99,ok,,,career_clarity,1.0,0.12,0.37
teen_social_life_support_099,99,ok,,,future_optimism,1.0,0.05,0.51
teen_social_life_support_099,99,ok,,,peer_belonging,1.0,0.04,0.41
teen_social_life_support_100,100,ok,,,social_media_hours,1.0,0.15,0.55
teen_social_life_support_100,100,ok,,,posting_frequency,1.0,0.18,0.38
teen_social_life_support_100,100,ok,,,late_night_use,1.0,0.12,0.38
teen_social_life_support_100,100,ok,,,sleep_interference,1.0,0.1,0.38
teen_social_life_support_100,100,ok,,,social_comparison,1.0,0.12,0.36
teen_social_life_support_100,100,ok,,,connection_effect,1.0,0.12,0.52
teen_social_life_support_100,100,ok,,,parental_rules,1.0,0.12,0.36
teen_social_life_support_100,100,ok,,,primary_platform,1.0,0.02,0.28
teen_social_life_support_100,100,ok,,,school_effort,1.0,0.02,0.71
teen_social_life_support_100,100,ok,,,academic_confidence,1.0,0.01,0.8
teen_social_life_support_100,100,ok,,,homework_distraction,1.0,0.1,0.4
teen_social_life_support_100,100,ok,,,organized_activity,1.0,0.16,0.38
teen_social_life_support_100,100,ok,,,career_clarity,1.0,0.1,0.44
teen_social_life_support_100,100,ok,,,future_optimism,1.0,0.02,0.52
teen_social_life_support_100,100,ok,,,peer_belonging,1.0,0.03,0.53
teen_social_life_support_101,101,ok,,,social_media_hours,1.0,0.14,0.56
teen_social_life_support_101,101,ok,,,posting_frequency,1.0,0.12,0.33
teen_social_life_support_101,101,ok,,,late_night_use,0.9999999999999999,0.08,0.38
teen_social_life_support_101,101,ok,,,sleep_interference,1.0,0.05,0.45
teen_social_life_support_101,101,ok,,,social_comparison,1.0,0.07,0.41
teen_social_life_support_101,101,ok,,,connection_effect,1.0,0.1,0.45
teen_social_life_support_101,101,ok,,,parental_rules,1.0,0.12,0.4
teen_social_life_support_101,101,ok,,,primary_platform,1.0,0.05,0.28
teen_social_life_support_101,101,ok,,,school_effort,1.0,0.02,0.6
teen_social_life_support_101,101,ok,,,academic_confidence,1.0,0.03,0.45
teen_social_life_support_101,101,ok,,,homework_distraction,1.0,0.03,0.55
teen_social_life_support_101,101,ok,,,organized_activity,1.0,0.16,0.37
teen_social_life_support_101,101,ok,,,career_clarity,1.0,0.16,0.34
teen_social_life_support_101,101,ok,,,future_optimism,1.0,0.04,0.48
teen_social_life_support_101,101,ok,,,peer_belonging,1.0,0.05,0.43
teen_social_life_support_102,102,ok,,,social_media_hours,1.0,0.16,0.62
teen_social_life_support_102,102,ok,,,posting_frequency,1.0,0.12,0.34
teen_social_life_support_102,102,ok,,,late_night_use,1.0,0.09,0.46
teen_social_life_support_102,102,ok,,,sleep_interference,1.0,0.05,0.47
teen_social_life_support_102,102,ok,,,social_comparison,1.0,0.08,0.42
teen_social_life_support_102,102,ok,,,connection_effect,1.0,0.1,0.48
teen_social_life_support_102,102,ok,,,parental_rules,1.0,0.11,0.44
teen_social_life_support_102,102,ok,,,primary_platform,1.0,0.01,0.27
teen_social_life_support_102,102,ok,,,school_effort,1.0,0.01,0.71
teen_social_life_support_102,102,ok,,,academic_confidence,1.0,0.03,0.44
teen_social_life_support_102,102,ok,,,homework_distraction,1.0,0.02,0.7
teen_social_life_support_102,102,ok,,,organized_activity,0.9999999999999999,0.16,0.37
teen_social_life_support_102,102,ok,,,career_clarity,1.0,0.11,0.39
teen_social_life_support_102,102,ok,,,future_optimism,1.0,0.04,0.47
teen_social_life_support_102,102,ok,,,peer_belonging,1.0,0.03,0.5
teen_social_life_support_103,103,ok,,,social_media_hours,1.0,0.08,0.52
teen_social_life_support_103,103,ok,,,posting_frequency,1.0,0.16,0.35
teen_social_life_support_103,103,ok,,,late_night_use,1.0,0.08,0.43
teen_social_life_support_103,103,ok,,,sleep_interference,1.0,0.13,0.38
teen_social_life_support_103,103,ok,,,social_comparison,1.0,0.12,0.39
teen_social_life_support_103,103,ok,,,connection_effect,1.0,0.12,0.56
teen_social_life_support_103,103,ok,,,parental_rules,1.0,0.11,0.4
teen_social_life_support_103,103,ok,,,primary_platform,1.0,0.01,0.32
teen_social_life_support_103,103,ok,,,school_effort,1.0,0.02,0.55
teen_social_life_support_103,103,ok,,,academic_confidence,1.0,0.03,0.51
teen_social_life_support_103,103,ok,,,homework_distraction,1.0,0.07,0.52
teen_social_life_support_103,103,ok,,,organized_activity,1.0,0.16,0.38
teen_social_life_support_103,103,ok,,,career_clarity,1.0,0.14,0.38
teen_social_life_support_103,103,ok,,,future_optimism,1.0,0.03,0.5
teen_social_life_support_103,103,ok,,,peer_belonging,1.0,0.04,0.44
teen_social_life_support_104,104,ok,,,social_media_hours,1.0,0.03,0.65
teen_social_life_support_104,104,ok,,,posting_frequency,1.0,0.08,0.38
teen_social_life_support_104,104,ok,,,late_night_use,1.0,0.02,0.65
teen_social_life_support_104,104,ok,,,sleep_interference,1.0,0.04,0.48
teen_social_life_support_104,104,ok,,,social_comparison,1.0,0.05,0.43
teen_social_life_support_104,104,ok,,,connection_effect,1.0,0.16,0.6
teen_social_life_support_104,104,ok,,,parental_rules,1.0,0.14,0.36
teen_social_life_support_104,104,ok,,,primary_platform,1.0,0.01,0.34
teen_social_life_support_104,104,ok,,,school_effort,1.0,0.02,0.57
teen_social_life_support_104,104,ok,,,academic_confidence,1.0,0.04,0.49
teen_social_life_support_104,104,ok,,,homework_distraction,1.0,0.01,0.72
teen_social_life_support_104,104,ok,,,organized_activity,1.0,0.18,0.35
teen_social_life_support_104,104,ok,,,career_clarity,1.0,0.13,0.38
teen_social_life_support_104,104,ok,,,future_optimism,1.0,0.05,0.47
teen_social_life_support_104,104,ok,,,peer_belonging,1.0,0.04,0.47
teen_social_life_support_105,105,ok,,,social_media_hours,1.0,0.18,0.52
teen_social_life_support_105,105,ok,,,posting_frequency,1.0,0.16,0.32
teen_social_life_support_105,105,ok,,,late_night_use,1.0,0.16,0.36
teen_social_life_support_105,105,ok,,,sleep_interference,0.9999999999999999,0.12,0.35
teen_social_life_support_105,105,ok,,,social_comparison,1.0,0.14,0.34
teen_social_life_support_105,105,ok,,,connection_effect,1.0,0.14,0.46
teen_social_life_support_105,105,ok,,,parental_rules,1.0,0.16,0.34
teen_social_life_support_105,105,ok,,,primary_platform,1.0,0.03,0.25
teen_social_life_support_105,105,ok,,,school_effort,1.0,0.03,0.48
teen_social_life_support_105,105,ok,,,academic_confidence,1.0,0.05,0.48
teen_social_life_support_105,105,ok,,,homework_distraction,1.0,0.13,0.34
teen_social_life_support_105,105,ok,,,organized_activity,1.0,0.08,0.58
teen_social_life_support_105,105,ok,,,career_clarity,1.0,0.13,0.39
teen_social_life_support_105,105,ok,,,future_optimism,1.0,0.06,0.5
teen_social_life_support_105,105,ok,,,peer_belonging,1.0,0.08,0.42
teen_social_life_support_106,106,ok,,,social_media_hours,1.0,0.16,0.56
teen_social_life_support_106,106,ok,,,posting_frequency,0.9999999999999999,0.1,0.36
teen_social_life_support_106,106,ok,,,late_night_use,1.0,0.12,0.38
teen_social_life_support_106,106,ok,,,sleep_interference,1.0,0.15,0.35
teen_social_life_support_106,106,ok,,,social_comparison,1.0,0.14,0.36
teen_social_life_support_106,106,ok,,,connection_effect,1.0,0.14,0.47
teen_social_life_support_106,106,ok,,,parental_rules,1.0,0.12,0.38
teen_social_life_support_106,106,ok,,,primary_platform,1.0,0.05,0.25
teen_social_life_support_106,106,ok,,,school_effort,1.0,0.02,0.56
teen_social_life_support_106,106,ok,,,academic_confidence,1.0,0.04,0.5
teen_social_life_support_106,106,ok,,,homework_distraction,1.0,0.15,0.35
teen_social_life_support_106,106,ok,,,organized_activity,1.0,0.04,0.74
teen_social_life_support_106,106,ok,,,career_clarity,1.0,0.12,0.4
teen_social_life_support_106,106,ok,,,future_optimism,1.0,0.06,0.47
teen_social_life_support_106,106,ok,,,peer_belonging,1.0,0.05,0.43
teen_social_life_support_107,107,ok,,,social_media_hours,1.0,0.12,0.56
teen_social_life_support_107,107,ok,,,posting_frequency,1.0,0.12,0.43
teen_social_life_support_107,107,ok,,,late_night_use,1.0,0.08,0.42
teen_social_life_support_107,107,ok,,,sleep_interference,1.0,0.15,0.35
teen_social_life_support_107,107,ok,,,social_comparison,1.0,0.13,0.39
teen_social_life_support_107,107,ok,,,connection_effect,1.0,0.13,0.53
teen_social_life_support_107,107,ok,,,parental_rules,1.0,0.13,0.37
teen_social_life_support_107,107,ok,,,primary_platform,1.0,0.02,0.28
teen_social_life_support_107,107,ok,,,school_effort,1.0,0.03,0.5
teen_social_life_support_107,107,ok,,,academic_confidence,1.0,0.04,0.48
teen_social_life_support_107,107,ok,,,homework_distraction,1.0,0.12,0.4
teen_social_life_support_107,107,ok,,,organized_activity,1.0,0.08,0.6
teen_social_life_support_107,107,ok,,,career_clarity,1.0,0.13,0.4
teen_social_life_support_107,107,ok,,,future_optimism,1.0,0.05,0.49
teen_social_life_support_107,107,ok,,,peer_belonging,1.0,0.04,0.43
teen_social_life_support_108,108,ok,,,social_media_hours,1.0,0.18,0.58
teen_social_life_support_108,108,ok,,,posting_frequency,1.0,0.2,0.35
teen_social_life_support_108,108,ok,,,late_night_use,1.0,0.12,0.36
teen_social_life_support_108,108,ok,,,sleep_interference,1.0,0.1,0.42
teen_social_life_support_108,108,ok,,,social_comparison,1.0,0.13,0.39
teen_social_life_support_108,108,ok,,,connection_effect,1.0,0.08,0.58
teen_social_life_support_108,108,ok,,,parental_rules,1.0,0.12,0.4
teen_social_life_support_108,108,ok,,,primary_platform,1.0,0.01,0.28
teen_social_life_support_108,108,ok,,,school_effort,1.0,0.01,0.66
teen_social_life_support_108,108,ok,,,academic_confidence,1.0,0.02,0.46
teen_social_life_support_108,108,ok,,,homework_distraction,0.9999999999999999,0.1,0.42
teen_social_life_support_108,108,ok,,,organized_activity,1.0,0.01,0.85
teen_social_life_support_108,108,ok,,,career_clarity,1.0,0.1,0.39
teen_social_life_support_108,108,ok,,,future_optimism,1.0,0.02,0.47
teen_social_life_support_108,108,ok,,,peer_belonging,1.0,0.02,0.6
teen_social_life_support_109,109,ok,,,social_media_hours,1.0,0.14,0.52
teen_social_life_support_109,109,ok,,,posting_frequency,1.0,0.18,0.35
teen_social_life_support_109,109,ok,,,late_night_use,1.0,0.07,0.43
teen_social_life_support_109,109,ok,,,sleep_interference,1.0,0.13,0.39
teen_social_life_support_109,109,ok,,,social_comparison,1.0,0.1,0.43
teen_social_life_support_109,109,ok,,,connection_effect,1.0,0.14,0.51
teen_social_life_support_109,109,ok,,,parental_rules,1.0,0.13,0.39
teen_social_life_support_109,109,ok,,,primary_platform,1.0,0.02,0.3
teen_social_life_support_109,109,ok,,,school_effort,1.0,0.03,0.46
teen_social_life_support_109,109,ok,,,academic_confidence,1.0,0.04,0.51
teen_social_life_support_109,109,ok,,,homework_distraction,1.0,0.1,0.43
teen_social_life_support_109,109,ok,,,organized_activity,1.0,0.14,0.41
teen_social_life_support_109,109,ok,,,career_clarity,1.0,0.05,0.46
teen_social_life_support_109,109,ok,,,future_optimism,1.0,0.05,0.52
teen_social_life_support_109,109,ok,,,peer_belonging,1.0,0.05,0.39
teen_social_life_support_110,110,ok,,,social_media_hours,1.0,0.12,0.58
teen_social_life_support_110,110,ok,,,posting_frequency,1.0,0.17,0.35
teen_social_life_support_110,110,ok,,,late_night_use,1.0,0.08,0.43
teen_social_life_support_110,110,ok,,,sleep_interference,1.0,0.14,0.38
teen_social_life_support_110,110,ok,,,social_comparison,1.0,0.1,0.44
teen_social_life_support_110,110,ok,,,connection_effect,1.0,0.14,0.5
teen_social_life_support_110,110,ok,,,parental_rules,1.0,0.12,0.38
teen_social_life_support_110,110,ok,,,primary_platform,1.0,0.02,0.28
teen_social_life_support_110,110,ok,,,school_effort,1.0,0.02,0.54
teen_social_life_support_110,110,ok,,,academic_confidence,1.0,0.03,0.52
teen_social_life_support_110,110,ok,,,homework_distraction,1.0,0.1,0.44
teen_social_life_support_110,110,ok,,,organized_activity,1.0,0.18,0.36
teen_social_life_support_110,110,ok,,,career_clarity,1.0,0.01,0.84
teen_social_life_support_110,110,ok,,,future_optimism,1.0,0.03,0.54
teen_social_life_support_110,110,ok,,,peer_belonging,1.0,0.04,0.45
teen_social_life_support_111,111,ok,,,social_media_hours,1.0,0.14,0.56
teen_social_life_support_111,111,ok,,,posting_frequency,1.0,0.18,0.34
teen_social_life_support_111,111,ok,,,late_night_use,1.0,0.09,0.43
teen_social_life_support_111,111,ok,,,sleep_interference,1.0,0.14,0.36
teen_social_life_support_111,111,ok,,,social_comparison,1.0,0.12,0.38
teen_social_life_support_111,111,ok,,,connection_effect,1.0,0.13,0.52
teen_social_life_support_111,111,ok,,,parental_rules,1.0,0.14,0.36
teen_social_life_support_111,111,ok,,,primary_platform,1.0,0.02,0.3
teen_social_life_support_111,111,ok,,,school_effort,1.0,0.02,0.59
teen_social_life_support_111,111,ok,,,academic_confidence,1.0,0.03,0.48
teen_social_life_support_111,111,ok,,,homework_distraction,1.0,0.12,0.39
teen_social_life_support_111,111,ok,,,organized_activity,1.0,0.16,0.36
teen_social_life_support_111,111,ok,,,career_clarity,1.0,0.04,0.62
teen_social_life_support_111,111,ok,,,future_optimism,1.0,0.03,0.5
teen_social_life_support_111,111,ok,,,peer_belonging,1.0,0.05,0.44
teen_social_life_support_112,112,ok,,,social_media_hours,1.0,0.12,0.58
teen_social_life_support_112,112,ok,,,posting_frequency,1.0,0.18,0.35
teen_social_life_support_112,112,ok,,,late_night_use,1.0,0.15,0.35
teen_social_life_support_112,112,ok,,,sleep_interference,1.0,0.1,0.38
teen_social_life_support_112,112,ok,,,social_comparison,1.0,0.13,0.37
teen_social_life_support_112,112,ok,,,connection_effect,1.0,0.1,0.57
teen_social_life_support_112,112,ok,,,parental_rules,1.0,0.1,0.43
teen_social_life_support_112,112,ok,,,primary_platform,1.0,0.02,0.3
teen_social_life_support_112,112,ok,,,school_effort,1.0,0.01,0.72
teen_social_life_support_112,112,ok,,,academic_confidence,1.0,0.02,0.6
teen_social_life_support_112,112,ok,,,homework_distraction,1.0,0.11,0.39
teen_social_life_support_112,112,ok,,,organized_activity,1.0,0.13,0.49
teen_social_life_support_112,112,ok,,,career_clarity,1.0,0.01,0.82
teen_social_life_support_112,112,ok,,,future_optimism,1.0,0.02,0.62
teen_social_life_support_112,112,ok,,,peer_belonging,1.0,0.03,0.5
teen_social_life_support_113,113,ok,,,social_media_hours,1.0,0.1,0.45
teen_social_life_support_113,113,ok,,,posting_frequency,1.0,0.15,0.32
teen_social_life_support_113,113,ok,,,late_night_use,1.0,0.08,0.42
teen_social_life_support_113,113,ok,,,sleep_interference,1.0,0.12,0.4
teen_social_life_support_113,113,ok,,,social_comparison,1.0,0.06,0.44
teen_social_life_support_113,113,ok,,,connection_effect,1.0,0.27,0.43
teen_social_life_support_113,113,ok,,,parental_rules,1.0,0.13,0.35
teen_social_life_support_113,113,ok,,,primary_platform,1.0,0.02,0.3
teen_social_life_support_113,113,ok,,,school_effort,1.0,0.05,0.43
teen_social_life_support_113,113,ok,,,academic_confidence,1.0,0.16,0.34
teen_social_life_support_113,113,ok,,,homework_distraction,1.0,0.1,0.42
teen_social_life_support_113,113,ok,,,organized_activity,1.0,0.2,0.34
teen_social_life_support_113,113,ok,,,career_clarity,0.9999999999999999,0.08,0.38
teen_social_life_support_113,113,ok,,,future_optimism,1.0,0.04,0.55
teen_social_life_support_113,113,ok,,,peer_belonging,1.0,0.14,0.4
teen_social_life_support_114,114,ok,,,social_media_hours,1.0,0.12,0.55
teen_social_life_support_114,114,ok,,,posting_frequency,1.0,0.15,0.32
teen_social_life_support_114,114,ok,,,late_night_use,1.0,0.08,0.43
teen_social_life_support_114,114,ok,,,sleep_interference,1.0,0.12,0.42
teen_social_life_support_114,114,ok,,,social_comparison,1.0,0.08,0.45
teen_social_life_support_114,114,ok,,,connection_effect,1.0,0.18,0.42
teen_social_life_support_114,114,ok,,,parental_rules,1.0,0.12,0.39
teen_social_life_support_114,114,ok,,,primary_platform,1.0,0.01,0.29
teen_social_life_support_114,114,ok,,,school_effort,1.0,0.03,0.46
teen_social_life_support_114,114,ok,,,academic_confidence,1.0,0.06,0.48
teen_social_life_support_114,114,ok,,,homework_distraction,1.0,0.1,0.43
teen_social_life_support_114,114,ok,,,organized_activity,1.0,0.18,0.3
teen_social_life_support_114,114,ok,,,career_clarity,1.0,0.09,0.45
teen_social_life_support_114,114,ok,,,future_optimism,1.0,0.04,0.7
teen_social_life_support_114,114,ok,,,peer_belonging,1.0,0.07,0.45
teen_social_life_support_115,115,ok,,,social_media_hours,1.0,0.12,0.58
teen_social_life_support_115,115,ok,,,posting_frequency,1.0,0.14,0.36
teen_social_life_support_115,115,ok,,,late_night_use,1.0,0.08,0.42
teen_social_life_support_115,115,ok,,,sleep_interference,1.0,0.14,0.36
teen_social_life_support_115,115,ok,,,social_comparison,1.0,0.1,0.4
teen_social_life_support_115,115,ok,,,connection_effect,1.0,0.14,0.52
teen_social_life_support_115,115,ok,,,parental_rules,1.0,0.14,0.36
teen_social_life_support_115,115,ok,,,primary_platform,1.0,0.02,0.3
teen_social_life_support_115,115,ok,,,school_effort,1.0,0.02,0.54
teen_social_life_support_115,115,ok,,,academic_confidence,1.0,0.04,0.52
teen_social_life_support_115,115,ok,,,homework_distraction,1.0,0.1,0.4
teen_social_life_support_115,115,ok,,,organized_activity,1.0,0.18,0.38
teen_social_life_support_115,115,ok,,,career_clarity,1.0,0.14,0.38
teen_social_life_support_115,115,ok,,,future_optimism,0.9999999999999999,0.03,0.57
teen_social_life_support_115,115,ok,,,peer_belonging,1.0,0.04,0.4
teen_social_life_support_116,116,ok,,,social_media_hours,1.0,0.12,0.58
teen_social_life_support_116,116,ok,,,posting_frequency,1.0,0.12,0.42
teen_social_life_support_116,116,ok,,,late_night_use,1.0,0.16,0.34
teen_social_life_support_116,116,ok,,,sleep_interference,1.0,0.1,0.38
teen_social_life_support_116,116,ok,,,social_comparison,1.0,0.1,0.42
teen_social_life_support_116,116,ok,,,connection_effect,1.0,0.08,0.62
teen_social_life_support_116,116,ok,,,parental_rules,1.0,0.12,0.42
teen_social_life_support_116,116,ok,,,primary_platform,0.9999999999999999,0.02,0.28
teen_social_life_support_116,116,ok,,,school_effort,1.0,0.01,0.7
teen_social_life_support_116,116,ok,,,academic_confidence,1.0,0.01,0.72
teen_social_life_support_116,116,ok,,,homework_distraction,1.0,0.1,0.39
teen_social_life_support_116,116,ok,,,organized_activity,1.0,0.08,0.52
teen_social_life_support_116,116,ok,,,career_clarity,0.9999999999999999,0.05,0.42
teen_social_life_support_116,116,ok,,,future_optimism,1.0,0.01,0.85
teen_social_life_support_116,116,ok,,,peer_belonging,1.0,0.02,0.62
teen_social_life_support_117,117,ok,,,social_media_hours,1.0,0.18,0.52
teen_social_life_support_117,117,ok,,,posting_frequency,0.9999999999999999,0.1,0.42
teen_social_life_support_117,117,ok,,,late_night_use,1.0,0.18,0.34
teen_social_life_support_117,117,ok,,,sleep_interference,1.0,0.14,0.34
teen_social_life_support_117,117,ok,,,social_comparison,1.0,0.1,0.42
teen_social_life_support_117,117,ok,,,connection_effect,1.0,0.2,0.44
teen_social_life_support_117,117,ok,,,parental_rules,1.0,0.14,0.34
teen_social_life_support_117,117,ok,,,primary_platform,1.0,0.04,0.26
teen_social_life_support_117,117,ok,,,school_effort,1.0,0.08,0.38
teen_social_life_support_117,117,ok,,,academic_confidence,1.0,0.14,0.38
teen_social_life_support_117,117,ok,,,homework_distraction,1.0,0.14,0.34
teen_social_life_support_117,117,ok,,,organized_activity,1.0,0.2,0.34
teen_social_life_support_117,117,ok,,,career_clarity,1.0,0.12,0.36
teen_social_life_support_117,117,ok,,,future_optimism,1.0,0.14,0.38
teen_social_life_support_117,117,ok,,,peer_belonging,1.0,0.05,0.55
teen_social_life_support_118,118,ok,,,social_media_hours,1.0,0.12,0.48
teen_social_life_support_118,118,ok,,,posting_frequency,0.9999999999999999,0.09,0.38
teen_social_life_support_118,118,ok,,,late_night_use,1.0,0.1,0.41
teen_social_life_support_118,118,ok,,,sleep_interference,1.0,0.16,0.38
teen_social_life_support_118,118,ok,,,social_comparison,1.0,0.07,0.45
teen_social_life_support_118,118,ok,,,connection_effect,1.0,0.19,0.47
teen_social_life_support_118,118,ok,,,parental_rules,1.0,0.13,0.37
teen_social_life_support_118,118,ok,,,primary_platform,1.0,0.02,0.27
teen_social_life_support_118,118,ok,,,school_effort,1.0,0.03,0.48
teen_social_life_support_118,118,ok,,,academic_confidence,1.0,0.1,0.44
teen_social_life_support_118,118,ok,,,homework_distraction,1.0,0.14,0.41
teen_social_life_support_118,118,ok,,,organized_activity,1.0,0.19,0.34
teen_social_life_support_118,118,ok,,,career_clarity,1.0,0.12,0.36
teen_social_life_support_118,118,ok,,,future_optimism,1.0,0.11,0.43
teen_social_life_support_118,118,ok,,,peer_belonging,1.0,0.01,0.76
teen_social_life_support_119,119,ok,,,social_media_hours,1.0,0.12,0.56
teen_social_life_support_119,119,ok,,,posting_frequency,1.0,0.18,0.36
teen_social_life_support_119,119,ok,,,late_night_use,1.0,0.08,0.43
teen_social_life_support_119,119,ok,,,sleep_interference,1.0,0.13,0.38
teen_social_life_support_119,119,ok,,,social_comparison,1.0,0.1,0.44
teen_social_life_support_119,119,ok,,,connection_effect,1.0,0.14,0.5
teen_social_life_support_119,119,ok,,,parental_rules,1.0,0.12,0.4
teen_social_life_support_119,119,ok,,,primary_platform,1.0,0.01,0.28
teen_social_life_support_119,119,ok,,,school_effort,1.0,0.02,0.54
teen_social_life_support_119,119,ok,,,academic_confidence,1.0,0.03,0.52
teen_social_life_support_119,119,ok,,,homework_distraction,1.0,0.1,0.42
teen_social_life_support_119,119,ok,,,organized_activity,1.0,0.18,0.34
teen_social_life_support_119,119,ok,,,career_clarity,0.9999999999999999,0.1,0.42
teen_social_life_support_119,119,ok,,,future_optimism,1.0,0.05,0.51
teen_social_life_support_119,119,ok,,,peer_belonging,1.0,0.05,0.56
teen_social_life_support_120,120,ok,,,social_media_hours,1.0,0.12,0.52
teen_social_life_support_120,120,ok,,,posting_frequency,1.0,0.12,0.42
teen_social_life_support_120,120,ok,,,late_night_use,1.0,0.08,0.43
teen_social_life_support_120,120,ok,,,sleep_interference,1.0,0.12,0.35
teen_social_life_support_120,120,ok,,,social_comparison,1.0,0.14,0.39
teen_social_life_support_120,120,ok,,,connection_effect,1.0,0.08,0.68
teen_social_life_support_120,120,ok,,,parental_rules,1.0,0.1,0.39
teen_social_life_support_120,120,ok,,,primary_platform,1.0,0.02,0.28
teen_social_life_support_120,120,ok,,,school_effort,1.0,0.02,0.63
teen_social_life_support_120,120,ok,,,academic_confidence,1.0,0.03,0.48
teen_social_life_support_120,120,ok,,,homework_distraction,1.0,0.14,0.37
teen_social_life_support_120,120,ok,,,organized_activity,1.0,0.12,0.5
teen_social_life_support_120,120,ok,,,career_clarity,1.0,0.1,0.42
teen_social_life_support_120,120,ok,,,future_optimism,1.0,0.03,0.48
teen_social_life_support_120,120,ok,,,peer_belonging,1.0,0.02,0.78
teen_social_life_support_121,121,ok,,,social_media_hours,1.0,0.06,0.62
teen_social_life_support_121,121,ok,,,posting_frequency,0.9999999999999999,0.08,0.38
teen_social_life_support_121,121,ok,,,late_night_use,1.0,0.06,0.42
teen_social_life_support_121,121,ok,,,sleep_interference,1.0,0.04,0.45
teen_social_life_support_121,121,ok,,,social_comparison,1.0,0.06,0.42
teen_social_life_support_121,121,ok,,,connection_effect,1.0,0.12,0.54
teen_social_life_support_121,121,ok,,,parental_rules,1.0,0.1,0.44
teen_social_life_support_121,121,ok,,,primary_platform,0.9999999999999999,0.08,0.3
teen_social_life_support_121,121,ok,,,school_effort,1.0,0.02,0.6
teen_social_life_support_121,121,ok,,,academic_confidence,1.0,0.03,0.44
teen_social_life_support_121,121,ok,,,homework_distraction,1.0,0.03,0.5
teen_social_life_support_121,121,ok,,,organized_activity,1.0,0.14,0.43
teen_social_life_support_121,121,ok,,,career_clarity,1.0,0.16,0.34
teen_social_life_support_121,121,ok,,,future_optimism,1.0,0.04,0.46
teen_social_life_support_121,121,ok,,,peer_belonging,1.0,0.04,0.44
teen_social_life_support_122,122,ok,,,social_media_hours,1.0,0.06,0.88
teen_social_life_support_122,122,ok,,,posting_frequency,1.0,0.12,0.42
teen_social_life_support_122,122,ok,,,late_night_use,1.0,0.12,0.38
teen_social_life_support_122,122,ok,,,sleep_interference,0.9999999999999999,0.08,0.45
teen_social_life_support_122,122,ok,,,social_comparison,1.0,0.13,0.38
teen_social_life_support_122,122,ok,,,connection_effect,1.0,0.08,0.6
teen_social_life_support_122,122,ok,,,parental_rules,1.0,0.12,0.4
teen_social_life_support_122,122,ok,,,primary_platform,1.0,0.01,0.28
teen_social_life_support_122,122,ok,,,school_effort,1.0,0.02,0.6
teen_social_life_support_122,122,ok,,,academic_confidence,1.0,0.03,0.5
teen_social_life_support_122,122,ok,,,homework_distraction,0.9999999999999999,0.1,0.42
teen_social_life_support_122,122,ok,,,organized_activity,1.0,0.12,0.5
teen_social_life_support_122,122,ok,,,career_clarity,1.0,0.14,0.36
teen_social_life_support_122,122,ok,,,future_optimism,1.0,0.03,0.48
teen_social_life_support_122,122,ok,,,peer_belonging,1.0,0.03,0.48
teen_social_life_support_123,123,ok,,,social_media_hours,1.0,0.05,0.65
teen_social_life_support_123,123,ok,,,posting_frequency,1.0,0.08,0.38
teen_social_life_support_123,123,ok,,,late_night_use,1.0,0.04,0.42
teen_social_life_support_123,123,ok,,,sleep_interference,1.0,0.1,0.43
teen_social_life_support_123,123,ok,,,social_comparison,1.0,0.09,0.45
teen_social_life_support_123,123,ok,,,connection_effect,1.0,0.12,0.58
teen_social_life_support_123,123,ok,,,parental_rules,1.0000000000000002,0.11,0.42
teen_social_life_support_123,123,ok,,,primary_platform,1.0,0.01,0.32
teen_social_life_support_123,123,ok,,,school_effort,1.0,0.02,0.53
teen_social_life_support_123,123,ok,,,academic_confidence,1.0,0.04,0.46
teen_social_life_support_123,123,ok,,,homework_distraction,1.0,0.07,0.48
teen_social_life_support_123,123,ok,,,organized_activity,1.0,0.16,0.4
teen_social_life_support_123,123,ok,,,career_clarity,1.0,0.14,0.36
teen_social_life_support_123,123,ok,,,future_optimism,1.0,0.05,0.45
teen_social_life_support_123,123,ok,,,peer_belonging,1.0,0.04,0.48
teen_social_life_support_124,124,ok,,,social_media_hours,0.9999999999999999,0.11,0.47
teen_social_life_support_124,124,ok,,,posting_frequency,1.0,0.02,0.86
teen_social_life_support_124,124,ok,,,late_night_use,1.0,0.07,0.38
teen_social_life_support_124,124,ok,,,sleep_interference,1.0,0.05,0.44
teen_social_life_support_124,124,ok,,,social_comparison,1.0,0.07,0.39
teen_social_life_support_124,124,ok,,,connection_effect,1.0,0.18,0.61
teen_social_life_support_124,124,ok,,,parental_rules,1.0,0.14,0.36
teen_social_life_support_124,124,ok,,,primary_platform,0.9999999999999999,0.08,0.35
teen_social_life_support_124,124,ok,,,school_effort,1.0,0.02,0.62
teen_social_life_support_124,124,ok,,,academic_confidence,1.0,0.03,0.45
teen_social_life_support_124,124,ok,,,homework_distraction,1.0,0.05,0.44
teen_social_life_support_124,124,ok,,,organized_activity,1.0,0.14,0.42
teen_social_life_support_124,124,ok,,,career_clarity,1.0,0.14,0.35
teen_social_life_support_124,124,ok,,,future_optimism,1.0,0.04,0.43
teen_social_life_support_124,124,ok,,,peer_belonging,1.0,0.04,0.43
teen_social_life_support_125,125,ok,,,social_media_hours,1.0,0.17,0.55
teen_social_life_support_125,125,ok,,,posting_frequency,1.0,0.07,0.48
teen_social_life_support_125,125,ok,,,late_night_use,1.0,0.15,0.34
teen_social_life_support_125,125,ok,,,sleep_interference,1.0,0.09,0.38
teen_social_life_support_125,125,ok,,,social_comparison,1.0,0.12,0.36
teen_social_life_support_125,125,ok,,,connection_effect,1.0,0.15,0.45
teen_social_life_support_125,125,ok,,,parental_rules,1.0,0.14,0.38
teen_social_life_support_125,125,ok,,,primary_platform,0.9999999999999999,0.03,0.24
teen_social_life_support_125,125,ok,,,school_effort,1.0,0.03,0.55
teen_social_life_support_125,125,ok,,,academic_confidence,1.0,0.04,0.47
teen_social_life_support_125,125,ok,,,homework_distraction,1.0,0.11,0.39
teen_social_life_support_125,125,ok,,,organized_activity,1.0,0.16,0.35
teen_social_life_support_125,125,ok,,,career_clarity,1.0,0.16,0.36
teen_social_life_support_125,125,ok,,,future_optimism,1.0,0.05,0.48
teen_social_life_support_125,125,ok,,,peer_belonging,1.0,0.05,0.4
teen_social_life_support_126,126,ok,,,social_media_hours,1.0,0.08,0.58
teen_social_life_support_126,126,ok,,,posting_frequency,1.0,0.01,0.8
teen_social_life_support_126,126,ok,,,late_night_use,1.0,0.07,0.43
teen_social_life_support_126,126,ok,,,sleep_interference,1.0,0.12,0.37
teen_social_life_support_126,126,ok,,,social_comparison,1.0,0.08,0.45
teen_social_life_support_126,126,ok,,,connection_effect,1.0,0.08,0.63
teen_social_life_support_126,126,ok,,,parental_rules,1.0,0.1,0.4
teen_social_life_support_126,126,ok,,,primary_platform,1.0,0.01,0.31
teen_social_life_support_126,126,ok,,,school_effort,1.0,0.01,0.64
teen_social_life_support_126,126,ok,,,academic_confidence,1.0,0.02,0.46
teen_social_life_support_126,126,ok,,,homework_distraction,1.0,0.08,0.43
teen_social_life_support_126,126,ok,,,organized_activity,1.0,0.15,0.41
teen_social_life_support_126,126,ok,,,career_clarity,1.0,0.12,0.37
teen_social_life_support_126,126,ok,,,future_optimism,1.0,0.03,0.49
teen_social_life_support_126,126,ok,,,peer_belonging,1.0,0.02,0.5
teen_social_life_support_127,127,ok,,,social_media_hours,1.0,0.05,0.5
teen_social_life_support_127,127,ok,,,posting_frequency,1.0,0.03,0.55
teen_social_life_support_127,127,ok,,,late_night_use,1.0,0.06,0.42
teen_social_life_support_127,127,ok,,,sleep_interference,1.0,0.12,0.39
teen_social_life_support_127,127,ok,,,social_comparison,1.0,0.08,0.46
teen_social_life_support_127,127,ok,,,connection_effect,1.0,0.08,0.65
teen_social_life_support_127,127,ok,,,parental_rules,1.0,0.1,0.4
teen_social_life_support_127,127,ok,,,primary_platform,1.0,0.01,0.34
teen_social_life_support_127,127,ok,,,school_effort,1.0,0.02,0.56
teen_social_life_support_127,127,ok,,,academic_confidence,1.0,0.04,0.48
teen_social_life_support_127,127,ok,,,homework_distraction,1.0,0.07,0.45
teen_social_life_support_127,127,ok,,,organized_activity,1.0,0.15,0.39
teen_social_life_support_127,127,ok,,,career_clarity,1.0,0.16,0.34
teen_social_life_support_127,127,ok,,,future_optimism,1.0,0.04,0.48
teen_social_life_support_127,127,ok,,,peer_belonging,1.0,0.03,0.5
teen_social_life_support_128,128,ok,,,social_media_hours,1.0,0.07,0.55
teen_social_life_support_128,128,ok,,,posting_frequency,1.0,0.07,0.45
teen_social_life_support_128,128,ok,,,late_night_use,1.0,0.01,0.86
teen_social_life_support_128,128,ok,,,sleep_interference,1.0,0.01,0.7
teen_social_life_support_128,128,ok,,,social_comparison,1.0,0.06,0.4
teen_social_life_support_128,128,ok,,,connection_effect,1.0,0.1,0.52
teen_social_life_support_128,128,ok,,,parental_rules,1.0,0.06,0.44
teen_social_life_support_128,128,ok,,,primary_platform,1.0,0.08,0.27
teen_social_life_support_128,128,ok,,,school_effort,1.0,0.01,0.7
teen_social_life_support_128,128,ok,,,academic_confidence,1.0,0.02,0.52
teen_social_life_support_128,128,ok,,,homework_distraction,0.9999999999999999,0.02,0.58
teen_social_life_support_128,128,ok,,,organized_activity,1.0,0.12,0.51
teen_social_life_support_128,128,ok,,,career_clarity,1.0,0.12,0.38
teen_social_life_support_128,128,ok,,,future_optimism,1.0,0.02,0.52
teen_social_life_support_128,128,ok,,,peer_belonging,1.0,0.03,0.5
teen_social_life_support_129,129,ok,,,social_media_hours,1.0,0.18,0.58
teen_social_life_support_129,129,ok,,,posting_frequency,1.0,0.15,0.34
teen_social_life_support_129,129,ok,,,late_night_use,0.9999999999999999,0.08,0.48
teen_social_life_support_129,129,ok,,,sleep_interference,1.0,0.06,0.44
teen_social_life_support_129,129,ok,,,social_comparison,1.0,0.12,0.38
teen_social_life_support_129,129,ok,,,connection_effect,1.0,0.1,0.55
teen_social_life_support_129,129,ok,,,parental_rules,1.0,0.1,0.43
teen_social_life_support_129,129,ok,,,primary_platform,1.0,0.03,0.27
teen_social_life_support_129,129,ok,,,school_effort,1.0,0.02,0.6
teen_social_life_support_129,129,ok,,,academic_confidence,1.0,0.03,0.51
teen_social_life_support_129,129,ok,,,homework_distraction,1.0,0.08,0.43
teen_social_life_support_129,129,ok,,,organized_activity,1.0,0.14,0.41
teen_social_life_support_129,129,ok,,,career_clarity,1.0,0.14,0.38
teen_social_life_support_129,129,ok,,,future_optimism,1.0,0.04,0.49
teen_social_life_support_129,129,ok,,,peer_belonging,1.0,0.04,0.45
teen_social_life_support_130,130,ok,,,social_media_hours,1.0,0.08,0.55
teen_social_life_support_130,130,ok,,,posting_frequency,1.0,0.12,0.42
teen_social_life_support_130,130,ok,,,late_night_use,1.0,0.02,0.72
teen_social_life_support_130,130,ok,,,sleep_interference,1.0,0.06,0.55
teen_social_life_support_130,130,ok,,,social_comparison,1.0,0.08,0.46
teen_social_life_support_130,130,ok,,,connection_effect,1.0,0.09,0.59
teen_social_life_support_130,130,ok,,,parental_rules,1.0,0.12,0.38
teen_social_life_support_130,130,ok,,,primary_platform,1.0,0.01,0.33
teen_social_life_support_130,130,ok,,,school_effort,1.0,0.02,0.59
teen_social_life_support_130,130,ok,,,academic_confidence,1.0,0.02,0.5
teen_social_life_support_130,130,ok,,,homework_distraction,1.0,0.07,0.48
teen_social_life_support_130,130,ok,,,organized_activity,1.0,0.16,0.34
teen_social_life_support_130,130,ok,,,career_clarity,1.0,0.13,0.39
teen_social_life_support_130,130,ok,,,future_optimism,1.0,0.03,0.51
teen_social_life_support_130,130,ok,,,peer_belonging,1.0,0.04,0.42
teen_social_life_support_131,131,ok,,,social_media_hours,1.0,0.05,0.5
teen_social_life_support_131,131,ok,,,posting_frequency,1.0,0.1,0.43
teen_social_life_support_131,131,ok,,,late_night_use,1.0,0.02,0.55
teen_social_life_support_131,131,ok,,,sleep_interference,1.0,0.04,0.48
teen_social_life_support_131,131,ok,,,social_comparison,1.0,0.08,0.48
teen_social_life_support_131,131,ok,,,connection_effect,1.0,0.1,0.56
teen_social_life_support_131,131,ok,,,parental_rules,1.0,0.13,0.38
teen_social_life_support_131,131,ok,,,primary_platform,1.0,0.01,0.31
teen_social_life_support_131,131,ok,,,school_effort,1.0,0.02,0.53
teen_social_life_support_131,131,ok,,,academic_confidence,1.0,0.04,0.5
teen_social_life_support_131,131,ok,,,homework_distraction,1.0,0.05,0.5
teen_social_life_support_131,131,ok,,,organized_activity,1.0,0.14,0.41
teen_social_life_support_131,131,ok,,,career_clarity,1.0,0.12,0.38
teen_social_life_support_131,131,ok,,,future_optimism,1.0,0.04,0.53
teen_social_life_support_131,131,ok,,,peer_belonging,1.0,0.04,0.42
teen_social_life_support_132,132,ok,,,social_media_hours,1.0,0.13,0.52
teen_social_life_support_132,132,ok,,,posting_frequency,1.0,0.12,0.32
teen_social_life_support_132,132,ok,,,late_night_use,1.0,0.03,0.62
teen_social_life_support_132,132,ok,,,sleep_interference,1.0,0.01,0.88
teen_social_life_support_132,132,ok,,,social_comparison,1.0,0.07,0.38
teen_social_life_support_132,132,ok,,,connection_effect,1.0,0.08,0.5
teen_social_life_support_132,132,ok,,,parental_rules,1.0,0.08,0.46
teen_social_life_support_132,132,ok,,,primary_platform,1.0,0.03,0.27
teen_social_life_support_132,132,ok,,,school_effort,1.0,0.01,0.67
teen_social_life_support_132,132,ok,,,academic_confidence,1.0,0.02,0.5
teen_social_life_support_132,132,ok,,,homework_distraction,1.0,0.03,0.54
teen_social_life_support_132,132,ok,,,organized_activity,1.0,0.1,0.53
teen_social_life_support_132,132,ok,,,career_clarity,1.0,0.12,0.38
teen_social_life_support_132,132,ok,,,future_optimism,1.0,0.02,0.45
teen_social_life_support_132,132,ok,,,peer_belonging,1.0,0.03,0.48
teen_social_life_support_133,133,ok,,,social_media_hours,1.0,0.18,0.61
teen_social_life_support_133,133,ok,,,posting_frequency,1.0,0.16,0.33
teen_social_life_support_133,133,ok,,,late_night_use,1.0,0.15,0.37
teen_social_life_support_133,133,ok,,,sleep_interference,1.0,0.09,0.46
teen_social_life_support_133,133,ok,,,social_comparison,1.0,0.13,0.36
teen_social_life_support_133,133,ok,,,connection_effect,1.0,0.1,0.51
teen_social_life_support_133,133,ok,,,parental_rules,1.0,0.12,0.38
teen_social_life_support_133,133,ok,,,primary_platform,1.0,0.01,0.28
teen_social_life_support_133,133,ok,,,school_effort,1.0,0.02,0.63
teen_social_life_support_133,133,ok,,,academic_confidence,1.0,0.03,0.45
teen_social_life_support_133,133,ok,,,homework_distraction,0.9999999999999999,0.1,0.42
teen_social_life_support_133,133,ok,,,organized_activity,1.0,0.13,0.45
teen_social_life_support_133,133,ok,,,career_clarity,1.0,0.15,0.35
teen_social_life_support_133,133,ok,,,future_optimism,1.0,0.04,0.49
teen_social_life_support_133,133,ok,,,peer_belonging,1.0,0.04,0.45
teen_social_life_support_134,134,ok,,,social_media_hours,1.0,0.08,0.52
teen_social_life_support_134,134,ok,,,posting_frequency,1.0,0.18,0.36
teen_social_life_support_134,134,ok,,,late_night_use,1.0,0.03,0.52
teen_social_life_support_134,134,ok,,,sleep_interference,1.0,0.02,0.72
teen_social_life_support_134,134,ok,,,social_comparison,1.0,0.06,0.48
teen_social_life_support_134,134,ok,,,connection_effect,1.0,0.12,0.54
teen_social_life_support_134,134,ok,,,parental_rules,1.0,0.12,0.4
teen_social_life_support_134,134,ok,,,primary_platform,1.0,0.01,0.28
teen_social_life_support_134,134,ok,,,school_effort,1.0,0.02,0.56
teen_social_life_support_134,134,ok,,,academic_confidence,1.0,0.03,0.48
teen_social_life_support_134,134,ok,,,homework_distraction,1.0,0.04,0.54
teen_social_life_support_134,134,ok,,,organized_activity,1.0,0.16,0.36
teen_social_life_support_134,134,ok,,,career_clarity,1.0,0.12,0.34
teen_social_life_support_134,134,ok,,,future_optimism,1.0,0.04,0.46
teen_social_life_support_134,134,ok,,,peer_belonging,1.0,0.03,0.5
teen_social_life_support_135,135,ok,,,social_media_hours,1.0,0.05,0.6
teen_social_life_support_135,135,ok,,,posting_frequency,1.0,0.1,0.4
teen_social_life_support_135,135,ok,,,late_night_use,1.0,0.02,0.6
teen_social_life_support_135,135,ok,,,sleep_interference,1.0,0.03,0.55
teen_social_life_support_135,135,ok,,,social_comparison,1.0,0.08,0.45
teen_social_life_support_135,135,ok,,,connection_effect,1.0,0.12,0.58
teen_social_life_support_135,135,ok,,,parental_rules,1.0,0.12,0.38
teen_social_life_support_135,135,ok,,,primary_platform,1.0,0.01,0.32
teen_social_life_support_135,135,ok,,,school_effort,1.0,0.02,0.6
teen_social_life_support_135,135,ok,,,academic_confidence,1.0,0.04,0.48
teen_social_life_support_135,135,ok,,,homework_distraction,1.0,0.05,0.45
teen_social_life_support_135,135,ok,,,organized_activity,1.0,0.18,0.3
teen_social_life_support_135,135,ok,,,career_clarity,1.0,0.14,0.38
teen_social_life_support_135,135,ok,,,future_optimism,1.0,0.05,0.48
teen_social_life_support_135,135,ok,,,peer_belonging,1.0,0.04,0.49
teen_social_life_support_136,136,ok,,,social_media_hours,1.0,0.15,0.45
teen_social_life_support_136,136,ok,,,posting_frequency,1.0,0.15,0.3
teen_social_life_support_136,136,ok,,,late_night_use,0.9999999999999999,0.1,0.35
teen_social_life_support_136,136,ok,,,sleep_interference,1.0,0.05,0.55
teen_social_life_support_136,136,ok,,,social_comparison,1.0,0.01,0.88
teen_social_life_support_136,136,ok,,,connection_effect,1.0,0.08,0.5
teen_social_life_support_136,136,ok,,,parental_rules,1.0,0.12,0.36
teen_social_life_support_136,136,ok,,,primary_platform,1.0,0.02,0.28
teen_social_life_support_136,136,ok,,,school_effort,1.0,0.02,0.67
teen_social_life_support_136,136,ok,,,academic_confidence,1.0,0.02,0.55
teen_social_life_support_136,136,ok,,,homework_distraction,1.0,0.06,0.45
teen_social_life_support_136,136,ok,,,organized_activity,1.0,0.13,0.44
teen_social_life_support_136,136,ok,,,career_clarity,1.0,0.1,0.38
teen_social_life_support_136,136,ok,,,future_optimism,1.0,0.02,0.48
teen_social_life_support_136,136,ok,,,peer_belonging,1.0,0.03,0.65
teen_social_life_support_137,137,ok,,,social_media_hours,1.0,0.18,0.57
teen_social_life_support_137,137,ok,,,posting_frequency,1.0,0.14,0.34
teen_social_life_support_137,137,ok,,,late_night_use,1.0,0.15,0.34
teen_social_life_support_137,137,ok,,,sleep_interference,1.0,0.09,0.39
teen_social_life_support_137,137,ok,,,social_comparison,1.0,0.06,0.46
teen_social_life_support_137,137,ok,,,connection_effect,1.0,0.1,0.54
teen_social_life_support_137,137,ok,,,parental_rules,1.0,0.1,0.4
teen_social_life_support_137,137,ok,,,primary_platform,1.0,0.01,0.28
teen_social_life_support_137,137,ok,,,school_effort,1.0,0.01,0.62
teen_social_life_support_137,137,ok,,,academic_confidence,1.0,0.03,0.46
teen_social_life_support_137,137,ok,,,homework_distraction,1.0,0.12,0.38
teen_social_life_support_137,137,ok,,,organized_activity,1.0,0.13,0.4
teen_social_life_support_137,137,ok,,,career_clarity,1.0,0.15,0.35
teen_social_life_support_137,137,ok,,,future_optimism,1.0,0.04,0.48
teen_social_life_support_137,137,ok,,,peer_belonging,1.0,0.03,0.54
teen_social_life_support_138,138,ok,,,social_media_hours,1.0,0.08,0.52
teen_social_life_support_138,138,ok,,,posting_frequency,1.0,0.08,0.45
teen_social_life_support_138,138,ok,,,late_night_use,1.0,0.05,0.47
teen_social_life_support_138,138,ok,,,sleep_interference,1.0,0.08,0.44
teen_social_life_support_138,138,ok,,,social_comparison,1.0,0.02,0.74
teen_social_life_support_138,138,ok,,,connection_effect,1.0,0.12,0.52
teen_social_life_support_138,138,ok,,,parental_rules,0.9999999999999999,0.1,0.42
teen_social_life_support_138,138,ok,,,primary_platform,1.0,0.01,0.36
teen_social_life_support_138,138,ok,,,school_effort,1.0,0.02,0.6
teen_social_life_support_138,138,ok,,,academic_confidence,1.0,0.03,0.5
teen_social_life_support_138,138,ok,,,homework_distraction,1.0,0.06,0.5
teen_social_life_support_138,138,ok,,,organized_activity,1.0,0.15,0.39
teen_social_life_support_138,138,ok,,,career_clarity,1.0,0.14,0.35
teen_social_life_support_138,138,ok,,,future_optimism,1.0,0.04,0.5
teen_social_life_support_138,138,ok,,,peer_belonging,1.0,0.03,0.45
teen_social_life_support_139,139,ok,,,social_media_hours,1.0,0.06,0.5
teen_social_life_support_139,139,ok,,,posting_frequency,1.0,0.1,0.41
teen_social_life_support_139,139,ok,,,late_night_use,0.9999999999999999,0.05,0.42
teen_social_life_support_139,139,ok,,,sleep_interference,1.0,0.07,0.43
teen_social_life_support_139,139,ok,,,social_comparison,1.0,0.01,0.6
teen_social_life_support_139,139,ok,,,connection_effect,1.0,0.22,0.43
teen_social_life_support_139,139,ok,,,parental_rules,1.0,0.13,0.38
teen_social_life_support_139,139,ok,,,primary_platform,1.0000000000000002,0.01,0.33
teen_social_life_support_139,139,ok,,,school_effort,1.0,0.03,0.52
teen_social_life_support_139,139,ok,,,academic_confidence,1.0,0.06,0.47
teen_social_life_support_139,139,ok,,,homework_distraction,1.0,0.06,0.46
teen_social_life_support_139,139,ok,,,organized_activity,1.0,0.17,0.37
teen_social_life_support_139,139,ok,,,career_clarity,1.0,0.13,0.37
teen_social_life_support_139,139,ok,,,future_optimism,1.0,0.06,0.45
teen_social_life_support_139,139,ok,,,peer_belonging,1.0,0.06,0.4
teen_social_life_support_140,140,ok,,,social_media_hours,1.0,0.1,0.48
teen_social_life_support_140,140,ok,,,posting_frequency,1.0,0.13,0.34
teen_social_life_support_140,140,ok,,,late_night_use,1.0,0.05,0.39
teen_social_life_support_140,140,ok,,,sleep_interference,1.0,0.08,0.43
teen_social_life_support_140,140,ok,,,social_comparison,1.0,0.04,0.43
teen_social_life_support_140,140,ok,,,connection_effect,1.0,0.05,0.84
teen_social_life_support_140,140,ok,,,parental_rules,1.0,0.14,0.35
teen_social_life_support_140,140,ok,,,primary_platform,1.0,0.01,0.31
teen_social_life_support_140,140,ok,,,school_effort,1.0,0.02,0.52
teen_social_life_support_140,140,ok,,,academic_confidence,1.0,0.06,0.45
teen_social_life_support_140,140,ok,,,homework_distraction,1.0,0.07,0.42
teen_social_life_support_140,140,ok,,,organized_activity,1.0,0.2,0.31
teen_social_life_support_140,140,ok,,,career_clarity,1.0,0.13,0.38
teen_social_life_support_140,140,ok,,,future_optimism,1.0,0.08,0.43
teen_social_life_support_140,140,ok,,,peer_belonging,1.0,0.13,0.4
teen_social_life_support_141,141,ok,,,social_media_hours,1.0,0.16,0.55
teen_social_life_support_141,141,ok,,,posting_frequency,1.0,0.15,0.32
teen_social_life_support_141,141,ok,,,late_night_use,1.0,0.12,0.4
teen_social_life_support_141,141,ok,,,sleep_interference,1.0,0.13,0.36
teen_social_life_support_141,141,ok,,,social_comparison,1.0,0.14,0.35
teen_social_life_support_141,141,ok,,,connection_effect,1.0,0.18,0.58
teen_social_life_support_141,141,ok,,,parental_rules,1.0,0.13,0.37
teen_social_life_support_141,141,ok,,,primary_platform,1.0,0.02,0.27
teen_social_life_support_141,141,ok,,,school_effort,1.0,0.02,0.54
teen_social_life_support_141,141,ok,,,academic_confidence,1.0,0.03,0.51
teen_social_life_support_141,141,ok,,,homework_distraction,1.0,0.15,0.37
teen_social_life_support_141,141,ok,,,organized_activity,1.0,0.17,0.35
teen_social_life_support_141,141,ok,,,career_clarity,1.0,0.13,0.38
teen_social_life_support_141,141,ok,,,future_optimism,1.0,0.04,0.49
teen_social_life_support_141,141,ok,,,peer_belonging,1.0,0.04,0.46
teen_social_life_support_142,142,ok,,,social_media_hours,1.0,0.05,0.5
teen_social_life_support_142,142,ok,,,posting_frequency,1.0,0.05,0.45
teen_social_life_support_142,142,ok,,,late_night_use,1.0,0.05,0.45
teen_social_life_support_142,142,ok,,,sleep_interference,1.0,0.1,0.4
teen_social_life_support_142,142,ok,,,social_comparison,1.0,0.1,0.42
teen_social_life_support_142,142,ok,,,connection_effect,1.0,0.02,0.91
teen_social_life_support_142,142,ok,,,parental_rules,1.0,0.13,0.4
teen_social_life_support_142,142,ok,,,primary_platform,1.0,0.01,0.28
teen_social_life_support_142,142,ok,,,school_effort,1.0,0.01,0.68
teen_social_life_support_142,142,ok,,,academic_confidence,1.0,0.03,0.45
teen_social_life_support_142,142,ok,,,homework_distraction,1.0,0.08,0.45
teen_social_life_support_142,142,ok,,,organized_activity,1.0,0.12,0.46
teen_social_life_support_142,142,ok,,,career_clarity,1.0,0.12,0.35
teen_social_life_support_142,142,ok,,,future_optimism,1.0,0.03,0.48
teen_social_life_support_142,142,ok,,,peer_belonging,1.0,0.02,0.65
teen_social_life_support_143,143,ok,,,social_media_hours,1.0,0.1,0.45
teen_social_life_support_143,143,ok,,,posting_frequency,1.0,0.18,0.34
teen_social_life_support_143,143,ok,,,late_night_use,1.0,0.08,0.39
teen_social_life_support_143,143,ok,,,sleep_interference,1.0,0.16,0.36
teen_social_life_support_143,143,ok,,,social_comparison,1.0,0.14,0.37
teen_social_life_support_143,143,ok,,,connection_effect,1.0,0.09,0.6
teen_social_life_support_143,143,ok,,,parental_rules,1.0,0.05,0.58
teen_social_life_support_143,143,ok,,,primary_platform,1.0,0.01,0.31
teen_social_life_support_143,143,ok,,,school_effort,1.0,0.02,0.53
teen_social_life_support_143,143,ok,,,academic_confidence,1.0,0.03,0.46
teen_social_life_support_143,143,ok,,,homework_distraction,1.0,0.12,0.41
teen_social_life_support_143,143,ok,,,organized_activity,1.0,0.18,0.36
teen_social_life_support_143,143,ok,,,career_clarity,1.0,0.15,0.35
teen_social_life_support_143,143,ok,,,future_optimism,1.0,0.04,0.48
teen_social_life_support_143,143,ok,,,peer_belonging,1.0,0.03,0.45
teen_social_life_support_144,144,ok,,,social_media_hours,1.0,0.08,0.5
teen_social_life_support_144,144,ok,,,posting_frequency,1.0,0.12,0.38
teen_social_life_support_144,144,ok,,,late_night_use,1.0,0.06,0.4
teen_social_life_support_144,144,ok,,,sleep_interference,1.0,0.12,0.38
teen_social_life_support_144,144,ok,,,social_comparison,1.0,0.12,0.4
teen_social_life_support_144,144,ok,,,connection_effect,1.0,0.08,0.64
teen_social_life_support_144,144,ok,,,parental_rules,0.9999999999999999,0.02,0.82
teen_social_life_support_144,144,ok,,,primary_platform,1.0000000000000002,0.01,0.34
teen_social_life_support_144,144,ok,,,school_effort,1.0,0.02,0.6
teen_social_life_support_144,144,ok,,,academic_confidence,1.0,0.03,0.48
teen_social_life_support_144,144,ok,,,homework_distraction,1.0,0.1,0.42
teen_social_life_support_144,144,ok,,,organized_activity,1.0,0.16,0.38
teen_social_life_support_144,144,ok,,,career_clarity,1.0,0.14,0.36
teen_social_life_support_144,144,ok,,,future_optimism,1.0,0.04,0.48
teen_social_life_support_144,144,ok,,,peer_belonging,1.0,0.03,0.48
teen_social_life_support_145,145,ok,,,social_media_hours,1.0,0.12,0.56
teen_social_life_support_145,145,ok,,,posting_frequency,1.0,0.16,0.36
teen_social_life_support_145,145,ok,,,late_night_use,1.0,0.12,0.4
teen_social_life_support_145,145,ok,,,sleep_interference,1.0,0.14,0.34
teen_social_life_support_145,145,ok,,,social_comparison,1.0,0.16,0.36
teen_social_life_support_145,145,ok,,,connection_effect,1.0,0.1,0.54
teen_social_life_support_145,145,ok,,,parental_rules,1.0,0.05,0.55
teen_social_life_support_145,145,ok,,,primary_platform,1.0,0.02,0.3
teen_social_life_support_145,145,ok,,,school_effort,1.0,0.03,0.56
teen_social_life_support_145,145,ok,,,academic_confidence,1.0,0.04,0.48
teen_social_life_support_145,145,ok,,,homework_distraction,1.0,0.14,0.38
teen_social_life_support_145,145,ok,,,organized_activity,1.0,0.18,0.36
teen_social_life_support_145,145,ok,,,career_clarity,1.0,0.14,0.36
teen_social_life_support_145,145,ok,,,future_optimism,1.0,0.06,0.48
teen_social_life_support_145,145,ok,,,peer_belonging,1.0,0.05,0.45
teen_social_life_support_146,146,ok,,,social_media_hours,1.0,0.13,0.45
teen_social_life_support_146,146,ok,,,posting_frequency,0.9999999999999999,0.11,0.35
teen_social_life_support_146,146,ok,,,late_night_use,1.0,0.06,0.42
teen_social_life_support_146,146,ok,,,sleep_interference,1.0,0.05,0.48
teen_social_life_support_146,146,ok,,,social_comparison,1.0,0.1,0.38
teen_social_life_support_146,146,ok,,,connection_effect,1.0,0.18,0.42
teen_social_life_support_146,146,ok,,,parental_rules,1.0,0.01,0.82
teen_social_life_support_146,146,ok,,,primary_platform,1.0,0.08,0.28
teen_social_life_support_146,146,ok,,,school_effort,1.0,0.02,0.63
teen_social_life_support_146,146,ok,,,academic_confidence,1.0,0.03,0.48
teen_social_life_support_146,146,ok,,,homework_distraction,1.0,0.07,0.43
teen_social_life_support_146,146,ok,,,organized_activity,1.0,0.12,0.5
teen_social_life_support_146,146,ok,,,career_clarity,1.0,0.14,0.36
teen_social_life_support_146,146,ok,,,future_optimism,1.0,0.05,0.43
teen_social_life_support_146,146,ok,,,peer_belonging,1.0,0.04,0.45
teen_social_life_support_147,147,ok,,,social_media_hours,1.0,0.08,0.54
teen_social_life_support_147,147,ok,,,posting_frequency,1.0,0.15,0.38
teen_social_life_support_147,147,ok,,,late_night_use,1.0,0.08,0.43
teen_social_life_support_147,147,ok,,,sleep_interference,1.0,0.15,0.36
teen_social_life_support_147,147,ok,,,social_comparison,1.0,0.1,0.43
teen_social_life_support_147,147,ok,,,connection_effect,1.0,0.12,0.55
teen_social_life_support_147,147,ok,,,parental_rules,1.0,0.11,0.4
teen_social_life_support_147,147,ok,,,primary_platform,1.0,0.01,0.62
teen_social_life_support_147,147,ok,,,school_effort,1.0,0.02,0.52
teen_social_life_support_147,147,ok,,,academic_confidence,1.0,0.04,0.5
teen_social_life_support_147,147,ok,,,homework_distraction,1.0,0.1,0.43
teen_social_life_support_147,147,ok,,,organized_activity,1.0,0.16,0.37
teen_social_life_support_147,147,ok,,,career_clarity,1.0,0.13,0.38
teen_social_life_support_147,147,ok,,,future_optimism,1.0,0.05,0.51
teen_social_life_support_147,147,ok,,,peer_belonging,1.0,0.04,0.43
teen_social_life_support_148,148,ok,,,social_media_hours,1.0,0.05,0.57
teen_social_life_support_148,148,ok,,,posting_frequency,1.0,0.04,0.45
teen_social_life_support_148,148,ok,,,late_night_use,1.0,0.04,0.43
teen_social_life_support_148,148,ok,,,sleep_interference,1.0,0.08,0.42
teen_social_life_support_148,148,ok,,,social_comparison,1.0,0.07,0.46
teen_social_life_support_148,148,ok,,,connection_effect,1.0,0.08,0.68
teen_social_life_support_148,148,ok,,,parental_rules,1.0000000000000002,0.09,0.4
teen_social_life_support_148,148,ok,,,primary_platform,1.0,0.01,0.78
teen_social_life_support_148,148,ok,,,school_effort,1.0,0.02,0.61
teen_social_life_support_148,148,ok,,,academic_confidence,1.0,0.03,0.48
teen_social_life_support_148,148,ok,,,homework_distraction,1.0,0.07,0.45
teen_social_life_support_148,148,ok,,,organized_activity,1.0,0.17,0.4
teen_social_life_support_148,148,ok,,,career_clarity,1.0,0.12,0.37
teen_social_life_support_148,148,ok,,,future_optimism,1.0,0.04,0.48
teen_social_life_support_148,148,ok,,,peer_belonging,1.0,0.03,0.5
teen_social_life_support_149,149,ok,,,social_media_hours,1.0,0.18,0.56
teen_social_life_support_149,149,ok,,,posting_frequency,1.0,0.13,0.32
teen_social_life_support_149,149,ok,,,late_night_use,1.0,0.12,0.37
teen_social_life_support_149,149,ok,,,sleep_interference,1.0,0.13,0.37
teen_social_life_support_149,149,ok,,,social_comparison,1.0,0.1,0.39
teen_social_life_support_149,149,ok,,,connection_effect,1.0,0.13,0.47
teen_social_life_support_149,149,ok,,,parental_rules,0.9999999999999999,0.1,0.41
teen_social_life_support_149,149,ok,,,primary_platform,1.0,0.01,0.58
teen_social_life_support_149,149,ok,,,school_effort,1.0,0.02,0.52
teen_social_life_support_149,149,ok,,,academic_confidence,1.0,0.03,0.48
teen_social_life_support_149,149,ok,,,homework_distraction,1.0,0.12,0.36
teen_social_life_support_149,149,ok,,,organized_activity,1.0,0.17,0.36
teen_social_life_support_149,149,ok,,,career_clarity,1.0,0.13,0.36
teen_social_life_support_149,149,ok,,,future_optimism,1.0,0.04,0.49
teen_social_life_support_149,149,ok,,,peer_belonging,1.0,0.05,0.41
teen_social_life_support_150,150,ok,,,social_media_hours,1.0,0.03,0.63
teen_social_life_support_150,150,ok,,,posting_frequency,1.0,0.04,0.55
teen_social_life_support_150,150,ok,,,late_night_use,1.0,0.03,0.48
teen_social_life_support_150,150,ok,,,sleep_interference,1.0,0.06,0.43
teen_social_life_support_150,150,ok,,,social_comparison,1.0,0.1,0.42
teen_social_life_support_150,150,ok,,,connection_effect,1.0,0.04,0.78
teen_social_life_support_150,150,ok,,,parental_rules,0.9999999999999999,0.09,0.42
teen_social_life_support_150,150,ok,,,primary_platform,1.0,0.01,0.83
teen_social_life_support_150,150,ok,,,school_effort,1.0,0.02,0.56
teen_social_life_support_150,150,ok,,,academic_confidence,1.0,0.03,0.48
teen_social_life_support_150,150,ok,,,homework_distraction,1.0,0.06,0.46
teen_social_life_support_150,150,ok,,,organized_activity,1.0,0.15,0.4
teen_social_life_support_150,150,ok,,,career_clarity,1.0,0.15,0.35
teen_social_life_support_150,150,ok,,,future_optimism,1.0,0.04,0.48
teen_social_life_support_150,150,ok,,,peer_belonging,1.0,0.03,0.53
teen_social_life_support_151,151,ok,,,social_media_hours,1.0,0.18,0.55
teen_social_life_support_151,151,ok,,,posting_frequency,1.0,0.13,0.34
teen_social_life_support_151,151,ok,,,late_night_use,1.0,0.12,0.39
teen_social_life_support_151,151,ok,,,sleep_interference,1.0,0.13,0.37
teen_social_life_support_151,151,ok,,,social_comparison,1.0000000000000002,0.11,0.39
teen_social_life_support_151,151,ok,,,connection_effect,1.0,0.12,0.52
teen_social_life_support_151,151,ok,,,parental_rules,0.9999999999999999,0.1,0.42
teen_social_life_support_151,151,ok,,,primary_platform,1.0,0.01,0.46
teen_social_life_support_151,151,ok,,,school_effort,1.0,0.02,0.54
teen_social_life_support_151,151,ok,,,academic_confidence,1.0,0.04,0.48
teen_social_life_support_151,151,ok,,,homework_distraction,1.0,0.14,0.36
teen_social_life_support_151,151,ok,,,organized_activity,1.0,0.17,0.33
teen_social_life_support_151,151,ok,,,career_clarity,1.0,0.16,0.34
teen_social_life_support_151,151,ok,,,future_optimism,1.0,0.05,0.49
teen_social_life_support_151,151,ok,,,peer_belonging,1.0,0.05,0.41
teen_social_life_support_152,152,ok,,,social_media_hours,1.0,0.01,0.96
teen_social_life_support_152,152,ok,,,posting_frequency,1.0,0.01,0.94
teen_social_life_support_152,152,ok,,,late_night_use,1.0,0.01,0.88
teen_social_life_support_152,152,ok,,,sleep_interference,1.0,0.01,0.9
teen_social_life_support_152,152,ok,,,social_comparison,0.9999999999999999,0.02,0.7
teen_social_life_support_152,152,ok,,,connection_effect,0.9999999999999999,0.08,0.82
teen_social_life_support_152,152,ok,,,parental_rules,1.0,0.08,0.4
teen_social_life_support_152,152,ok,,,primary_platform,1.0,0.01,0.93
teen_social_life_support_152,152,ok,,,school_effort,1.0,0.01,0.7
teen_social_life_support_152,152,ok,,,academic_confidence,1.0,0.02,0.55
teen_social_life_support_152,152,ok,,,homework_distraction,1.0,0.01,0.88
teen_social_life_support_152,152,ok,,,organized_activity,1.0,0.12,0.5
teen_social_life_support_152,152,ok,,,career_clarity,1.0,0.1,0.38
teen_social_life_support_152,152,ok,,,future_optimism,1.0,0.02,0.45
teen_social_life_support_152,152,ok,,,peer_belonging,1.0,0.03,0.53
teen_social_life_support_153,153,ok,,,social_media_hours,1.0,0.08,0.5
teen_social_life_support_153,153,ok,,,posting_frequency,1.0,0.2,0.35
teen_social_life_support_153,153,ok,,,late_night_use,1.0,0.08,0.4
teen_social_life_support_153,153,ok,,,sleep_interference,1.0,0.12,0.38
teen_social_life_support_153,153,ok,,,social_comparison,1.0,0.16,0.34
teen_social_life_support_153,153,ok,,,connection_effect,1.0,0.15,0.5
teen_social_life_support_153,153,ok,,,parental_rules,1.0,0.1,0.42
teen_social_life_support_153,153,ok,,,primary_platform,0.9999999999999999,0.02,0.36
teen_social_life_support_153,153,ok,,,school_effort,0.9999999999999999,0.08,0.42
teen_social_life_support_153,153,ok,,,academic_confidence,0.9999999999999999,0.1,0.36
teen_social_life_support_153,153,ok,,,homework_distraction,1.0,0.08,0.38
teen_social_life_support_153,153,ok,,,organized_activity,1.0,0.18,0.38
teen_social_life_support_153,153,ok,,,career_clarity,0.9999999999999999,0.08,0.36
teen_social_life_support_153,153,ok,,,future_optimism,1.0,0.12,0.36
teen_social_life_support_153,153,ok,,,peer_belonging,1.0,0.14,0.38
teen_social_life_support_154,154,ok,,,social_media_hours,1.0,0.1,0.45
teen_social_life_support_154,154,ok,,,posting_frequency,1.0,0.18,0.35
teen_social_life_support_154,154,ok,,,late_night_use,1.0,0.06,0.4
teen_social_life_support_154,154,ok,,,sleep_interference,1.0,0.08,0.4
teen_social_life_support_154,154,ok,,,social_comparison,1.0,0.1,0.42
teen_social_life_support_154,154,ok,,,connection_effect,1.0,0.18,0.48
teen_social_life_support_154,154,ok,,,parental_rules,1.0,0.1,0.42
teen_social_life_support_154,154,ok,,,primary_platform,1.0,0.01,0.3
teen_social_life_support_154,154,ok,,,school_effort,1.0,0.02,0.72
teen_social_life_support_154,154,ok,,,academic_confidence,0.9999999999999999,0.09,0.39
teen_social_life_support_154,154,ok,,,homework_distraction,1.0,0.06,0.42
teen_social_life_support_154,154,ok,,,organized_activity,1.0,0.17,0.38
teen_social_life_support_154,154,ok,,,career_clarity,1.0,0.07,0.43
teen_social_life_support_154,154,ok,,,future_optimism,1.0,0.12,0.36
teen_social_life_support_154,154,ok,,,peer_belonging,1.0,0.12,0.43
teen_social_life_support_155,155,ok,,,social_media_hours,1.0,0.14,0.58
teen_social_life_support_155,155,ok,,,posting_frequency,1.0,0.12,0.42
teen_social_life_support_155,155,ok,,,late_night_use,1.0,0.08,0.42
teen_social_life_support_155,155,ok,,,sleep_interference,1.0,0.12,0.39
teen_social_life_support_155,155,ok,,,social_comparison,1.0,0.1,0.42
teen_social_life_support_155,155,ok,,,connection_effect,1.0,0.12,0.56
teen_social_life_support_155,155,ok,,,parental_rules,1.0,0.11,0.39
teen_social_life_support_155,155,ok,,,primary_platform,1.0000000000000002,0.02,0.34
teen_social_life_support_155,155,ok,,,school_effort,1.0,0.03,0.52
teen_social_life_support_155,155,ok,,,academic_confidence,1.0,0.06,0.5
teen_social_life_support_155,155,ok,,,homework_distraction,1.0,0.09,0.44
teen_social_life_support_155,155,ok,,,organized_activity,1.0,0.17,0.32
teen_social_life_support_155,155,ok,,,career_clarity,1.0,0.12,0.39
teen_social_life_support_155,155,ok,,,future_optimism,1.0,0.06,0.48
teen_social_life_support_155,155,ok,,,peer_belonging,1.0,0.04,0.42
teen_social_life_support_156,156,ok,,,social_media_hours,1.0,0.15,0.55
teen_social_life_support_156,156,ok,,,posting_frequency,1.0,0.15,0.32
teen_social_life_support_156,156,ok,,,late_night_use,1.0,0.12,0.43
teen_social_life_support_156,156,ok,,,sleep_interference,1.0,0.13,0.34
teen_social_life_support_156,156,ok,,,social_comparison,1.0,0.15,0.35
teen_social_life_support_156,156,ok,,,connection_effect,1.0,0.1,0.58
teen_social_life_support_156,156,ok,,,parental_rules,1.0,0.08,0.44
teen_social_life_support_156,156,ok,,,primary_platform,1.0,0.02,0.3
teen_social_life_support_156,156,ok,,,school_effort,1.0,0.01,0.85
teen_social_life_support_156,156,ok,,,academic_confidence,1.0,0.02,0.5
teen_social_life_support_156,156,ok,,,homework_distraction,1.0,0.12,0.35
teen_social_life_support_156,156,ok,,,organized_activity,1.0,0.15,0.45
teen_social_life_support_156,156,ok,,,career_clarity,1.0,0.1,0.4
teen_social_life_support_156,156,ok,,,future_optimism,1.0,0.03,0.45
teen_social_life_support_156,156,ok,,,peer_belonging,1.0,0.03,0.52
teen_social_life_support_157,157,ok,,,social_media_hours,1.0,0.08,0.47
teen_social_life_support_157,157,ok,,,posting_frequency,1.0,0.14,0.34
teen_social_life_support_157,157,ok,,,late_night_use,1.0,0.08,0.39
teen_social_life_support_157,157,ok,,,sleep_interference,1.0,0.12,0.4
teen_social_life_support_157,157,ok,,,social_comparison,1.0,0.07,0.41
teen_social_life_support_157,157,ok,,,connection_effect,1.0,0.25,0.4
teen_social_life_support_157,157,ok,,,parental_rules,1.0000000000000002,0.11,0.39
teen_social_life_support_157,157,ok,,,primary_platform,1.0000000000000002,0.02,0.34
teen_social_life_support_157,157,ok,,,school_effort,1.0,0.07,0.47
teen_social_life_support_157,157,ok,,,academic_confidence,1.0,0.05,0.48
teen_social_life_support_157,157,ok,,,homework_distraction,1.0,0.08,0.43
teen_social_life_support_157,157,ok,,,organized_activity,1.0,0.22,0.32
teen_social_life_support_157,157,ok,,,career_clarity,0.9999999999999999,0.08,0.39
teen_social_life_support_157,157,ok,,,future_optimism,0.9999999999999999,0.1,0.37
teen_social_life_support_157,157,ok,,,peer_belonging,1.0,0.13,0.39
teen_social_life_support_158,158,ok,,,social_media_hours,1.0,0.08,0.47
teen_social_life_support_158,158,ok,,,posting_frequency,1.0,0.16,0.34
teen_social_life_support_158,158,ok,,,late_night_use,1.0,0.06,0.4
teen_social_life_support_158,158,ok,,,sleep_interference,1.0,0.08,0.43
teen_social_life_support_158,158,ok,,,social_comparison,1.0,0.05,0.47
teen_social_life_support_158,158,ok,,,connection_effect,1.0,0.18,0.43
teen_social_life_support_158,158,ok,,,parental_rules,1.0,0.13,0.39
teen_social_life_support_158,158,ok,,,primary_platform,1.0,0.01,0.32
teen_social_life_support_158,158,ok,,,school_effort,1.0,0.04,0.42
teen_social_life_support_158,158,ok,,,academic_confidence,1.0,0.01,0.72
teen_social_life_support_158,158,ok,,,homework_distraction,1.0,0.05,0.45
teen_social_life_support_158,158,ok,,,organized_activity,1.0,0.23,0.27
teen_social_life_support_158,158,ok,,,career_clarity,1.0,0.06,0.4
teen_social_life_support_158,158,ok,,,future_optimism,1.0,0.1,0.39
teen_social_life_support_158,158,ok,,,peer_belonging,1.0,0.08,0.45
teen_social_life_support_159,159,ok,,,social_media_hours,1.0,0.12,0.55
teen_social_life_support_159,159,ok,,,posting_frequency,1.0,0.18,0.34
teen_social_life_support_159,159,ok,,,late_night_use,1.0,0.08,0.43
teen_social_life_support_159,159,ok,,,sleep_interference,1.0,0.12,0.39
teen_social_life_support_159,159,ok,,,social_comparison,1.0,0.1,0.43
teen_social_life_support_159,159,ok,,,connection_effect,1.0,0.12,0.54
teen_social_life_support_159,159,ok,,,parental_rules,1.0000000000000002,0.1,0.38
teen_social_life_support_159,159,ok,,,primary_platform,1.0,0.02,0.34
teen_social_life_support_159,159,ok,,,school_effort,1.0,0.02,0.52
teen_social_life_support_159,159,ok,,,academic_confidence,1.0,0.04,0.56
teen_social_life_support_159,159,ok,,,homework_distraction,1.0,0.1,0.42
teen_social_life_support_159,159,ok,,,organized_activity,1.0,0.16,0.39
teen_social_life_support_159,159,ok,,,career_clarity,1.0,0.14,0.36
teen_social_life_support_159,159,ok,,,future_optimism,1.0,0.06,0.48
teen_social_life_support_159,159,ok,,,peer_belonging,1.0,0.05,0.42
teen_social_life_support_160,160,ok,,,social_media_hours,1.0,0.18,0.57
teen_social_life_support_160,160,ok,,,posting_frequency,1.0,0.17,0.36
teen_social_life_support_160,160,ok,,,late_night_use,1.0,0.12,0.37
teen_social_life_support_160,160,ok,,,sleep_interference,1.0,0.1,0.43
teen_social_life_support_160,160,ok,,,social_comparison,1.0,0.12,0.38
teen_social_life_support_160,160,ok,,,connection_effect,1.0,0.08,0.58
teen_social_life_support_160,160,ok,,,parental_rules,1.0,0.13,0.37
teen_social_life_support_160,160,ok,,,primary_platform,1.0,0.02,0.28
teen_social_life_support_160,160,ok,,,school_effort,1.0,0.01,0.78
teen_social_life_support_160,160,ok,,,academic_confidence,1.0,0.01,0.87
teen_social_life_support_160,160,ok,,,homework_distraction,1.0,0.09,0.42
teen_social_life_support_160,160,ok,,,organized_activity,1.0,0.13,0.49
teen_social_life_support_160,160,ok,,,career_clarity,1.0,0.08,0.45
teen_social_life_support_160,160,ok,,,future_optimism,1.0,0.02,0.55
teen_social_life_support_160,160,ok,,,peer_belonging,1.0,0.03,0.56
teen_social_life_support_161,161,ok,,,social_media_hours,1.0,0.12,0.56
teen_social_life_support_161,161,ok,,,posting_frequency,1.0,0.13,0.3
teen_social_life_support_161,161,ok,,,late_night_use,0.9999999999999999,0.08,0.38
teen_social_life_support_161,161,ok,,,sleep_interference,1.0,0.05,0.42
teen_social_life_support_161,161,ok,,,social_comparison,0.9999999999999999,0.08,0.39
teen_social_life_support_161,161,ok,,,connection_effect,1.0,0.1,0.46
teen_social_life_support_161,161,ok,,,parental_rules,1.0,0.1,0.43
teen_social_life_support_161,161,ok,,,primary_platform,1.0,0.03,0.23
teen_social_life_support_161,161,ok,,,school_effort,1.0,0.02,0.62
teen_social_life_support_161,161,ok,,,academic_confidence,1.0,0.03,0.45
teen_social_life_support_161,161,ok,,,homework_distraction,0.9999999999999999,0.02,0.58
teen_social_life_support_161,161,ok,,,organized_activity,1.0,0.15,0.39
teen_social_life_support_161,161,ok,,,career_clarity,1.0,0.15,0.34
teen_social_life_support_161,161,ok,,,future_optimism,1.0,0.04,0.46
teen_social_life_support_161,161,ok,,,peer_belonging,1.0,0.04,0.44
teen_social_life_support_162,162,ok,,,social_media_hours,1.0,0.18,0.58
teen_social_life_support_162,162,ok,,,posting_frequency,1.0,0.13,0.32
teen_social_life_support_162,162,ok,,,late_night_use,0.9999999999999999,0.08,0.43
teen_social_life_support_162,162,ok,,,sleep_interference,1.0,0.05,0.47
teen_social_life_support_162,162,ok,,,social_comparison,1.0,0.08,0.42
teen_social_life_support_162,162,ok,,,connection_effect,1.0,0.08,0.53
teen_social_life_support_162,162,ok,,,parental_rules,1.0,0.12,0.38
teen_social_life_support_162,162,ok,,,primary_platform,1.0000000000000002,0.04,0.31
teen_social_life_support_162,162,ok,,,school_effort,1.0,0.01,0.69
teen_social_life_support_162,162,ok,,,academic_confidence,1.0,0.02,0.48
teen_social_life_support_162,162,ok,,,homework_distraction,1.0,0.02,0.72
teen_social_life_support_162,162,ok,,,organized_activity,1.0,0.14,0.45
teen_social_life_support_162,162,ok,,,career_clarity,1.0,0.14,0.37
teen_social_life_support_162,162,ok,,,future_optimism,1.0,0.03,0.51
teen_social_life_support_162,162,ok,,,peer_belonging,1.0,0.03,0.49
teen_social_life_support_163,163,ok,,,social_media_hours,1.0,0.12,0.58
teen_social_life_support_163,163,ok,,,posting_frequency,1.0,0.18,0.34
teen_social_life_support_163,163,ok,,,late_night_use,1.0,0.08,0.42
teen_social_life_support_163,163,ok,,,sleep_interference,1.0,0.14,0.36
teen_social_life_support_163,163,ok,,,social_comparison,1.0,0.12,0.4
teen_social_life_support_163,163,ok,,,connection_effect,1.0,0.13,0.5
teen_social_life_support_163,163,ok,,,parental_rules,1.0,0.15,0.36
teen_social_life_support_163,163,ok,,,primary_platform,1.0,0.01,0.29
teen_social_life_support_163,163,ok,,,school_effort,1.0,0.02,0.52
teen_social_life_support_163,163,ok,,,academic_confidence,1.0,0.03,0.48
teen_social_life_support_163,163,ok,,,homework_distraction,1.0,0.07,0.52
teen_social_life_support_163,163,ok,,,organized_activity,1.0,0.19,0.32
teen_social_life_support_163,163,ok,,,career_clarity,1.0,0.13,0.38
teen_social_life_support_163,163,ok,,,future_optimism,1.0,0.04,0.46
teen_social_life_support_163,163,ok,,,peer_belonging,1.0,0.04,0.41
teen_social_life_support_164,164,ok,,,social_media_hours,1.0,0.03,0.7
teen_social_life_support_164,164,ok,,,posting_frequency,1.0,0.08,0.4
teen_social_life_support_164,164,ok,,,late_night_use,1.0,0.02,0.56
teen_social_life_support_164,164,ok,,,sleep_interference,1.0,0.04,0.41
teen_social_life_support_164,164,ok,,,social_comparison,1.0,0.06,0.45
teen_social_life_support_164,164,ok,,,connection_effect,1.0,0.13,0.63
teen_social_life_support_164,164,ok,,,parental_rules,1.0,0.12,0.39
teen_social_life_support_164,164,ok,,,primary_platform,1.0,0.01,0.32
teen_social_life_support_164,164,ok,,,school_effort,1.0,0.02,0.58
teen_social_life_support_164,164,ok,,,academic_confidence,1.0,0.04,0.48
teen_social_life_support_164,164,ok,,,homework_distraction,1.0,0.01,0.77
teen_social_life_support_164,164,ok,,,organized_activity,1.0,0.16,0.35
teen_social_life_support_164,164,ok,,,career_clarity,1.0,0.14,0.36
teen_social_life_support_164,164,ok,,,future_optimism,1.0,0.06,0.48
teen_social_life_support_164,164,ok,,,peer_belonging,1.0,0.04,0.47
teen_social_life_support_165,165,ok,,,social_media_hours,1.0,0.18,0.56
teen_social_life_support_165,165,ok,,,posting_frequency,1.0,0.14,0.3
teen_social_life_support_165,165,ok,,,late_night_use,1.0,0.16,0.34
teen_social_life_support_165,165,ok,,,sleep_interference,1.0,0.12,0.36
teen_social_life_support_165,165,ok,,,social_comparison,1.0,0.15,0.33
teen_social_life_support_165,165,ok,,,connection_effect,1.0,0.16,0.42
teen_social_life_support_165,165,ok,,,parental_rules,1.0,0.13,0.36
teen_social_life_support_165,165,ok,,,primary_platform,1.0,0.04,0.24
teen_social_life_support_165,165,ok,,,school_effort,1.0,0.03,0.48
teen_social_life_support_165,165,ok,,,academic_confidence,1.0,0.05,0.49
teen_social_life_support_165,165,ok,,,homework_distraction,1.0,0.13,0.35
teen_social_life_support_165,165,ok,,,organized_activity,1.0,0.09,0.56
teen_social_life_support_165,165,ok,,,career_clarity,1.0,0.12,0.4
teen_social_life_support_165,165,ok,,,future_optimism,1.0,0.07,0.47
teen_social_life_support_165,165,ok,,,peer_belonging,1.0,0.08,0.45
teen_social_life_support_166,166,ok,,,social_media_hours,1.0,0.18,0.56
teen_social_life_support_166,166,ok,,,posting_frequency,1.0,0.14,0.36
teen_social_life_support_166,166,ok,,,late_night_use,1.0,0.1,0.38
teen_social_life_support_166,166,ok,,,sleep_interference,1.0,0.13,0.36
teen_social_life_support_166,166,ok,,,social_comparison,1.0,0.13,0.4
teen_social_life_support_166,166,ok,,,connection_effect,1.0,0.14,0.43
teen_social_life_support_166,166,ok,,,parental_rules,1.0,0.13,0.35
teen_social_life_support_166,166,ok,,,primary_platform,1.0,0.03,0.3
teen_social_life_support_166,166,ok,,,school_effort,1.0,0.02,0.53
teen_social_life_support_166,166,ok,,,academic_confidence,1.0,0.04,0.48
teen_social_life_support_166,166,ok,,,homework_distraction,1.0,0.13,0.4
teen_social_life_support_166,166,ok,,,organized_activity,1.0,0.06,0.67
teen_social_life_support_166,166,ok,,,career_clarity,1.0,0.13,0.39
teen_social_life_support_166,166,ok,,,future_optimism,1.0,0.05,0.48
teen_social_life_support_166,166,ok,,,peer_belonging,1.0,0.04,0.42
teen_social_life_support_167,167,ok,,,social_media_hours,1.0,0.16,0.58
teen_social_life_support_167,167,ok,,,posting_frequency,1.0,0.16,0.37
teen_social_life_support_167,167,ok,,,late_night_use,1.0,0.12,0.38
teen_social_life_support_167,167,ok,,,sleep_interference,0.9999999999999999,0.1,0.38
teen_social_life_support_167,167,ok,,,social_comparison,1.0,0.14,0.36
teen_social_life_support_167,167,ok,,,connection_effect,1.0,0.13,0.51
teen_social_life_support_167,167,ok,,,parental_rules,1.0000000000000002,0.11,0.4
teen_social_life_support_167,167,ok,,,primary_platform,1.0,0.03,0.28
teen_social_life_support_167,167,ok,,,school_effort,1.0,0.02,0.55
teen_social_life_support_167,167,ok,,,academic_confidence,1.0,0.03,0.48
teen_social_life_support_167,167,ok,,,homework_distraction,1.0,0.13,0.36
teen_social_life_support_167,167,ok,,,organized_activity,1.0,0.08,0.55
teen_social_life_support_167,167,ok,,,career_clarity,1.0,0.14,0.37
teen_social_life_support_167,167,ok,,,future_optimism,1.0,0.04,0.49
teen_social_life_support_167,167,ok,,,peer_belonging,1.0,0.04,0.4
teen_social_life_support_168,168,ok,,,social_media_hours,1.0,0.12,0.56
teen_social_life_support_168,168,ok,,,posting_frequency,1.0,0.16,0.36
teen_social_life_support_168,168,ok,,,late_night_use,1.0,0.1,0.42
teen_social_life_support_168,168,ok,,,sleep_interference,1.0,0.12,0.36
teen_social_life_support_168,168,ok,,,social_comparison,1.0,0.12,0.42
teen_social_life_support_168,168,ok,,,connection_effect,1.0,0.08,0.59
teen_social_life_support_168,168,ok,,,parental_rules,1.0,0.12,0.4
teen_social_life_support_168,168,ok,,,primary_platform,1.0,0.02,0.3
teen_social_life_support_168,168,ok,,,school_effort,1.0,0.01,0.7
teen_social_life_support_168,168,ok,,,academic_confidence,1.0,0.02,0.5
teen_social_life_support_168,168,ok,,,homework_distraction,1.0,0.12,0.38
teen_social_life_support_168,168,ok,,,organized_activity,1.0,0.02,0.82
teen_social_life_support_168,168,ok,,,career_clarity,1.0,0.12,0.38
teen_social_life_support_168,168,ok,,,future_optimism,1.0,0.03,0.45
teen_social_life_support_168,168,ok,,,peer_belonging,1.0,0.02,0.58
teen_social_life_support_169,169,ok,,,social_media_hours,1.0,0.12,0.52
teen_social_life_support_169,169,ok,,,posting_frequency,1.0,0.16,0.32
teen_social_life_support_169,169,ok,,,late_night_use,1.0,0.08,0.43
teen_social_life_support_169,169,ok,,,sleep_interference,1.0,0.14,0.36
teen_social_life_support_169,169,ok,,,social_comparison,1.0,0.12,0.38
teen_social_life_support_169,169,ok,,,connection_effect,1.0,0.13,0.48
teen_social_life_support_169,169,ok,,,parental_rules,1.0,0.13,0.38
teen_social_life_support_169,169,ok,,,primary_platform,1.0,0.01,0.32
teen_social_life_support_169,169,ok,,,school_effort,1.0,0.02,0.48
teen_social_life_support_169,169,ok,,,academic_confidence,1.0,0.05,0.49
teen_social_life_support_169,169,ok,,,homework_distraction,1.0,0.12,0.39
teen_social_life_support_169,169,ok,,,organized_activity,1.0,0.17,0.33
teen_social_life_support_169,169,ok,,,career_clarity,1.0,0.05,0.46
teen_social_life_support_169,169,ok,,,future_optimism,1.0,0.06,0.5
teen_social_life_support_169,169,ok,,,peer_belonging,0.9999999999999999,0.05,0.41
teen_social_life_support_170,170,ok,,,social_media_hours,1.0,0.1,0.52
teen_social_life_support_170,170,ok,,,posting_frequency,1.0,0.16,0.34
teen_social_life_support_170,170,ok,,,late_night_use,1.0,0.06,0.42
teen_social_life_support_170,170,ok,,,sleep_interference,1.0,0.12,0.38
teen_social_life_support_170,170,ok,,,social_comparison,1.0,0.1,0.42
teen_social_life_support_170,170,ok,,,connection_effect,1.0,0.16,0.5
teen_social_life_support_170,170,ok,,,parental_rules,1.0000000000000002,0.1,0.38
teen_social_life_support_170,170,ok,,,primary_platform,1.0,0.01,0.32
teen_social_life_support_170,170,ok,,,school_effort,1.0,0.03,0.47
teen_social_life_support_170,170,ok,,,academic_confidence,1.0,0.04,0.49
teen_social_life_support_170,170,ok,,,homework_distraction,1.0,0.1,0.42
teen_social_life_support_170,170,ok,,,organized_activity,1.0,0.18,0.34
teen_social_life_support_170,170,ok,,,career_clarity,1.0,0.02,0.78
teen_social_life_support_170,170,ok,,,future_optimism,1.0,0.04,0.5
teen_social_life_support_170,170,ok,,,peer_belonging,1.0,0.04,0.42
teen_social_life_support_171,171,ok,,,social_media_hours,1.0,0.12,0.55
teen_social_life_support_171,171,ok,,,posting_frequency,1.0,0.18,0.36
teen_social_life_support_171,171,ok,,,late_night_use,1.0,0.1,0.4
teen_social_life_support_171,171,ok,,,sleep_interference,1.0,0.14,0.36
teen_social_life_support_171,171,ok,,,social_comparison,1.0,0.12,0.42
teen_social_life_support_171,171,ok,,,connection_effect,1.0,0.12,0.52
teen_social_life_support_171,171,ok,,,parental_rules,1.0,0.13,0.39
teen_social_life_support_171,171,ok,,,primary_platform,1.0000000000000002,0.02,0.31
teen_social_life_support_171,171,ok,,,school_effort,1.0,0.02,0.59
teen_social_life_support_171,171,ok,,,academic_confidence,1.0,0.03,0.48
teen_social_life_support_171,171,ok,,,homework_distraction,1.0,0.12,0.37
teen_social_life_support_171,171,ok,,,organized_activity,0.9999999999999999,0.15,0.37
teen_social_life_support_171,171,ok,,,career_clarity,1.0,0.06,0.6
teen_social_life_support_171,171,ok,,,future_optimism,1.0,0.03,0.5
teen_social_life_support_171,171,ok,,,peer_belonging,1.0,0.04,0.44
teen_social_life_support_172,172,ok,,,social_media_hours,1.0,0.18,0.55
teen_social_life_support_172,172,ok,,,posting_frequency,1.0,0.2,0.35
teen_social_life_support_172,172,ok,,,late_night_use,1.0,0.12,0.38
teen_social_life_support_172,172,ok,,,sleep_interference,0.9999999999999999,0.1,0.38
teen_social_life_support_172,172,ok,,,social_comparison,1.0000000000000002,0.11,0.38
teen_social_life_support_172,172,ok,,,connection_effect,1.0,0.12,0.52
teen_social_life_support_172,172,ok,,,parental_rules,1.0,0.1,0.42
teen_social_life_support_172,172,ok,,,primary_platform,0.9999999999999999,0.01,0.25
teen_social_life_support_172,172,ok,,,school_effort,1.0,0.01,0.76
teen_social_life_support_172,172,ok,,,academic_confidence,1.0,0.01,0.67
teen_social_life_support_172,172,ok,,,homework_distraction,1.0000000000000002,0.1,0.4
teen_social_life_support_172,172,ok,,,organized_activity,1.0,0.12,0.5
teen_social_life_support_172,172,ok,,,career_clarity,1.0,0.01,0.82
teen_social_life_support_172,172,ok,,,future_optimism,1.0,0.01,0.63
teen_social_life_support_172,172,ok,,,peer_belonging,1.0,0.03,0.53
teen_social_life_support_173,173,ok,,,social_media_hours,1.0,0.12,0.48
teen_social_life_support_173,173,ok,,,posting_frequency,1.0,0.18,0.32
teen_social_life_support_173,173,ok,,,late_night_use,1.0,0.08,0.38
teen_social_life_support_173,173,ok,,,sleep_interference,1.0,0.12,0.39
teen_social_life_support_173,173,ok,,,social_comparison,1.0,0.08,0.42
teen_social_life_support_173,173,ok,,,connection_effect,1.0,0.24,0.46
teen_social_life_support_173,173,ok,,,parental_rules,1.0,0.13,0.37
teen_social_life_support_173,173,ok,,,primary_platform,1.0,0.01,0.34
teen_social_life_support_173,173,ok,,,school_effort,1.0,0.08,0.39
teen_social_life_support_173,173,ok,,,academic_confidence,1.0,0.14,0.34
teen_social_life_support_173,173,ok,,,homework_distraction,1.0,0.12,0.4
teen_social_life_support_173,173,ok,,,organized_activity,1.0,0.2,0.3
teen_social_life_support_173,173,ok,,,career_clarity,0.9999999999999999,0.08,0.38
teen_social_life_support_173,173,ok,,,future_optimism,1.0,0.03,0.55
teen_social_life_support_173,173,ok,,,peer_belonging,1.0,0.16,0.36
teen_social_life_support_174,174,ok,,,social_media_hours,1.0,0.12,0.55
teen_social_life_support_174,174,ok,,,posting_frequency,1.0,0.15,0.35
teen_social_life_support_174,174,ok,,,late_night_use,1.0,0.08,0.4
teen_social_life_support_174,174,ok,,,sleep_interference,1.0,0.12,0.39
teen_social_life_support_174,174,ok,,,social_comparison,1.0,0.07,0.45
teen_social_life_support_174,174,ok,,,connection_effect,1.0,0.18,0.42
teen_social_life_support_174,174,ok,,,parental_rules,1.0,0.12,0.38
teen_social_life_support_174,174,ok,,,primary_platform,1.0,0.01,0.28
teen_social_life_support_174,174,ok,,,school_effort,1.0,0.03,0.5
teen_social_life_support_174,174,ok,,,academic_confidence,1.0,0.08,0.45
teen_social_life_support_174,174,ok,,,homework_distraction,1.0,0.1,0.42
teen_social_life_support_174,174,ok,,,organized_activity,1.0,0.18,0.33
teen_social_life_support_174,174,ok,,,career_clarity,1.0,0.07,0.45
teen_social_life_support_174,174,ok,,,future_optimism,1.0,0.03,0.72
teen_social_life_support_174,174,ok,,,peer_belonging,1.0,0.06,0.44
teen_social_life_support_175,175,ok,,,social_media_hours,1.0,0.12,0.55
teen_social_life_support_175,175,ok,,,posting_frequency,1.0,0.16,0.32
teen_social_life_support_175,175,ok,,,late_night_use,1.0,0.08,0.43
teen_social_life_support_175,175,ok,,,sleep_interference,1.0,0.14,0.37
teen_social_life_support_175,175,ok,,,social_comparison,1.0,0.12,0.4
teen_social_life_support_175,175,ok,,,connection_effect,1.0,0.13,0.51
teen_social_life_support_175,175,ok,,,parental_rules,1.0,0.12,0.38
teen_social_life_support_175,175,ok,,,primary_platform,1.0,0.01,0.3
teen_social_life_support_175,175,ok,,,school_effort,1.0,0.02,0.55
teen_social_life_support_175,175,ok,,,academic_confidence,1.0,0.03,0.55
teen_social_life_support_175,175,ok,,,homework_distraction,1.0,0.09,0.43
teen_social_life_support_175,175,ok,,,organized_activity,1.0,0.16,0.38
teen_social_life_support_175,175,ok,,,career_clarity,0.9999999999999999,0.11,0.43
teen_social_life_support_175,175,ok,,,future_optimism,1.0,0.03,0.62
teen_social_life_support_175,175,ok,,,peer_belonging,1.0,0.04,0.42
teen_social_life_support_176,176,ok,,,social_media_hours,1.0,0.12,0.58
teen_social_life_support_176,176,ok,,,posting_frequency,1.0,0.18,0.36
teen_social_life_support_176,176,ok,,,late_night_use,1.0,0.1,0.42
teen_social_life_support_176,176,ok,,,sleep_interference,1.0,0.12,0.38
teen_social_life_support_176,176,ok,,,social_comparison,1.0,0.1,0.42
teen_social_life_support_176,176,ok,,,connection_effect,1.0,0.08,0.62
teen_social_life_support_176,176,ok,,,parental_rules,1.0,0.1,0.4
teen_social_life_support_176,176,ok,,,primary_platform,1.0,0.03,0.28
teen_social_life_support_176,176,ok,,,school_effort,1.0,0.01,0.8
teen_social_life_support_176,176,ok,,,academic_confidence,1.0,0.01,0.7
teen_social_life_support_176,176,ok,,,homework_distraction,1.0,0.12,0.4
teen_social_life_support_176,176,ok,,,organized_activity,1.0,0.08,0.6
teen_social_life_support_176,176,ok,,,career_clarity,1.0,0.03,0.45
teen_social_life_support_176,176,ok,,,future_optimism,1.0,0.01,0.85
teen_social_life_support_176,176,ok,,,peer_belonging,1.0,0.02,0.7
teen_social_life_support_177,177,ok,,,social_media_hours,1.0,0.18,0.57
teen_social_life_support_177,177,ok,,,posting_frequency,0.9999999999999999,0.1,0.38
teen_social_life_support_177,177,ok,,,late_night_use,1.0,0.12,0.38
teen_social_life_support_177,177,ok,,,sleep_interference,0.9999999999999999,0.12,0.36
teen_social_life_support_177,177,ok,,,social_comparison,1.0,0.1,0.4
teen_social_life_support_177,177,ok,,,connection_effect,1.0,0.2,0.48
teen_social_life_support_177,177,ok,,,parental_rules,1.0,0.13,0.39
teen_social_life_support_177,177,ok,,,primary_platform,0.9999999999999999,0.03,0.27
teen_social_life_support_177,177,ok,,,school_effort,1.0,0.05,0.43
teen_social_life_support_177,177,ok,,,academic_confidence,1.0,0.12,0.39
teen_social_life_support_177,177,ok,,,homework_distraction,1.0,0.14,0.34
teen_social_life_support_177,177,ok,,,organized_activity,1.0,0.21,0.32
teen_social_life_support_177,177,ok,,,career_clarity,1.0,0.1,0.38
teen_social_life_support_177,177,ok,,,future_optimism,1.0,0.15,0.38
teen_social_life_support_177,177,ok,,,peer_belonging,1.0,0.06,0.48
teen_social_life_support_178,178,ok,,,social_media_hours,1.0,0.12,0.55
teen_social_life_support_178,178,ok,,,posting_frequency,1.0,0.14,0.34
teen_social_life_support_178,178,ok,,,late_night_use,1.0,0.08,0.42
teen_social_life_support_178,178,ok,,,sleep_interference,1.0,0.1,0.41
teen_social_life_support_178,178,ok,,,social_comparison,1.0,0.05,0.47
teen_social_life_support_178,178,ok,,,connection_effect,1.0,0.2,0.45
teen_social_life_support_178,178,ok,,,parental_rules,1.0,0.12,0.4
teen_social_life_support_178,178,ok,,,primary_platform,0.9999999999999999,0.02,0.3
teen_social_life_support_178,178,ok,,,school_effort,1.0,0.03,0.5
teen_social_life_support_178,178,ok,,,academic_confidence,1.0,0.07,0.46
teen_social_life_support_178,178,ok,,,homework_distraction,1.0,0.1,0.42
teen_social_life_support_178,178,ok,,,organized_activity,1.0,0.21,0.29
teen_social_life_support_178,178,ok,,,career_clarity,1.0,0.1,0.37
teen_social_life_support_178,178,ok,,,future_optimism,1.0,0.08,0.46
teen_social_life_support_178,178,ok,,,peer_belonging,1.0,0.04,0.72
teen_social_life_support_179,179,ok,,,social_media_hours,1.0,0.15,0.55
teen_social_life_support_179,179,ok,,,posting_frequency,1.0,0.18,0.34
teen_social_life_support_179,179,ok,,,late_night_use,1.0,0.12,0.39
teen_social_life_support_179,179,ok,,,sleep_interference,1.0,0.15,0.35
teen_social_life_support_179,179,ok,,,social_comparison,1.0,0.1,0.42
teen_social_life_support_179,179,ok,,,connection_effect,1.0,0.16,0.46
teen_social_life_support_179,179,ok,,,parental_rules,1.0,0.13,0.37
teen_social_life_support_179,179,ok,,,primary_platform,1.0,0.02,0.27
teen_social_life_support_179,179,ok,,,school_effort,1.0,0.02,0.55
teen_social_life_support_179,179,ok,,,academic_confidence,1.0,0.04,0.5
teen_social_life_support_179,179,ok,,,homework_distraction,1.0,0.13,0.38
teen_social_life_support_179,179,ok,,,organized_activity,1.0,0.18,0.32
teen_social_life_support_179,179,ok,,,career_clarity,1.0,0.13,0.38
teen_social_life_support_179,179,ok,,,future_optimism,1.0,0.04,0.49
teen_social_life_support_179,179,ok,,,peer_belonging,1.0,0.05,0.5
teen_social_life_support_180,180,ok,,,social_media_hours,1.0,0.08,0.56
teen_social_life_support_180,180,ok,,,posting_frequency,1.0,0.08,0.43
teen_social_life_support_180,180,ok,,,late_night_use,1.0,0.07,0.43
teen_social_life_support_180,180,ok,,,sleep_interference,1.0,0.12,0.39
teen_social_life_support_180,180,ok,,,social_comparison,1.0,0.14,0.36
teen_social_life_support_180,180,ok,,,connection_effect,1.0,0.05,0.73
teen_social_life_support_180,180,ok,,,parental_rules,1.0,0.12,0.38
teen_social_life_support_180,180,ok,,,primary_platform,1.0,0.01,0.28
teen_social_life_support_180,180,ok,,,school_effort,1.0,0.02,0.64
teen_social_life_support_180,180,ok,,,academic_confidence,1.0,0.03,0.44
teen_social_life_support_180,180,ok,,,homework_distraction,1.0,0.11,0.41
teen_social_life_support_180,180,ok,,,organized_activity,1.0,0.14,0.46
teen_social_life_support_180,180,ok,,,career_clarity,1.0,0.12,0.39
teen_social_life_support_180,180,ok,,,future_optimism,1.0,0.03,0.45
teen_social_life_support_180,180,ok,,,peer_belonging,1.0,0.01,0.82
teen_social_life_support_181,181,ok,,,social_media_hours,0.9999999999999999,0.08,0.58
teen_social_life_support_181,181,ok,,,posting_frequency,1.0,0.1,0.34
teen_social_life_support_181,181,ok,,,late_night_use,1.0,0.09,0.38
teen_social_life_support_181,181,ok,,,sleep_interference,1.0,0.07,0.38
teen_social_life_support_181,181,ok,,,social_comparison,1.0,0.1,0.38
teen_social_life_support_181,181,ok,,,connection_effect,1.0,0.16,0.52
teen_social_life_support_181,181,ok,,,parental_rules,1.0,0.12,0.38
teen_social_life_support_181,181,ok,,,primary_platform,1.0,0.08,0.24
teen_social_life_support_181,181,ok,,,school_effort,1.0,0.02,0.57
teen_social_life_support_181,181,ok,,,academic_confidence,1.0,0.03,0.45
teen_social_life_support_181,181,ok,,,homework_distraction,1.0,0.05,0.43
teen_social_life_support_181,181,ok,,,organized_activity,1.0,0.14,0.38
teen_social_life_support_181,181,ok,,,career_clarity,1.0,0.16,0.36
teen_social_life_support_181,181,ok,,,future_optimism,1.0,0.04,0.46
teen_social_life_support_181,181,ok,,,peer_belonging,1.0,0.04,0.46
teen_social_life_support_182,182,ok,,,social_media_hours,1.0,0.06,0.88
teen_social_life_support_182,182,ok,,,posting_frequency,1.0,0.15,0.4
teen_social_life_support_182,182,ok,,,late_night_use,1.0,0.1,0.4
teen_social_life_support_182,182,ok,,,sleep_interference,0.9999999999999999,0.1,0.42
teen_social_life_support_182,182,ok,,,social_comparison,1.0,0.12,0.4
teen_social_life_support_182,182,ok,,,connection_effect,1.0,0.08,0.58
teen_social_life_support_182,182,ok,,,parental_rules,1.0,0.12,0.38
teen_social_life_support_182,182,ok,,,primary_platform,1.0,0.01,0.3
teen_social_life_support_182,182,ok,,,school_effort,1.0,0.02,0.62
teen_social_life_support_182,182,ok,,,academic_confidence,1.0,0.03,0.48
teen_social_life_support_182,182,ok,,,homework_distraction,1.0,0.1,0.42
teen_social_life_support_182,182,ok,,,organized_activity,1.0,0.15,0.4
teen_social_life_support_182,182,ok,,,career_clarity,1.0,0.14,0.34
teen_social_life_support_182,182,ok,,,future_optimism,1.0,0.03,0.5
teen_social_life_support_182,182,ok,,,peer_belonging,1.0,0.03,0.52
teen_social_life_support_183,183,ok,,,social_media_hours,1.0,0.04,0.68
teen_social_life_support_183,183,ok,,,posting_frequency,1.0,0.1,0.43
teen_social_life_support_183,183,ok,,,late_night_use,0.9999999999999999,0.05,0.42
teen_social_life_support_183,183,ok,,,sleep_interference,1.0,0.08,0.43
teen_social_life_support_183,183,ok,,,social_comparison,1.0,0.1,0.42
teen_social_life_support_183,183,ok,,,connection_effect,1.0,0.12,0.6
teen_social_life_support_183,183,ok,,,parental_rules,1.0,0.12,0.38
teen_social_life_support_183,183,ok,,,primary_platform,1.0,0.01,0.34
teen_social_life_support_183,183,ok,,,school_effort,1.0,0.02,0.58
teen_social_life_support_183,183,ok,,,academic_confidence,1.0,0.03,0.44
teen_social_life_support_183,183,ok,,,homework_distraction,1.0,0.06,0.46
teen_social_life_support_183,183,ok,,,organized_activity,1.0,0.18,0.36
teen_social_life_support_183,183,ok,,,career_clarity,1.0,0.15,0.38
teen_social_life_support_183,183,ok,,,future_optimism,1.0,0.04,0.46
teen_social_life_support_183,183,ok,,,peer_belonging,1.0,0.04,0.45
teen_social_life_support_184,184,ok,,,social_media_hours,1.0,0.15,0.5
teen_social_life_support_184,184,ok,,,posting_frequency,1.0,0.02,0.78
teen_social_life_support_184,184,ok,,,late_night_use,1.0,0.1,0.38
teen_social_life_support_184,184,ok,,,sleep_interference,1.0,0.07,0.4
teen_social_life_support_184,184,ok,,,social_comparison,1.0,0.1,0.38
teen_social_life_support_184,184,ok,,,connection_effect,1.0,0.15,0.6
teen_social_life_support_184,184,ok,,,parental_rules,1.0,0.08,0.42
teen_social_life_support_184,184,ok,,,primary_platform,1.0,0.06,0.38
teen_social_life_support_184,184,ok,,,school_effort,1.0,0.01,0.7
teen_social_life_support_184,184,ok,,,academic_confidence,1.0,0.02,0.5
teen_social_life_support_184,184,ok,,,homework_distraction,1.0,0.06,0.43
teen_social_life_support_184,184,ok,,,organized_activity,1.0,0.14,0.42
teen_social_life_support_184,184,ok,,,career_clarity,1.0,0.12,0.38
teen_social_life_support_184,184,ok,,,future_optimism,1.0,0.02,0.48
teen_social_life_support_184,184,ok,,,peer_belonging,1.0,0.04,0.44
teen_social_life_support_185,185,ok,,,social_media_hours,1.0,0.16,0.52
teen_social_life_support_185,185,ok,,,posting_frequency,1.0,0.1,0.45
teen_social_life_support_185,185,ok,,,late_night_use,1.0,0.14,0.36
teen_social_life_support_185,185,ok,,,sleep_interference,1.0,0.11,0.38
teen_social_life_support_185,185,ok,,,social_comparison,1.0,0.12,0.38
teen_social_life_support_185,185,ok,,,connection_effect,1.0,0.14,0.46
teen_social_life_support_185,185,ok,,,parental_rules,1.0,0.12,0.36
teen_social_life_support_185,185,ok,,,primary_platform,1.0,0.02,0.25
teen_social_life_support_185,185,ok,,,school_effort,1.0,0.02,0.58
teen_social_life_support_185,185,ok,,,academic_confidence,1.0,0.03,0.48
teen_social_life_support_185,185,ok,,,homework_distraction,1.0,0.1,0.4
teen_social_life_support_185,185,ok,,,organized_activity,1.0,0.14,0.39
teen_social_life_support_185,185,ok,,,career_clarity,1.0,0.16,0.34
teen_social_life_support_185,185,ok,,,future_optimism,1.0,0.04,0.48
teen_social_life_support_185,185,ok,,,peer_belonging,1.0,0.03,0.47
teen_social_life_support_186,186,ok,,,social_media_hours,1.0,0.08,0.55
teen_social_life_support_186,186,ok,,,posting_frequency,0.9999999999999999,0.01,0.82
teen_social_life_support_186,186,ok,,,late_night_use,1.0,0.05,0.47
teen_social_life_support_186,186,ok,,,sleep_interference,1.0,0.1,0.4
teen_social_life_support_186,186,ok,,,social_comparison,1.0,0.08,0.46
teen_social_life_support_186,186,ok,,,connection_effect,1.0,0.05,0.71
teen_social_life_support_186,186,ok,,,parental_rules,1.0,0.12,0.39
teen_social_life_support_186,186,ok,,,primary_platform,1.0,0.01,0.3
teen_social_life_support_186,186,ok,,,school_effort,1.0,0.01,0.63
teen_social_life_support_186,186,ok,,,academic_confidence,1.0,0.03,0.48
teen_social_life_support_186,186,ok,,,homework_distraction,1.0,0.08,0.45
teen_social_life_support_186,186,ok,,,organized_activity,1.0,0.15,0.41
teen_social_life_support_186,186,ok,,,career_clarity,1.0,0.14,0.34
teen_social_life_support_186,186,ok,,,future_optimism,1.0,0.03,0.49
teen_social_life_support_186,186,ok,,,peer_belonging,1.0,0.03,0.5
teen_social_life_support_187,187,ok,,,social_media_hours,1.0,0.08,0.55
teen_social_life_support_187,187,ok,,,posting_frequency,1.0,0.02,0.55
teen_social_life_support_187,187,ok,,,late_night_use,1.0,0.06,0.44
teen_social_life_support_187,187,ok,,,sleep_interference,1.0,0.12,0.4
teen_social_life_support_187,187,ok,,,social_comparison,1.0,0.1,0.44
teen_social_life_support_187,187,ok,,,connection_effect,1.0,0.08,0.65
teen_social_life_support_187,187,ok,,,parental_rules,1.0,0.1,0.42
teen_social_life_support_187,187,ok,,,primary_platform,1.0,0.01,0.32
teen_social_life_support_187,187,ok,,,school_effort,1.0,0.02,0.58
teen_social_life_support_187,187,ok,,,academic_confidence,1.0,0.03,0.47
teen_social_life_support_187,187,ok,,,homework_distraction,1.0,0.08,0.45
teen_social_life_support_187,187,ok,,,organized_activity,1.0,0.15,0.4
teen_social_life_support_187,187,ok,,,career_clarity,1.0,0.14,0.35
teen_social_life_support_187,187,ok,,,future_optimism,1.0,0.04,0.5
teen_social_life_support_187,187,ok,,,peer_belonging,1.0,0.03,0.48
teen_social_life_support_188,188,ok,,,social_media_hours,1.0,0.1,0.45
teen_social_life_support_188,188,ok,,,posting_frequency,0.9999999999999999,0.1,0.35
teen_social_life_support_188,188,ok,,,late_night_use,1.0,0.01,0.86
teen_social_life_support_188,188,ok,,,sleep_interference,0.9999999999999999,0.02,0.7
teen_social_life_support_188,188,ok,,,social_comparison,0.9999999999999999,0.08,0.4
teen_social_life_support_188,188,ok,,,connection_effect,1.0,0.08,0.47
teen_social_life_support_188,188,ok,,,parental_rules,1.0,0.05,0.45
teen_social_life_support_188,188,ok,,,primary_platform,1.0,0.03,0.28
teen_social_life_support_188,188,ok,,,school_effort,1.0,0.02,0.64
teen_social_life_support_188,188,ok,,,academic_confidence,1.0,0.02,0.5
teen_social_life_support_188,188,ok,,,homework_distraction,1.0,0.03,0.58
teen_social_life_support_188,188,ok,,,organized_activity,1.0,0.14,0.45
teen_social_life_support_188,188,ok,,,career_clarity,1.0,0.15,0.37
teen_social_life_support_188,188,ok,,,future_optimism,1.0,0.03,0.45
teen_social_life_support_188,188,ok,,,peer_belonging,1.0,0.03,0.5
teen_social_life_support_189,189,ok,,,social_media_hours,1.0,0.15,0.6
teen_social_life_support_189,189,ok,,,posting_frequency,1.0,0.16,0.34
teen_social_life_support_189,189,ok,,,late_night_use,1.0,0.05,0.5
teen_social_life_support_189,189,ok,,,sleep_interference,1.0,0.05,0.45
teen_social_life_support_189,189,ok,,,social_comparison,1.0000000000000002,0.1,0.38
teen_social_life_support_189,189,ok,,,connection_effect,1.0,0.1,0.48
teen_social_life_support_189,189,ok,,,parental_rules,1.0,0.1,0.4
teen_social_life_support_189,189,ok,,,primary_platform,1.0,0.02,0.25
teen_social_life_support_189,189,ok,,,school_effort,1.0,0.02,0.6
teen_social_life_support_189,189,ok,,,academic_confidence,1.0,0.03,0.45
teen_social_life_support_189,189,ok,,,homework_distraction,1.0,0.06,0.44
teen_social_life_support_189,189,ok,,,organized_activity,1.0,0.15,0.41
teen_social_life_support_189,189,ok,,,career_clarity,1.0,0.16,0.34
teen_social_life_support_189,189,ok,,,future_optimism,1.0,0.04,0.47
teen_social_life_support_189,189,ok,,,peer_belonging,1.0,0.04,0.48
teen_social_life_support_190,190,ok,,,social_media_hours,1.0,0.08,0.52
teen_social_life_support_190,190,ok,,,posting_frequency,1.0,0.12,0.42
teen_social_life_support_190,190,ok,,,late_night_use,1.0,0.02,0.74
teen_social_life_support_190,190,ok,,,sleep_interference,1.0,0.12,0.39
teen_social_life_support_190,190,ok,,,social_comparison,1.0,0.1,0.42
teen_social_life_support_190,190,ok,,,connection_effect,1.0,0.1,0.62
teen_social_life_support_190,190,ok,,,parental_rules,1.0,0.1,0.42
teen_social_life_support_190,190,ok,,,primary_platform,1.0,0.01,0.33
teen_social_life_support_190,190,ok,,,school_effort,1.0,0.02,0.6
teen_social_life_support_190,190,ok,,,academic_confidence,1.0,0.03,0.45
teen_social_life_support_190,190,ok,,,homework_distraction,1.0,0.11,0.38
teen_social_life_support_190,190,ok,,,organized_activity,0.9999999999999999,0.18,0.35
teen_social_life_support_190,190,ok,,,career_clarity,1.0,0.15,0.36
teen_social_life_support_190,190,ok,,,future_optimism,1.0,0.04,0.46
teen_social_life_support_190,190,ok,,,peer_belonging,1.0,0.04,0.46
teen_social_life_support_191,191,ok,,,social_media_hours,1.0,0.04,0.6
teen_social_life_support_191,191,ok,,,posting_frequency,1.0,0.1,0.4
teen_social_life_support_191,191,ok,,,late_night_use,1.0,0.02,0.55
teen_social_life_support_191,191,ok,,,sleep_interference,1.0,0.04,0.5
teen_social_life_support_191,191,ok,,,social_comparison,1.0,0.08,0.48
teen_social_life_support_191,191,ok,,,connection_effect,1.0,0.1,0.62
teen_social_life_support_191,191,ok,,,parental_rules,1.0,0.1,0.4
teen_social_life_support_191,191,ok,,,primary_platform,1.0,0.01,0.34
teen_social_life_support_191,191,ok,,,school_effort,1.0,0.02,0.56
teen_social_life_support_191,191,ok,,,academic_confidence,1.0,0.03,0.48
teen_social_life_support_191,191,ok,,,homework_distraction,1.0,0.05,0.5
teen_social_life_support_191,191,ok,,,organized_activity,1.0,0.15,0.43
teen_social_life_support_191,191,ok,,,career_clarity,1.0,0.15,0.36
teen_social_life_support_191,191,ok,,,future_optimism,1.0,0.04,0.48
teen_social_life_support_191,191,ok,,,peer_belonging,1.0,0.03,0.47
teen_social_life_support_192,192,ok,,,social_media_hours,1.0,0.1,0.5
teen_social_life_support_192,192,ok,,,posting_frequency,1.0,0.13,0.32
teen_social_life_support_192,192,ok,,,late_night_use,1.0,0.02,0.65
teen_social_life_support_192,192,ok,,,sleep_interference,1.0,0.01,0.84
teen_social_life_support_192,192,ok,,,social_comparison,1.0,0.06,0.4
teen_social_life_support_192,192,ok,,,connection_effect,1.0,0.08,0.5
teen_social_life_support_192,192,ok,,,parental_rules,1.0,0.1,0.45
teen_social_life_support_192,192,ok,,,primary_platform,1.0,0.05,0.25
teen_social_life_support_192,192,ok,,,school_effort,1.0,0.02,0.68
teen_social_life_support_192,192,ok,,,academic_confidence,1.0,0.02,0.48
teen_social_life_support_192,192,ok,,,homework_distraction,1.0,0.03,0.55
teen_social_life_support_192,192,ok,,,organized_activity,1.0,0.12,0.49
teen_social_life_support_192,192,ok,,,career_clarity,1.0,0.14,0.35
teen_social_life_support_192,192,ok,,,future_optimism,1.0,0.03,0.45
teen_social_life_support_192,192,ok,,,peer_belonging,1.0,0.03,0.51
teen_social_life_support_193,193,ok,,,social_media_hours,1.0,0.22,0.55
teen_social_life_support_193,193,ok,,,posting_frequency,1.0,0.15,0.3
teen_social_life_support_193,193,ok,,,late_night_use,1.0,0.13,0.38
teen_social_life_support_193,193,ok,,,sleep_interference,0.9999999999999999,0.08,0.45
teen_social_life_support_193,193,ok,,,social_comparison,1.0,0.12,0.36
teen_social_life_support_193,193,ok,,,connection_effect,1.0,0.1,0.56
teen_social_life_support_193,193,ok,,,parental_rules,1.0,0.13,0.38
teen_social_life_support_193,193,ok,,,primary_platform,1.0,0.02,0.25
teen_social_life_support_193,193,ok,,,school_effort,1.0,0.02,0.58
teen_social_life_support_193,193,ok,,,academic_confidence,1.0,0.03,0.46
teen_social_life_support_193,193,ok,,,homework_distraction,1.0,0.12,0.4
teen_social_life_support_193,193,ok,,,organized_activity,1.0,0.17,0.4
teen_social_life_support_193,193,ok,,,career_clarity,1.0,0.16,0.34
teen_social_life_support_193,193,ok,,,future_optimism,1.0,0.03,0.45
teen_social_life_support_193,193,ok,,,peer_belonging,1.0,0.04,0.47
teen_social_life_support_194,194,ok,,,social_media_hours,1.0,0.08,0.52
teen_social_life_support_194,194,ok,,,posting_frequency,1.0,0.12,0.43
teen_social_life_support_194,194,ok,,,late_night_use,1.0,0.03,0.55
teen_social_life_support_194,194,ok,,,sleep_interference,1.0,0.02,0.78
teen_social_life_support_194,194,ok,,,social_comparison,1.0,0.05,0.5
teen_social_life_support_194,194,ok,,,connection_effect,1.0,0.13,0.53
teen_social_life_support_194,194,ok,,,parental_rules,1.0000000000000002,0.11,0.39
teen_social_life_support_194,194,ok,,,primary_platform,1.0,0.02,0.3
teen_social_life_support_194,194,ok,,,school_effort,1.0,0.02,0.56
teen_social_life_support_194,194,ok,,,academic_confidence,1.0,0.03,0.48
teen_social_life_support_194,194,ok,,,homework_distraction,1.0,0.05,0.52
teen_social_life_support_194,194,ok,,,organized_activity,1.0,0.16,0.4
teen_social_life_support_194,194,ok,,,career_clarity,1.0000000000000002,0.11,0.37
teen_social_life_support_194,194,ok,,,future_optimism,1.0,0.04,0.5
teen_social_life_support_194,194,ok,,,peer_belonging,1.0,0.04,0.4
teen_social_life_support_195,195,ok,,,social_media_hours,1.0,0.05,0.6
teen_social_life_support_195,195,ok,,,posting_frequency,1.0,0.12,0.38
teen_social_life_support_195,195,ok,,,late_night_use,1.0,0.02,0.55
teen_social_life_support_195,195,ok,,,sleep_interference,1.0,0.02,0.55
teen_social_life_support_195,195,ok,,,social_comparison,1.0,0.07,0.45
teen_social_life_support_195,195,ok,,,connection_effect,1.0,0.12,0.58
teen_social_life_support_195,195,ok,,,parental_rules,1.0,0.1,0.42
teen_social_life_support_195,195,ok,,,primary_platform,1.0,0.01,0.34
teen_social_life_support_195,195,ok,,,school_effort,1.0,0.02,0.61
teen_social_life_support_195,195,ok,,,academic_confidence,1.0,0.04,0.43
teen_social_life_support_195,195,ok,,,homework_distraction,1.0,0.04,0.44
teen_social_life_support_195,195,ok,,,organized_activity,1.0,0.16,0.34
teen_social_life_support_195,195,ok,,,career_clarity,1.0,0.15,0.35
teen_social_life_support_195,195,ok,,,future_optimism,1.0,0.05,0.46
teen_social_life_support_195,195,ok,,,peer_belonging,1.0,0.04,0.5
teen_social_life_support_196,196,ok,,,social_media_hours,1.0,0.17,0.55
teen_social_life_support_196,196,ok,,,posting_frequency,0.9999999999999999,0.1,0.35
teen_social_life_support_196,196,ok,,,late_night_use,1.0,0.07,0.42
teen_social_life_support_196,196,ok,,,sleep_interference,1.0,0.05,0.5
teen_social_life_support_196,196,ok,,,social_comparison,1.0,0.01,0.84
teen_social_life_support_196,196,ok,,,connection_effect,1.0,0.08,0.5
teen_social_life_support_196,196,ok,,,parental_rules,1.0,0.15,0.35
teen_social_life_support_196,196,ok,,,primary_platform,1.0,0.05,0.23
teen_social_life_support_196,196,ok,,,school_effort,1.0,0.01,0.65
teen_social_life_support_196,196,ok,,,academic_confidence,1.0,0.02,0.5
teen_social_life_support_196,196,ok,,,homework_distraction,1.0,0.06,0.45
teen_social_life_support_196,196,ok,,,organized_activity,1.0,0.13,0.45
teen_social_life_support_196,196,ok,,,career_clarity,1.0,0.13,0.35
teen_social_life_support_196,196,ok,,,future_optimism,1.0,0.02,0.45
teen_social_life_support_196,196,ok,,,peer_belonging,1.0,0.03,0.61
teen_social_life_support_197,197,ok,,,social_media_hours,1.0,0.18,0.55
teen_social_life_support_197,197,ok,,,posting_frequency,1.0,0.13,0.32
teen_social_life_support_197,197,ok,,,late_night_use,1.0,0.13,0.36
teen_social_life_support_197,197,ok,,,sleep_interference,1.0,0.1,0.41
teen_social_life_support_197,197,ok,,,social_comparison,1.0,0.07,0.47
teen_social_life_support_197,197,ok,,,connection_effect,1.0,0.1,0.47
teen_social_life_support_197,197,ok,,,parental_rules,1.0,0.12,0.39
teen_social_life_support_197,197,ok,,,primary_platform,1.0,0.01,0.29
teen_social_life_support_197,197,ok,,,school_effort,1.0,0.01,0.64
teen_social_life_support_197,197,ok,,,academic_confidence,1.0,0.03,0.48
teen_social_life_support_197,197,ok,,,homework_distraction,1.0,0.12,0.39
teen_social_life_support_197,197,ok,,,organized_activity,1.0,0.16,0.37
teen_social_life_support_197,197,ok,,,career_clarity,1.0,0.15,0.36
teen_social_life_support_197,197,ok,,,future_optimism,1.0,0.04,0.47
teen_social_life_support_197,197,ok,,,peer_belonging,1.0,0.03,0.48
teen_social_life_support_198,198,ok,,,social_media_hours,1.0,0.08,0.52
teen_social_life_support_198,198,ok,,,posting_frequency,1.0,0.13,0.42
teen_social_life_support_198,198,ok,,,late_night_use,1.0,0.08,0.42
teen_social_life_support_198,198,ok,,,sleep_interference,1.0,0.14,0.39
teen_social_life_support_198,198,ok,,,social_comparison,1.0,0.02,0.72
teen_social_life_support_198,198,ok,,,connection_effect,1.0,0.13,0.56
teen_social_life_support_198,198,ok,,,parental_rules,1.0,0.11,0.38
teen_social_life_support_198,198,ok,,,primary_platform,1.0000000000000002,0.01,0.34
teen_social_life_support_198,198,ok,,,school_effort,1.0,0.02,0.59
teen_social_life_support_198,198,ok,,,academic_confidence,1.0,0.03,0.51
teen_social_life_support_198,198,ok,,,homework_distraction,1.0,0.09,0.45
teen_social_life_support_198,198,ok,,,organized_activity,0.9999999999999999,0.16,0.35
teen_social_life_support_198,198,ok,,,career_clarity,1.0,0.13,0.38
teen_social_life_support_198,198,ok,,,future_optimism,1.0,0.04,0.49
teen_social_life_support_198,198,ok,,,peer_belonging,1.0,0.03,0.45
teen_social_life_support_199,199,ok,,,social_media_hours,1.0,0.08,0.5
teen_social_life_support_199,199,ok,,,posting_frequency,1.0,0.14,0.36
teen_social_life_support_199,199,ok,,,late_night_use,1.0,0.04,0.42
teen_social_life_support_199,199,ok,,,sleep_interference,1.0,0.07,0.45
teen_social_life_support_199,199,ok,,,social_comparison,1.0,0.04,0.48
teen_social_life_support_199,199,ok,,,connection_effect,1.0,0.22,0.44
teen_social_life_support_199,199,ok,,,parental_rules,1.0,0.12,0.38
teen_social_life_support_199,199,ok,,,primary_platform,1.0,0.01,0.34
teen_social_life_support_199,199,ok,,,school_effort,1.0,0.02,0.52
teen_social_life_support_199,199,ok,,,academic_confidence,1.0,0.08,0.46
teen_social_life_support_199,199,ok,,,homework_distraction,1.0,0.06,0.46
teen_social_life_support_199,199,ok,,,organized_activity,1.0,0.18,0.32
teen_social_life_support_199,199,ok,,,career_clarity,1.0,0.13,0.39
teen_social_life_support_199,199,ok,,,future_optimism,1.0,0.07,0.46
teen_social_life_support_199,199,ok,,,peer_belonging,1.0,0.06,0.45
teen_social_life_support_200,200,ok,,,social_media_hours,1.0,0.08,0.47
teen_social_life_support_200,200,ok,,,posting_frequency,1.0,0.15,0.33
teen_social_life_support_200,200,ok,,,late_night_use,1.0,0.04,0.41
teen_social_life_support_200,200,ok,,,sleep_interference,1.0,0.06,0.42
teen_social_life_support_200,200,ok,,,social_comparison,1.0,0.03,0.43
teen_social_life_support_200,200,ok,,,connection_effect,1.0,0.04,0.84
teen_social_life_support_200,200,ok,,,parental_rules,1.0,0.15,0.35
teen_social_life_support_200,200,ok,,,primary_platform,1.0,0.01,0.33
teen_social_life_support_200,200,ok,,,school_effort,1.0,0.03,0.43
teen_social_life_support_200,200,ok,,,academic_confidence,1.0,0.07,0.47
teen_social_life_support_200,200,ok,,,homework_distraction,1.0,0.05,0.43
teen_social_life_support_200,200,ok,,,organized_activity,1.0,0.2,0.3
teen_social_life_support_200,200,ok,,,career_clarity,1.0,0.1,0.39
teen_social_life_support_200,200,ok,,,future_optimism,1.0,0.08,0.46
teen_social_life_support_200,200,ok,,,peer_belonging,1.0,0.11,0.42
teen_social_life_support_201,201,ok,,,social_media_hours,1.0,0.16,0.54
teen_social_life_support_201,201,ok,,,posting_frequency,1.0,0.17,0.3
teen_social_life_support_201,201,ok,,,late_night_use,1.0,0.12,0.38
teen_social_life_support_201,201,ok,,,sleep_interference,1.0,0.14,0.36
teen_social_life_support_201,201,ok,,,social_comparison,1.0,0.15,0.35
teen_social_life_support_201,201,ok,,,connection_effect,1.0,0.18,0.62
teen_social_life_support_201,201,ok,,,parental_rules,1.0,0.13,0.39
teen_social_life_support_201,201,ok,,,primary_platform,0.9999999999999999,0.01,0.29
teen_social_life_support_201,201,ok,,,school_effort,1.0,0.03,0.51
teen_social_life_support_201,201,ok,,,academic_confidence,1.0,0.04,0.48
teen_social_life_support_201,201,ok,,,homework_distraction,1.0,0.15,0.35
teen_social_life_support_201,201,ok,,,organized_activity,1.0,0.16,0.39
teen_social_life_support_201,201,ok,,,career_clarity,1.0,0.13,0.39
teen_social_life_support_201,201,ok,,,future_optimism,1.0,0.05,0.49
teen_social_life_support_201,201,ok,,,peer_belonging,1.0,0.04,0.42
teen_social_life_support_202,202,ok,,,social_media_hours,1.0,0.06,0.52
teen_social_life_support_202,202,ok,,,posting_frequency,1.0,0.04,0.45
teen_social_life_support_202,202,ok,,,late_night_use,0.9999999999999999,0.05,0.42
teen_social_life_support_202,202,ok,,,sleep_interference,1.0,0.1,0.42
teen_social_life_support_202,202,ok,,,social_comparison,1.0,0.1,0.42
teen_social_life_support_202,202,ok,,,connection_effect,1.0,0.01,0.95
teen_social_life_support_202,202,ok,,,parental_rules,1.0,0.12,0.39
teen_social_life_support_202,202,ok,,,primary_platform,1.0,0.01,0.3
teen_social_life_support_202,202,ok,,,school_effort,1.0,0.02,0.58
teen_social_life_support_202,202,ok,,,academic_confidence,1.0,0.03,0.47
teen_social_life_support_202,202,ok,,,homework_distraction,1.0,0.08,0.46
teen_social_life_support_202,202,ok,,,organized_activity,1.0,0.12,0.4
teen_social_life_support_202,202,ok,,,career_clarity,1.0,0.14,0.35
teen_social_life_support_202,202,ok,,,future_optimism,1.0,0.03,0.45
teen_social_life_support_202,202,ok,,,peer_belonging,1.0,0.03,0.59
teen_social_life_support_203,203,ok,,,social_media_hours,1.0,0.12,0.45
teen_social_life_support_203,203,ok,,,posting_frequency,1.0,0.12,0.38
teen_social_life_support_203,203,ok,,,late_night_use,1.0,0.08,0.4
teen_social_life_support_203,203,ok,,,sleep_interference,1.0,0.15,0.37
teen_social_life_support_203,203,ok,,,social_comparison,1.0,0.14,0.37
teen_social_life_support_203,203,ok,,,connection_effect,1.0,0.1,0.6
teen_social_life_support_203,203,ok,,,parental_rules,1.0,0.05,0.58
teen_social_life_support_203,203,ok,,,primary_platform,1.0,0.01,0.28
teen_social_life_support_203,203,ok,,,school_effort,1.0,0.03,0.52
teen_social_life_support_203,203,ok,,,academic_confidence,1.0,0.04,0.45
teen_social_life_support_203,203,ok,,,homework_distraction,1.0,0.1,0.42
teen_social_life_support_203,203,ok,,,organized_activity,1.0,0.17,0.37
teen_social_life_support_203,203,ok,,,career_clarity,1.0,0.13,0.36
teen_social_life_support_203,203,ok,,,future_optimism,1.0,0.04,0.48
teen_social_life_support_203,203,ok,,,peer_belonging,1.0,0.04,0.47
teen_social_life_support_204,204,ok,,,social_media_hours,1.0,0.08,0.52
teen_social_life_support_204,204,ok,,,posting_frequency,1.0,0.12,0.38
teen_social_life_support_204,204,ok,,,late_night_use,1.0,0.06,0.43
teen_social_life_support_204,204,ok,,,sleep_interference,1.0,0.1,0.4
teen_social_life_support_204,204,ok,,,social_comparison,1.0,0.09,0.44
teen_social_life_support_204,204,ok,,,connection_effect,1.0,0.08,0.63
teen_social_life_support_204,204,ok,,,parental_rules,1.0,0.03,0.74
teen_social_life_support_204,204,ok,,,primary_platform,1.0,0.01,0.34
teen_social_life_support_204,204,ok,,,school_effort,1.0,0.01,0.56
teen_social_life_support_204,204,ok,,,academic_confidence,1.0,0.02,0.48
teen_social_life_support_204,204,ok,,,homework_distraction,1.0,0.08,0.43
teen_social_life_support_204,204,ok,,,organized_activity,0.9999999999999999,0.17,0.36
teen_social_life_support_204,204,ok,,,career_clarity,1.0,0.15,0.35
teen_social_life_support_204,204,ok,,,future_optimism,1.0,0.03,0.5
teen_social_life_support_204,204,ok,,,peer_belonging,1.0,0.04,0.45
teen_social_life_support_205,205,ok,,,social_media_hours,1.0,0.12,0.55
teen_social_life_support_205,205,ok,,,posting_frequency,1.0,0.14,0.39
teen_social_life_support_205,205,ok,,,late_night_use,1.0,0.09,0.43
teen_social_life_support_205,205,ok,,,sleep_interference,1.0,0.13,0.36
teen_social_life_support_205,205,ok,,,social_comparison,1.0,0.12,0.4
teen_social_life_support_205,205,ok,,,connection_effect,1.0,0.09,0.57
teen_social_life_support_205,205,ok,,,parental_rules,1.0,0.04,0.56
teen_social_life_support_205,205,ok,,,primary_platform,1.0,0.02,0.32
teen_social_life_support_205,205,ok,,,school_effort,1.0,0.02,0.6
teen_social_life_support_205,205,ok,,,academic_confidence,1.0,0.03,0.5
teen_social_life_support_205,205,ok,,,homework_distraction,1.0,0.12,0.39
teen_social_life_support_205,205,ok,,,organized_activity,1.0,0.12,0.43
teen_social_life_support_205,205,ok,,,career_clarity,1.0,0.16,0.34
teen_social_life_support_205,205,ok,,,future_optimism,1.0,0.04,0.47
teen_social_life_support_205,205,ok,,,peer_belonging,1.0,0.04,0.42
teen_social_life_support_206,206,ok,,,social_media_hours,1.0,0.13,0.45
teen_social_life_support_206,206,ok,,,posting_frequency,0.9999999999999999,0.09,0.45
teen_social_life_support_206,206,ok,,,late_night_use,0.9999999999999999,0.08,0.38
teen_social_life_support_206,206,ok,,,sleep_interference,1.0,0.05,0.48
teen_social_life_support_206,206,ok,,,social_comparison,0.9999999999999999,0.1,0.36
teen_social_life_support_206,206,ok,,,connection_effect,1.0,0.18,0.46
teen_social_life_support_206,206,ok,,,parental_rules,1.0,0.02,0.8
teen_social_life_support_206,206,ok,,,primary_platform,0.9999999999999999,0.08,0.3
teen_social_life_support_206,206,ok,,,school_effort,1.0,0.02,0.68
teen_social_life_support_206,206,ok,,,academic_confidence,1.0,0.03,0.48
teen_social_life_support_206,206,ok,,,homework_distraction,1.0,0.06,0.42
teen_social_life_support_206,206,ok,,,organized_activity,1.0,0.16,0.38
teen_social_life_support_206,206,ok,,,career_clarity,1.0,0.12,0.38
teen_social_life_support_206,206,ok,,,future_optimism,1.0,0.04,0.44
teen_social_life_support_206,206,ok,,,peer_belonging,1.0,0.05,0.42
teen_social_life_support_207,207,ok,,,social_media_hours,1.0,0.08,0.52
teen_social_life_support_207,207,ok,,,posting_frequency,1.0,0.12,0.38
teen_social_life_support_207,207,ok,,,late_night_use,1.0,0.08,0.42
teen_social_life_support_207,207,ok,,,sleep_interference,1.0,0.14,0.38
teen_social_life_support_207,207,ok,,,social_comparison,1.0,0.12,0.42
teen_social_life_support_207,207,ok,,,connection_effect,1.0,0.1,0.6
teen_social_life_support_207,207,ok,,,parental_rules,1.0,0.14,0.38
teen_social_life_support_207,207,ok,,,primary_platform,1.0,0.01,0.58
teen_social_life_support_207,207,ok,,,school_effort,1.0,0.03,0.5
teen_social_life_support_207,207,ok,,,academic_confidence,1.0,0.04,0.48
teen_social_life_support_207,207,ok,,,homework_distraction,1.0,0.1,0.43
teen_social_life_support_207,207,ok,,,organized_activity,1.0,0.18,0.36
teen_social_life_support_207,207,ok,,,career_clarity,1.0,0.14,0.36
teen_social_life_support_207,207,ok,,,future_optimism,1.0,0.06,0.48
teen_social_life_support_207,207,ok,,,peer_belonging,1.0,0.05,0.41
teen_social_life_support_208,208,ok,,,social_media_hours,1.0,0.05,0.53
teen_social_life_support_208,208,ok,,,posting_frequency,1.0,0.04,0.48
teen_social_life_support_208,208,ok,,,late_night_use,1.0,0.04,0.42
teen_social_life_support_208,208,ok,,,sleep_interference,1.0,0.08,0.45
teen_social_life_support_208,208,ok,,,social_comparison,1.0,0.06,0.47
teen_social_life_support_208,208,ok,,,connection_effect,1.0,0.08,0.67
teen_social_life_support_208,208,ok,,,parental_rules,0.9999999999999999,0.09,0.42
teen_social_life_support_208,208,ok,,,primary_platform,1.0,0.01,0.74
teen_social_life_support_208,208,ok,,,school_effort,1.0,0.02,0.6
teen_social_life_support_208,208,ok,,,academic_confidence,1.0,0.03,0.46
teen_social_life_support_208,208,ok,,,homework_distraction,1.0,0.06,0.47
teen_social_life_support_208,208,ok,,,organized_activity,1.0,0.16,0.4
teen_social_life_support_208,208,ok,,,career_clarity,1.0,0.15,0.35
teen_social_life_support_208,208,ok,,,future_optimism,1.0,0.03,0.48
teen_social_life_support_208,208,ok,,,peer_belonging,1.0,0.03,0.51
teen_social_life_support_209,209,ok,,,social_media_hours,1.0,0.12,0.58
teen_social_life_support_209,209,ok,,,posting_frequency,1.0,0.1,0.34
teen_social_life_support_209,209,ok,,,late_night_use,1.0,0.1,0.42
teen_social_life_support_209,209,ok,,,sleep_interference,1.0,0.12,0.36
teen_social_life_support_209,209,ok,,,social_comparison,0.9999999999999999,0.1,0.38
teen_social_life_support_209,209,ok,,,connection_effect,1.0,0.12,0.48
teen_social_life_support_209,209,ok,,,parental_rules,1.0,0.12,0.38
teen_social_life_support_209,209,ok,,,primary_platform,1.0,0.01,0.46
teen_social_life_support_209,209,ok,,,school_effort,1.0,0.02,0.56
teen_social_life_support_209,209,ok,,,academic_confidence,1.0,0.03,0.48
teen_social_life_support_209,209,ok,,,homework_distraction,1.0,0.14,0.38
teen_social_life_support_209,209,ok,,,organized_activity,1.0,0.18,0.34
teen_social_life_support_209,209,ok,,,career_clarity,1.0,0.14,0.38
teen_social_life_support_209,209,ok,,,future_optimism,1.0,0.04,0.5
teen_social_life_support_209,209,ok,,,peer_belonging,1.0,0.04,0.44
teen_social_life_support_210,210,ok,,,social_media_hours,1.0,0.05,0.6
teen_social_life_support_210,210,ok,,,posting_frequency,1.0,0.03,0.55
teen_social_life_support_210,210,ok,,,late_night_use,1.0,0.03,0.45
teen_social_life_support_210,210,ok,,,sleep_interference,1.0,0.08,0.43
teen_social_life_support_210,210,ok,,,social_comparison,1.0,0.12,0.38
teen_social_life_support_210,210,ok,,,connection_effect,1.0,0.05,0.75
teen_social_life_support_210,210,ok,,,parental_rules,1.0,0.14,0.36
teen_social_life_support_210,210,ok,,,primary_platform,1.0,0.01,0.75
teen_social_life_support_210,210,ok,,,school_effort,1.0,0.02,0.6
teen_social_life_support_210,210,ok,,,academic_confidence,1.0,0.04,0.43
teen_social_life_support_210,210,ok,,,homework_distraction,1.0,0.06,0.45
teen_social_life_support_210,210,ok,,,organized_activity,1.0,0.14,0.45
teen_social_life_support_210,210,ok,,,career_clarity,1.0,0.13,0.34
teen_social_life_support_210,210,ok,,,future_optimism,1.0,0.04,0.46
teen_social_life_support_210,210,ok,,,peer_belonging,1.0,0.03,0.52
teen_social_life_support_211,211,ok,,,social_media_hours,1.0,0.18,0.56
teen_social_life_support_211,211,ok,,,posting_frequency,1.0,0.12,0.34
teen_social_life_support_211,211,ok,,,late_night_use,1.0,0.12,0.38
teen_social_life_support_211,211,ok,,,sleep_interference,1.0,0.12,0.36
teen_social_life_support_211,211,ok,,,social_comparison,1.0,0.12,0.38
teen_social_life_support_211,211,ok,,,connection_effect,1.0,0.14,0.47
teen_social_life_support_211,211,ok,,,parental_rules,1.0,0.14,0.36
teen_social_life_support_211,211,ok,,,primary_platform,1.0,0.03,0.44
teen_social_life_support_211,211,ok,,,school_effort,1.0,0.02,0.54
teen_social_life_support_211,211,ok,,,academic_confidence,1.0,0.03,0.48
teen_social_life_support_211,211,ok,,,homework_distraction,1.0,0.14,0.38
teen_social_life_support_211,211,ok,,,organized_activity,1.0,0.18,0.33
teen_social_life_support_211,211,ok,,,career_clarity,1.0,0.14,0.36
teen_social_life_support_211,211,ok,,,future_optimism,1.0,0.04,0.48
teen_social_life_support_211,211,ok,,,peer_belonging,1.0,0.05,0.4
teen_social_life_support_212,212,ok,,,social_media_hours,1.0,0.02,0.94
teen_social_life_support_212,212,ok,,,posting_frequency,1.0,0.02,0.88
teen_social_life_support_212,212,ok,,,late_night_use,1.0,0.02,0.86
teen_social_life_support_212,212,ok,,,sleep_interference,1.0,0.02,0.88
teen_social_life_support_212,212,ok,,,social_comparison,1.0,0.04,0.72
teen_social_life_support_212,212,ok,,,connection_effect,1.0,0.08,0.8
teen_social_life_support_212,212,ok,,,parental_rules,1.0,0.04,0.48
teen_social_life_support_212,212,ok,,,primary_platform,1.0,0.01,0.95
teen_social_life_support_212,212,ok,,,school_effort,1.0,0.02,0.65
teen_social_life_support_212,212,ok,,,academic_confidence,1.0,0.03,0.45
teen_social_life_support_212,212,ok,,,homework_distraction,1.0,0.02,0.87
teen_social_life_support_212,212,ok,,,organized_activity,1.0,0.16,0.4
teen_social_life_support_212,212,ok,,,career_clarity,1.0,0.14,0.34
teen_social_life_support_212,212,ok,,,future_optimism,1.0,0.03,0.48
teen_social_life_support_212,212,ok,,,peer_belonging,1.0,0.04,0.42
teen_social_life_support_213,213,ok,,,social_media_hours,1.0,0.12,0.48
teen_social_life_support_213,213,ok,,,posting_frequency,1.0,0.2,0.3
teen_social_life_support_213,213,ok,,,late_night_use,1.0,0.08,0.37
teen_social_life_support_213,213,ok,,,sleep_interference,1.0,0.12,0.38
teen_social_life_support_213,213,ok,,,social_comparison,1.0,0.15,0.35
teen_social_life_support_213,213,ok,,,connection_effect,1.0,0.18,0.44
teen_social_life_support_213,213,ok,,,parental_rules,1.0,0.12,0.38
teen_social_life_support_213,213,ok,,,primary_platform,1.0,0.03,0.32
teen_social_life_support_213,213,ok,,,school_effort,1.0,0.05,0.5
teen_social_life_support_213,213,ok,,,academic_confidence,1.0,0.1,0.36
teen_social_life_support_213,213,ok,,,homework_distraction,1.0,0.1,0.37
teen_social_life_support_213,213,ok,,,organized_activity,1.0,0.2,0.38
teen_social_life_support_213,213,ok,,,career_clarity,0.9999999999999999,0.08,0.4
teen_social_life_support_213,213,ok,,,future_optimism,1.0,0.15,0.35
teen_social_life_support_213,213,ok,,,peer_belonging,1.0,0.16,0.38
teen_social_life_support_214,214,ok,,,social_media_hours,1.0,0.12,0.45
teen_social_life_support_214,214,ok,,,posting_frequency,1.0,0.14,0.31
teen_social_life_support_214,214,ok,,,late_night_use,1.0,0.1,0.39
teen_social_life_support_214,214,ok,,,sleep_interference,1.0,0.13,0.38
teen_social_life_support_214,214,ok,,,social_comparison,1.0,0.16,0.35
teen_social_life_support_214,214,ok,,,connection_effect,1.0,0.2,0.45
teen_social_life_support_214,214,ok,,,parental_rules,1.0,0.12,0.37
teen_social_life_support_214,214,ok,,,primary_platform,1.0,0.02,0.34
teen_social_life_support_214,214,ok,,,school_effort,1.0,0.03,0.68
teen_social_life_support_214,214,ok,,,academic_confidence,0.9999999999999999,0.08,0.38
teen_social_life_support_214,214,ok,,,homework_distraction,1.0,0.08,0.39
teen_social_life_support_214,214,ok,,,organized_activity,1.0,0.19,0.38
teen_social_life_support_214,214,ok,,,career_clarity,1.0,0.07,0.37
teen_social_life_support_214,214,ok,,,future_optimism,1.0,0.12,0.36
teen_social_life_support_214,214,ok,,,peer_belonging,1.0,0.14,0.4
teen_social_life_support_215,215,ok,,,social_media_hours,1.0,0.18,0.55
teen_social_life_support_215,215,ok,,,posting_frequency,1.0,0.16,0.34
teen_social_life_support_215,215,ok,,,late_night_use,1.0,0.12,0.42
teen_social_life_support_215,215,ok,,,sleep_interference,1.0,0.13,0.36
teen_social_life_support_215,215,ok,,,social_comparison,1.0,0.15,0.4
teen_social_life_support_215,215,ok,,,connection_effect,1.0,0.13,0.51
teen_social_life_support_215,215,ok,,,parental_rules,1.0,0.12,0.38
teen_social_life_support_215,215,ok,,,primary_platform,1.0,0.02,0.28
teen_social_life_support_215,215,ok,,,school_effort,1.0,0.04,0.55
teen_social_life_support_215,215,ok,,,academic_confidence,1.0,0.06,0.51
teen_social_life_support_215,215,ok,,,homework_distraction,1.0,0.13,0.43
teen_social_life_support_215,215,ok,,,organized_activity,1.0,0.18,0.32
teen_social_life_support_215,215,ok,,,career_clarity,1.0,0.12,0.4
teen_social_life_support_215,215,ok,,,future_optimism,1.0,0.07,0.47
teen_social_life_support_215,215,ok,,,peer_belonging,1.0,0.05,0.39
teen_social_life_support_216,216,ok,,,social_media_hours,1.0,0.16,0.55
teen_social_life_support_216,216,ok,,,posting_frequency,1.0,0.18,0.34
teen_social_life_support_216,216,ok,,,late_night_use,1.0,0.12,0.39
teen_social_life_support_216,216,ok,,,sleep_interference,1.0,0.15,0.35
teen_social_life_support_216,216,ok,,,social_comparison,1.0,0.12,0.39
teen_social_life_support_216,216,ok,,,connection_effect,1.0,0.12,0.52
teen_social_life_support_216,216,ok,,,parental_rules,1.0,0.12,0.39
teen_social_life_support_216,216,ok,,,primary_platform,1.0,0.02,0.27
teen_social_life_support_216,216,ok,,,school_effort,1.0,0.01,0.78
teen_social_life_support_216,216,ok,,,academic_confidence,1.0,0.02,0.46
teen_social_life_support_216,216,ok,,,homework_distraction,1.0,0.14,0.37
teen_social_life_support_216,216,ok,,,organized_activity,1.0,0.14,0.43
teen_social_life_support_216,216,ok,,,career_clarity,1.0,0.12,0.38
teen_social_life_support_216,216,ok,,,future_optimism,1.0,0.03,0.43
teen_social_life_support_216,216,ok,,,peer_belonging,1.0,0.03,0.5
teen_social_life_support_217,217,ok,,,social_media_hours,1.0,0.1,0.45
teen_social_life_support_217,217,ok,,,posting_frequency,1.0,0.18,0.32
teen_social_life_support_217,217,ok,,,late_night_use,1.0,0.08,0.4
teen_social_life_support_217,217,ok,,,sleep_interference,1.0,0.12,0.38
teen_social_life_support_217,217,ok,,,social_comparison,1.0,0.08,0.45
teen_social_life_support_217,217,ok,,,connection_effect,1.0,0.2,0.45
teen_social_life_support_217,217,ok,,,parental_rules,1.0,0.12,0.38
teen_social_life_support_217,217,ok,,,primary_platform,1.0,0.01,0.32
teen_social_life_support_217,217,ok,,,school_effort,1.0,0.08,0.45
teen_social_life_support_217,217,ok,,,academic_confidence,1.0,0.07,0.42
teen_social_life_support_217,217,ok,,,homework_distraction,1.0,0.1,0.43
teen_social_life_support_217,217,ok,,,organized_activity,1.0,0.18,0.34
teen_social_life_support_217,217,ok,,,career_clarity,0.9999999999999999,0.08,0.4
teen_social_life_support_217,217,ok,,,future_optimism,1.0,0.13,0.34
teen_social_life_support_217,217,ok,,,peer_belonging,1.0,0.12,0.4
teen_social_life_support_218,218,ok,,,social_media_hours,1.0,0.08,0.47
teen_social_life_support_218,218,ok,,,posting_frequency,1.0,0.12,0.42
teen_social_life_support_218,218,ok,,,late_night_use,1.0,0.05,0.43
teen_social_life_support_218,218,ok,,,sleep_interference,1.0,0.08,0.45
teen_social_life_support_218,218,ok,,,social_comparison,1.0,0.06,0.48
teen_social_life_support_218,218,ok,,,connection_effect,1.0,0.2,0.45
teen_social_life_support_218,218,ok,,,parental_rules,1.0,0.14,0.36
teen_social_life_support_218,218,ok,,,primary_platform,1.0,0.01,0.34
teen_social_life_support_218,218,ok,,,school_effort,1.0,0.04,0.42
teen_social_life_support_218,218,ok,,,academic_confidence,1.0,0.03,0.7
teen_social_life_support_218,218,ok,,,homework_distraction,1.0,0.05,0.48
teen_social_life_support_218,218,ok,,,organized_activity,1.0,0.18,0.3
teen_social_life_support_218,218,ok,,,career_clarity,1.0,0.06,0.43
teen_social_life_support_218,218,ok,,,future_optimism,1.0,0.12,0.39
teen_social_life_support_218,218,ok,,,peer_belonging,1.0,0.08,0.47
teen_social_life_support_219,219,ok,,,social_media_hours,1.0,0.12,0.52
teen_social_life_support_219,219,ok,,,posting_frequency,1.0,0.18,0.37
teen_social_life_support_219,219,ok,,,late_night_use,1.0,0.08,0.44
teen_social_life_support_219,219,ok,,,sleep_interference,1.0,0.14,0.36
teen_social_life_support_219,219,ok,,,social_comparison,1.0,0.12,0.4
teen_social_life_support_219,219,ok,,,connection_effect,1.0,0.16,0.48
teen_social_life_support_219,219,ok,,,parental_rules,1.0,0.12,0.37
teen_social_life_support_219,219,ok,,,primary_platform,1.0,0.02,0.3
teen_social_life_support_219,219,ok,,,school_effort,1.0,0.02,0.54
teen_social_life_support_219,219,ok,,,academic_confidence,1.0,0.03,0.58
teen_social_life_support_219,219,ok,,,homework_distraction,1.0,0.1,0.43
teen_social_life_support_219,219,ok,,,organized_activity,1.0,0.14,0.4
teen_social_life_support_219,219,ok,,,career_clarity,1.0,0.13,0.38
teen_social_life_support_219,219,ok,,,future_optimism,1.0,0.04,0.5
teen_social_life_support_219,219,ok,,,peer_belonging,1.0,0.05,0.42
teen_social_life_support_220,220,ok,,,social_media_hours,1.0,0.18,0.56
teen_social_life_support_220,220,ok,,,posting_frequency,1.0,0.16,0.36
teen_social_life_support_220,220,ok,,,late_night_use,1.0,0.16,0.34
teen_social_life_support_220,220,ok,,,sleep_interference,1.0,0.1,0.39
teen_social_life_support_220,220,ok,,,social_comparison,1.0000000000000002,0.1,0.4
teen_social_life_support_220,220,ok,,,connection_effect,1.0,0.1,0.54
teen_social_life_support_220,220,ok,,,parental_rules,1.0,0.12,0.38
teen_social_life_support_220,220,ok,,,primary_platform,0.9999999999999999,0.03,0.25
teen_social_life_support_220,220,ok,,,school_effort,1.0,0.01,0.78
teen_social_life_support_220,220,ok,,,academic_confidence,1.0,0.01,0.85
teen_social_life_support_220,220,ok,,,homework_distraction,1.0,0.09,0.4
teen_social_life_support_220,220,ok,,,organized_activity,1.0,0.12,0.49
teen_social_life_support_220,220,ok,,,career_clarity,1.0,0.08,0.46
teen_social_life_support_220,220,ok,,,future_optimism,1.0,0.02,0.56
teen_social_life_support_220,220,ok,,,peer_belonging,1.0,0.03,0.52
teen_social_life_support_221,221,ok,,,social_media_hours,1.0,0.19,0.58
teen_social_life_support_221,221,ok,,,posting_frequency,1.0,0.12,0.31
teen_social_life_support_221,221,ok,,,late_night_use,0.9999999999999999,0.08,0.38
teen_social_life_support_221,221,ok,,,sleep_interference,1.0,0.06,0.45
teen_social_life_support_221,221,ok,,,social_comparison,1.0,0.09,0.39
teen_social_life_support_221,221,ok,,,connection_effect,1.0,0.12,0.48
teen_social_life_support_221,221,ok,,,parental_rules,1.0,0.12,0.39
teen_social_life_support_221,221,ok,,,primary_platform,0.9999999999999999,0.03,0.25
teen_social_life_support_221,221,ok,,,school_effort,1.0,0.02,0.58
teen_social_life_support_221,221,ok,,,academic_confidence,1.0,0.03,0.45
teen_social_life_support_221,221,ok,,,homework_distraction,1.0,0.04,0.55
teen_social_life_support_221,221,ok,,,organized_activity,1.0,0.14,0.39
teen_social_life_support_221,221,ok,,,career_clarity,1.0,0.16,0.34
teen_social_life_support_221,221,ok,,,future_optimism,1.0,0.04,0.48
teen_social_life_support_221,221,ok,,,peer_belonging,1.0,0.05,0.45
teen_social_life_support_222,222,ok,,,social_media_hours,1.0,0.18,0.62
teen_social_life_support_222,222,ok,,,posting_frequency,1.0,0.16,0.32
teen_social_life_support_222,222,ok,,,late_night_use,1.0,0.12,0.4
teen_social_life_support_222,222,ok,,,sleep_interference,1.0,0.08,0.46
teen_social_life_support_222,222,ok,,,social_comparison,0.9999999999999999,0.11,0.42
teen_social_life_support_222,222,ok,,,connection_effect,1.0,0.12,0.45
teen_social_life_support_222,222,ok,,,parental_rules,1.0,0.1,0.4
teen_social_life_support_222,222,ok,,,primary_platform,0.9999999999999999,0.01,0.26
teen_social_life_support_222,222,ok,,,school_effort,1.0,0.01,0.68
teen_social_life_support_222,222,ok,,,academic_confidence,1.0,0.02,0.52
teen_social_life_support_222,222,ok,,,homework_distraction,1.0,0.02,0.68
teen_social_life_support_222,222,ok,,,organized_activity,1.0,0.12,0.47
teen_social_life_support_222,222,ok,,,career_clarity,1.0,0.14,0.38
teen_social_life_support_222,222,ok,,,future_optimism,1.0,0.03,0.45
teen_social_life_support_222,222,ok,,,peer_belonging,1.0,0.03,0.53
teen_social_life_support_223,223,ok,,,social_media_hours,1.0,0.15,0.5
teen_social_life_support_223,223,ok,,,posting_frequency,1.0,0.15,0.35
teen_social_life_support_223,223,ok,,,late_night_use,1.0,0.1,0.45
teen_social_life_support_223,223,ok,,,sleep_interference,1.0,0.15,0.35
teen_social_life_support_223,223,ok,,,social_comparison,1.0,0.15,0.4
teen_social_life_support_223,223,ok,,,connection_effect,1.0,0.1,0.55
teen_social_life_support_223,223,ok,,,parental_rules,1.0,0.1,0.4
teen_social_life_support_223,223,ok,,,primary_platform,1.0,0.02,0.35
teen_social_life_support_223,223,ok,,,school_effort,1.0,0.05,0.55
teen_social_life_support_223,223,ok,,,academic_confidence,1.0,0.05,0.45
teen_social_life_support_223,223,ok,,,homework_distraction,1.0,0.05,0.55
teen_social_life_support_223,223,ok,,,organized_activity,1.0,0.2,0.3
teen_social_life_support_223,223,ok,,,career_clarity,1.0,0.15,0.35
teen_social_life_support_223,223,ok,,,future_optimism,1.0,0.05,0.45
teen_social_life_support_223,223,ok,,,peer_belonging,1.0,0.05,0.45
teen_social_life_support_224,224,ok,,,social_media_hours,1.0,0.01,0.75
teen_social_life_support_224,224,ok,,,posting_frequency,1.0,0.06,0.43
teen_social_life_support_224,224,ok,,,late_night_use,1.0,0.02,0.58
teen_social_life_support_224,224,ok,,,sleep_interference,1.0,0.03,0.45
teen_social_life_support_224,224,ok,,,social_comparison,1.0,0.04,0.49
teen_social_life_support_224,224,ok,,,connection_effect,1.0,0.12,0.63
teen_social_life_support_224,224,ok,,,parental_rules,1.0,0.12,0.39
teen_social_life_support_224,224,ok,,,primary_platform,1.0,0.01,0.34
teen_social_life_support_224,224,ok,,,school_effort,1.0,0.02,0.47
teen_social_life_support_224,224,ok,,,academic_confidence,1.0,0.03,0.55
teen_social_life_support_224,224,ok,,,homework_distraction,1.0,0.01,0.8
teen_social_life_support_224,224,ok,,,organized_activity,1.0,0.18,0.35
teen_social_life_support_224,224,ok,,,career_clarity,1.0,0.15,0.38
teen_social_life_support_224,224,ok,,,future_optimism,1.0,0.04,0.51
teen_social_life_support_224,224,ok,,,peer_belonging,1.0,0.04,0.46
teen_social_life_support_225,225,ok,,,social_media_hours,1.0,0.18,0.56
teen_social_life_support_225,225,ok,,,posting_frequency,1.0,0.12,0.34
teen_social_life_support_225,225,ok,,,late_night_use,1.0,0.17,0.37
teen_social_life_support_225,225,ok,,,sleep_interference,1.0,0.13,0.32
teen_social_life_support_225,225,ok,,,social_comparison,0.9999999999999999,0.14,0.35
teen_social_life_support_225,225,ok,,,connection_effect,1.0,0.18,0.42
teen_social_life_support_225,225,ok,,,parental_rules,1.0,0.13,0.39
teen_social_life_support_225,225,ok,,,primary_platform,0.9999999999999999,0.02,0.27
teen_social_life_support_225,225,ok,,,school_effort,1.0,0.03,0.47
teen_social_life_support_225,225,ok,,,academic_confidence,1.0,0.05,0.49
teen_social_life_support_225,225,ok,,,homework_distraction,1.0,0.14,0.33
teen_social_life_support_225,225,ok,,,organized_activity,1.0000000000000002,0.1,0.56
teen_social_life_support_225,225,ok,,,career_clarity,1.0,0.11,0.38
teen_social_life_support_225,225,ok,,,future_optimism,1.0,0.06,0.47
teen_social_life_support_225,225,ok,,,peer_belonging,1.0,0.08,0.43
teen_social_life_support_226,226,ok,,,social_media_hours,1.0,0.18,0.55
teen_social_life_support_226,226,ok,,,posting_frequency,1.0,0.15,0.34
teen_social_life_support_226,226,ok,,,late_night_use,1.0,0.12,0.38
teen_social_life_support_226,226,ok,,,sleep_interference,1.0,0.13,0.36
teen_social_life_support_226,226,ok,,,social_comparison,1.0,0.15,0.36
teen_social_life_support_226,226,ok,,,connection_effect,1.0,0.14,0.5
teen_social_life_support_226,226,ok,,,parental_rules,1.0,0.14,0.36
teen_social_life_support_226,226,ok,,,primary_platform,1.0,0.02,0.28
teen_social_life_support_226,226,ok,,,school_effort,1.0,0.03,0.55
teen_social_life_support_226,226,ok,,,academic_confidence,1.0,0.05,0.44
teen_social_life_support_226,226,ok,,,homework_distraction,1.0,0.16,0.37
teen_social_life_support_226,226,ok,,,organized_activity,1.0,0.04,0.78
teen_social_life_support_226,226,ok,,,career_clarity,1.0,0.13,0.38
teen_social_life_support_226,226,ok,,,future_optimism,1.0,0.06,0.48
teen_social_life_support_226,226,ok,,,peer_belonging,1.0,0.06,0.4
teen_social_life_support_227,227,ok,,,social_media_hours,1.0,0.12,0.58
teen_social_life_support_227,227,ok,,,posting_frequency,1.0,0.14,0.38
teen_social_life_support_227,227,ok,,,late_night_use,1.0,0.1,0.42
teen_social_life_support_227,227,ok,,,sleep_interference,1.0,0.12,0.36
teen_social_life_support_227,227,ok,,,social_comparison,1.0,0.14,0.36
teen_social_life_support_227,227,ok,,,connection_effect,1.0,0.12,0.5
teen_social_life_support_227,227,ok,,,parental_rules,0.9999999999999999,0.08,0.42
teen_social_life_support_227,227,ok,,,primary_platform,1.0,0.02,0.3
teen_social_life_support_227,227,ok,,,school_effort,1.0,0.02,0.56
teen_social_life_support_227,227,ok,,,academic_confidence,1.0,0.03,0.51
teen_social_life_support_227,227,ok,,,homework_distraction,1.0,0.13,0.38
teen_social_life_support_227,227,ok,,,organized_activity,1.0,0.06,0.58
teen_social_life_support_227,227,ok,,,career_clarity,0.9999999999999999,0.1,0.42
teen_social_life_support_227,227,ok,,,future_optimism,1.0,0.04,0.52
teen_social_life_support_227,227,ok,,,peer_belonging,1.0,0.04,0.41
teen_social_life_support_228,228,ok,,,social_media_hours,1.0,0.18,0.55
teen_social_life_support_228,228,ok,,,posting_frequency,1.0,0.18,0.38
teen_social_life_support_228,228,ok,,,late_night_use,1.0,0.12,0.38
teen_social_life_support_228,228,ok,,,sleep_interference,1.0,0.12,0.38
teen_social_life_support_228,228,ok,,,social_comparison,1.0,0.16,0.36
teen_social_life_support_228,228,ok,,,connection_effect,1.0,0.1,0.58
teen_social_life_support_228,228,ok,,,parental_rules,1.0,0.12,0.38
teen_social_life_support_228,228,ok,,,primary_platform,1.0,0.02,0.27
teen_social_life_support_228,228,ok,,,school_effort,1.0,0.02,0.63
teen_social_life_support_228,228,ok,,,academic_confidence,1.0,0.03,0.47
teen_social_life_support_228,228,ok,,,homework_distraction,1.0,0.13,0.36
teen_social_life_support_228,228,ok,,,organized_activity,1.0,0.01,0.9
teen_social_life_support_228,228,ok,,,career_clarity,1.0,0.1,0.39
teen_social_life_support_228,228,ok,,,future_optimism,1.0,0.04,0.42
teen_social_life_support_228,228,ok,,,peer_belonging,1.0,0.03,0.54
teen_social_life_support_229,229,ok,,,social_media_hours,1.0,0.12,0.54
teen_social_life_support_229,229,ok,,,posting_frequency,1.0,0.14,0.34
teen_social_life_support_229,229,ok,,,late_night_use,1.0,0.08,0.4
teen_social_life_support_229,229,ok,,,sleep_interference,1.0,0.16,0.34
teen_social_life_support_229,229,ok,,,social_comparison,1.0,0.12,0.4
teen_social_life_support_229,229,ok,,,connection_effect,1.0,0.14,0.46
teen_social_life_support_229,229,ok,,,parental_rules,1.0,0.12,0.39
teen_social_life_support_229,229,ok,,,primary_platform,0.9999999999999999,0.01,0.3
teen_social_life_support_229,229,ok,,,school_effort,1.0,0.03,0.42
teen_social_life_support_229,229,ok,,,academic_confidence,1.0,0.06,0.47
teen_social_life_support_229,229,ok,,,homework_distraction,1.0,0.1,0.42
teen_social_life_support_229,229,ok,,,organized_activity,1.0,0.18,0.3
teen_social_life_support_229,229,ok,,,career_clarity,1.0,0.03,0.55
teen_social_life_support_229,229,ok,,,future_optimism,1.0,0.07,0.5
teen_social_life_support_229,229,ok,,,peer_belonging,1.0,0.04,0.43
teen_social_life_support_230,230,ok,,,social_media_hours,1.0,0.1,0.52
teen_social_life_support_230,230,ok,,,posting_frequency,1.0,0.12,0.38
teen_social_life_support_230,230,ok,,,late_night_use,1.0,0.04,0.43
teen_social_life_support_230,230,ok,,,sleep_interference,1.0,0.08,0.42
teen_social_life_support_230,230,ok,,,social_comparison,1.0,0.07,0.46
teen_social_life_support_230,230,ok,,,connection_effect,1.0,0.13,0.56
teen_social_life_support_230,230,ok,,,parental_rules,1.0000000000000002,0.1,0.38
teen_social_life_support_230,230,ok,,,primary_platform,1.0,0.02,0.29
teen_social_life_support_230,230,ok,,,school_effort,1.0,0.02,0.55
teen_social_life_support_230,230,ok,,,academic_confidence,1.0,0.03,0.56
teen_social_life_support_230,230,ok,,,homework_distraction,1.0,0.07,0.45
teen_social_life_support_230,230,ok,,,organized_activity,1.0,0.17,0.38
teen_social_life_support_230,230,ok,,,career_clarity,1.0,0.02,0.8
teen_social_life_support_230,230,ok,,,future_optimism,1.0,0.03,0.55
teen_social_life_support_230,230,ok,,,peer_belonging,1.0,0.04,0.42
teen_social_life_support_231,231,ok,,,social_media_hours,1.0,0.12,0.55
teen_social_life_support_231,231,ok,,,posting_frequency,1.0,0.12,0.42
teen_social_life_support_231,231,ok,,,late_night_use,1.0,0.1,0.44
teen_social_life_support_231,231,ok,,,sleep_interference,1.0,0.14,0.38
teen_social_life_support_231,231,ok,,,social_comparison,1.0,0.11,0.43
teen_social_life_support_231,231,ok,,,connection_effect,1.0,0.13,0.53
teen_social_life_support_231,231,ok,,,parental_rules,1.0,0.13,0.37
teen_social_life_support_231,231,ok,,,primary_platform,1.0,0.02,0.31
teen_social_life_support_231,231,ok,,,school_effort,1.0,0.02,0.59
teen_social_life_support_231,231,ok,,,academic_confidence,1.0,0.03,0.5
teen_social_life_support_231,231,ok,,,homework_distraction,1.0,0.14,0.39
teen_social_life_support_231,231,ok,,,organized_activity,1.0,0.17,0.37
teen_social_life_support_231,231,ok,,,career_clarity,1.0,0.08,0.52
teen_social_life_support_231,231,ok,,,future_optimism,1.0,0.03,0.52
teen_social_life_support_231,231,ok,,,peer_belonging,1.0,0.04,0.43
teen_social_life_support_232,232,ok,,,social_media_hours,1.0,0.12,0.58
teen_social_life_support_232,232,ok,,,posting_frequency,1.0,0.16,0.38
teen_social_life_support_232,232,ok,,,late_night_use,1.0,0.14,0.34
teen_social_life_support_232,232,ok,,,sleep_interference,1.0,0.1,0.38
teen_social_life_support_232,232,ok,,,social_comparison,1.0,0.12,0.35
teen_social_life_support_232,232,ok,,,connection_effect,1.0,0.12,0.5
teen_social_life_support_232,232,ok,,,parental_rules,1.0,0.12,0.42
teen_social_life_support_232,232,ok,,,primary_platform,1.0,0.02,0.28
teen_social_life_support_232,232,ok,,,school_effort,1.0,0.01,0.73
teen_social_life_support_232,232,ok,,,academic_confidence,1.0,0.01,0.64
teen_social_life_support_232,232,ok,,,homework_distraction,1.0,0.08,0.37
teen_social_life_support_232,232,ok,,,organized_activity,1.0,0.14,0.45
teen_social_life_support_232,232,ok,,,career_clarity,1.0,0.01,0.82
teen_social_life_support_232,232,ok,,,future_optimism,1.0,0.02,0.52
teen_social_life_support_232,232,ok,,,peer_belonging,1.0,0.03,0.52
teen_social_life_support_233,233,ok,,,social_media_hours,1.0,0.1,0.45
teen_social_life_support_233,233,ok,,,posting_frequency,1.0,0.18,0.34
teen_social_life_support_233,233,ok,,,late_night_use,1.0,0.08,0.42
teen_social_life_support_233,233,ok,,,sleep_interference,1.0,0.12,0.4
teen_social_life_support_233,233,ok,,,social_comparison,1.0,0.08,0.44
teen_social_life_support_233,233,ok,,,connection_effect,1.0,0.25,0.45
teen_social_life_support_233,233,ok,,,parental_rules,1.0,0.12,0.4
teen_social_life_support_233,233,ok,,,primary_platform,0.9999999999999999,0.02,0.3
teen_social_life_support_233,233,ok,,,school_effort,1.0,0.08,0.44
teen_social_life_support_233,233,ok,,,academic_confidence,1.0,0.12,0.36
teen_social_life_support_233,233,ok,,,homework_distraction,1.0,0.09,0.43
teen_social_life_support_233,233,ok,,,organized_activity,1.0,0.22,0.34
teen_social_life_support_233,233,ok,,,career_clarity,0.9999999999999999,0.08,0.38
teen_social_life_support_233,233,ok,,,future_optimism,1.0,0.06,0.52
teen_social_life_support_233,233,ok,,,peer_belonging,1.0,0.14,0.36
teen_social_life_support_234,234,ok,,,social_media_hours,1.0,0.12,0.55
teen_social_life_support_234,234,ok,,,posting_frequency,1.0,0.15,0.35
teen_social_life_support_234,234,ok,,,late_night_use,1.0,0.08,0.45
teen_social_life_support_234,234,ok,,,sleep_interference,1.0,0.14,0.34
teen_social_life_support_234,234,ok,,,social_comparison,1.0,0.12,0.39
teen_social_life_support_234,234,ok,,,connection_effect,1.0,0.15,0.5
teen_social_life_support_234,234,ok,,,parental_rules,1.0,0.12,0.38
teen_social_life_support_234,234,ok,,,primary_platform,1.0,0.02,0.28
teen_social_life_support_234,234,ok,,,school_effort,1.0,0.02,0.52
teen_social_life_support_234,234,ok,,,academic_confidence,1.0,0.05,0.49
teen_social_life_support_234,234,ok,,,homework_distraction,1.0,0.1,0.42
teen_social_life_support_234,234,ok,,,organized_activity,0.9999999999999999,0.16,0.37
teen_social_life_support_234,234,ok,,,career_clarity,0.9999999999999999,0.11,0.42
teen_social_life_support_234,234,ok,,,future_optimism,1.0,0.02,0.78
teen_social_life_support_234,234,ok,,,peer_belonging,1.0,0.06,0.46
teen_social_life_support_235,235,ok,,,social_media_hours,1.0,0.12,0.55
teen_social_life_support_235,235,ok,,,posting_frequency,1.0,0.18,0.34
teen_social_life_support_235,235,ok,,,late_night_use,1.0,0.1,0.42
teen_social_life_support_235,235,ok,,,sleep_interference,1.0,0.15,0.37
teen_social_life_support_235,235,ok,,,social_comparison,1.0,0.12,0.43
teen_social_life_support_235,235,ok,,,connection_effect,1.0,0.13,0.5
teen_social_life_support_235,235,ok,,,parental_rules,1.0,0.12,0.38
teen_social_life_support_235,235,ok,,,primary_platform,1.0,0.03,0.28
teen_social_life_support_235,235,ok,,,school_effort,1.0,0.02,0.51
teen_social_life_support_235,235,ok,,,academic_confidence,1.0,0.03,0.55
teen_social_life_support_235,235,ok,,,homework_distraction,1.0,0.13,0.41
teen_social_life_support_235,235,ok,,,organized_activity,1.0,0.14,0.39
teen_social_life_support_235,235,ok,,,career_clarity,0.9999999999999999,0.09,0.43
teen_social_life_support_235,235,ok,,,future_optimism,1.0,0.03,0.62
teen_social_life_support_235,235,ok,,,peer_belonging,1.0,0.04,0.44
teen_social_life_support_236,236,ok,,,social_media_hours,1.0,0.18,0.55
teen_social_life_support_236,236,ok,,,posting_frequency,1.0,0.12,0.42
teen_social_life_support_236,236,ok,,,late_night_use,1.0,0.13,0.36
teen_social_life_support_236,236,ok,,,sleep_interference,1.0,0.1,0.4
teen_social_life_support_236,236,ok,,,social_comparison,1.0,0.1,0.42
teen_social_life_support_236,236,ok,,,connection_effect,1.0,0.08,0.64
teen_social_life_support_236,236,ok,,,parental_rules,1.0,0.12,0.42
teen_social_life_support_236,236,ok,,,primary_platform,1.0,0.02,0.27
teen_social_life_support_236,236,ok,,,school_effort,1.0,0.01,0.7
teen_social_life_support_236,236,ok,,,academic_confidence,1.0,0.01,0.65
teen_social_life_support_236,236,ok,,,homework_distraction,1.0000000000000002,0.1,0.4
teen_social_life_support_236,236,ok,,,organized_activity,1.0,0.11,0.52
teen_social_life_support_236,236,ok,,,career_clarity,1.0,0.08,0.4
teen_social_life_support_236,236,ok,,,future_optimism,1.0,0.01,0.82
teen_social_life_support_236,236,ok,,,peer_belonging,1.0,0.02,0.57
teen_social_life_support_237,237,ok,,,social_media_hours,1.0,0.18,0.52
teen_social_life_support_237,237,ok,,,posting_frequency,1.0,0.1,0.4
teen_social_life_support_237,237,ok,,,late_night_use,1.0,0.12,0.38
teen_social_life_support_237,237,ok,,,sleep_interference,1.0,0.17,0.34
teen_social_life_support_237,237,ok,,,social_comparison,1.0,0.1,0.43
teen_social_life_support_237,237,ok,,,connection_effect,1.0,0.2,0.44
teen_social_life_support_237,237,ok,,,parental_rules,1.0,0.15,0.35
teen_social_life_support_237,237,ok,,,primary_platform,1.0,0.03,0.28
teen_social_life_support_237,237,ok,,,school_effort,1.0,0.06,0.43
teen_social_life_support_237,237,ok,,,academic_confidence,1.0,0.12,0.42
teen_social_life_support_237,237,ok,,,homework_distraction,1.0,0.17,0.35
teen_social_life_support_237,237,ok,,,organized_activity,1.0,0.18,0.38
teen_social_life_support_237,237,ok,,,career_clarity,1.0,0.11,0.39
teen_social_life_support_237,237,ok,,,future_optimism,1.0,0.16,0.38
teen_social_life_support_237,237,ok,,,peer_belonging,1.0,0.06,0.48
teen_social_life_support_238,238,ok,,,social_media_hours,1.0,0.12,0.55
teen_social_life_support_238,238,ok,,,posting_frequency,1.0,0.11,0.34
teen_social_life_support_238,238,ok,,,late_night_use,1.0,0.1,0.4
teen_social_life_support_238,238,ok,,,sleep_interference,1.0,0.14,0.38
teen_social_life_support_238,238,ok,,,social_comparison,1.0,0.05,0.45
teen_social_life_support_238,238,ok,,,connection_effect,1.0,0.21,0.48
teen_social_life_support_238,238,ok,,,parental_rules,1.0,0.1,0.39
teen_social_life_support_238,238,ok,,,primary_platform,1.0,0.01,0.28
teen_social_life_support_238,238,ok,,,school_effort,1.0,0.02,0.54
teen_social_life_support_238,238,ok,,,academic_confidence,1.0,0.08,0.47
teen_social_life_support_238,238,ok,,,homework_distraction,1.0,0.12,0.4
teen_social_life_support_238,238,ok,,,organized_activity,1.0,0.2,0.28
teen_social_life_support_238,238,ok,,,career_clarity,1.0,0.12,0.38
teen_social_life_support_238,238,ok,,,future_optimism,1.0,0.1,0.43
teen_social_life_support_238,238,ok,,,peer_belonging,1.0,0.01,0.7
teen_social_life_support_239,239,ok,,,social_media_hours,1.0,0.12,0.52
teen_social_life_support_239,239,ok,,,posting_frequency,1.0,0.16,0.34
teen_social_life_support_239,239,ok,,,late_night_use,1.0,0.08,0.43
teen_social_life_support_239,239,ok,,,sleep_interference,1.0,0.1,0.42
teen_social_life_support_239,239,ok,,,social_comparison,1.0,0.08,0.45
teen_social_life_support_239,239,ok,,,connection_effect,1.0,0.16,0.5
teen_social_life_support_239,239,ok,,,parental_rules,1.0,0.13,0.38
teen_social_life_support_239,239,ok,,,primary_platform,1.0,0.02,0.33
teen_social_life_support_239,239,ok,,,school_effort,1.0,0.02,0.54
teen_social_life_support_239,239,ok,,,academic_confidence,1.0,0.04,0.5
teen_social_life_support_239,239,ok,,,homework_distraction,1.0,0.08,0.44
teen_social_life_support_239,239,ok,,,organized_activity,1.0,0.17,0.34
teen_social_life_support_239,239,ok,,,career_clarity,1.0,0.14,0.38
teen_social_life_support_239,239,ok,,,future_optimism,1.0,0.05,0.48
teen_social_life_support_239,239,ok,,,peer_belonging,1.0,0.05,0.55
teen_social_life_support_240,240,ok,,,social_media_hours,0.9999999999999999,0.08,0.57
teen_social_life_support_240,240,ok,,,posting_frequency,1.0,0.1,0.43
teen_social_life_support_240,240,ok,,,late_night_use,1.0,0.07,0.45
teen_social_life_support_240,240,ok,,,sleep_interference,1.0,0.12,0.36
teen_social_life_support_240,240,ok,,,social_comparison,1.0,0.13,0.38
teen_social_life_support_240,240,ok,,,connection_effect,1.0,0.05,0.73
teen_social_life_support_240,240,ok,,,parental_rules,1.0,0.12,0.4
teen_social_life_support_240,240,ok,,,primary_platform,1.0,0.01,0.25
teen_social_life_support_240,240,ok,,,school_effort,1.0,0.02,0.61
teen_social_life_support_240,240,ok,,,academic_confidence,1.0,0.03,0.44
teen_social_life_support_240,240,ok,,,homework_distraction,1.0,0.13,0.4
teen_social_life_support_240,240,ok,,,organized_activity,1.0,0.12,0.48
teen_social_life_support_240,240,ok,,,career_clarity,1.0,0.16,0.34
teen_social_life_support_240,240,ok,,,future_optimism,1.0,0.03,0.44
teen_social_life_support_240,240,ok,,,peer_belonging,1.0,0.01,0.78
teen_social_life_support_241,241,ok,,,social_media_hours,0.9999999999999999,0.08,0.58
teen_social_life_support_241,241,ok,,,posting_frequency,0.9999999999999999,0.1,0.35
teen_social_life_support_241,241,ok,,,late_night_use,0.9999999999999999,0.08,0.4
teen_social_life_support_241,241,ok,,,sleep_interference,1.0,0.05,0.42
teen_social_life_support_241,241,ok,,,social_comparison,1.0,0.08,0.4
teen_social_life_support_241,241,ok,,,connection_effect,1.0,0.1,0.55
teen_social_life_support_241,241,ok,,,parental_rules,1.0,0.12,0.38
teen_social_life_support_241,241,ok,,,primary_platform,1.0,0.1,0.26
teen_social_life_support_241,241,ok,,,school_effort,1.0,0.03,0.52
teen_social_life_support_241,241,ok,,,academic_confidence,1.0,0.04,0.43
teen_social_life_support_241,241,ok,,,homework_distraction,1.0,0.04,0.45
teen_social_life_support_241,241,ok,,,organized_activity,1.0,0.15,0.4
teen_social_life_support_241,241,ok,,,career_clarity,1.0,0.16,0.34
teen_social_life_support_241,241,ok,,,future_optimism,1.0,0.04,0.46
teen_social_life_support_241,241,ok,,,peer_belonging,1.0,0.04,0.48
teen_social_life_support_242,242,ok,,,social_media_hours,0.9999999999999999,0.08,0.84
teen_social_life_support_242,242,ok,,,posting_frequency,1.0,0.12,0.45
teen_social_life_support_242,242,ok,,,late_night_use,1.0,0.12,0.38
teen_social_life_support_242,242,ok,,,sleep_interference,0.9999999999999999,0.1,0.42
teen_social_life_support_242,242,ok,,,social_comparison,1.0,0.1,0.43
teen_social_life_support_242,242,ok,,,connection_effect,1.0,0.08,0.62
teen_social_life_support_242,242,ok,,,parental_rules,1.0,0.12,0.4
teen_social_life_support_242,242,ok,,,primary_platform,1.0,0.01,0.3
teen_social_life_support_242,242,ok,,,school_effort,1.0,0.02,0.58
teen_social_life_support_242,242,ok,,,academic_confidence,1.0,0.03,0.48
teen_social_life_support_242,242,ok,,,homework_distraction,0.9999999999999999,0.1,0.42
teen_social_life_support_242,242,ok,,,organized_activity,1.0,0.12,0.46
teen_social_life_support_242,242,ok,,,career_clarity,1.0,0.13,0.37
teen_social_life_support_242,242,ok,,,future_optimism,1.0,0.03,0.48
teen_social_life_support_242,242,ok,,,peer_belonging,1.0,0.03,0.47
teen_social_life_support_243,243,ok,,,social_media_hours,1.0,0.05,0.65
teen_social_life_support_243,243,ok,,,posting_frequency,1.0,0.1,0.4
teen_social_life_support_243,243,ok,,,late_night_use,1.0,0.05,0.45
teen_social_life_support_243,243,ok,,,sleep_interference,1.0,0.1,0.45
teen_social_life_support_243,243,ok,,,social_comparison,1.0,0.1,0.45
teen_social_life_support_243,243,ok,,,connection_effect,1.0,0.12,0.58
teen_social_life_support_243,243,ok,,,parental_rules,1.0,0.15,0.35
teen_social_life_support_243,243,ok,,,primary_platform,1.0,0.01,0.35
teen_social_life_support_243,243,ok,,,school_effort,1.0,0.02,0.5
teen_social_life_support_243,243,ok,,,academic_confidence,1.0,0.04,0.5
teen_social_life_support_243,243,ok,,,homework_distraction,1.0,0.08,0.45
teen_social_life_support_243,243,ok,,,organized_activity,1.0,0.15,0.4
teen_social_life_support_243,243,ok,,,career_clarity,1.0,0.14,0.36
teen_social_life_support_243,243,ok,,,future_optimism,1.0,0.06,0.46
teen_social_life_support_243,243,ok,,,peer_belonging,1.0,0.05,0.45
teen_social_life_support_244,244,ok,,,social_media_hours,1.0,0.12,0.5
teen_social_life_support_244,244,ok,,,posting_frequency,1.0,0.01,0.84
teen_social_life_support_244,244,ok,,,late_night_use,1.0,0.09,0.42
teen_social_life_support_244,244,ok,,,sleep_interference,1.0,0.06,0.43
teen_social_life_support_244,244,ok,,,social_comparison,1.0,0.1,0.42
teen_social_life_support_244,244,ok,,,connection_effect,1.0,0.18,0.55
teen_social_life_support_244,244,ok,,,parental_rules,1.0,0.12,0.38
teen_social_life_support_244,244,ok,,,primary_platform,1.0,0.05,0.3
teen_social_life_support_244,244,ok,,,school_effort,1.0,0.02,0.6
teen_social_life_support_244,244,ok,,,academic_confidence,1.0,0.03,0.48
teen_social_life_support_244,244,ok,,,homework_distraction,1.0,0.06,0.43
teen_social_life_support_244,244,ok,,,organized_activity,1.0,0.14,0.4
teen_social_life_support_244,244,ok,,,career_clarity,1.0,0.15,0.36
teen_social_life_support_244,244,ok,,,future_optimism,1.0,0.05,0.48
teen_social_life_support_244,244,ok,,,peer_belonging,1.0,0.07,0.42
teen_social_life_support_245,245,ok,,,social_media_hours,1.0,0.2,0.55
teen_social_life_support_245,245,ok,,,posting_frequency,1.0,0.04,0.56
teen_social_life_support_245,245,ok,,,late_night_use,1.0,0.16,0.34
teen_social_life_support_245,245,ok,,,sleep_interference,1.0,0.1,0.38
teen_social_life_support_245,245,ok,,,social_comparison,1.0,0.13,0.37
teen_social_life_support_245,245,ok,,,connection_effect,1.0,0.12,0.47
teen_social_life_support_245,245,ok,,,parental_rules,1.0,0.13,0.37
teen_social_life_support_245,245,ok,,,primary_platform,0.9999999999999999,0.04,0.24
teen_social_life_support_245,245,ok,,,school_effort,1.0,0.02,0.58
teen_social_life_support_245,245,ok,,,academic_confidence,1.0,0.04,0.48
teen_social_life_support_245,245,ok,,,homework_distraction,0.9999999999999999,0.11,0.38
teen_social_life_support_245,245,ok,,,organized_activity,1.0,0.16,0.39
teen_social_life_support_245,245,ok,,,career_clarity,1.0,0.16,0.34
teen_social_life_support_245,245,ok,,,future_optimism,1.0,0.05,0.49
teen_social_life_support_245,245,ok,,,peer_belonging,1.0,0.04,0.41
teen_social_life_support_246,246,ok,,,social_media_hours,0.9999999999999999,0.08,0.57
teen_social_life_support_246,246,ok,,,posting_frequency,1.0,0.02,0.78
teen_social_life_support_246,246,ok,,,late_night_use,1.0,0.05,0.43
teen_social_life_support_246,246,ok,,,sleep_interference,1.0,0.1,0.39
teen_social_life_support_246,246,ok,,,social_comparison,1.0,0.08,0.45
teen_social_life_support_246,246,ok,,,connection_effect,1.0,0.08,0.64
teen_social_life_support_246,246,ok,,,parental_rules,1.0,0.12,0.37
teen_social_life_support_246,246,ok,,,primary_platform,1.0,0.01,0.32
teen_social_life_support_246,246,ok,,,school_effort,1.0,0.02,0.59
teen_social_life_support_246,246,ok,,,academic_confidence,1.0,0.03,0.5
teen_social_life_support_246,246,ok,,,homework_distraction,1.0,0.08,0.43
teen_social_life_support_246,246,ok,,,organized_activity,1.0,0.13,0.43
teen_social_life_support_246,246,ok,,,career_clarity,1.0,0.14,0.4
teen_social_life_support_246,246,ok,,,future_optimism,1.0,0.04,0.47
teen_social_life_support_246,246,ok,,,peer_belonging,1.0,0.04,0.45
teen_social_life_support_247,247,ok,,,social_media_hours,1.0,0.12,0.5
teen_social_life_support_247,247,ok,,,posting_frequency,1.0,0.02,0.65
teen_social_life_support_247,247,ok,,,late_night_use,1.0,0.05,0.44
teen_social_life_support_247,247,ok,,,sleep_interference,1.0,0.1,0.41
teen_social_life_support_247,247,ok,,,social_comparison,1.0,0.08,0.45
teen_social_life_support_247,247,ok,,,connection_effect,1.0,0.08,0.64
teen_social_life_support_247,247,ok,,,parental_rules,1.0000000000000002,0.11,0.39
teen_social_life_support_247,247,ok,,,primary_platform,1.0,0.01,0.3
teen_social_life_support_247,247,ok,,,school_effort,1.0,0.02,0.59
teen_social_life_support_247,247,ok,,,academic_confidence,1.0,0.03,0.47
teen_social_life_support_247,247,ok,,,homework_distraction,1.0,0.08,0.45
teen_social_life_support_247,247,ok,,,organized_activity,1.0,0.16,0.37
teen_social_life_support_247,247,ok,,,career_clarity,1.0,0.12,0.38
teen_social_life_support_247,247,ok,,,future_optimism,1.0,0.04,0.48
teen_social_life_support_247,247,ok,,,peer_belonging,1.0,0.03,0.51
teen_social_life_support_248,248,ok,,,social_media_hours,1.0,0.07,0.48
teen_social_life_support_248,248,ok,,,posting_frequency,0.9999999999999999,0.08,0.42
teen_social_life_support_248,248,ok,,,late_night_use,1.0,0.01,0.86
teen_social_life_support_248,248,ok,,,sleep_interference,1.0,0.01,0.78
teen_social_life_support_248,248,ok,,,social_comparison,1.0,0.06,0.38
teen_social_life_support_248,248,ok,,,connection_effect,1.0,0.1,0.48
teen_social_life_support_248,248,ok,,,parental_rules,1.0,0.06,0.44
teen_social_life_support_248,248,ok,,,primary_platform,0.9999999999999998,0.06,0.3
teen_social_life_support_248,248,ok,,,school_effort,1.0,0.01,0.67
teen_social_life_support_248,248,ok,,,academic_confidence,1.0,0.02,0.47
teen_social_life_support_248,248,ok,,,homework_distraction,1.0,0.02,0.62
teen_social_life_support_248,248,ok,,,organized_activity,1.0,0.12,0.45
teen_social_life_support_248,248,ok,,,career_clarity,1.0,0.1,0.36
teen_social_life_support_248,248,ok,,,future_optimism,1.0,0.03,0.48
teen_social_life_support_248,248,ok,,,peer_belonging,1.0,0.03,0.46
teen_social_life_support_249,249,ok,,,social_media_hours,1.0,0.18,0.58
teen_social_life_support_249,249,ok,,,posting_frequency,1.0,0.14,0.32
teen_social_life_support_249,249,ok,,,late_night_use,1.0,0.06,0.52
teen_social_life_support_249,249,ok,,,sleep_interference,1.0,0.07,0.46
teen_social_life_support_249,249,ok,,,social_comparison,1.0,0.12,0.38
teen_social_life_support_249,249,ok,,,connection_effect,1.0,0.1,0.48
teen_social_life_support_249,249,ok,,,parental_rules,1.0,0.13,0.38
teen_social_life_support_249,249,ok,,,primary_platform,1.0,0.01,0.28
teen_social_life_support_249,249,ok,,,school_effort,1.0,0.03,0.53
teen_social_life_support_249,249,ok,,,academic_confidence,1.0,0.04,0.46
teen_social_life_support_249,249,ok,,,homework_distraction,0.9999999999999999,0.1,0.42
teen_social_life_support_249,249,ok,,,organized_activity,1.0,0.16,0.38
teen_social_life_support_249,249,ok,,,career_clarity,1.0,0.16,0.34
teen_social_life_support_249,249,ok,,,future_optimism,1.0,0.04,0.48
teen_social_life_support_249,249,ok,,,peer_belonging,1.0,0.04,0.42
teen_social_life_support_250,250,ok,,,social_media_hours,1.0,0.08,0.55
teen_social_life_support_250,250,ok,,,posting_frequency,1.0,0.15,0.38
teen_social_life_support_250,250,ok,,,late_night_use,1.0,0.02,0.78
teen_social_life_support_250,250,ok,,,sleep_interference,1.0,0.08,0.5
teen_social_life_support_250,250,ok,,,social_comparison,1.0,0.08,0.45
teen_social_life_support_250,250,ok,,,connection_effect,1.0,0.1,0.56
teen_social_life_support_250,250,ok,,,parental_rules,1.0,0.12,0.38
teen_social_life_support_250,250,ok,,,primary_platform,1.0,0.01,0.3
teen_social_life_support_250,250,ok,,,school_effort,1.0,0.02,0.62
teen_social_life_support_250,250,ok,,,academic_confidence,1.0,0.03,0.46
teen_social_life_support_250,250,ok,,,homework_distraction,1.0,0.1,0.43
teen_social_life_support_250,250,ok,,,organized_activity,1.0,0.16,0.34
teen_social_life_support_250,250,ok,,,career_clarity,1.0,0.13,0.38
teen_social_life_support_250,250,ok,,,future_optimism,1.0,0.04,0.48
teen_social_life_support_250,250,ok,,,peer_belonging,1.0,0.04,0.5
teen_social_life_support_251,251,ok,,,social_media_hours,1.0,0.04,0.51
teen_social_life_support_251,251,ok,,,posting_frequency,1.0,0.1,0.43
teen_social_life_support_251,251,ok,,,late_night_use,1.0,0.03,0.55
teen_social_life_support_251,251,ok,,,sleep_interference,1.0,0.06,0.42
teen_social_life_support_251,251,ok,,,social_comparison,1.0,0.08,0.45
teen_social_life_support_251,251,ok,,,connection_effect,1.0,0.12,0.6
teen_social_life_support_251,251,ok,,,parental_rules,1.0000000000000002,0.1,0.38
teen_social_life_support_251,251,ok,,,primary_platform,1.0,0.01,0.34
teen_social_life_support_251,251,ok,,,school_effort,1.0,0.02,0.58
teen_social_life_support_251,251,ok,,,academic_confidence,1.0,0.03,0.5
teen_social_life_support_251,251,ok,,,homework_distraction,1.0,0.05,0.46
teen_social_life_support_251,251,ok,,,organized_activity,1.0,0.17,0.33
teen_social_life_support_251,251,ok,,,career_clarity,1.0,0.14,0.36
teen_social_life_support_251,251,ok,,,future_optimism,1.0,0.04,0.49
teen_social_life_support_251,251,ok,,,peer_belonging,1.0,0.04,0.47
teen_social_life_support_252,252,ok,,,social_media_hours,1.0,0.15,0.5
teen_social_life_support_252,252,ok,,,posting_frequency,0.9999999999999999,0.1,0.35
teen_social_life_support_252,252,ok,,,late_night_use,1.0,0.03,0.55
teen_social_life_support_252,252,ok,,,sleep_interference,1.0,0.02,0.85
teen_social_life_support_252,252,ok,,,social_comparison,1.0,0.05,0.4
teen_social_life_support_252,252,ok,,,connection_effect,1.0,0.1,0.45
teen_social_life_support_252,252,ok,,,parental_rules,1.0,0.1,0.4
teen_social_life_support_252,252,ok,,,primary_platform,1.0,0.05,0.25
teen_social_life_support_252,252,ok,,,school_effort,1.0,0.02,0.6
teen_social_life_support_252,252,ok,,,academic_confidence,1.0,0.03,0.45
teen_social_life_support_252,252,ok,,,homework_distraction,1.0,0.03,0.55
teen_social_life_support_252,252,ok,,,organized_activity,1.0,0.15,0.4
teen_social_life_support_252,252,ok,,,career_clarity,1.0,0.15,0.35
teen_social_life_support_252,252,ok,,,future_optimism,1.0,0.03,0.45
teen_social_life_support_252,252,ok,,,peer_belonging,1.0,0.04,0.5
teen_social_life_support_253,253,ok,,,social_media_hours,1.0,0.18,0.55
teen_social_life_support_253,253,ok,,,posting_frequency,1.0,0.17,0.33
teen_social_life_support_253,253,ok,,,late_night_use,1.0,0.12,0.38
teen_social_life_support_253,253,ok,,,sleep_interference,1.0,0.08,0.44
teen_social_life_support_253,253,ok,,,social_comparison,1.0,0.14,0.35
teen_social_life_support_253,253,ok,,,connection_effect,1.0,0.12,0.52
teen_social_life_support_253,253,ok,,,parental_rules,1.0,0.13,0.39
teen_social_life_support_253,253,ok,,,primary_platform,1.0000000000000002,0.02,0.31
teen_social_life_support_253,253,ok,,,school_effort,1.0,0.02,0.62
teen_social_life_support_253,253,ok,,,academic_confidence,1.0,0.03,0.49
teen_social_life_support_253,253,ok,,,homework_distraction,1.0,0.12,0.37
teen_social_life_support_253,253,ok,,,organized_activity,1.0,0.14,0.42
teen_social_life_support_253,253,ok,,,career_clarity,1.0,0.16,0.35
teen_social_life_support_253,253,ok,,,future_optimism,1.0,0.04,0.5
teen_social_life_support_253,253,ok,,,peer_belonging,1.0,0.04,0.45
teen_social_life_support_254,254,ok,,,social_media_hours,1.0,0.08,0.52
teen_social_life_support_254,254,ok,,,posting_frequency,1.0,0.13,0.42
teen_social_life_support_254,254,ok,,,late_night_use,1.0,0.02,0.56
teen_social_life_support_254,254,ok,,,sleep_interference,1.0,0.02,0.72
teen_social_life_support_254,254,ok,,,social_comparison,1.0,0.05,0.5
teen_social_life_support_254,254,ok,,,connection_effect,1.0,0.12,0.57
teen_social_life_support_254,254,ok,,,parental_rules,1.0,0.13,0.4
teen_social_life_support_254,254,ok,,,primary_platform,1.0,0.01,0.32
teen_social_life_support_254,254,ok,,,school_effort,1.0,0.01,0.63
teen_social_life_support_254,254,ok,,,academic_confidence,1.0,0.03,0.45
teen_social_life_support_254,254,ok,,,homework_distraction,1.0,0.04,0.51
teen_social_life_support_254,254,ok,,,organized_activity,1.0,0.17,0.33
teen_social_life_support_254,254,ok,,,career_clarity,1.0,0.14,0.35
teen_social_life_support_254,254,ok,,,future_optimism,1.0,0.04,0.48
teen_social_life_support_254,254,ok,,,peer_belonging,1.0,0.04,0.41
teen_social_life_support_255,255,ok,,,social_media_hours,1.0,0.04,0.64
teen_social_life_support_255,255,ok,,,posting_frequency,1.0,0.12,0.38
teen_social_life_support_255,255,ok,,,late_night_use,1.0,0.02,0.6
teen_social_life_support_255,255,ok,,,sleep_interference,1.0,0.02,0.58
teen_social_life_support_255,255,ok,,,social_comparison,1.0,0.06,0.47
teen_social_life_support_255,255,ok,,,connection_effect,1.0,0.12,0.6
teen_social_life_support_255,255,ok,,,parental_rules,1.0000000000000002,0.1,0.4
teen_social_life_support_255,255,ok,,,primary_platform,1.0,0.01,0.36
teen_social_life_support_255,255,ok,,,school_effort,1.0,0.02,0.6
teen_social_life_support_255,255,ok,,,academic_confidence,1.0,0.04,0.48
teen_social_life_support_255,255,ok,,,homework_distraction,1.0,0.03,0.45
teen_social_life_support_255,255,ok,,,organized_activity,1.0,0.18,0.36
teen_social_life_support_255,255,ok,,,career_clarity,1.0,0.14,0.36
teen_social_life_support_255,255,ok,,,future_optimism,1.0,0.05,0.48
teen_social_life_support_255,255,ok,,,peer_belonging,1.0,0.04,0.48
teen_social_life_support_256,256,ok,,,social_media_hours,1.0,0.15,0.51
teen_social_life_support_256,256,ok,,,posting_frequency,1.0,0.15,0.31
teen_social_life_support_256,256,ok,,,late_night_use,0.9999999999999999,0.08,0.38
teen_social_life_support_256,256,ok,,,sleep_interference,1.0,0.05,0.48
teen_social_life_support_256,256,ok,,,social_comparison,1.0,0.01,0.86
teen_social_life_support_256,256,ok,,,connection_effect,1.0,0.07,0.55
teen_social_life_support_256,256,ok,,,parental_rules,1.0,0.11,0.39
teen_social_life_support_256,256,ok,,,primary_platform,0.9999999999999999,0.03,0.26
teen_social_life_support_256,256,ok,,,school_effort,1.0,0.01,0.68
teen_social_life_support_256,256,ok,,,academic_confidence,1.0,0.02,0.52
teen_social_life_support_256,256,ok,,,homework_distraction,1.0,0.07,0.39
teen_social_life_support_256,256,ok,,,organized_activity,1.0,0.12,0.43
teen_social_life_support_256,256,ok,,,career_clarity,1.0,0.12,0.38
teen_social_life_support_256,256,ok,,,future_optimism,1.0,0.02,0.5
teen_social_life_support_256,256,ok,,,peer_belonging,1.0,0.02,0.62
teen_social_life_support_257,257,ok,,,social_media_hours,1.0,0.2,0.55
teen_social_life_support_257,257,ok,,,posting_frequency,1.0,0.16,0.34
teen_social_life_support_257,257,ok,,,late_night_use,1.0,0.15,0.35
teen_social_life_support_257,257,ok,,,sleep_interference,1.0,0.08,0.4
teen_social_life_support_257,257,ok,,,social_comparison,1.0,0.06,0.46
teen_social_life_support_257,257,ok,,,connection_effect,1.0,0.09,0.5
teen_social_life_support_257,257,ok,,,parental_rules,1.0,0.12,0.4
teen_social_life_support_257,257,ok,,,primary_platform,1.0,0.02,0.31
teen_social_life_support_257,257,ok,,,school_effort,1.0,0.03,0.55
teen_social_life_support_257,257,ok,,,academic_confidence,1.0,0.04,0.48
teen_social_life_support_257,257,ok,,,homework_distraction,1.0000000000000002,0.11,0.38
teen_social_life_support_257,257,ok,,,organized_activity,1.0,0.14,0.42
teen_social_life_support_257,257,ok,,,career_clarity,1.0,0.15,0.35
teen_social_life_support_257,257,ok,,,future_optimism,1.0,0.04,0.52
teen_social_life_support_257,257,ok,,,peer_belonging,1.0,0.04,0.51
teen_social_life_support_258,258,ok,,,social_media_hours,1.0,0.08,0.5
teen_social_life_support_258,258,ok,,,posting_frequency,1.0,0.08,0.44
teen_social_life_support_258,258,ok,,,late_night_use,1.0,0.05,0.48
teen_social_life_support_258,258,ok,,,sleep_interference,1.0,0.08,0.45
teen_social_life_support_258,258,ok,,,social_comparison,1.0,0.03,0.76
teen_social_life_support_258,258,ok,,,connection_effect,1.0,0.12,0.6
teen_social_life_support_258,258,ok,,,parental_rules,1.0,0.12,0.38
teen_social_life_support_258,258,ok,,,primary_platform,1.0,0.01,0.31
teen_social_life_support_258,258,ok,,,school_effort,1.0,0.02,0.58
teen_social_life_support_258,258,ok,,,academic_confidence,1.0,0.03,0.5
teen_social_life_support_258,258,ok,,,homework_distraction,1.0,0.06,0.48
teen_social_life_support_258,258,ok,,,organized_activity,1.0,0.18,0.34
teen_social_life_support_258,258,ok,,,career_clarity,1.0,0.15,0.36
teen_social_life_support_258,258,ok,,,future_optimism,1.0,0.03,0.53
teen_social_life_support_258,258,ok,,,peer_belonging,1.0,0.03,0.43
teen_social_life_support_259,259,ok,,,social_media_hours,1.0,0.06,0.47
teen_social_life_support_259,259,ok,,,posting_frequency,1.0,0.1,0.42
teen_social_life_support_259,259,ok,,,late_night_use,1.0,0.04,0.43
teen_social_life_support_259,259,ok,,,sleep_interference,1.0,0.08,0.44
teen_social_life_support_259,259,ok,,,social_comparison,1.0,0.04,0.5
teen_social_life_support_259,259,ok,,,connection_effect,1.0,0.2,0.46
teen_social_life_support_259,259,ok,,,parental_rules,1.0,0.1,0.38
teen_social_life_support_259,259,ok,,,primary_platform,1.0,0.01,0.35
teen_social_life_support_259,259,ok,,,school_effort,1.0,0.02,0.66
teen_social_life_support_259,259,ok,,,academic_confidence,1.0,0.05,0.49
teen_social_life_support_259,259,ok,,,homework_distraction,1.0,0.06,0.44
teen_social_life_support_259,259,ok,,,organized_activity,1.0,0.17,0.4
teen_social_life_support_259,259,ok,,,career_clarity,1.0,0.14,0.34
teen_social_life_support_259,259,ok,,,future_optimism,1.0,0.05,0.5
teen_social_life_support_259,259,ok,,,peer_belonging,1.0,0.04,0.42
teen_social_life_support_260,260,ok,,,social_media_hours,1.0,0.08,0.49
teen_social_life_support_260,260,ok,,,posting_frequency,1.0,0.13,0.34
teen_social_life_support_260,260,ok,,,late_night_use,1.0,0.06,0.38
teen_social_life_support_260,260,ok,,,sleep_interference,1.0,0.07,0.41
teen_social_life_support_260,260,ok,,,social_comparison,1.0,0.03,0.43
teen_social_life_support_260,260,ok,,,connection_effect,1.0,0.04,0.82
teen_social_life_support_260,260,ok,,,parental_rules,1.0,0.14,0.38
teen_social_life_support_260,260,ok,,,primary_platform,0.9999999999999999,0.01,0.35
teen_social_life_support_260,260,ok,,,school_effort,1.0,0.02,0.55
teen_social_life_support_260,260,ok,,,academic_confidence,1.0,0.08,0.45
teen_social_life_support_260,260,ok,,,homework_distraction,1.0,0.07,0.43
teen_social_life_support_260,260,ok,,,organized_activity,1.0,0.18,0.32
teen_social_life_support_260,260,ok,,,career_clarity,1.0,0.12,0.38
teen_social_life_support_260,260,ok,,,future_optimism,1.0,0.07,0.45
teen_social_life_support_260,260,ok,,,peer_belonging,1.0,0.12,0.4
teen_social_life_support_261,261,ok,,,social_media_hours,1.0,0.12,0.58
teen_social_life_support_261,261,ok,,,posting_frequency,1.0,0.16,0.32
teen_social_life_support_261,261,ok,,,late_night_use,1.0,0.1,0.39
teen_social_life_support_261,261,ok,,,sleep_interference,1.0,0.12,0.4
teen_social_life_support_261,261,ok,,,social_comparison,1.0,0.14,0.38
teen_social_life_support_261,261,ok,,,connection_effect,1.0,0.15,0.62
teen_social_life_support_261,261,ok,,,parental_rules,1.0,0.12,0.39
teen_social_life_support_261,261,ok,,,primary_platform,0.9999999999999999,0.02,0.26
teen_social_life_support_261,261,ok,,,school_effort,1.0,0.02,0.56
teen_social_life_support_261,261,ok,,,academic_confidence,1.0,0.03,0.5
teen_social_life_support_261,261,ok,,,homework_distraction,1.0,0.14,0.38
teen_social_life_support_261,261,ok,,,organized_activity,1.0,0.16,0.33
teen_social_life_support_261,261,ok,,,career_clarity,1.0,0.12,0.4
teen_social_life_support_261,261,ok,,,future_optimism,1.0,0.04,0.52
teen_social_life_support_261,261,ok,,,peer_belonging,1.0,0.03,0.45
teen_social_life_support_262,262,ok,,,social_media_hours,1.0,0.05,0.53
teen_social_life_support_262,262,ok,,,posting_frequency,1.0,0.06,0.43
teen_social_life_support_262,262,ok,,,late_night_use,1.0,0.07,0.39
teen_social_life_support_262,262,ok,,,sleep_interference,1.0,0.1,0.4
teen_social_life_support_262,262,ok,,,social_comparison,1.0,0.12,0.4
teen_social_life_support_262,262,ok,,,connection_effect,1.0,0.02,0.9
teen_social_life_support_262,262,ok,,,parental_rules,1.0000000000000002,0.11,0.4
teen_social_life_support_262,262,ok,,,primary_platform,1.0,0.01,0.28
teen_social_life_support_262,262,ok,,,school_effort,1.0,0.02,0.59
teen_social_life_support_262,262,ok,,,academic_confidence,1.0,0.03,0.44
teen_social_life_support_262,262,ok,,,homework_distraction,1.0,0.08,0.43
teen_social_life_support_262,262,ok,,,organized_activity,1.0,0.12,0.43
teen_social_life_support_262,262,ok,,,career_clarity,1.0,0.12,0.37
teen_social_life_support_262,262,ok,,,future_optimism,1.0,0.03,0.43
teen_social_life_support_262,262,ok,,,peer_belonging,1.0,0.02,0.6
teen_social_life_support_263,263,ok,,,social_media_hours,1.0,0.12,0.48
teen_social_life_support_263,263,ok,,,posting_frequency,1.0,0.18,0.34
teen_social_life_support_263,263,ok,,,late_night_use,1.0,0.08,0.4
teen_social_life_support_263,263,ok,,,sleep_interference,1.0,0.14,0.38
teen_social_life_support_263,263,ok,,,social_comparison,1.0,0.16,0.36
teen_social_life_support_263,263,ok,,,connection_effect,1.0,0.08,0.58
teen_social_life_support_263,263,ok,,,parental_rules,1.0,0.04,0.56
teen_social_life_support_263,263,ok,,,primary_platform,1.0,0.01,0.3
teen_social_life_support_263,263,ok,,,school_effort,1.0,0.03,0.48
teen_social_life_support_263,263,ok,,,academic_confidence,1.0,0.04,0.49
teen_social_life_support_263,263,ok,,,homework_distraction,1.0,0.1,0.43
teen_social_life_support_263,263,ok,,,organized_activity,1.0,0.18,0.32
teen_social_life_support_263,263,ok,,,career_clarity,1.0,0.14,0.36
teen_social_life_support_263,263,ok,,,future_optimism,1.0,0.05,0.48
teen_social_life_support_263,263,ok,,,peer_belonging,1.0,0.04,0.42
teen_social_life_support_264,264,ok,,,social_media_hours,1.0,0.08,0.52
teen_social_life_support_264,264,ok,,,posting_frequency,1.0,0.16,0.37
teen_social_life_support_264,264,ok,,,late_night_use,1.0,0.06,0.42
teen_social_life_support_264,264,ok,,,sleep_interference,1.0,0.1,0.39
teen_social_life_support_264,264,ok,,,social_comparison,1.0,0.1,0.41
teen_social_life_support_264,264,ok,,,connection_effect,1.0,0.1,0.61
teen_social_life_support_264,264,ok,,,parental_rules,1.0,0.04,0.76
teen_social_life_support_264,264,ok,,,primary_platform,1.0,0.01,0.31
teen_social_life_support_264,264,ok,,,school_effort,1.0,0.02,0.55
teen_social_life_support_264,264,ok,,,academic_confidence,1.0,0.03,0.47
teen_social_life_support_264,264,ok,,,homework_distraction,1.0,0.07,0.46
teen_social_life_support_264,264,ok,,,organized_activity,1.0,0.14,0.42
teen_social_life_support_264,264,ok,,,career_clarity,1.0,0.15,0.34
teen_social_life_support_264,264,ok,,,future_optimism,1.0,0.04,0.46
teen_social_life_support_264,264,ok,,,peer_belonging,1.0,0.04,0.47
teen_social_life_support_265,265,ok,,,social_media_hours,1.0,0.12,0.55
teen_social_life_support_265,265,ok,,,posting_frequency,1.0,0.16,0.36
teen_social_life_support_265,265,ok,,,late_night_use,1.0,0.1,0.4
teen_social_life_support_265,265,ok,,,sleep_interference,1.0,0.14,0.36
teen_social_life_support_265,265,ok,,,social_comparison,1.0,0.13,0.39
teen_social_life_support_265,265,ok,,,connection_effect,1.0,0.1,0.58
teen_social_life_support_265,265,ok,,,parental_rules,1.0,0.06,0.55
teen_social_life_support_265,265,ok,,,primary_platform,1.0,0.02,0.3
teen_social_life_support_265,265,ok,,,school_effort,1.0,0.02,0.58
teen_social_life_support_265,265,ok,,,academic_confidence,1.0,0.04,0.48
teen_social_life_support_265,265,ok,,,homework_distraction,1.0,0.13,0.38
teen_social_life_support_265,265,ok,,,organized_activity,1.0,0.14,0.43
teen_social_life_support_265,265,ok,,,career_clarity,1.0,0.14,0.37
teen_social_life_support_265,265,ok,,,future_optimism,1.0,0.05,0.48
teen_social_life_support_265,265,ok,,,peer_belonging,1.0,0.04,0.44
teen_social_life_support_266,266,ok,,,social_media_hours,1.0,0.15,0.5
teen_social_life_support_266,266,ok,,,posting_frequency,0.9999999999999999,0.1,0.35
teen_social_life_support_266,266,ok,,,late_night_use,0.9999999999999999,0.1,0.35
teen_social_life_support_266,266,ok,,,sleep_interference,0.9999999999999999,0.08,0.4
teen_social_life_support_266,266,ok,,,social_comparison,1.0,0.13,0.33
teen_social_life_support_266,266,ok,,,connection_effect,1.0,0.12,0.46
teen_social_life_support_266,266,ok,,,parental_rules,1.0,0.01,0.82
teen_social_life_support_266,266,ok,,,primary_platform,1.0,0.07,0.24
teen_social_life_support_266,266,ok,,,school_effort,1.0,0.02,0.6
teen_social_life_support_266,266,ok,,,academic_confidence,1.0,0.03,0.43
teen_social_life_support_266,266,ok,,,homework_distraction,0.9999999999999999,0.09,0.35
teen_social_life_support_266,266,ok,,,organized_activity,1.0,0.12,0.45
teen_social_life_support_266,266,ok,,,career_clarity,1.0,0.14,0.38
teen_social_life_support_266,266,ok,,,future_optimism,1.0,0.04,0.45
teen_social_life_support_266,266,ok,,,peer_belonging,1.0,0.05,0.43
teen_social_life_support_267,267,ok,,,social_media_hours,1.0,0.12,0.55
teen_social_life_support_267,267,ok,,,posting_frequency,1.0,0.18,0.34
teen_social_life_support_267,267,ok,,,late_night_use,1.0,0.08,0.43
teen_social_life_support_267,267,ok,,,sleep_interference,1.0,0.14,0.35
teen_social_life_support_267,267,ok,,,social_comparison,1.0,0.12,0.39
teen_social_life_support_267,267,ok,,,connection_effect,1.0,0.12,0.57
teen_social_life_support_267,267,ok,,,parental_rules,1.0000000000000002,0.1,0.39
teen_social_life_support_267,267,ok,,,primary_platform,1.0,0.02,0.58
teen_social_life_support_267,267,ok,,,school_effort,1.0,0.03,0.53
teen_social_life_support_267,267,ok,,,academic_confidence,1.0,0.04,0.45
teen_social_life_support_267,267,ok,,,homework_distraction,1.0,0.11,0.41
teen_social_life_support_267,267,ok,,,organized_activity,1.0,0.17,0.36
teen_social_life_support_267,267,ok,,,career_clarity,1.0,0.14,0.36
teen_social_life_support_267,267,ok,,,future_optimism,1.0,0.05,0.47
teen_social_life_support_267,267,ok,,,peer_belonging,1.0,0.04,0.45
teen_social_life_support_268,268,ok,,,social_media_hours,1.0,0.05,0.5
teen_social_life_support_268,268,ok,,,posting_frequency,1.0,0.05,0.45
teen_social_life_support_268,268,ok,,,late_night_use,1.0,0.03,0.45
teen_social_life_support_268,268,ok,,,sleep_interference,1.0,0.08,0.43
teen_social_life_support_268,268,ok,,,social_comparison,1.0,0.07,0.45
teen_social_life_support_268,268,ok,,,connection_effect,1.0,0.08,0.65
teen_social_life_support_268,268,ok,,,parental_rules,1.0,0.12,0.38
teen_social_life_support_268,268,ok,,,primary_platform,1.0,0.01,0.78
teen_social_life_support_268,268,ok,,,school_effort,1.0,0.02,0.6
teen_social_life_support_268,268,ok,,,academic_confidence,1.0,0.03,0.45
teen_social_life_support_268,268,ok,,,homework_distraction,1.0,0.07,0.45
teen_social_life_support_268,268,ok,,,organized_activity,1.0,0.15,0.4
teen_social_life_support_268,268,ok,,,career_clarity,1.0,0.15,0.35
teen_social_life_support_268,268,ok,,,future_optimism,1.0,0.03,0.47
teen_social_life_support_268,268,ok,,,peer_belonging,1.0,0.03,0.5
teen_social_life_support_269,269,ok,,,social_media_hours,1.0,0.15,0.55
teen_social_life_support_269,269,ok,,,posting_frequency,1.0,0.15,0.35
teen_social_life_support_269,269,ok,,,late_night_use,1.0,0.1,0.4
teen_social_life_support_269,269,ok,,,sleep_interference,1.0,0.13,0.35
teen_social_life_support_269,269,ok,,,social_comparison,0.9999999999999999,0.1,0.38
teen_social_life_support_269,269,ok,,,connection_effect,1.0,0.12,0.48
teen_social_life_support_269,269,ok,,,parental_rules,1.0,0.12,0.38
teen_social_life_support_269,269,ok,,,primary_platform,1.0,0.02,0.42
teen_social_life_support_269,269,ok,,,school_effort,1.0,0.02,0.54
teen_social_life_support_269,269,ok,,,academic_confidence,1.0,0.03,0.48
teen_social_life_support_269,269,ok,,,homework_distraction,1.0,0.14,0.36
teen_social_life_support_269,269,ok,,,organized_activity,0.9999999999999999,0.18,0.35
teen_social_life_support_269,269,ok,,,career_clarity,1.0,0.16,0.36
teen_social_life_support_269,269,ok,,,future_optimism,1.0,0.04,0.48
teen_social_life_support_269,269,ok,,,peer_belonging,1.0,0.04,0.44
teen_social_life_support_270,270,ok,,,social_media_hours,1.0,0.03,0.6
teen_social_life_support_270,270,ok,,,posting_frequency,1.0,0.04,0.52
teen_social_life_support_270,270,ok,,,late_night_use,1.0,0.03,0.45
teen_social_life_support_270,270,ok,,,sleep_interference,1.0,0.06,0.44
teen_social_life_support_270,270,ok,,,social_comparison,1.0,0.1,0.44
teen_social_life_support_270,270,ok,,,connection_effect,1.0,0.05,0.74
teen_social_life_support_270,270,ok,,,parental_rules,0.9999999999999999,0.1,0.42
teen_social_life_support_270,270,ok,,,primary_platform,1.0,0.01,0.77
teen_social_life_support_270,270,ok,,,school_effort,1.0,0.02,0.58
teen_social_life_support_270,270,ok,,,academic_confidence,1.0,0.03,0.45
teen_social_life_support_270,270,ok,,,homework_distraction,1.0,0.05,0.47
teen_social_life_support_270,270,ok,,,organized_activity,1.0,0.1,0.48
teen_social_life_support_270,270,ok,,,career_clarity,1.0,0.14,0.36
teen_social_life_support_270,270,ok,,,future_optimism,1.0,0.04,0.46
teen_social_life_support_270,270,ok,,,peer_belonging,1.0,0.03,0.54
teen_social_life_support_271,271,ok,,,social_media_hours,1.0,0.12,0.58
teen_social_life_support_271,271,ok,,,posting_frequency,1.0,0.14,0.34
teen_social_life_support_271,271,ok,,,late_night_use,1.0,0.12,0.4
teen_social_life_support_271,271,ok,,,sleep_interference,1.0,0.12,0.36
teen_social_life_support_271,271,ok,,,social_comparison,1.0,0.1,0.38
teen_social_life_support_271,271,ok,,,connection_effect,1.0,0.13,0.45
teen_social_life_support_271,271,ok,,,parental_rules,1.0000000000000002,0.1,0.4
teen_social_life_support_271,271,ok,,,primary_platform,1.0,0.01,0.43
teen_social_life_support_271,271,ok,,,school_effort,1.0,0.03,0.53
teen_social_life_support_271,271,ok,,,academic_confidence,1.0,0.04,0.47
teen_social_life_support_271,271,ok,,,homework_distraction,1.0,0.14,0.36
teen_social_life_support_271,271,ok,,,organized_activity,1.0,0.18,0.35
teen_social_life_support_271,271,ok,,,career_clarity,1.0,0.14,0.38
teen_social_life_support_271,271,ok,,,future_optimism,1.0,0.05,0.48
teen_social_life_support_271,271,ok,,,peer_belonging,1.0,0.06,0.39
teen_social_life_support_272,272,ok,,,social_media_hours,1.0,0.02,0.88
teen_social_life_support_272,272,ok,,,posting_frequency,1.0,0.01,0.9
teen_social_life_support_272,272,ok,,,late_night_use,1.0,0.01,0.76
teen_social_life_support_272,272,ok,,,sleep_interference,1.0,0.01,0.78
teen_social_life_support_272,272,ok,,,social_comparison,1.0,0.03,0.62
teen_social_life_support_272,272,ok,,,connection_effect,1.0,0.12,0.74
teen_social_life_support_272,272,ok,,,parental_rules,1.0,0.08,0.4
teen_social_life_support_272,272,ok,,,primary_platform,1.0,0.02,0.85
teen_social_life_support_272,272,ok,,,school_effort,1.0,0.02,0.64
teen_social_life_support_272,272,ok,,,academic_confidence,1.0,0.03,0.47
teen_social_life_support_272,272,ok,,,homework_distraction,1.0,0.01,0.8
teen_social_life_support_272,272,ok,,,organized_activity,1.0,0.15,0.42
teen_social_life_support_272,272,ok,,,career_clarity,1.0,0.16,0.35
teen_social_life_support_272,272,ok,,,future_optimism,1.0,0.04,0.46
teen_social_life_support_272,272,ok,,,peer_belonging,1.0,0.04,0.43
teen_social_life_support_273,273,ok,,,social_media_hours,1.0,0.15,0.45
teen_social_life_support_273,273,ok,,,posting_frequency,1.0,0.2,0.3
teen_social_life_support_273,273,ok,,,late_night_use,1.0,0.1,0.35
teen_social_life_support_273,273,ok,,,sleep_interference,1.0,0.15,0.35
teen_social_life_support_273,273,ok,,,social_comparison,1.0,0.18,0.32
teen_social_life_support_273,273,ok,,,connection_effect,1.0,0.18,0.5
teen_social_life_support_273,273,ok,,,parental_rules,1.0,0.15,0.35
teen_social_life_support_273,273,ok,,,primary_platform,0.9999999999999999,0.02,0.3
teen_social_life_support_273,273,ok,,,school_effort,1.0,0.05,0.44
teen_social_life_support_273,273,ok,,,academic_confidence,0.9999999999999999,0.1,0.35
teen_social_life_support_273,273,ok,,,homework_distraction,1.0,0.1,0.35
teen_social_life_support_273,273,ok,,,organized_activity,1.0,0.2,0.3
teen_social_life_support_273,273,ok,,,career_clarity,0.9999999999999999,0.1,0.35
teen_social_life_support_273,273,ok,,,future_optimism,1.0,0.15,0.35
teen_social_life_support_273,273,ok,,,peer_belonging,1.0,0.15,0.35
teen_social_life_support_274,274,ok,,,social_media_hours,1.0,0.08,0.55
teen_social_life_support_274,274,ok,,,posting_frequency,1.0,0.18,0.35
teen_social_life_support_274,274,ok,,,late_night_use,1.0,0.05,0.43
teen_social_life_support_274,274,ok,,,sleep_interference,1.0,0.08,0.4
teen_social_life_support_274,274,ok,,,social_comparison,1.0,0.1,0.42
teen_social_life_support_274,274,ok,,,connection_effect,1.0,0.18,0.5
teen_social_life_support_274,274,ok,,,parental_rules,1.0000000000000002,0.11,0.39
teen_social_life_support_274,274,ok,,,primary_platform,1.0,0.02,0.32
teen_social_life_support_274,274,ok,,,school_effort,1.0,0.02,0.74
teen_social_life_support_274,274,ok,,,academic_confidence,0.9999999999999999,0.08,0.42
teen_social_life_support_274,274,ok,,,homework_distraction,1.0,0.06,0.41
teen_social_life_support_274,274,ok,,,organized_activity,1.0,0.18,0.38
teen_social_life_support_274,274,ok,,,career_clarity,0.9999999999999999,0.08,0.4
teen_social_life_support_274,274,ok,,,future_optimism,1.0,0.14,0.38
teen_social_life_support_274,274,ok,,,peer_belonging,1.0,0.09,0.44
teen_social_life_support_275,275,ok,,,social_media_hours,1.0,0.18,0.52
teen_social_life_support_275,275,ok,,,posting_frequency,1.0,0.18,0.36
teen_social_life_support_275,275,ok,,,late_night_use,1.0,0.08,0.43
teen_social_life_support_275,275,ok,,,sleep_interference,1.0,0.12,0.38
teen_social_life_support_275,275,ok,,,social_comparison,1.0,0.1,0.42
teen_social_life_support_275,275,ok,,,connection_effect,1.0,0.13,0.51
teen_social_life_support_275,275,ok,,,parental_rules,1.0,0.12,0.38
teen_social_life_support_275,275,ok,,,primary_platform,1.0,0.02,0.31
teen_social_life_support_275,275,ok,,,school_effort,1.0,0.05,0.55
teen_social_life_support_275,275,ok,,,academic_confidence,1.0,0.06,0.5
teen_social_life_support_275,275,ok,,,homework_distraction,1.0,0.09,0.43
teen_social_life_support_275,275,ok,,,organized_activity,1.0,0.17,0.34
teen_social_life_support_275,275,ok,,,career_clarity,1.0,0.12,0.39
teen_social_life_support_275,275,ok,,,future_optimism,1.0,0.07,0.47
teen_social_life_support_275,275,ok,,,peer_belonging,1.0,0.06,0.43
teen_social_life_support_276,276,ok,,,social_media_hours,1.0,0.12,0.55
teen_social_life_support_276,276,ok,,,posting_frequency,1.0,0.18,0.35
teen_social_life_support_276,276,ok,,,late_night_use,1.0,0.08,0.43
teen_social_life_support_276,276,ok,,,sleep_interference,1.0,0.12,0.36
teen_social_life_support_276,276,ok,,,social_comparison,1.0,0.14,0.36
teen_social_life_support_276,276,ok,,,connection_effect,1.0,0.1,0.58
teen_social_life_support_276,276,ok,,,parental_rules,1.0,0.1,0.4
teen_social_life_support_276,276,ok,,,primary_platform,1.0,0.01,0.3
teen_social_life_support_276,276,ok,,,school_effort,1.0,0.01,0.82
teen_social_life_support_276,276,ok,,,academic_confidence,1.0,0.02,0.53
teen_social_life_support_276,276,ok,,,homework_distraction,1.0,0.13,0.39
teen_social_life_support_276,276,ok,,,organized_activity,1.0,0.12,0.47
teen_social_life_support_276,276,ok,,,career_clarity,1.0,0.12,0.38
teen_social_life_support_276,276,ok,,,future_optimism,1.0,0.03,0.45
teen_social_life_support_276,276,ok,,,peer_belonging,1.0,0.04,0.46
teen_social_life_support_277,277,ok,,,social_media_hours,1.0,0.12,0.5
teen_social_life_support_277,277,ok,,,posting_frequency,1.0,0.18,0.32
teen_social_life_support_277,277,ok,,,late_night_use,1.0,0.08,0.4
teen_social_life_support_277,277,ok,,,sleep_interference,1.0,0.12,0.38
teen_social_life_support_277,277,ok,,,social_comparison,1.0,0.1,0.43
teen_social_life_support_277,277,ok,,,connection_effect,1.0,0.2,0.43
teen_social_life_support_277,277,ok,,,parental_rules,0.9999999999999999,0.1,0.42
teen_social_life_support_277,277,ok,,,primary_platform,1.0,0.02,0.32
teen_social_life_support_277,277,ok,,,school_effort,1.0,0.07,0.4
teen_social_life_support_277,277,ok,,,academic_confidence,1.0,0.05,0.48
teen_social_life_support_277,277,ok,,,homework_distraction,1.0,0.1,0.4
teen_social_life_support_277,277,ok,,,organized_activity,1.0,0.22,0.28
teen_social_life_support_277,277,ok,,,career_clarity,0.9999999999999999,0.08,0.36
teen_social_life_support_277,277,ok,,,future_optimism,1.0,0.14,0.34
teen_social_life_support_277,277,ok,,,peer_belonging,1.0,0.11,0.42
teen_social_life_support_278,278,ok,,,social_media_hours,1.0,0.1,0.5
teen_social_life_support_278,278,ok,,,posting_frequency,1.0,0.18,0.34
teen_social_life_support_278,278,ok,,,late_night_use,1.0,0.05,0.42
teen_social_life_support_278,278,ok,,,sleep_interference,1.0,0.08,0.44
teen_social_life_support_278,278,ok,,,social_comparison,1.0,0.06,0.45
teen_social_life_support_278,278,ok,,,connection_effect,1.0,0.18,0.45
teen_social_life_support_278,278,ok,,,parental_rules,1.0,0.1,0.42
teen_social_life_support_278,278,ok,,,primary_platform,1.0,0.01,0.32
teen_social_life_support_278,278,ok,,,school_effort,1.0,0.04,0.48
teen_social_life_support_278,278,ok,,,academic_confidence,1.0,0.01,0.72
teen_social_life_support_278,278,ok,,,homework_distraction,1.0,0.06,0.45
teen_social_life_support_278,278,ok,,,organized_activity,1.0,0.22,0.28
teen_social_life_support_278,278,ok,,,career_clarity,1.0,0.05,0.41
teen_social_life_support_278,278,ok,,,future_optimism,1.0,0.1,0.42
teen_social_life_support_278,278,ok,,,peer_belonging,1.0,0.08,0.43
teen_social_life_support_279,279,ok,,,social_media_hours,1.0,0.12,0.55
teen_social_life_support_279,279,ok,,,posting_frequency,1.0,0.15,0.35
teen_social_life_support_279,279,ok,,,late_night_use,1.0,0.08,0.43
teen_social_life_support_279,279,ok,,,sleep_interference,1.0,0.12,0.4
teen_social_life_support_279,279,ok,,,social_comparison,1.0,0.09,0.44
teen_social_life_support_279,279,ok,,,connection_effect,1.0,0.14,0.51
teen_social_life_support_279,279,ok,,,parental_rules,1.0,0.12,0.38
teen_social_life_support_279,279,ok,,,primary_platform,1.0,0.01,0.29
teen_social_life_support_279,279,ok,,,school_effort,1.0,0.03,0.53
teen_social_life_support_279,279,ok,,,academic_confidence,1.0,0.04,0.58
teen_social_life_support_279,279,ok,,,homework_distraction,1.0,0.08,0.45
teen_social_life_support_279,279,ok,,,organized_activity,1.0,0.15,0.34
teen_social_life_support_279,279,ok,,,career_clarity,1.0,0.13,0.4
teen_social_life_support_279,279,ok,,,future_optimism,1.0,0.05,0.48
teen_social_life_support_279,279,ok,,,peer_belonging,1.0,0.05,0.39
teen_social_life_support_280,280,ok,,,social_media_hours,1.0,0.14,0.55
teen_social_life_support_280,280,ok,,,posting_frequency,1.0,0.18,0.38
teen_social_life_support_280,280,ok,,,late_night_use,1.0,0.11,0.39
teen_social_life_support_280,280,ok,,,sleep_interference,1.0000000000000002,0.11,0.4
teen_social_life_support_280,280,ok,,,social_comparison,1.0,0.12,0.36
teen_social_life_support_280,280,ok,,,connection_effect,1.0,0.12,0.54
teen_social_life_support_280,280,ok,,,parental_rules,1.0,0.1,0.43
teen_social_life_support_280,280,ok,,,primary_platform,1.0,0.02,0.28
teen_social_life_support_280,280,ok,,,school_effort,1.0,0.01,0.8
teen_social_life_support_280,280,ok,,,academic_confidence,1.0,0.01,0.8
teen_social_life_support_280,280,ok,,,homework_distraction,1.0000000000000002,0.11,0.4
teen_social_life_support_280,280,ok,,,organized_activity,1.0,0.12,0.49
teen_social_life_support_280,280,ok,,,career_clarity,1.0,0.05,0.45
teen_social_life_support_280,280,ok,,,future_optimism,1.0,0.02,0.55
teen_social_life_support_280,280,ok,,,peer_belonging,1.0,0.02,0.58
teen_social_life_support_281,281,ok,,,social_media_hours,1.0,0.17,0.55
teen_social_life_support_281,281,ok,,,posting_frequency,1.0,0.16,0.32
teen_social_life_support_281,281,ok,,,late_night_use,0.9999999999999999,0.08,0.38
teen_social_life_support_281,281,ok,,,sleep_interference,1.0,0.05,0.5
teen_social_life_support_281,281,ok,,,social_comparison,0.9999999999999999,0.08,0.38
teen_social_life_support_281,281,ok,,,connection_effect,1.0,0.1,0.48
teen_social_life_support_281,281,ok,,,parental_rules,1.0,0.1,0.45
teen_social_life_support_281,281,ok,,,primary_platform,0.9999999999999999,0.03,0.24
teen_social_life_support_281,281,ok,,,school_effort,1.0,0.02,0.66
teen_social_life_support_281,281,ok,,,academic_confidence,1.0,0.03,0.46
teen_social_life_support_281,281,ok,,,homework_distraction,1.0,0.03,0.58
teen_social_life_support_281,281,ok,,,organized_activity,0.9999999999999999,0.16,0.35
teen_social_life_support_281,281,ok,,,career_clarity,1.0,0.16,0.34
teen_social_life_support_281,281,ok,,,future_optimism,1.0,0.04,0.45
teen_social_life_support_281,281,ok,,,peer_belonging,1.0,0.04,0.45
teen_social_life_support_282,282,ok,,,social_media_hours,1.0,0.17,0.58
teen_social_life_support_282,282,ok,,,posting_frequency,1.0,0.14,0.33
teen_social_life_support_282,282,ok,,,late_night_use,1.0,0.12,0.45
teen_social_life_support_282,282,ok,,,sleep_interference,0.9999999999999999,0.08,0.45
teen_social_life_support_282,282,ok,,,social_comparison,0.9999999999999999,0.1,0.42
teen_social_life_support_282,282,ok,,,connection_effect,1.0,0.1,0.52
teen_social_life_support_282,282,ok,,,parental_rules,1.0,0.08,0.42
teen_social_life_support_282,282,ok,,,primary_platform,0.9999999999999999,0.01,0.26
teen_social_life_support_282,282,ok,,,school_effort,1.0,0.02,0.62
teen_social_life_support_282,282,ok,,,academic_confidence,1.0,0.03,0.46
teen_social_life_support_282,282,ok,,,homework_distraction,1.0,0.03,0.68
teen_social_life_support_282,282,ok,,,organized_activity,1.0,0.12,0.45
teen_social_life_support_282,282,ok,,,career_clarity,1.0,0.16,0.34
teen_social_life_support_282,282,ok,,,future_optimism,1.0,0.03,0.45
teen_social_life_support_282,282,ok,,,peer_belonging,1.0,0.04,0.46
teen_social_life_support_283,283,ok,,,social_media_hours,1.0,0.1,0.55
teen_social_life_support_283,283,ok,,,posting_frequency,1.0,0.16,0.4
teen_social_life_support_283,283,ok,,,late_night_use,1.0,0.08,0.44
teen_social_life_support_283,283,ok,,,sleep_interference,1.0,0.12,0.36
teen_social_life_support_283,283,ok,,,social_comparison,1.0,0.1,0.42
teen_social_life_support_283,283,ok,,,connection_effect,1.0,0.12,0.54
teen_social_life_support_283,283,ok,,,parental_rules,1.0,0.1,0.42
teen_social_life_support_283,283,ok,,,primary_platform,1.0,0.02,0.3
teen_social_life_support_283,283,ok,,,school_effort,1.0,0.03,0.5
teen_social_life_support_283,283,ok,,,academic_confidence,1.0,0.04,0.48
teen_social_life_support_283,283,ok,,,homework_distraction,1.0,0.05,0.56
teen_social_life_support_283,283,ok,,,organized_activity,1.0,0.18,0.33
teen_social_life_support_283,283,ok,,,career_clarity,1.0,0.14,0.36
teen_social_life_support_283,283,ok,,,future_optimism,1.0,0.04,0.46
teen_social_life_support_283,283,ok,,,peer_belonging,1.0,0.04,0.4
teen_social_life_support_284,284,ok,,,social_media_hours,1.0,0.03,0.7
teen_social_life_support_284,284,ok,,,posting_frequency,1.0,0.08,0.39
teen_social_life_support_284,284,ok,,,late_night_use,1.0,0.02,0.53
teen_social_life_support_284,284,ok,,,sleep_interference,1.0,0.03,0.45
teen_social_life_support_284,284,ok,,,social_comparison,1.0,0.05,0.48
teen_social_life_support_284,284,ok,,,connection_effect,1.0,0.08,0.68
teen_social_life_support_284,284,ok,,,parental_rules,0.9999999999999999,0.09,0.42
teen_social_life_support_284,284,ok,,,primary_platform,1.0,0.01,0.38
teen_social_life_support_284,284,ok,,,school_effort,1.0,0.02,0.5
teen_social_life_support_284,284,ok,,,academic_confidence,1.0,0.03,0.52
teen_social_life_support_284,284,ok,,,homework_distraction,1.0,0.01,0.79
teen_social_life_support_284,284,ok,,,organized_activity,0.9999999999999999,0.17,0.36
teen_social_life_support_284,284,ok,,,career_clarity,1.0,0.14,0.37
teen_social_life_support_284,284,ok,,,future_optimism,1.0,0.04,0.45
teen_social_life_support_284,284,ok,,,peer_belonging,1.0,0.03,0.52
teen_social_life_support_285,285,ok,,,social_media_hours,1.0,0.12,0.54
teen_social_life_support_285,285,ok,,,posting_frequency,1.0,0.17,0.3
teen_social_life_support_285,285,ok,,,late_night_use,1.0,0.1,0.41
teen_social_life_support_285,285,ok,,,sleep_interference,1.0,0.13,0.36
teen_social_life_support_285,285,ok,,,social_comparison,1.0,0.14,0.37
teen_social_life_support_285,285,ok,,,connection_effect,1.0,0.17,0.42
teen_social_life_support_285,285,ok,,,parental_rules,1.0,0.12,0.38
teen_social_life_support_285,285,ok,,,primary_platform,1.0,0.02,0.28
teen_social_life_support_285,285,ok,,,school_effort,1.0,0.03,0.46
teen_social_life_support_285,285,ok,,,academic_confidence,1.0,0.05,0.48
teen_social_life_support_285,285,ok,,,homework_distraction,1.0,0.15,0.35
teen_social_life_support_285,285,ok,,,organized_activity,1.0,0.11,0.56
teen_social_life_support_285,285,ok,,,career_clarity,1.0,0.11,0.41
teen_social_life_support_285,285,ok,,,future_optimism,1.0,0.06,0.49
teen_social_life_support_285,285,ok,,,peer_belonging,1.0,0.07,0.43
teen_social_life_support_286,286,ok,,,social_media_hours,1.0,0.15,0.55
teen_social_life_support_286,286,ok,,,posting_frequency,1.0,0.15,0.35
teen_social_life_support_286,286,ok,,,late_night_use,1.0,0.08,0.42
teen_social_life_support_286,286,ok,,,sleep_interference,1.0,0.14,0.36
teen_social_life_support_286,286,ok,,,social_comparison,1.0,0.12,0.4
teen_social_life_support_286,286,ok,,,connection_effect,1.0,0.12,0.5
teen_social_life_support_286,286,ok,,,parental_rules,1.0,0.12,0.38
teen_social_life_support_286,286,ok,,,primary_platform,1.0,0.02,0.28
teen_social_life_support_286,286,ok,,,school_effort,1.0,0.02,0.55
teen_social_life_support_286,286,ok,,,academic_confidence,1.0,0.04,0.52
teen_social_life_support_286,286,ok,,,homework_distraction,1.0,0.12,0.38
teen_social_life_support_286,286,ok,,,organized_activity,1.0,0.04,0.78
teen_social_life_support_286,286,ok,,,career_clarity,1.0,0.1,0.42
teen_social_life_support_286,286,ok,,,future_optimism,1.0,0.06,0.5
teen_social_life_support_286,286,ok,,,peer_belonging,1.0,0.06,0.44
teen_social_life_support_287,287,ok,,,social_media_hours,1.0,0.16,0.56
teen_social_life_support_287,287,ok,,,posting_frequency,1.0,0.18,0.37
teen_social_life_support_287,287,ok,,,late_night_use,1.0,0.1,0.42
teen_social_life_support_287,287,ok,,,sleep_interference,1.0,0.13,0.36
teen_social_life_support_287,287,ok,,,social_comparison,1.0,0.14,0.36
teen_social_life_support_287,287,ok,,,connection_effect,1.0,0.15,0.47
teen_social_life_support_287,287,ok,,,parental_rules,1.0,0.13,0.39
teen_social_life_support_287,287,ok,,,primary_platform,1.0,0.03,0.27
teen_social_life_support_287,287,ok,,,school_effort,1.0,0.02,0.54
teen_social_life_support_287,287,ok,,,academic_confidence,1.0,0.03,0.49
teen_social_life_support_287,287,ok,,,homework_distraction,1.0,0.13,0.38
teen_social_life_support_287,287,ok,,,organized_activity,1.0,0.08,0.57
teen_social_life_support_287,287,ok,,,career_clarity,0.9999999999999999,0.12,0.41
teen_social_life_support_287,287,ok,,,future_optimism,1.0,0.04,0.5
teen_social_life_support_287,287,ok,,,peer_belonging,1.0,0.04,0.41
teen_social_life_support_288,288,ok,,,social_media_hours,1.0,0.2,0.55
teen_social_life_support_288,288,ok,,,posting_frequency,1.0,0.15,0.35
teen_social_life_support_288,288,ok,,,late_night_use,1.0,0.15,0.35
teen_social_life_support_288,288,ok,,,sleep_interference,1.0,0.12,0.35
teen_social_life_support_288,288,ok,,,social_comparison,1.0,0.15,0.35
teen_social_life_support_288,288,ok,,,connection_effect,1.0,0.12,0.58
teen_social_life_support_288,288,ok,,,parental_rules,1.0,0.1,0.45
teen_social_life_support_288,288,ok,,,primary_platform,1.0,0.02,0.3
teen_social_life_support_288,288,ok,,,school_effort,1.0,0.02,0.65
teen_social_life_support_288,288,ok,,,academic_confidence,1.0,0.02,0.45
teen_social_life_support_288,288,ok,,,homework_distraction,1.0,0.13,0.35
teen_social_life_support_288,288,ok,,,organized_activity,1.0,0.01,0.9
teen_social_life_support_288,288,ok,,,career_clarity,1.0,0.12,0.37
teen_social_life_support_288,288,ok,,,future_optimism,1.0,0.02,0.45
teen_social_life_support_288,288,ok,,,peer_belonging,1.0,0.02,0.6
teen_social_life_support_289,289,ok,,,social_media_hours,1.0,0.12,0.55
teen_social_life_support_289,289,ok,,,posting_frequency,1.0,0.15,0.32
teen_social_life_support_289,289,ok,,,late_night_use,1.0,0.08,0.42
teen_social_life_support_289,289,ok,,,sleep_interference,1.0,0.14,0.38
teen_social_life_support_289,289,ok,,,social_comparison,1.0,0.1,0.43
teen_social_life_support_289,289,ok,,,connection_effect,1.0,0.16,0.49
teen_social_life_support_289,289,ok,,,parental_rules,1.0,0.13,0.42
teen_social_life_support_289,289,ok,,,primary_platform,1.0,0.02,0.31
teen_social_life_support_289,289,ok,,,school_effort,1.0,0.02,0.47
teen_social_life_support_289,289,ok,,,academic_confidence,1.0,0.05,0.51
teen_social_life_support_289,289,ok,,,homework_distraction,1.0,0.09,0.43
teen_social_life_support_289,289,ok,,,organized_activity,1.0,0.17,0.32
teen_social_life_support_289,289,ok,,,career_clarity,1.0,0.05,0.46
teen_social_life_support_289,289,ok,,,future_optimism,1.0,0.07,0.5
teen_social_life_support_289,289,ok,,,peer_belonging,1.0,0.04,0.43
teen_social_life_support_290,290,ok,,,social_media_hours,1.0,0.12,0.54
teen_social_life_support_290,290,ok,,,posting_frequency,1.0,0.16,0.34
teen_social_life_support_290,290,ok,,,late_night_use,1.0,0.08,0.43
teen_social_life_support_290,290,ok,,,sleep_interference,1.0,0.14,0.37
teen_social_life_support_290,290,ok,,,social_comparison,1.0,0.1,0.45
teen_social_life_support_290,290,ok,,,connection_effect,1.0,0.12,0.54
teen_social_life_support_290,290,ok,,,parental_rules,1.0,0.12,0.4
teen_social_life_support_290,290,ok,,,primary_platform,1.0000000000000002,0.02,0.34
teen_social_life_support_290,290,ok,,,school_effort,1.0,0.02,0.59
teen_social_life_support_290,290,ok,,,academic_confidence,1.0,0.03,0.54
teen_social_life_support_290,290,ok,,,homework_distraction,1.0,0.1,0.45
teen_social_life_support_290,290,ok,,,organized_activity,1.0,0.18,0.34
teen_social_life_support_290,290,ok,,,career_clarity,1.0,0.02,0.76
teen_social_life_support_290,290,ok,,,future_optimism,1.0,0.03,0.53
teen_social_life_support_290,290,ok,,,peer_belonging,1.0,0.04,0.41
teen_social_life_support_291,291,ok,,,social_media_hours,1.0,0.12,0.58
teen_social_life_support_291,291,ok,,,posting_frequency,1.0,0.14,0.38
teen_social_life_support_291,291,ok,,,late_night_use,1.0,0.08,0.42
teen_social_life_support_291,291,ok,,,sleep_interference,1.0,0.14,0.38
teen_social_life_support_291,291,ok,,,social_comparison,1.0,0.12,0.39
teen_social_life_support_291,291,ok,,,connection_effect,1.0,0.1,0.56
teen_social_life_support_291,291,ok,,,parental_rules,1.0,0.13,0.39
teen_social_life_support_291,291,ok,,,primary_platform,1.0,0.03,0.31
teen_social_life_support_291,291,ok,,,school_effort,1.0,0.02,0.59
teen_social_life_support_291,291,ok,,,academic_confidence,1.0,0.03,0.47
teen_social_life_support_291,291,ok,,,homework_distraction,1.0,0.1,0.43
teen_social_life_support_291,291,ok,,,organized_activity,1.0,0.16,0.4
teen_social_life_support_291,291,ok,,,career_clarity,1.0,0.04,0.58
teen_social_life_support_291,291,ok,,,future_optimism,1.0,0.03,0.49
teen_social_life_support_291,291,ok,,,peer_belonging,1.0,0.04,0.46
teen_social_life_support_292,292,ok,,,social_media_hours,1.0,0.18,0.58
teen_social_life_support_292,292,ok,,,posting_frequency,1.0,0.18,0.34
teen_social_life_support_292,292,ok,,,late_night_use,1.0,0.14,0.38
teen_social_life_support_292,292,ok,,,sleep_interference,1.0,0.1,0.4
teen_social_life_support_292,292,ok,,,social_comparison,1.0,0.1,0.42
teen_social_life_support_292,292,ok,,,connection_effect,1.0,0.1,0.52
teen_social_life_support_292,292,ok,,,parental_rules,1.0,0.1,0.42
teen_social_life_support_292,292,ok,,,primary_platform,0.9999999999999999,0.02,0.25
teen_social_life_support_292,292,ok,,,school_effort,1.0,0.01,0.75
teen_social_life_support_292,292,ok,,,academic_confidence,1.0,0.02,0.65
teen_social_life_support_292,292,ok,,,homework_distraction,1.0,0.09,0.42
teen_social_life_support_292,292,ok,,,organized_activity,1.0,0.12,0.49
teen_social_life_support_292,292,ok,,,career_clarity,1.0,0.01,0.85
teen_social_life_support_292,292,ok,,,future_optimism,1.0,0.02,0.66
teen_social_life_support_292,292,ok,,,peer_belonging,1.0,0.03,0.53
teen_social_life_support_293,293,ok,,,social_media_hours,1.0,0.08,0.5
teen_social_life_support_293,293,ok,,,posting_frequency,1.0,0.18,0.35
teen_social_life_support_293,293,ok,,,late_night_use,1.0,0.06,0.4
teen_social_life_support_293,293,ok,,,sleep_interference,1.0,0.1,0.4
teen_social_life_support_293,293,ok,,,social_comparison,1.0,0.06,0.45
teen_social_life_support_293,293,ok,,,connection_effect,1.0,0.25,0.4
teen_social_life_support_293,293,ok,,,parental_rules,1.0,0.13,0.35
teen_social_life_support_293,293,ok,,,primary_platform,1.0000000000000002,0.01,0.32
teen_social_life_support_293,293,ok,,,school_effort,1.0,0.05,0.42
teen_social_life_support_293,293,ok,,,academic_confidence,1.0,0.14,0.42
teen_social_life_support_293,293,ok,,,homework_distraction,1.0,0.09,0.43
teen_social_life_support_293,293,ok,,,organized_activity,1.0,0.17,0.32
teen_social_life_support_293,293,ok,,,career_clarity,0.9999999999999999,0.08,0.36
teen_social_life_support_293,293,ok,,,future_optimism,1.0,0.04,0.46
teen_social_life_support_293,293,ok,,,peer_belonging,1.0,0.12,0.42
teen_social_life_support_294,294,ok,,,social_media_hours,1.0,0.1,0.52
teen_social_life_support_294,294,ok,,,posting_frequency,1.0,0.15,0.32
teen_social_life_support_294,294,ok,,,late_night_use,1.0,0.08,0.42
teen_social_life_support_294,294,ok,,,sleep_interference,1.0,0.14,0.38
teen_social_life_support_294,294,ok,,,social_comparison,1.0,0.1,0.43
teen_social_life_support_294,294,ok,,,connection_effect,1.0,0.17,0.46
teen_social_life_support_294,294,ok,,,parental_rules,1.0,0.12,0.37
teen_social_life_support_294,294,ok,,,primary_platform,0.9999999999999999,0.03,0.31
teen_social_life_support_294,294,ok,,,school_effort,1.0,0.02,0.57
teen_social_life_support_294,294,ok,,,academic_confidence,1.0,0.08,0.46
teen_social_life_support_294,294,ok,,,homework_distraction,1.0,0.11,0.42
teen_social_life_support_294,294,ok,,,organized_activity,1.0,0.16,0.33
teen_social_life_support_294,294,ok,,,career_clarity,1.0,0.09,0.43
teen_social_life_support_294,294,ok,,,future_optimism,1.0,0.03,0.74
teen_social_life_support_294,294,ok,,,peer_belonging,1.0,0.07,0.45
teen_social_life_support_295,295,ok,,,social_media_hours,1.0,0.12,0.55
teen_social_life_support_295,295,ok,,,posting_frequency,1.0,0.15,0.34
teen_social_life_support_295,295,ok,,,late_night_use,1.0,0.1,0.42
teen_social_life_support_295,295,ok,,,sleep_interference,1.0,0.13,0.35
teen_social_life_support_295,295,ok,,,social_comparison,1.0,0.12,0.41
teen_social_life_support_295,295,ok,,,connection_effect,1.0,0.15,0.5
teen_social_life_support_295,295,ok,,,parental_rules,1.0,0.12,0.38
teen_social_life_support_295,295,ok,,,primary_platform,1.0,0.02,0.3
teen_social_life_support_295,295,ok,,,school_effort,1.0,0.02,0.58
teen_social_life_support_295,295,ok,,,academic_confidence,1.0,0.04,0.55
teen_social_life_support_295,295,ok,,,homework_distraction,1.0,0.12,0.4
teen_social_life_support_295,295,ok,,,organized_activity,0.9999999999999999,0.16,0.35
teen_social_life_support_295,295,ok,,,career_clarity,1.0,0.12,0.38
teen_social_life_support_295,295,ok,,,future_optimism,1.0,0.03,0.56
teen_social_life_support_295,295,ok,,,peer_belonging,1.0,0.04,0.43
teen_social_life_support_296,296,ok,,,social_media_hours,1.0,0.15,0.55
teen_social_life_support_296,296,ok,,,posting_frequency,1.0,0.12,0.4
teen_social_life_support_296,296,ok,,,late_night_use,1.0,0.14,0.36
teen_social_life_support_296,296,ok,,,sleep_interference,0.9999999999999999,0.1,0.38
teen_social_life_support_296,296,ok,,,social_comparison,1.0,0.09,0.39
teen_social_life_support_296,296,ok,,,connection_effect,1.0,0.05,0.7
teen_social_life_support_296,296,ok,,,parental_rules,1.0,0.1,0.42
teen_social_life_support_296,296,ok,,,primary_platform,1.0,0.02,0.28
teen_social_life_support_296,296,ok,,,school_effort,1.0,0.01,0.73
teen_social_life_support_296,296,ok,,,academic_confidence,1.0,0.01,0.75
teen_social_life_support_296,296,ok,,,homework_distraction,1.0,0.12,0.37
teen_social_life_support_296,296,ok,,,organized_activity,1.0,0.1,0.5
teen_social_life_support_296,296,ok,,,career_clarity,1.0,0.05,0.45
teen_social_life_support_296,296,ok,,,future_optimism,1.0,0.01,0.85
teen_social_life_support_296,296,ok,,,peer_belonging,1.0,0.02,0.6
teen_social_life_support_297,297,ok,,,social_media_hours,1.0,0.2,0.5
teen_social_life_support_297,297,ok,,,posting_frequency,0.9999999999999999,0.1,0.45
teen_social_life_support_297,297,ok,,,late_night_use,1.0,0.18,0.34
teen_social_life_support_297,297,ok,,,sleep_interference,1.0,0.12,0.35
teen_social_life_support_297,297,ok,,,social_comparison,1.0,0.1,0.4
teen_social_life_support_297,297,ok,,,connection_effect,1.0,0.2,0.45
teen_social_life_support_297,297,ok,,,parental_rules,1.0,0.15,0.35
teen_social_life_support_297,297,ok,,,primary_platform,1.0,0.03,0.25
teen_social_life_support_297,297,ok,,,school_effort,1.0,0.05,0.45
teen_social_life_support_297,297,ok,,,academic_confidence,1.0,0.1,0.45
teen_social_life_support_297,297,ok,,,homework_distraction,1.0,0.13,0.35
teen_social_life_support_297,297,ok,,,organized_activity,1.0,0.2,0.35
teen_social_life_support_297,297,ok,,,career_clarity,1.0,0.12,0.38
teen_social_life_support_297,297,ok,,,future_optimism,1.0,0.12,0.42
teen_social_life_support_297,297,ok,,,peer_belonging,1.0,0.05,0.55
teen_social_life_support_298,298,ok,,,social_media_hours,1.0,0.15,0.55
teen_social_life_support_298,298,ok,,,posting_frequency,0.9999999999999999,0.1,0.35
teen_social_life_support_298,298,ok,,,late_night_use,1.0,0.12,0.38
teen_social_life_support_298,298,ok,,,sleep_interference,1.0,0.15,0.35
teen_social_life_support_298,298,ok,,,social_comparison,1.0,0.08,0.45
teen_social_life_support_298,298,ok,,,connection_effect,1.0,0.22,0.5
teen_social_life_support_298,298,ok,,,parental_rules,1.0,0.12,0.38
teen_social_life_support_298,298,ok,,,primary_platform,1.0,0.03,0.27
teen_social_life_support_298,298,ok,,,school_effort,1.0,0.03,0.47
teen_social_life_support_298,298,ok,,,academic_confidence,1.0,0.08,0.45
teen_social_life_support_298,298,ok,,,homework_distraction,1.0,0.15,0.38
teen_social_life_support_298,298,ok,,,organized_activity,1.0,0.2,0.35
teen_social_life_support_298,298,ok,,,career_clarity,1.0,0.12,0.42
teen_social_life_support_298,298,ok,,,future_optimism,1.0,0.1,0.45
teen_social_life_support_298,298,ok,,,peer_belonging,1.0,0.03,0.7
teen_social_life_support_299,299,ok,,,social_media_hours,1.0,0.12,0.55
teen_social_life_support_299,299,ok,,,posting_frequency,1.0,0.18,0.32
teen_social_life_support_299,299,ok,,,late_night_use,1.0,0.08,0.42
teen_social_life_support_299,299,ok,,,sleep_interference,1.0,0.12,0.38
teen_social_life_support_299,299,ok,,,social_comparison,1.0,0.1,0.43
teen_social_life_support_299,299,ok,,,connection_effect,1.0,0.15,0.5
teen_social_life_support_299,299,ok,,,parental_rules,1.0,0.12,0.38
teen_social_life_support_299,299,ok,,,primary_platform,1.0,0.02,0.29
teen_social_life_support_299,299,ok,,,school_effort,1.0,0.02,0.56
teen_social_life_support_299,299,ok,,,academic_confidence,1.0,0.05,0.5
teen_social_life_support_299,299,ok,,,homework_distraction,1.0,0.1,0.43
teen_social_life_support_299,299,ok,,,organized_activity,1.0,0.18,0.3
teen_social_life_support_299,299,ok,,,career_clarity,1.0,0.12,0.4
teen_social_life_support_299,299,ok,,,future_optimism,1.0,0.06,0.5
teen_social_life_support_299,299,ok,,,peer_belonging,1.0,0.05,0.55
teen_social_life_support_300,300,ok,,,social_media_hours,1.0,0.08,0.46
teen_social_life_support_300,300,ok,,,posting_frequency,1.0,0.1,0.38
teen_social_life_support_300,300,ok,,,late_night_use,1.0,0.06,0.42
teen_social_life_support_300,300,ok,,,sleep_interference,1.0,0.12,0.4
teen_social_life_support_300,300,ok,,,social_comparison,1.0,0.1,0.45
teen_social_life_support_300,300,ok,,,connection_effect,1.0,0.05,0.72
teen_social_life_support_300,300,ok,,,parental_rules,1.0,0.13,0.38
teen_social_life_support_300,300,ok,,,primary_platform,1.0,0.01,0.3
teen_social_life_support_300,300,ok,,,school_effort,1.0,0.01,0.67
teen_social_life_support_300,300,ok,,,academic_confidence,1.0,0.02,0.45
teen_social_life_support_300,300,ok,,,homework_distraction,1.0,0.08,0.43
teen_social_life_support_300,300,ok,,,organized_activity,1.0,0.12,0.52
teen_social_life_support_300,300,ok,,,career_clarity,1.0,0.12,0.36
teen_social_life_support_300,300,ok,,,future_optimism,1.0,0.02,0.46
teen_social_life_support_300,300,ok,,,peer_belonging,1.0,0.01,0.8
teen_social_life_support_301,301,ok,,,social_media_hours,0.9999999999999999,0.1,0.58
teen_social_life_support_301,301,ok,,,posting_frequency,1.0,0.11,0.34
teen_social_life_support_301,301,ok,,,late_night_use,1.0,0.09,0.38
teen_social_life_support_301,301,ok,,,sleep_interference,1.0,0.07,0.38
teen_social_life_support_301,301,ok,,,social_comparison,1.0,0.1,0.39
teen_social_life_support_301,301,ok,,,connection_effect,1.0,0.08,0.54
teen_social_life_support_301,301,ok,,,parental_rules,1.0,0.12,0.39
teen_social_life_support_301,301,ok,,,primary_platform,1.0,0.06,0.26
teen_social_life_support_301,301,ok,,,school_effort,1.0,0.02,0.61
teen_social_life_support_301,301,ok,,,academic_confidence,1.0,0.03,0.48
teen_social_life_support_301,301,ok,,,homework_distraction,1.0,0.06,0.42
teen_social_life_support_301,301,ok,,,organized_activity,1.0,0.13,0.48
teen_social_life_support_301,301,ok,,,career_clarity,1.0,0.15,0.35
teen_social_life_support_301,301,ok,,,future_optimism,1.0,0.04,0.48
teen_social_life_support_301,301,ok,,,peer_belonging,1.0,0.04,0.47
teen_social_life_support_302,302,ok,,,social_media_hours,1.0,0.05,0.88
teen_social_life_support_302,302,ok,,,posting_frequency,1.0,0.12,0.42
teen_social_life_support_302,302,ok,,,late_night_use,1.0,0.1,0.4
teen_social_life_support_302,302,ok,,,sleep_interference,0.9999999999999999,0.1,0.42
teen_social_life_support_302,302,ok,,,social_comparison,1.0,0.1,0.42
teen_social_life_support_302,302,ok,,,connection_effect,1.0,0.08,0.57
teen_social_life_support_302,302,ok,,,parental_rules,1.0,0.12,0.38
teen_social_life_support_302,302,ok,,,primary_platform,1.0,0.01,0.28
teen_social_life_support_302,302,ok,,,school_effort,1.0,0.02,0.58
teen_social_life_support_302,302,ok,,,academic_confidence,1.0,0.03,0.48
teen_social_life_support_302,302,ok,,,homework_distraction,0.9999999999999999,0.09,0.42
teen_social_life_support_302,302,ok,,,organized_activity,1.0,0.16,0.38
teen_social_life_support_302,302,ok,,,career_clarity,1.0,0.12,0.36
teen_social_life_support_302,302,ok,,,future_optimism,1.0,0.04,0.48
teen_social_life_support_302,302,ok,,,peer_belonging,1.0,0.03,0.46
teen_social_life_support_303,303,ok,,,social_media_hours,1.0,0.04,0.65
teen_social_life_support_303,303,ok,,,posting_frequency,1.0,0.1,0.38
teen_social_life_support_303,303,ok,,,late_night_use,1.0,0.04,0.43
teen_social_life_support_303,303,ok,,,sleep_interference,1.0,0.08,0.43
teen_social_life_support_303,303,ok,,,social_comparison,1.0,0.07,0.45
teen_social_life_support_303,303,ok,,,connection_effect,1.0,0.12,0.6
teen_social_life_support_303,303,ok,,,parental_rules,1.0,0.12,0.38
teen_social_life_support_303,303,ok,,,primary_platform,1.0,0.01,0.34
teen_social_life_support_303,303,ok,,,school_effort,1.0,0.02,0.52
teen_social_life_support_303,303,ok,,,academic_confidence,1.0,0.04,0.5
teen_social_life_support_303,303,ok,,,homework_distraction,1.0,0.05,0.48
teen_social_life_support_303,303,ok,,,organized_activity,1.0,0.18,0.37
teen_social_life_support_303,303,ok,,,career_clarity,1.0,0.12,0.38
teen_social_life_support_303,303,ok,,,future_optimism,1.0,0.05,0.48
teen_social_life_support_303,303,ok,,,peer_belonging,1.0,0.04,0.43
teen_social_life_support_304,304,ok,,,social_media_hours,0.9999999999999999,0.11,0.48
teen_social_life_support_304,304,ok,,,posting_frequency,1.0,0.02,0.86
teen_social_life_support_304,304,ok,,,late_night_use,0.9999999999999999,0.08,0.36
teen_social_life_support_304,304,ok,,,sleep_interference,1.0,0.06,0.43
teen_social_life_support_304,304,ok,,,social_comparison,1.0,0.09,0.38
teen_social_life_support_304,304,ok,,,connection_effect,1.0,0.16,0.56
teen_social_life_support_304,304,ok,,,parental_rules,1.0,0.12,0.39
teen_social_life_support_304,304,ok,,,primary_platform,1.0,0.12,0.32
teen_social_life_support_304,304,ok,,,school_effort,1.0,0.02,0.6
teen_social_life_support_304,304,ok,,,academic_confidence,1.0,0.03,0.44
teen_social_life_support_304,304,ok,,,homework_distraction,1.0,0.06,0.42
teen_social_life_support_304,304,ok,,,organized_activity,1.0,0.14,0.41
teen_social_life_support_304,304,ok,,,career_clarity,1.0,0.17,0.35
teen_social_life_support_304,304,ok,,,future_optimism,1.0,0.04,0.47
teen_social_life_support_304,304,ok,,,peer_belonging,1.0,0.06,0.38
teen_social_life_support_305,305,ok,,,social_media_hours,1.0,0.17,0.58
teen_social_life_support_305,305,ok,,,posting_frequency,1.0,0.06,0.55
teen_social_life_support_305,305,ok,,,late_night_use,1.0,0.16,0.35
teen_social_life_support_305,305,ok,,,sleep_interference,0.9999999999999999,0.12,0.38
teen_social_life_support_305,305,ok,,,social_comparison,0.9999999999999999,0.11,0.41
teen_social_life_support_305,305,ok,,,connection_effect,1.0,0.12,0.45
teen_social_life_support_305,305,ok,,,parental_rules,1.0,0.14,0.37
teen_social_life_support_305,305,ok,,,primary_platform,1.0,0.01,0.25
teen_social_life_support_305,305,ok,,,school_effort,1.0,0.02,0.56
teen_social_life_support_305,305,ok,,,academic_confidence,1.0,0.03,0.47
teen_social_life_support_305,305,ok,,,homework_distraction,1.0000000000000002,0.11,0.39
teen_social_life_support_305,305,ok,,,organized_activity,1.0,0.13,0.45
teen_social_life_support_305,305,ok,,,career_clarity,1.0,0.14,0.37
teen_social_life_support_305,305,ok,,,future_optimism,1.0,0.04,0.47
teen_social_life_support_305,305,ok,,,peer_belonging,1.0,0.04,0.43
teen_social_life_support_306,306,ok,,,social_media_hours,1.0,0.08,0.58
teen_social_life_support_306,306,ok,,,posting_frequency,1.0,0.03,0.78
teen_social_life_support_306,306,ok,,,late_night_use,1.0,0.08,0.45
teen_social_life_support_306,306,ok,,,sleep_interference,1.0,0.14,0.36
teen_social_life_support_306,306,ok,,,social_comparison,1.0,0.1,0.43
teen_social_life_support_306,306,ok,,,connection_effect,1.0,0.07,0.64
teen_social_life_support_306,306,ok,,,parental_rules,1.0000000000000002,0.1,0.43
teen_social_life_support_306,306,ok,,,primary_platform,1.0,0.01,0.3
teen_social_life_support_306,306,ok,,,school_effort,1.0,0.02,0.6
teen_social_life_support_306,306,ok,,,academic_confidence,1.0,0.03,0.5
teen_social_life_support_306,306,ok,,,homework_distraction,1.0,0.1,0.42
teen_social_life_support_306,306,ok,,,organized_activity,1.0,0.14,0.44
teen_social_life_support_306,306,ok,,,career_clarity,1.0,0.12,0.36
teen_social_life_support_306,306,ok,,,future_optimism,1.0,0.04,0.48
teen_social_life_support_306,306,ok,,,peer_belonging,1.0,0.03,0.45
teen_social_life_support_307,307,ok,,,social_media_hours,1.0,0.06,0.48
teen_social_life_support_307,307,ok,,,posting_frequency,1.0,0.01,0.6
teen_social_life_support_307,307,ok,,,late_night_use,1.0,0.07,0.38
teen_social_life_support_307,307,ok,,,sleep_interference,1.0,0.12,0.36
teen_social_life_support_307,307,ok,,,social_comparison,1.0,0.08,0.43
teen_social_life_support_307,307,ok,,,connection_effect,1.0,0.1,0.65
teen_social_life_support_307,307,ok,,,parental_rules,0.9999999999999999,0.09,0.41
teen_social_life_support_307,307,ok,,,primary_platform,1.0,0.01,0.31
teen_social_life_support_307,307,ok,,,school_effort,1.0,0.02,0.53
teen_social_life_support_307,307,ok,,,academic_confidence,1.0,0.04,0.45
teen_social_life_support_307,307,ok,,,homework_distraction,1.0,0.08,0.45
teen_social_life_support_307,307,ok,,,organized_activity,1.0,0.14,0.41
teen_social_life_support_307,307,ok,,,career_clarity,1.0,0.14,0.34
teen_social_life_support_307,307,ok,,,future_optimism,1.0,0.04,0.45
teen_social_life_support_307,307,ok,,,peer_belonging,1.0,0.03,0.48
teen_social_life_support_308,308,ok,,,social_media_hours,0.9999999999999999,0.08,0.5
teen_social_life_support_308,308,ok,,,posting_frequency,0.9999999999999999,0.1,0.35
teen_social_life_support_308,308,ok,,,late_night_use,1.0,0.02,0.86
teen_social_life_support_308,308,ok,,,sleep_interference,1.0,0.03,0.62
teen_social_life_support_308,308,ok,,,social_comparison,1.0,0.07,0.37
teen_social_life_support_308,308,ok,,,connection_effect,1.0,0.08,0.49
teen_social_life_support_308,308,ok,,,parental_rules,1.0,0.06,0.44
teen_social_life_support_308,308,ok,,,primary_platform,1.0,0.09,0.24
teen_social_life_support_308,308,ok,,,school_effort,1.0,0.01,0.7
teen_social_life_support_308,308,ok,,,academic_confidence,1.0,0.02,0.51
teen_social_life_support_308,308,ok,,,homework_distraction,1.0,0.05,0.52
teen_social_life_support_308,308,ok,,,organized_activity,1.0,0.12,0.48
teen_social_life_support_308,308,ok,,,career_clarity,1.0,0.12,0.36
teen_social_life_support_308,308,ok,,,future_optimism,1.0,0.03,0.48
teen_social_life_support_308,308,ok,,,peer_belonging,1.0,0.04,0.45
teen_social_life_support_309,309,ok,,,social_media_hours,1.0,0.2,0.58
teen_social_life_support_309,309,ok,,,posting_frequency,1.0,0.15,0.33
teen_social_life_support_309,309,ok,,,late_night_use,1.0,0.07,0.46
teen_social_life_support_309,309,ok,,,sleep_interference,0.9999999999999999,0.08,0.42
teen_social_life_support_309,309,ok,,,social_comparison,1.0,0.12,0.38
teen_social_life_support_309,309,ok,,,connection_effect,1.0,0.12,0.5
teen_social_life_support_309,309,ok,,,parental_rules,1.0,0.1,0.42
teen_social_life_support_309,309,ok,,,primary_platform,1.0,0.02,0.27
teen_social_life_support_309,309,ok,,,school_effort,1.0,0.02,0.6
teen_social_life_support_309,309,ok,,,academic_confidence,1.0,0.03,0.45
teen_social_life_support_309,309,ok,,,homework_distraction,1.0,0.08,0.4
teen_social_life_support_309,309,ok,,,organized_activity,1.0,0.14,0.38
teen_social_life_support_309,309,ok,,,career_clarity,1.0,0.14,0.36
teen_social_life_support_309,309,ok,,,future_optimism,1.0,0.04,0.48
teen_social_life_support_309,309,ok,,,peer_belonging,1.0,0.04,0.48
teen_social_life_support_310,310,ok,,,social_media_hours,1.0,0.08,0.55
teen_social_life_support_310,310,ok,,,posting_frequency,1.0,0.18,0.34
teen_social_life_support_310,310,ok,,,late_night_use,1.0,0.03,0.76
teen_social_life_support_310,310,ok,,,sleep_interference,1.0,0.06,0.5
teen_social_life_support_310,310,ok,,,social_comparison,1.0,0.1,0.43
teen_social_life_support_310,310,ok,,,connection_effect,1.0,0.12,0.58
teen_social_life_support_310,310,ok,,,parental_rules,1.0,0.1,0.4
teen_social_life_support_310,310,ok,,,primary_platform,1.0,0.01,0.32
teen_social_life_support_310,310,ok,,,school_effort,1.0,0.02,0.58
teen_social_life_support_310,310,ok,,,academic_confidence,1.0,0.04,0.48
teen_social_life_support_310,310,ok,,,homework_distraction,1.0,0.08,0.49
teen_social_life_support_310,310,ok,,,organized_activity,1.0,0.13,0.42
teen_social_life_support_310,310,ok,,,career_clarity,1.0,0.12,0.38
teen_social_life_support_310,310,ok,,,future_optimism,1.0,0.05,0.47
teen_social_life_support_310,310,ok,,,peer_belonging,1.0,0.05,0.39
teen_social_life_support_311,311,ok,,,social_media_hours,1.0,0.06,0.52
teen_social_life_support_311,311,ok,,,posting_frequency,1.0,0.1,0.42
teen_social_life_support_311,311,ok,,,late_night_use,1.0,0.02,0.54
teen_social_life_support_311,311,ok,,,sleep_interference,1.0,0.04,0.5
teen_social_life_support_311,311,ok,,,social_comparison,1.0,0.08,0.45
teen_social_life_support_311,311,ok,,,connection_effect,1.0,0.12,0.6
teen_social_life_support_311,311,ok,,,parental_rules,1.0,0.12,0.38
teen_social_life_support_311,311,ok,,,primary_platform,1.0,0.01,0.34
teen_social_life_support_311,311,ok,,,school_effort,1.0,0.02,0.6
teen_social_life_support_311,311,ok,,,academic_confidence,1.0,0.03,0.49
teen_social_life_support_311,311,ok,,,homework_distraction,1.0,0.06,0.48
teen_social_life_support_311,311,ok,,,organized_activity,1.0,0.18,0.34
teen_social_life_support_311,311,ok,,,career_clarity,1.0,0.13,0.38
teen_social_life_support_311,311,ok,,,future_optimism,1.0,0.04,0.48
teen_social_life_support_311,311,ok,,,peer_belonging,1.0,0.03,0.42
teen_social_life_support_312,312,ok,,,social_media_hours,1.0,0.1,0.45
teen_social_life_support_312,312,ok,,,posting_frequency,0.9999999999999999,0.1,0.35
teen_social_life_support_312,312,ok,,,late_night_use,1.0,0.02,0.68
teen_social_life_support_312,312,ok,,,sleep_interference,1.0,0.01,0.87
teen_social_life_support_312,312,ok,,,social_comparison,1.0,0.06,0.38
teen_social_life_support_312,312,ok,,,connection_effect,1.0,0.08,0.5
teen_social_life_support_312,312,ok,,,parental_rules,1.0,0.08,0.45
teen_social_life_support_312,312,ok,,,primary_platform,1.0,0.05,0.3
teen_social_life_support_312,312,ok,,,school_effort,1.0,0.01,0.7
teen_social_life_support_312,312,ok,,,academic_confidence,1.0,0.02,0.55
teen_social_life_support_312,312,ok,,,homework_distraction,1.0,0.02,0.65
teen_social_life_support_312,312,ok,,,organized_activity,1.0,0.12,0.45
teen_social_life_support_312,312,ok,,,career_clarity,1.0,0.1,0.4
teen_social_life_support_312,312,ok,,,future_optimism,1.0,0.02,0.48
teen_social_life_support_312,312,ok,,,peer_belonging,1.0,0.02,0.55
teen_social_life_support_313,313,ok,,,social_media_hours,1.0,0.18,0.57
teen_social_life_support_313,313,ok,,,posting_frequency,1.0,0.16,0.34
teen_social_life_support_313,313,ok,,,late_night_use,0.9999999999999999,0.1,0.39
teen_social_life_support_313,313,ok,,,sleep_interference,1.0,0.09,0.46
teen_social_life_support_313,313,ok,,,social_comparison,1.0,0.12,0.36
teen_social_life_support_313,313,ok,,,connection_effect,1.0,0.1,0.55
teen_social_life_support_313,313,ok,,,parental_rules,1.0,0.13,0.39
teen_social_life_support_313,313,ok,,,primary_platform,1.0,0.02,0.3
teen_social_life_support_313,313,ok,,,school_effort,1.0,0.02,0.6
teen_social_life_support_313,313,ok,,,academic_confidence,1.0,0.03,0.48
teen_social_life_support_313,313,ok,,,homework_distraction,1.0,0.13,0.35
teen_social_life_support_313,313,ok,,,organized_activity,0.9999999999999999,0.17,0.36
teen_social_life_support_313,313,ok,,,career_clarity,1.0,0.15,0.35
teen_social_life_support_313,313,ok,,,future_optimism,1.0,0.03,0.46
teen_social_life_support_313,313,ok,,,peer_belonging,1.0,0.04,0.5
teen_social_life_support_314,314,ok,,,social_media_hours,1.0,0.05,0.52
teen_social_life_support_314,314,ok,,,posting_frequency,1.0,0.1,0.45
teen_social_life_support_314,314,ok,,,late_night_use,1.0,0.03,0.58
teen_social_life_support_314,314,ok,,,sleep_interference,1.0,0.03,0.75
teen_social_life_support_314,314,ok,,,social_comparison,1.0,0.05,0.58
teen_social_life_support_314,314,ok,,,connection_effect,1.0,0.08,0.61
teen_social_life_support_314,314,ok,,,parental_rules,1.0,0.12,0.4
teen_social_life_support_314,314,ok,,,primary_platform,1.0,0.01,0.36
teen_social_life_support_314,314,ok,,,school_effort,1.0,0.02,0.59
teen_social_life_support_314,314,ok,,,academic_confidence,1.0,0.02,0.47
teen_social_life_support_314,314,ok,,,homework_distraction,1.0,0.06,0.55
teen_social_life_support_314,314,ok,,,organized_activity,1.0,0.16,0.38
teen_social_life_support_314,314,ok,,,career_clarity,0.9999999999999999,0.1,0.41
teen_social_life_support_314,314,ok,,,future_optimism,1.0,0.03,0.48
teen_social_life_support_314,314,ok,,,peer_belonging,1.0,0.03,0.46
teen_social_life_support_315,315,ok,,,social_media_hours,1.0,0.03,0.65
teen_social_life_support_315,315,ok,,,posting_frequency,1.0,0.12,0.38
teen_social_life_support_315,315,ok,,,late_night_use,1.0,0.02,0.6
teen_social_life_support_315,315,ok,,,sleep_interference,1.0,0.02,0.55
teen_social_life_support_315,315,ok,,,social_comparison,1.0,0.06,0.45
teen_social_life_support_315,315,ok,,,connection_effect,1.0,0.1,0.62
teen_social_life_support_315,315,ok,,,parental_rules,1.0,0.13,0.35
teen_social_life_support_315,315,ok,,,primary_platform,1.0,0.01,0.34
teen_social_life_support_315,315,ok,,,school_effort,1.0,0.02,0.59
teen_social_life_support_315,315,ok,,,academic_confidence,1.0,0.04,0.46
teen_social_life_support_315,315,ok,,,homework_distraction,1.0,0.03,0.43
teen_social_life_support_315,315,ok,,,organized_activity,1.0,0.16,0.38
teen_social_life_support_315,315,ok,,,career_clarity,1.0,0.15,0.34
teen_social_life_support_315,315,ok,,,future_optimism,1.0,0.05,0.47
teen_social_life_support_315,315,ok,,,peer_belonging,1.0,0.03,0.54
teen_social_life_support_316,316,ok,,,social_media_hours,1.0,0.2,0.55
teen_social_life_support_316,316,ok,,,posting_frequency,0.9999999999999999,0.12,0.35
teen_social_life_support_316,316,ok,,,late_night_use,0.9999999999999999,0.1,0.36
teen_social_life_support_316,316,ok,,,sleep_interference,1.0,0.07,0.42
teen_social_life_support_316,316,ok,,,social_comparison,1.0,0.02,0.82
teen_social_life_support_316,316,ok,,,connection_effect,1.0,0.08,0.46
teen_social_life_support_316,316,ok,,,parental_rules,1.0,0.1,0.38
teen_social_life_support_316,316,ok,,,primary_platform,1.0,0.02,0.27
teen_social_life_support_316,316,ok,,,school_effort,1.0,0.02,0.63
teen_social_life_support_316,316,ok,,,academic_confidence,1.0,0.02,0.53
teen_social_life_support_316,316,ok,,,homework_distraction,1.0,0.07,0.37
teen_social_life_support_316,316,ok,,,organized_activity,1.0,0.12,0.5
teen_social_life_support_316,316,ok,,,career_clarity,1.0,0.1,0.4
teen_social_life_support_316,316,ok,,,future_optimism,1.0,0.03,0.45
teen_social_life_support_316,316,ok,,,peer_belonging,1.0,0.03,0.59
teen_social_life_support_317,317,ok,,,social_media_hours,1.0,0.18,0.57
teen_social_life_support_317,317,ok,,,posting_frequency,1.0,0.11,0.32
teen_social_life_support_317,317,ok,,,late_night_use,1.0,0.14,0.34
teen_social_life_support_317,317,ok,,,sleep_interference,0.9999999999999999,0.08,0.38
teen_social_life_support_317,317,ok,,,social_comparison,1.0,0.05,0.48
teen_social_life_support_317,317,ok,,,connection_effect,1.0,0.08,0.53
teen_social_life_support_317,317,ok,,,parental_rules,1.0,0.12,0.38
teen_social_life_support_317,317,ok,,,primary_platform,1.0,0.02,0.32
teen_social_life_support_317,317,ok,,,school_effort,1.0,0.02,0.58
teen_social_life_support_317,317,ok,,,academic_confidence,1.0,0.03,0.48
teen_social_life_support_317,317,ok,,,homework_distraction,0.9999999999999999,0.11,0.37
teen_social_life_support_317,317,ok,,,organized_activity,1.0,0.18,0.38
teen_social_life_support_317,317,ok,,,career_clarity,1.0,0.15,0.36
teen_social_life_support_317,317,ok,,,future_optimism,1.0,0.03,0.48
teen_social_life_support_317,317,ok,,,peer_belonging,1.0,0.03,0.52
teen_social_life_support_318,318,ok,,,social_media_hours,1.0,0.1,0.55
teen_social_life_support_318,318,ok,,,posting_frequency,1.0,0.12,0.42
teen_social_life_support_318,318,ok,,,late_night_use,1.0,0.07,0.47
teen_social_life_support_318,318,ok,,,sleep_interference,1.0,0.12,0.4
teen_social_life_support_318,318,ok,,,social_comparison,1.0,0.03,0.68
teen_social_life_support_318,318,ok,,,connection_effect,1.0,0.14,0.55
teen_social_life_support_318,318,ok,,,parental_rules,1.0,0.12,0.38
teen_social_life_support_318,318,ok,,,primary_platform,1.0,0.01,0.32
teen_social_life_support_318,318,ok,,,school_effort,1.0,0.02,0.57
teen_social_life_support_318,318,ok,,,academic_confidence,1.0,0.03,0.49
teen_social_life_support_318,318,ok,,,homework_distraction,1.0,0.08,0.43
teen_social_life_support_318,318,ok,,,organized_activity,1.0,0.14,0.4
teen_social_life_support_318,318,ok,,,career_clarity,1.0,0.14,0.38
teen_social_life_support_318,318,ok,,,future_optimism,1.0,0.04,0.48
teen_social_life_support_318,318,ok,,,peer_belonging,1.0,0.03,0.44
teen_social_life_support_319,319,ok,,,social_media_hours,1.0,0.08,0.47
teen_social_life_support_319,319,ok,,,posting_frequency,1.0,0.16,0.37
teen_social_life_support_319,319,ok,,,late_night_use,1.0,0.08,0.39
teen_social_life_support_319,319,ok,,,sleep_interference,1.0,0.1,0.41
teen_social_life_support_319,319,ok,,,social_comparison,1.0,0.02,0.53
teen_social_life_support_319,319,ok,,,connection_effect,1.0,0.18,0.45
teen_social_life_support_319,319,ok,,,parental_rules,1.0,0.12,0.37
teen_social_life_support_319,319,ok,,,primary_platform,1.0000000000000002,0.01,0.34
teen_social_life_support_319,319,ok,,,school_effort,1.0,0.01,0.6
teen_social_life_support_319,319,ok,,,academic_confidence,1.0,0.05,0.5
teen_social_life_support_319,319,ok,,,homework_distraction,1.0,0.09,0.43
teen_social_life_support_319,319,ok,,,organized_activity,1.0,0.2,0.32
teen_social_life_support_319,319,ok,,,career_clarity,1.0,0.14,0.36
teen_social_life_support_319,319,ok,,,future_optimism,1.0,0.06,0.51
teen_social_life_support_319,319,ok,,,peer_belonging,1.0,0.05,0.4
teen_social_life_support_320,320,ok,,,social_media_hours,1.0,0.08,0.5
teen_social_life_support_320,320,ok,,,posting_frequency,1.0,0.15,0.34
teen_social_life_support_320,320,ok,,,late_night_use,1.0,0.04,0.42
teen_social_life_support_320,320,ok,,,sleep_interference,1.0,0.07,0.4
teen_social_life_support_320,320,ok,,,social_comparison,1.0,0.03,0.47
teen_social_life_support_320,320,ok,,,connection_effect,1.0,0.04,0.84
teen_social_life_support_320,320,ok,,,parental_rules,1.0,0.16,0.34
teen_social_life_support_320,320,ok,,,primary_platform,1.0,0.01,0.36
teen_social_life_support_320,320,ok,,,school_effort,1.0,0.02,0.55
teen_social_life_support_320,320,ok,,,academic_confidence,1.0,0.06,0.46
teen_social_life_support_320,320,ok,,,homework_distraction,1.0,0.05,0.42
teen_social_life_support_320,320,ok,,,organized_activity,1.0,0.18,0.36
teen_social_life_support_320,320,ok,,,career_clarity,1.0,0.15,0.37
teen_social_life_support_320,320,ok,,,future_optimism,1.0,0.08,0.47
teen_social_life_support_320,320,ok,,,peer_belonging,1.0,0.1,0.43
teen_social_life_support_321,321,ok,,,social_media_hours,1.0,0.12,0.56
teen_social_life_support_321,321,ok,,,posting_frequency,1.0,0.16,0.34
teen_social_life_support_321,321,ok,,,late_night_use,1.0,0.1,0.42
teen_social_life_support_321,321,ok,,,sleep_interference,1.0,0.14,0.36
teen_social_life_support_321,321,ok,,,social_comparison,1.0,0.13,0.38
teen_social_life_support_321,321,ok,,,connection_effect,1.0,0.13,0.64
teen_social_life_support_321,321,ok,,,parental_rules,1.0,0.13,0.37
teen_social_life_support_321,321,ok,,,primary_platform,1.0,0.02,0.28
teen_social_life_support_321,321,ok,,,school_effort,1.0,0.02,0.55
teen_social_life_support_321,321,ok,,,academic_confidence,1.0,0.04,0.48
teen_social_life_support_321,321,ok,,,homework_distraction,1.0,0.12,0.39
teen_social_life_support_321,321,ok,,,organized_activity,1.0,0.16,0.37
teen_social_life_support_321,321,ok,,,career_clarity,1.0,0.15,0.37
teen_social_life_support_321,321,ok,,,future_optimism,1.0,0.04,0.48
teen_social_life_support_321,321,ok,,,peer_belonging,1.0,0.04,0.42
teen_social_life_support_322,322,ok,,,social_media_hours,1.0,0.08,0.5
teen_social_life_support_322,322,ok,,,posting_frequency,1.0,0.08,0.42
teen_social_life_support_322,322,ok,,,late_night_use,1.0,0.07,0.4
teen_social_life_support_322,322,ok,,,sleep_interference,1.0,0.14,0.36
teen_social_life_support_322,322,ok,,,social_comparison,1.0,0.14,0.36
teen_social_life_support_322,322,ok,,,connection_effect,1.0,0.03,0.88
teen_social_life_support_322,322,ok,,,parental_rules,1.0,0.14,0.37
teen_social_life_support_322,322,ok,,,primary_platform,1.0,0.01,0.29
teen_social_life_support_322,322,ok,,,school_effort,1.0,0.02,0.6
teen_social_life_support_322,322,ok,,,academic_confidence,1.0,0.03,0.45
teen_social_life_support_322,322,ok,,,homework_distraction,1.0,0.1,0.45
teen_social_life_support_322,322,ok,,,organized_activity,1.0,0.16,0.38
teen_social_life_support_322,322,ok,,,career_clarity,1.0,0.14,0.35
teen_social_life_support_322,322,ok,,,future_optimism,1.0,0.03,0.43
teen_social_life_support_322,322,ok,,,peer_belonging,1.0,0.02,0.6
teen_social_life_support_323,323,ok,,,social_media_hours,1.0,0.12,0.48
teen_social_life_support_323,323,ok,,,posting_frequency,1.0,0.12,0.39
teen_social_life_support_323,323,ok,,,late_night_use,1.0,0.08,0.43
teen_social_life_support_323,323,ok,,,sleep_interference,1.0,0.15,0.36
teen_social_life_support_323,323,ok,,,social_comparison,1.0,0.13,0.4
teen_social_life_support_323,323,ok,,,connection_effect,1.0,0.12,0.59
teen_social_life_support_323,323,ok,,,parental_rules,1.0,0.05,0.55
teen_social_life_support_323,323,ok,,,primary_platform,1.0,0.01,0.32
teen_social_life_support_323,323,ok,,,school_effort,1.0,0.02,0.53
teen_social_life_support_323,323,ok,,,academic_confidence,1.0,0.03,0.5
teen_social_life_support_323,323,ok,,,homework_distraction,1.0,0.1,0.44
teen_social_life_support_323,323,ok,,,organized_activity,0.9999999999999999,0.16,0.37
teen_social_life_support_323,323,ok,,,career_clarity,1.0,0.16,0.35
teen_social_life_support_323,323,ok,,,future_optimism,1.0,0.04,0.5
teen_social_life_support_323,323,ok,,,peer_belonging,1.0,0.04,0.44
teen_social_life_support_324,324,ok,,,social_media_hours,1.0,0.08,0.52
teen_social_life_support_324,324,ok,,,posting_frequency,1.0,0.14,0.38
teen_social_life_support_324,324,ok,,,late_night_use,1.0,0.08,0.42
teen_social_life_support_324,324,ok,,,sleep_interference,1.0,0.14,0.36
teen_social_life_support_324,324,ok,,,social_comparison,1.0,0.12,0.39
teen_social_life_support_324,324,ok,,,connection_effect,1.0,0.1,0.58
teen_social_life_support_324,324,ok,,,parental_rules,1.0,0.03,0.74
teen_social_life_support_324,324,ok,,,primary_platform,1.0,0.01,0.3
teen_social_life_support_324,324,ok,,,school_effort,1.0,0.02,0.54
teen_social_life_support_324,324,ok,,,academic_confidence,1.0,0.03,0.48
teen_social_life_support_324,324,ok,,,homework_distraction,1.0,0.09,0.43
teen_social_life_support_324,324,ok,,,organized_activity,1.0,0.15,0.41
teen_social_life_support_324,324,ok,,,career_clarity,1.0,0.13,0.38
teen_social_life_support_324,324,ok,,,future_optimism,1.0,0.04,0.48
teen_social_life_support_324,324,ok,,,peer_belonging,1.0,0.03,0.48
teen_social_life_support_325,325,ok,,,social_media_hours,1.0,0.16,0.57
teen_social_life_support_325,325,ok,,,posting_frequency,1.0,0.16,0.38
teen_social_life_support_325,325,ok,,,late_night_use,1.0,0.1,0.39
teen_social_life_support_325,325,ok,,,sleep_interference,1.0000000000000002,0.11,0.39
teen_social_life_support_325,325,ok,,,social_comparison,1.0,0.14,0.36
teen_social_life_support_325,325,ok,,,connection_effect,1.0,0.11,0.55
teen_social_life_support_325,325,ok,,,parental_rules,1.0,0.04,0.6
teen_social_life_support_325,325,ok,,,primary_platform,1.0,0.02,0.32
teen_social_life_support_325,325,ok,,,school_effort,1.0,0.02,0.57
teen_social_life_support_325,325,ok,,,academic_confidence,1.0,0.03,0.48
teen_social_life_support_325,325,ok,,,homework_distraction,1.0,0.12,0.38
teen_social_life_support_325,325,ok,,,organized_activity,1.0,0.14,0.41
teen_social_life_support_325,325,ok,,,career_clarity,1.0,0.16,0.34
teen_social_life_support_325,325,ok,,,future_optimism,1.0,0.04,0.48
teen_social_life_support_325,325,ok,,,peer_belonging,1.0,0.03,0.46
teen_social_life_support_326,326,ok,,,social_media_hours,1.0,0.12,0.5
teen_social_life_support_326,326,ok,,,posting_frequency,1.0,0.13,0.32
teen_social_life_support_326,326,ok,,,late_night_use,0.9999999999999999,0.08,0.38
teen_social_life_support_326,326,ok,,,sleep_interference,1.0,0.06,0.42
teen_social_life_support_326,326,ok,,,social_comparison,1.0,0.12,0.38
teen_social_life_support_326,326,ok,,,connection_effect,1.0,0.12,0.45
teen_social_life_support_326,326,ok,,,parental_rules,1.0,0.02,0.78
teen_social_life_support_326,326,ok,,,primary_platform,1.0,0.07,0.24
teen_social_life_support_326,326,ok,,,school_effort,1.0,0.01,0.65
teen_social_life_support_326,326,ok,,,academic_confidence,1.0,0.03,0.45
teen_social_life_support_326,326,ok,,,homework_distraction,1.0,0.06,0.38
teen_social_life_support_326,326,ok,,,organized_activity,1.0,0.12,0.5
teen_social_life_support_326,326,ok,,,career_clarity,1.0,0.16,0.36
teen_social_life_support_326,326,ok,,,future_optimism,1.0,0.04,0.43
teen_social_life_support_326,326,ok,,,peer_belonging,1.0,0.05,0.4
teen_social_life_support_327,327,ok,,,social_media_hours,1.0,0.08,0.55
teen_social_life_support_327,327,ok,,,posting_frequency,1.0,0.14,0.4
teen_social_life_support_327,327,ok,,,late_night_use,1.0,0.08,0.43
teen_social_life_support_327,327,ok,,,sleep_interference,1.0,0.12,0.38
teen_social_life_support_327,327,ok,,,social_comparison,1.0,0.1,0.42
teen_social_life_support_327,327,ok,,,connection_effect,1.0,0.12,0.52
teen_social_life_support_327,327,ok,,,parental_rules,1.0,0.12,0.38
teen_social_life_support_327,327,ok,,,primary_platform,1.0,0.01,0.62
teen_social_life_support_327,327,ok,,,school_effort,1.0,0.03,0.5
teen_social_life_support_327,327,ok,,,academic_confidence,1.0,0.04,0.47
teen_social_life_support_327,327,ok,,,homework_distraction,1.0,0.1,0.43
teen_social_life_support_327,327,ok,,,organized_activity,1.0,0.17,0.38
teen_social_life_support_327,327,ok,,,career_clarity,1.0,0.16,0.36
teen_social_life_support_327,327,ok,,,future_optimism,1.0,0.05,0.48
teen_social_life_support_327,327,ok,,,peer_belonging,1.0,0.04,0.46
teen_social_life_support_328,328,ok,,,social_media_hours,1.0,0.03,0.51
teen_social_life_support_328,328,ok,,,posting_frequency,1.0,0.04,0.48
teen_social_life_support_328,328,ok,,,late_night_use,1.0,0.03,0.43
teen_social_life_support_328,328,ok,,,sleep_interference,1.0,0.08,0.44
teen_social_life_support_328,328,ok,,,social_comparison,1.0,0.04,0.52
teen_social_life_support_328,328,ok,,,connection_effect,1.0,0.06,0.72
teen_social_life_support_328,328,ok,,,parental_rules,1.0000000000000002,0.11,0.42
teen_social_life_support_328,328,ok,,,primary_platform,1.0,0.01,0.75
teen_social_life_support_328,328,ok,,,school_effort,1.0,0.02,0.6
teen_social_life_support_328,328,ok,,,academic_confidence,1.0,0.03,0.45
teen_social_life_support_328,328,ok,,,homework_distraction,1.0,0.06,0.49
teen_social_life_support_328,328,ok,,,organized_activity,0.9999999999999999,0.17,0.36
teen_social_life_support_328,328,ok,,,career_clarity,1.0,0.13,0.39
teen_social_life_support_328,328,ok,,,future_optimism,1.0,0.04,0.47
teen_social_life_support_328,328,ok,,,peer_belonging,1.0,0.03,0.5
teen_social_life_support_329,329,ok,,,social_media_hours,1.0,0.12,0.58
teen_social_life_support_329,329,ok,,,posting_frequency,1.0,0.13,0.32
teen_social_life_support_329,329,ok,,,late_night_use,1.0,0.1,0.4
teen_social_life_support_329,329,ok,,,sleep_interference,0.9999999999999999,0.1,0.42
teen_social_life_support_329,329,ok,,,social_comparison,1.0,0.1,0.42
teen_social_life_support_329,329,ok,,,connection_effect,1.0,0.12,0.54
teen_social_life_support_329,329,ok,,,parental_rules,1.0,0.13,0.4
teen_social_life_support_329,329,ok,,,primary_platform,1.0,0.01,0.55
teen_social_life_support_329,329,ok,,,school_effort,1.0,0.02,0.54
teen_social_life_support_329,329,ok,,,academic_confidence,1.0,0.04,0.5
teen_social_life_support_329,329,ok,,,homework_distraction,1.0,0.12,0.38
teen_social_life_support_329,329,ok,,,organized_activity,1.0,0.18,0.34
teen_social_life_support_329,329,ok,,,career_clarity,1.0,0.14,0.38
teen_social_life_support_329,329,ok,,,future_optimism,1.0,0.06,0.48
teen_social_life_support_329,329,ok,,,peer_belonging,1.0,0.05,0.4
teen_social_life_support_330,330,ok,,,social_media_hours,1.0,0.04,0.48
teen_social_life_support_330,330,ok,,,posting_frequency,1.0,0.04,0.55
teen_social_life_support_330,330,ok,,,late_night_use,1.0,0.03,0.44
teen_social_life_support_330,330,ok,,,sleep_interference,1.0,0.07,0.45
teen_social_life_support_330,330,ok,,,social_comparison,1.0,0.1,0.43
teen_social_life_support_330,330,ok,,,connection_effect,1.0,0.05,0.75
teen_social_life_support_330,330,ok,,,parental_rules,0.9999999999999999,0.1,0.42
teen_social_life_support_330,330,ok,,,primary_platform,1.0,0.01,0.85
teen_social_life_support_330,330,ok,,,school_effort,1.0,0.02,0.57
teen_social_life_support_330,330,ok,,,academic_confidence,1.0,0.03,0.47
teen_social_life_support_330,330,ok,,,homework_distraction,1.0,0.06,0.48
teen_social_life_support_330,330,ok,,,organized_activity,1.0,0.15,0.41
teen_social_life_support_330,330,ok,,,career_clarity,1.0,0.14,0.36
teen_social_life_support_330,330,ok,,,future_optimism,1.0,0.04,0.49
teen_social_life_support_330,330,ok,,,peer_belonging,1.0,0.03,0.55
teen_social_life_support_331,331,ok,,,social_media_hours,1.0,0.18,0.55
teen_social_life_support_331,331,ok,,,posting_frequency,1.0,0.16,0.36
teen_social_life_support_331,331,ok,,,late_night_use,1.0,0.12,0.4
teen_social_life_support_331,331,ok,,,sleep_interference,1.0,0.13,0.36
teen_social_life_support_331,331,ok,,,social_comparison,1.0,0.12,0.36
teen_social_life_support_331,331,ok,,,connection_effect,1.0,0.15,0.51
teen_social_life_support_331,331,ok,,,parental_rules,1.0000000000000002,0.11,0.41
teen_social_life_support_331,331,ok,,,primary_platform,1.0,0.01,0.39
teen_social_life_support_331,331,ok,,,school_effort,1.0,0.02,0.55
teen_social_life_support_331,331,ok,,,academic_confidence,1.0,0.03,0.48
teen_social_life_support_331,331,ok,,,homework_distraction,1.0,0.15,0.34
teen_social_life_support_331,331,ok,,,organized_activity,1.0,0.16,0.34
teen_social_life_support_331,331,ok,,,career_clarity,1.0,0.13,0.38
teen_social_life_support_331,331,ok,,,future_optimism,1.0,0.04,0.48
teen_social_life_support_331,331,ok,,,peer_belonging,1.0,0.05,0.4
teen_social_life_support_332,332,ok,,,social_media_hours,1.0,0.02,0.91
teen_social_life_support_332,332,ok,,,posting_frequency,1.0,0.01,0.9
teen_social_life_support_332,332,ok,,,late_night_use,1.0,0.01,0.82
teen_social_life_support_332,332,ok,,,sleep_interference,1.0,0.01,0.86
teen_social_life_support_332,332,ok,,,social_comparison,1.0,0.03,0.62
teen_social_life_support_332,332,ok,,,connection_effect,1.0,0.06,0.76
teen_social_life_support_332,332,ok,,,parental_rules,1.0,0.04,0.48
teen_social_life_support_332,332,ok,,,primary_platform,1.0,0.016,0.92
teen_social_life_support_332,332,ok,,,school_effort,1.0,0.01,0.72
teen_social_life_support_332,332,ok,,,academic_confidence,1.0,0.02,0.52
teen_social_life_support_332,332,ok,,,homework_distraction,1.0,0.01,0.84
teen_social_life_support_332,332,ok,,,organized_activity,1.0,0.12,0.42
teen_social_life_support_332,332,ok,,,career_clarity,1.0,0.1,0.42
teen_social_life_support_332,332,ok,,,future_optimism,1.0,0.03,0.45
teen_social_life_support_332,332,ok,,,peer_belonging,1.0,0.04,0.46
teen_social_life_support_333,333,ok,,,social_media_hours,1.0,0.12,0.48
teen_social_life_support_333,333,ok,,,posting_frequency,1.0,0.21,0.32
teen_social_life_support_333,333,ok,,,late_night_use,1.0,0.1,0.38
teen_social_life_support_333,333,ok,,,sleep_interference,1.0,0.14,0.36
teen_social_life_support_333,333,ok,,,social_comparison,1.0,0.18,0.34
teen_social_life_support_333,333,ok,,,connection_effect,1.0,0.18,0.46
teen_social_life_support_333,333,ok,,,parental_rules,1.0,0.14,0.34
teen_social_life_support_333,333,ok,,,primary_platform,1.0,0.02,0.34
teen_social_life_support_333,333,ok,,,school_effort,0.9999999999999999,0.09,0.45
teen_social_life_support_333,333,ok,,,academic_confidence,1.0,0.11,0.36
teen_social_life_support_333,333,ok,,,homework_distraction,1.0,0.1,0.38
teen_social_life_support_333,333,ok,,,organized_activity,1.0,0.2,0.36
teen_social_life_support_333,333,ok,,,career_clarity,0.9999999999999999,0.08,0.38
teen_social_life_support_333,333,ok,,,future_optimism,1.0,0.12,0.34
teen_social_life_support_333,333,ok,,,peer_belonging,1.0,0.18,0.36
teen_social_life_support_334,334,ok,,,social_media_hours,1.0,0.05,0.6
teen_social_life_support_334,334,ok,,,posting_frequency,1.0,0.08,0.4
teen_social_life_support_334,334,ok,,,late_night_use,1.0,0.03,0.55
teen_social_life_support_334,334,ok,,,sleep_interference,1.0,0.05,0.45
teen_social_life_support_334,334,ok,,,social_comparison,1.0,0.05,0.44
teen_social_life_support_334,334,ok,,,connection_effect,1.0,0.15,0.55
teen_social_life_support_334,334,ok,,,parental_rules,1.0,0.1,0.42
teen_social_life_support_334,334,ok,,,primary_platform,1.0,0.01,0.34
teen_social_life_support_334,334,ok,,,school_effort,1.0,0.02,0.74
teen_social_life_support_334,334,ok,,,academic_confidence,0.9999999999999999,0.1,0.42
teen_social_life_support_334,334,ok,,,homework_distraction,1.0,0.04,0.44
teen_social_life_support_334,334,ok,,,organized_activity,1.0,0.19,0.34
teen_social_life_support_334,334,ok,,,career_clarity,1.0,0.06,0.4
teen_social_life_support_334,334,ok,,,future_optimism,1.0,0.12,0.37
teen_social_life_support_334,334,ok,,,peer_belonging,1.0,0.07,0.47
teen_social_life_support_335,335,ok,,,social_media_hours,1.0,0.12,0.56
teen_social_life_support_335,335,ok,,,posting_frequency,1.0,0.13,0.35
teen_social_life_support_335,335,ok,,,late_night_use,1.0,0.1,0.42
teen_social_life_support_335,335,ok,,,sleep_interference,1.0,0.15,0.35
teen_social_life_support_335,335,ok,,,social_comparison,1.0,0.12,0.4
teen_social_life_support_335,335,ok,,,connection_effect,1.0,0.12,0.5
teen_social_life_support_335,335,ok,,,parental_rules,0.9999999999999999,0.1,0.42
teen_social_life_support_335,335,ok,,,primary_platform,1.0,0.02,0.3
teen_social_life_support_335,335,ok,,,school_effort,1.0,0.04,0.56
teen_social_life_support_335,335,ok,,,academic_confidence,1.0,0.06,0.5
teen_social_life_support_335,335,ok,,,homework_distraction,1.0,0.12,0.4
teen_social_life_support_335,335,ok,,,organized_activity,1.0,0.18,0.3
teen_social_life_support_335,335,ok,,,career_clarity,1.0,0.12,0.42
teen_social_life_support_335,335,ok,,,future_optimism,1.0,0.07,0.48
teen_social_life_support_335,335,ok,,,peer_belonging,1.0,0.07,0.43
teen_social_life_support_336,336,ok,,,social_media_hours,1.0,0.12,0.55
teen_social_life_support_336,336,ok,,,posting_frequency,1.0,0.14,0.36
teen_social_life_support_336,336,ok,,,late_night_use,1.0,0.12,0.38
teen_social_life_support_336,336,ok,,,sleep_interference,1.0,0.13,0.34
teen_social_life_support_336,336,ok,,,social_comparison,1.0,0.14,0.39
teen_social_life_support_336,336,ok,,,connection_effect,1.0,0.09,0.56
teen_social_life_support_336,336,ok,,,parental_rules,1.0,0.1,0.38
teen_social_life_support_336,336,ok,,,primary_platform,0.9999999999999999,0.02,0.28
teen_social_life_support_336,336,ok,,,school_effort,1.0,0.01,0.74
teen_social_life_support_336,336,ok,,,academic_confidence,1.0,0.03,0.45
teen_social_life_support_336,336,ok,,,homework_distraction,1.0,0.14,0.38
teen_social_life_support_336,336,ok,,,organized_activity,1.0,0.15,0.35
teen_social_life_support_336,336,ok,,,career_clarity,1.0,0.13,0.36
teen_social_life_support_336,336,ok,,,future_optimism,1.0,0.05,0.45
teen_social_life_support_336,336,ok,,,peer_belonging,1.0,0.04,0.45
teen_social_life_support_337,337,ok,,,social_media_hours,1.0,0.12,0.48
teen_social_life_support_337,337,ok,,,posting_frequency,1.0,0.18,0.34
teen_social_life_support_337,337,ok,,,late_night_use,1.0,0.08,0.42
teen_social_life_support_337,337,ok,,,sleep_interference,1.0,0.12,0.4
teen_social_life_support_337,337,ok,,,social_comparison,1.0,0.08,0.45
teen_social_life_support_337,337,ok,,,connection_effect,1.0,0.18,0.45
teen_social_life_support_337,337,ok,,,parental_rules,1.0,0.14,0.36
teen_social_life_support_337,337,ok,,,primary_platform,1.0,0.01,0.32
teen_social_life_support_337,337,ok,,,school_effort,1.0,0.08,0.45
teen_social_life_support_337,337,ok,,,academic_confidence,1.0,0.06,0.42
teen_social_life_support_337,337,ok,,,homework_distraction,1.0,0.1,0.42
teen_social_life_support_337,337,ok,,,organized_activity,1.0,0.2,0.28
teen_social_life_support_337,337,ok,,,career_clarity,1.0,0.06,0.38
teen_social_life_support_337,337,ok,,,future_optimism,1.0,0.12,0.34
teen_social_life_support_337,337,ok,,,peer_belonging,1.0,0.13,0.42
teen_social_life_support_338,338,ok,,,social_media_hours,1.0,0.08,0.52
teen_social_life_support_338,338,ok,,,posting_frequency,1.0,0.18,0.32
teen_social_life_support_338,338,ok,,,late_night_use,1.0,0.05,0.39
teen_social_life_support_338,338,ok,,,sleep_interference,1.0,0.08,0.45
teen_social_life_support_338,338,ok,,,social_comparison,1.0,0.06,0.47
teen_social_life_support_338,338,ok,,,connection_effect,1.0,0.14,0.52
teen_social_life_support_338,338,ok,,,parental_rules,1.0,0.12,0.39
teen_social_life_support_338,338,ok,,,primary_platform,1.0,0.01,0.33
teen_social_life_support_338,338,ok,,,school_effort,1.0,0.08,0.45
teen_social_life_support_338,338,ok,,,academic_confidence,1.0,0.04,0.62
teen_social_life_support_338,338,ok,,,homework_distraction,1.0,0.07,0.43
teen_social_life_support_338,338,ok,,,organized_activity,1.0,0.21,0.31
teen_social_life_support_338,338,ok,,,career_clarity,0.9999999999999999,0.08,0.46
teen_social_life_support_338,338,ok,,,future_optimism,1.0,0.12,0.4
teen_social_life_support_338,338,ok,,,peer_belonging,1.0,0.08,0.45
teen_social_life_support_339,339,ok,,,social_media_hours,1.0,0.08,0.55
teen_social_life_support_339,339,ok,,,posting_frequency,1.0,0.12,0.38
teen_social_life_support_339,339,ok,,,late_night_use,1.0,0.05,0.45
teen_social_life_support_339,339,ok,,,sleep_interference,1.0,0.1,0.42
teen_social_life_support_339,339,ok,,,social_comparison,1.0,0.08,0.46
teen_social_life_support_339,339,ok,,,connection_effect,1.0,0.12,0.56
teen_social_life_support_339,339,ok,,,parental_rules,1.0000000000000002,0.1,0.4
teen_social_life_support_339,339,ok,,,primary_platform,1.0,0.02,0.3
teen_social_life_support_339,339,ok,,,school_effort,1.0,0.03,0.53
teen_social_life_support_339,339,ok,,,academic_confidence,1.0,0.03,0.62
teen_social_life_support_339,339,ok,,,homework_distraction,1.0,0.08,0.45
teen_social_life_support_339,339,ok,,,organized_activity,1.0,0.18,0.32
teen_social_life_support_339,339,ok,,,career_clarity,1.0,0.12,0.39
teen_social_life_support_339,339,ok,,,future_optimism,1.0,0.05,0.52
teen_social_life_support_339,339,ok,,,peer_belonging,1.0,0.04,0.42
teen_social_life_support_340,340,ok,,,social_media_hours,1.0,0.18,0.56
teen_social_life_support_340,340,ok,,,posting_frequency,1.0,0.18,0.34
teen_social_life_support_340,340,ok,,,late_night_use,1.0,0.14,0.36
teen_social_life_support_340,340,ok,,,sleep_interference,1.0,0.12,0.38
teen_social_life_support_340,340,ok,,,social_comparison,1.0,0.13,0.37
teen_social_life_support_340,340,ok,,,connection_effect,1.0,0.1,0.52
teen_social_life_support_340,340,ok,,,parental_rules,1.0,0.13,0.37
teen_social_life_support_340,340,ok,,,primary_platform,1.0,0.02,0.28
teen_social_life_support_340,340,ok,,,school_effort,1.0,0.01,0.8
teen_social_life_support_340,340,ok,,,academic_confidence,1.0,0.01,0.8
teen_social_life_support_340,340,ok,,,homework_distraction,0.9999999999999999,0.11,0.38
teen_social_life_support_340,340,ok,,,organized_activity,1.0,0.13,0.48
teen_social_life_support_340,340,ok,,,career_clarity,1.0,0.07,0.43
teen_social_life_support_340,340,ok,,,future_optimism,1.0,0.02,0.5
teen_social_life_support_340,340,ok,,,peer_belonging,1.0,0.03,0.52
teen_social_life_support_341,341,ok,,,social_media_hours,0.9999999999999999,0.11,0.47
teen_social_life_support_341,341,ok,,,posting_frequency,1.0,0.14,0.33
teen_social_life_support_341,341,ok,,,late_night_use,0.9999999999999999,0.08,0.38
teen_social_life_support_341,341,ok,,,sleep_interference,1.0,0.06,0.48
teen_social_life_support_341,341,ok,,,social_comparison,1.0,0.09,0.38
teen_social_life_support_341,341,ok,,,connection_effect,1.0,0.12,0.48
teen_social_life_support_341,341,ok,,,parental_rules,1.0,0.1,0.42
teen_social_life_support_341,341,ok,,,primary_platform,1.0,0.04,0.24
teen_social_life_support_341,341,ok,,,school_effort,1.0,0.02,0.61
teen_social_life_support_341,341,ok,,,academic_confidence,1.0,0.03,0.43
teen_social_life_support_341,341,ok,,,homework_distraction,1.0,0.04,0.58
teen_social_life_support_341,341,ok,,,organized_activity,1.0,0.13,0.4
teen_social_life_support_341,341,ok,,,career_clarity,1.0,0.13,0.37
teen_social_life_support_341,341,ok,,,future_optimism,1.0,0.04,0.45
teen_social_life_support_341,341,ok,,,peer_belonging,1.0,0.04,0.41
teen_social_life_support_342,342,ok,,,social_media_hours,1.0,0.16,0.6
teen_social_life_support_342,342,ok,,,posting_frequency,1.0,0.14,0.32
teen_social_life_support_342,342,ok,,,late_night_use,1.0,0.09,0.46
teen_social_life_support_342,342,ok,,,sleep_interference,1.0,0.05,0.48
teen_social_life_support_342,342,ok,,,social_comparison,1.0,0.1,0.43
teen_social_life_support_342,342,ok,,,connection_effect,1.0,0.08,0.54
teen_social_life_support_342,342,ok,,,parental_rules,1.0,0.08,0.45
teen_social_life_support_342,342,ok,,,primary_platform,1.0,0.01,0.28
teen_social_life_support_342,342,ok,,,school_effort,1.0,0.01,0.67
teen_social_life_support_342,342,ok,,,academic_confidence,1.0,0.02,0.45
teen_social_life_support_342,342,ok,,,homework_distraction,1.0,0.01,0.72
teen_social_life_support_342,342,ok,,,organized_activity,1.0,0.15,0.38
teen_social_life_support_342,342,ok,,,career_clarity,1.0,0.11,0.38
teen_social_life_support_342,342,ok,,,future_optimism,1.0,0.02,0.5
teen_social_life_support_342,342,ok,,,peer_belonging,1.0,0.02,0.54
teen_social_life_support_343,343,ok,,,social_media_hours,1.0,0.1,0.55
teen_social_life_support_343,343,ok,,,posting_frequency,1.0,0.12,0.42
teen_social_life_support_343,343,ok,,,late_night_use,1.0,0.08,0.45
teen_social_life_support_343,343,ok,,,sleep_interference,1.0,0.12,0.38
teen_social_life_support_343,343,ok,,,social_comparison,1.0,0.14,0.38
teen_social_life_support_343,343,ok,,,connection_effect,1.0,0.12,0.54
teen_social_life_support_343,343,ok,,,parental_rules,1.0,0.13,0.36
teen_social_life_support_343,343,ok,,,primary_platform,1.0,0.02,0.3
teen_social_life_support_343,343,ok,,,school_effort,1.0,0.02,0.55
teen_social_life_support_343,343,ok,,,academic_confidence,1.0,0.03,0.48
teen_social_life_support_343,343,ok,,,homework_distraction,1.0,0.08,0.55
teen_social_life_support_343,343,ok,,,organized_activity,1.0,0.18,0.35
teen_social_life_support_343,343,ok,,,career_clarity,1.0,0.12,0.36
teen_social_life_support_343,343,ok,,,future_optimism,1.0,0.04,0.48
teen_social_life_support_343,343,ok,,,peer_belonging,1.0,0.04,0.46
teen_social_life_support_344,344,ok,,,social_media_hours,1.0,0.03,0.65
teen_social_life_support_344,344,ok,,,posting_frequency,1.0,0.08,0.39
teen_social_life_support_344,344,ok,,,late_night_use,1.0,0.03,0.5
teen_social_life_support_344,344,ok,,,sleep_interference,1.0,0.05,0.42
teen_social_life_support_344,344,ok,,,social_comparison,1.0,0.07,0.43
teen_social_life_support_344,344,ok,,,connection_effect,1.0,0.12,0.6
teen_social_life_support_344,344,ok,,,parental_rules,0.9999999999999999,0.1,0.42
teen_social_life_support_344,344,ok,,,primary_platform,1.0,0.01,0.38
teen_social_life_support_344,344,ok,,,school_effort,1.0,0.02,0.55
teen_social_life_support_344,344,ok,,,academic_confidence,1.0,0.05,0.47
teen_social_life_support_344,344,ok,,,homework_distraction,1.0,0.01,0.74
teen_social_life_support_344,344,ok,,,organized_activity,1.0,0.17,0.37
teen_social_life_support_344,344,ok,,,career_clarity,1.0,0.14,0.36
teen_social_life_support_344,344,ok,,,future_optimism,1.0,0.06,0.45
teen_social_life_support_344,344,ok,,,peer_belonging,1.0,0.05,0.45
teen_social_life_support_345,345,ok,,,social_media_hours,1.0,0.18,0.55
teen_social_life_support_345,345,ok,,,posting_frequency,1.0,0.16,0.32
teen_social_life_support_345,345,ok,,,late_night_use,1.0,0.14,0.38
teen_social_life_support_345,345,ok,,,sleep_interference,0.9999999999999999,0.12,0.35
teen_social_life_support_345,345,ok,,,social_comparison,1.0,0.14,0.36
teen_social_life_support_345,345,ok,,,connection_effect,1.0,0.18,0.42
teen_social_life_support_345,345,ok,,,parental_rules,1.0,0.1,0.42
teen_social_life_support_345,345,ok,,,primary_platform,1.0,0.02,0.32
teen_social_life_support_345,345,ok,,,school_effort,1.0,0.03,0.5
teen_social_life_support_345,345,ok,,,academic_confidence,1.0,0.05,0.49
teen_social_life_support_345,345,ok,,,homework_distraction,1.0,0.15,0.37
teen_social_life_support_345,345,ok,,,organized_activity,1.0,0.07,0.58
teen_social_life_support_345,345,ok,,,career_clarity,1.0000000000000002,0.11,0.4
teen_social_life_support_345,345,ok,,,future_optimism,1.0,0.07,0.5
teen_social_life_support_345,345,ok,,,peer_belonging,1.0,0.07,0.43
teen_social_life_support_346,346,ok,,,social_media_hours,1.0,0.15,0.52
teen_social_life_support_346,346,ok,,,posting_frequency,1.0,0.11,0.34
teen_social_life_support_346,346,ok,,,late_night_use,1.0,0.08,0.43
teen_social_life_support_346,346,ok,,,sleep_interference,1.0,0.12,0.38
teen_social_life_support_346,346,ok,,,social_comparison,1.0,0.1,0.42
teen_social_life_support_346,346,ok,,,connection_effect,1.0,0.16,0.42
teen_social_life_support_346,346,ok,,,parental_rules,1.0,0.12,0.38
teen_social_life_support_346,346,ok,,,primary_platform,0.9999999999999999,0.02,0.27
teen_social_life_support_346,346,ok,,,school_effort,1.0,0.02,0.49
teen_social_life_support_346,346,ok,,,academic_confidence,1.0,0.04,0.52
teen_social_life_support_346,346,ok,,,homework_distraction,1.0,0.09,0.44
teen_social_life_support_346,346,ok,,,organized_activity,1.0,0.03,0.72
teen_social_life_support_346,346,ok,,,career_clarity,0.9999999999999999,0.1,0.42
teen_social_life_support_346,346,ok,,,future_optimism,1.0,0.06,0.47
teen_social_life_support_346,346,ok,,,peer_belonging,1.0,0.05,0.49
teen_social_life_support_347,347,ok,,,social_media_hours,1.0,0.12,0.58
teen_social_life_support_347,347,ok,,,posting_frequency,1.0,0.18,0.35
teen_social_life_support_347,347,ok,,,late_night_use,1.0,0.08,0.43
teen_social_life_support_347,347,ok,,,sleep_interference,1.0,0.15,0.35
teen_social_life_support_347,347,ok,,,social_comparison,1.0,0.1,0.4
teen_social_life_support_347,347,ok,,,connection_effect,1.0,0.16,0.5
teen_social_life_support_347,347,ok,,,parental_rules,1.0,0.12,0.38
teen_social_life_support_347,347,ok,,,primary_platform,1.0,0.02,0.3
teen_social_life_support_347,347,ok,,,school_effort,1.0,0.02,0.56
teen_social_life_support_347,347,ok,,,academic_confidence,1.0,0.03,0.49
teen_social_life_support_347,347,ok,,,homework_distraction,1.0,0.12,0.39
teen_social_life_support_347,347,ok,,,organized_activity,1.0,0.08,0.58
teen_social_life_support_347,347,ok,,,career_clarity,1.0,0.14,0.38
teen_social_life_support_347,347,ok,,,future_optimism,1.0,0.04,0.46
teen_social_life_support_347,347,ok,,,peer_belonging,1.0,0.03,0.45
teen_social_life_support_348,348,ok,,,social_media_hours,1.0,0.12,0.58
teen_social_life_support_348,348,ok,,,posting_frequency,1.0,0.14,0.4
teen_social_life_support_348,348,ok,,,late_night_use,1.0,0.1,0.42
teen_social_life_support_348,348,ok,,,sleep_interference,1.0,0.12,0.38
teen_social_life_support_348,348,ok,,,social_comparison,1.0,0.12,0.4
teen_social_life_support_348,348,ok,,,connection_effect,1.0,0.08,0.6
teen_social_life_support_348,348,ok,,,parental_rules,1.0,0.12,0.38
teen_social_life_support_348,348,ok,,,primary_platform,1.0,0.02,0.3
teen_social_life_support_348,348,ok,,,school_effort,1.0,0.02,0.68
teen_social_life_support_348,348,ok,,,academic_confidence,1.0,0.02,0.5
teen_social_life_support_348,348,ok,,,homework_distraction,1.0,0.12,0.39
teen_social_life_support_348,348,ok,,,organized_activity,1.0,0.01,0.87
teen_social_life_support_348,348,ok,,,career_clarity,1.0,0.1,0.38
teen_social_life_support_348,348,ok,,,future_optimism,1.0,0.03,0.43
teen_social_life_support_348,348,ok,,,peer_belonging,1.0,0.03,0.53
teen_social_life_support_349,349,ok,,,social_media_hours,1.0,0.15,0.55
teen_social_life_support_349,349,ok,,,posting_frequency,1.0,0.15,0.33
teen_social_life_support_349,349,ok,,,late_night_use,1.0,0.08,0.42
teen_social_life_support_349,349,ok,,,sleep_interference,1.0,0.14,0.36
teen_social_life_support_349,349,ok,,,social_comparison,1.0,0.12,0.4
teen_social_life_support_349,349,ok,,,connection_effect,1.0,0.12,0.5
teen_social_life_support_349,349,ok,,,parental_rules,1.0,0.12,0.4
teen_social_life_support_349,349,ok,,,primary_platform,1.0,0.02,0.32
teen_social_life_support_349,349,ok,,,school_effort,1.0,0.03,0.45
teen_social_life_support_349,349,ok,,,academic_confidence,1.0,0.05,0.52
teen_social_life_support_349,349,ok,,,homework_distraction,1.0,0.1,0.42
teen_social_life_support_349,349,ok,,,organized_activity,1.0,0.16,0.36
teen_social_life_support_349,349,ok,,,career_clarity,1.0,0.04,0.55
teen_social_life_support_349,349,ok,,,future_optimism,1.0,0.06,0.52
teen_social_life_support_349,349,ok,,,peer_belonging,0.9999999999999999,0.06,0.41
teen_social_life_support_350,350,ok,,,social_media_hours,1.0,0.1,0.5
teen_social_life_support_350,350,ok,,,posting_frequency,1.0,0.15,0.35
teen_social_life_support_350,350,ok,,,late_night_use,1.0,0.08,0.44
teen_social_life_support_350,350,ok,,,sleep_interference,1.0,0.15,0.35
teen_social_life_support_350,350,ok,,,social_comparison,1.0,0.12,0.42
teen_social_life_support_350,350,ok,,,connection_effect,1.0,0.12,0.52
teen_social_life_support_350,350,ok,,,parental_rules,1.0000000000000002,0.1,0.42
teen_social_life_support_350,350,ok,,,primary_platform,1.0,0.01,0.32
teen_social_life_support_350,350,ok,,,school_effort,1.0,0.02,0.53
teen_social_life_support_350,350,ok,,,academic_confidence,1.0,0.04,0.55
teen_social_life_support_350,350,ok,,,homework_distraction,1.0,0.09,0.43
teen_social_life_support_350,350,ok,,,organized_activity,1.0,0.18,0.34
teen_social_life_support_350,350,ok,,,career_clarity,0.9999999999999999,0.03,0.82
teen_social_life_support_350,350,ok,,,future_optimism,1.0,0.03,0.55
teen_social_life_support_350,350,ok,,,peer_belonging,1.0,0.03,0.42
teen_social_life_support_351,351,ok,,,social_media_hours,1.0,0.13,0.5
teen_social_life_support_351,351,ok,,,posting_frequency,1.0,0.14,0.39
teen_social_life_support_351,351,ok,,,late_night_use,1.0,0.1,0.41
teen_social_life_support_351,351,ok,,,sleep_interference,1.0,0.15,0.35
teen_social_life_support_351,351,ok,,,social_comparison,1.0,0.1,0.43
teen_social_life_support_351,351,ok,,,connection_effect,1.0,0.12,0.53
teen_social_life_support_351,351,ok,,,parental_rules,1.0,0.13,0.36
teen_social_life_support_351,351,ok,,,primary_platform,1.0,0.02,0.31
teen_social_life_support_351,351,ok,,,school_effort,1.0,0.02,0.58
teen_social_life_support_351,351,ok,,,academic_confidence,1.0,0.03,0.45
teen_social_life_support_351,351,ok,,,homework_distraction,1.0,0.12,0.4
teen_social_life_support_351,351,ok,,,organized_activity,1.0,0.18,0.39
teen_social_life_support_351,351,ok,,,career_clarity,1.0,0.04,0.62
teen_social_life_support_351,351,ok,,,future_optimism,1.0,0.02,0.48
teen_social_life_support_351,351,ok,,,peer_belonging,1.0,0.03,0.48
teen_social_life_support_352,352,ok,,,social_media_hours,1.0,0.14,0.57
teen_social_life_support_352,352,ok,,,posting_frequency,1.0,0.12,0.43
teen_social_life_support_352,352,ok,,,late_night_use,1.0,0.16,0.34
teen_social_life_support_352,352,ok,,,sleep_interference,1.0,0.1,0.4
teen_social_life_support_352,352,ok,,,social_comparison,1.0,0.15,0.35
teen_social_life_support_352,352,ok,,,connection_effect,1.0,0.1,0.58
teen_social_life_support_352,352,ok,,,parental_rules,1.0,0.12,0.38
teen_social_life_support_352,352,ok,,,primary_platform,1.0,0.03,0.3
teen_social_life_support_352,352,ok,,,school_effort,1.0,0.01,0.75
teen_social_life_support_352,352,ok,,,academic_confidence,1.0,0.01,0.66
teen_social_life_support_352,352,ok,,,homework_distraction,1.0000000000000002,0.11,0.39
teen_social_life_support_352,352,ok,,,organized_activity,1.0,0.14,0.5
teen_social_life_support_352,352,ok,,,career_clarity,1.0,0.01,0.85
teen_social_life_support_352,352,ok,,,future_optimism,1.0,0.01,0.68
teen_social_life_support_352,352,ok,,,peer_belonging,1.0,0.03,0.52
teen_social_life_support_353,353,ok,,,social_media_hours,1.0,0.08,0.47
teen_social_life_support_353,353,ok,,,posting_frequency,1.0,0.12,0.32
teen_social_life_support_353,353,ok,,,late_night_use,1.0,0.08,0.36
teen_social_life_support_353,353,ok,,,sleep_interference,1.0,0.11,0.39
teen_social_life_support_353,353,ok,,,social_comparison,1.0,0.08,0.42
teen_social_life_support_353,353,ok,,,connection_effect,1.0,0.24,0.42
teen_social_life_support_353,353,ok,,,parental_rules,0.9999999999999999,0.12,0.41
teen_social_life_support_353,353,ok,,,primary_platform,0.9999999999999999,0.01,0.35
teen_social_life_support_353,353,ok,,,school_effort,1.0,0.06,0.42
teen_social_life_support_353,353,ok,,,academic_confidence,1.0,0.12,0.36
teen_social_life_support_353,353,ok,,,homework_distraction,1.0,0.1,0.41
teen_social_life_support_353,353,ok,,,organized_activity,1.0,0.18,0.35
teen_social_life_support_353,353,ok,,,career_clarity,1.0,0.07,0.38
teen_social_life_support_353,353,ok,,,future_optimism,1.0,0.05,0.52
teen_social_life_support_353,353,ok,,,peer_belonging,1.0,0.16,0.38
teen_social_life_support_354,354,ok,,,social_media_hours,1.0,0.08,0.52
teen_social_life_support_354,354,ok,,,posting_frequency,1.0,0.16,0.34
teen_social_life_support_354,354,ok,,,late_night_use,1.0,0.05,0.43
teen_social_life_support_354,354,ok,,,sleep_interference,1.0,0.08,0.43
teen_social_life_support_354,354,ok,,,social_comparison,1.0,0.04,0.48
teen_social_life_support_354,354,ok,,,connection_effect,1.0,0.2,0.4
teen_social_life_support_354,354,ok,,,parental_rules,1.0,0.13,0.36
teen_social_life_support_354,354,ok,,,primary_platform,1.0,0.02,0.28
teen_social_life_support_354,354,ok,,,school_effort,1.0,0.03,0.43
teen_social_life_support_354,354,ok,,,academic_confidence,1.0,0.08,0.42
teen_social_life_support_354,354,ok,,,homework_distraction,1.0,0.07,0.44
teen_social_life_support_354,354,ok,,,organized_activity,1.0,0.18,0.32
teen_social_life_support_354,354,ok,,,career_clarity,1.0,0.08,0.46
teen_social_life_support_354,354,ok,,,future_optimism,1.0,0.02,0.72
teen_social_life_support_354,354,ok,,,peer_belonging,1.0,0.06,0.45
teen_social_life_support_355,355,ok,,,social_media_hours,1.0,0.12,0.55
teen_social_life_support_355,355,ok,,,posting_frequency,1.0,0.16,0.34
teen_social_life_support_355,355,ok,,,late_night_use,1.0,0.1,0.42
teen_social_life_support_355,355,ok,,,sleep_interference,1.0,0.14,0.36
teen_social_life_support_355,355,ok,,,social_comparison,1.0,0.09,0.43
teen_social_life_support_355,355,ok,,,connection_effect,1.0,0.14,0.52
teen_social_life_support_355,355,ok,,,parental_rules,1.0,0.12,0.38
teen_social_life_support_355,355,ok,,,primary_platform,1.0000000000000002,0.03,0.3
teen_social_life_support_355,355,ok,,,school_effort,1.0,0.02,0.54
teen_social_life_support_355,355,ok,,,academic_confidence,1.0,0.04,0.53
teen_social_life_support_355,355,ok,,,homework_distraction,1.0,0.1,0.41
teen_social_life_support_355,355,ok,,,organized_activity,1.0,0.18,0.33
teen_social_life_support_355,355,ok,,,career_clarity,0.9999999999999999,0.11,0.42
teen_social_life_support_355,355,ok,,,future_optimism,1.0,0.03,0.56
teen_social_life_support_355,355,ok,,,peer_belonging,1.0,0.04,0.43
teen_social_life_support_356,356,ok,,,social_media_hours,1.0,0.12,0.58
teen_social_life_support_356,356,ok,,,posting_frequency,1.0,0.16,0.38
teen_social_life_support_356,356,ok,,,late_night_use,1.0,0.14,0.36
teen_social_life_support_356,356,ok,,,sleep_interference,1.0,0.14,0.34
teen_social_life_support_356,356,ok,,,social_comparison,1.0,0.14,0.34
teen_social_life_support_356,356,ok,,,connection_effect,1.0,0.1,0.58
teen_social_life_support_356,356,ok,,,parental_rules,1.0,0.12,0.38
teen_social_life_support_356,356,ok,,,primary_platform,1.0,0.02,0.28
teen_social_life_support_356,356,ok,,,school_effort,1.0,0.02,0.68
teen_social_life_support_356,356,ok,,,academic_confidence,1.0,0.02,0.62
teen_social_life_support_356,356,ok,,,homework_distraction,1.0,0.14,0.34
teen_social_life_support_356,356,ok,,,organized_activity,1.0,0.12,0.5
teen_social_life_support_356,356,ok,,,career_clarity,1.0,0.06,0.42
teen_social_life_support_356,356,ok,,,future_optimism,1.0,0.01,0.85
teen_social_life_support_356,356,ok,,,peer_belonging,1.0,0.02,0.62
teen_social_life_support_357,357,ok,,,social_media_hours,1.0,0.18,0.52
teen_social_life_support_357,357,ok,,,posting_frequency,1.0,0.12,0.38
teen_social_life_support_357,357,ok,,,late_night_use,1.0,0.14,0.37
teen_social_life_support_357,357,ok,,,sleep_interference,1.0,0.17,0.35
teen_social_life_support_357,357,ok,,,social_comparison,1.0,0.08,0.43
teen_social_life_support_357,357,ok,,,connection_effect,1.0,0.22,0.4
teen_social_life_support_357,357,ok,,,parental_rules,1.0,0.15,0.35
teen_social_life_support_357,357,ok,,,primary_platform,1.0,0.04,0.28
teen_social_life_support_357,357,ok,,,school_effort,1.0,0.05,0.41
teen_social_life_support_357,357,ok,,,academic_confidence,1.0,0.12,0.42
teen_social_life_support_357,357,ok,,,homework_distraction,1.0,0.14,0.37
teen_social_life_support_357,357,ok,,,organized_activity,1.0,0.19,0.38
teen_social_life_support_357,357,ok,,,career_clarity,1.0,0.1,0.38
teen_social_life_support_357,357,ok,,,future_optimism,1.0,0.13,0.42
teen_social_life_support_357,357,ok,,,peer_belonging,1.0,0.04,0.55
teen_social_life_support_358,358,ok,,,social_media_hours,1.0,0.12,0.48
teen_social_life_support_358,358,ok,,,posting_frequency,1.0,0.12,0.35
teen_social_life_support_358,358,ok,,,late_night_use,1.0,0.08,0.38
teen_social_life_support_358,358,ok,,,sleep_interference,1.0,0.12,0.36
teen_social_life_support_358,358,ok,,,social_comparison,1.0,0.05,0.44
teen_social_life_support_358,358,ok,,,connection_effect,1.0,0.2,0.45
teen_social_life_support_358,358,ok,,,parental_rules,1.0,0.14,0.38
teen_social_life_support_358,358,ok,,,primary_platform,1.0,0.02,0.3
teen_social_life_support_358,358,ok,,,school_effort,1.0,0.03,0.45
teen_social_life_support_358,358,ok,,,academic_confidence,1.0,0.1,0.45
teen_social_life_support_358,358,ok,,,homework_distraction,1.0,0.1,0.4
teen_social_life_support_358,358,ok,,,organized_activity,1.0,0.18,0.35
teen_social_life_support_358,358,ok,,,career_clarity,1.0,0.1,0.4
teen_social_life_support_358,358,ok,,,future_optimism,1.0,0.12,0.42
teen_social_life_support_358,358,ok,,,peer_belonging,1.0,0.02,0.72
teen_social_life_support_359,359,ok,,,social_media_hours,1.0,0.12,0.58
teen_social_life_support_359,359,ok,,,posting_frequency,1.0,0.18,0.34
teen_social_life_support_359,359,ok,,,late_night_use,1.0,0.08,0.42
teen_social_life_support_359,359,ok,,,sleep_interference,1.0,0.12,0.4
teen_social_life_support_359,359,ok,,,social_comparison,1.0,0.1,0.44
teen_social_life_support_359,359,ok,,,connection_effect,1.0,0.16,0.46
teen_social_life_support_359,359,ok,,,parental_rules,1.0,0.12,0.38
teen_social_life_support_359,359,ok,,,primary_platform,1.0,0.02,0.3
teen_social_life_support_359,359,ok,,,school_effort,1.0,0.03,0.51
teen_social_life_support_359,359,ok,,,academic_confidence,1.0,0.04,0.52
teen_social_life_support_359,359,ok,,,homework_distraction,1.0,0.1,0.44
teen_social_life_support_359,359,ok,,,organized_activity,1.0,0.16,0.36
teen_social_life_support_359,359,ok,,,career_clarity,1.0,0.14,0.38
teen_social_life_support_359,359,ok,,,future_optimism,1.0,0.06,0.5
teen_social_life_support_359,359,ok,,,peer_belonging,1.0,0.05,0.55
teen_social_life_support_360,360,ok,,,social_media_hours,1.0,0.08,0.49
teen_social_life_support_360,360,ok,,,posting_frequency,1.0,0.1,0.43
teen_social_life_support_360,360,ok,,,late_night_use,1.0,0.07,0.42
teen_social_life_support_360,360,ok,,,sleep_interference,1.0,0.14,0.36
teen_social_life_support_360,360,ok,,,social_comparison,1.0,0.12,0.39
teen_social_life_support_360,360,ok,,,connection_effect,1.0,0.07,0.69
teen_social_life_support_360,360,ok,,,parental_rules,1.0,0.13,0.37
teen_social_life_support_360,360,ok,,,primary_platform,1.0,0.01,0.28
teen_social_life_support_360,360,ok,,,school_effort,1.0,0.02,0.6
teen_social_life_support_360,360,ok,,,academic_confidence,1.0,0.03,0.46
teen_social_life_support_360,360,ok,,,homework_distraction,1.0,0.12,0.39
teen_social_life_support_360,360,ok,,,organized_activity,1.0,0.15,0.42
teen_social_life_support_360,360,ok,,,career_clarity,1.0,0.14,0.36
teen_social_life_support_360,360,ok,,,future_optimism,1.0,0.04,0.43
teen_social_life_support_360,360,ok,,,peer_belonging,1.0,0.01,0.8
teen_social_life_support_361,361,ok,,,social_media_hours,0.9999999999999999,0.08,0.58
teen_social_life_support_361,361,ok,,,posting_frequency,0.9999999999999999,0.1,0.35
teen_social_life_support_361,361,ok,,,late_night_use,0.9999999999999999,0.08,0.42
teen_social_life_support_361,361,ok,,,sleep_interference,1.0,0.07,0.4
teen_social_life_support_361,361,ok,,,social_comparison,1.0,0.09,0.42
teen_social_life_support_361,361,ok,,,connection_effect,1.0,0.15,0.5
teen_social_life_support_361,361,ok,,,parental_rules,1.0,0.1,0.42
teen_social_life_support_361,361,ok,,,primary_platform,1.0,0.08,0.22
teen_social_life_support_361,361,ok,,,school_effort,1.0,0.02,0.58
teen_social_life_support_361,361,ok,,,academic_confidence,1.0,0.03,0.45
teen_social_life_support_361,361,ok,,,homework_distraction,1.0,0.05,0.4
teen_social_life_support_361,361,ok,,,organized_activity,1.0,0.12,0.4
teen_social_life_support_361,361,ok,,,career_clarity,1.0,0.15,0.35
teen_social_life_support_361,361,ok,,,future_optimism,1.0,0.04,0.48
teen_social_life_support_361,361,ok,,,peer_belonging,1.0,0.04,0.47
teen_social_life_support_362,362,ok,,,social_media_hours,1.0,0.06,0.86
teen_social_life_support_362,362,ok,,,posting_frequency,1.0,0.12,0.44
teen_social_life_support_362,362,ok,,,late_night_use,1.0,0.1,0.43
teen_social_life_support_362,362,ok,,,sleep_interference,1.0000000000000002,0.1,0.4
teen_social_life_support_362,362,ok,,,social_comparison,1.0,0.12,0.4
teen_social_life_support_362,362,ok,,,connection_effect,1.0,0.08,0.58
teen_social_life_support_362,362,ok,,,parental_rules,1.0,0.12,0.39
teen_social_life_support_362,362,ok,,,primary_platform,1.0,0.01,0.31
teen_social_life_support_362,362,ok,,,school_effort,1.0,0.02,0.62
teen_social_life_support_362,362,ok,,,academic_confidence,1.0,0.03,0.43
teen_social_life_support_362,362,ok,,,homework_distraction,1.0000000000000002,0.11,0.39
teen_social_life_support_362,362,ok,,,organized_activity,1.0,0.14,0.43
teen_social_life_support_362,362,ok,,,career_clarity,1.0,0.12,0.39
teen_social_life_support_362,362,ok,,,future_optimism,1.0,0.04,0.45
teen_social_life_support_362,362,ok,,,peer_belonging,1.0,0.04,0.47
teen_social_life_support_363,363,ok,,,social_media_hours,1.0,0.08,0.6
teen_social_life_support_363,363,ok,,,posting_frequency,1.0,0.12,0.38
teen_social_life_support_363,363,ok,,,late_night_use,1.0,0.06,0.42
teen_social_life_support_363,363,ok,,,sleep_interference,1.0,0.1,0.43
teen_social_life_support_363,363,ok,,,social_comparison,1.0,0.08,0.46
teen_social_life_support_363,363,ok,,,connection_effect,1.0,0.12,0.55
teen_social_life_support_363,363,ok,,,parental_rules,0.9999999999999999,0.1,0.38
teen_social_life_support_363,363,ok,,,primary_platform,1.0000000000000002,0.01,0.34
teen_social_life_support_363,363,ok,,,school_effort,1.0,0.03,0.5
teen_social_life_support_363,363,ok,,,academic_confidence,1.0,0.04,0.48
teen_social_life_support_363,363,ok,,,homework_distraction,1.0,0.07,0.46
teen_social_life_support_363,363,ok,,,organized_activity,1.0,0.18,0.37
teen_social_life_support_363,363,ok,,,career_clarity,1.0,0.15,0.36
teen_social_life_support_363,363,ok,,,future_optimism,1.0,0.04,0.5
teen_social_life_support_363,363,ok,,,peer_belonging,1.0,0.04,0.45
teen_social_life_support_364,364,ok,,,social_media_hours,1.0,0.13,0.45
teen_social_life_support_364,364,ok,,,posting_frequency,1.0,0.02,0.82
teen_social_life_support_364,364,ok,,,late_night_use,0.9999999999999999,0.08,0.42
teen_social_life_support_364,364,ok,,,sleep_interference,1.0,0.06,0.39
teen_social_life_support_364,364,ok,,,social_comparison,0.9999999999999999,0.1,0.38
teen_social_life_support_364,364,ok,,,connection_effect,1.0,0.18,0.56
teen_social_life_support_364,364,ok,,,parental_rules,1.0,0.12,0.38
teen_social_life_support_364,364,ok,,,primary_platform,1.0,0.08,0.39
teen_social_life_support_364,364,ok,,,school_effort,1.0,0.02,0.6
teen_social_life_support_364,364,ok,,,academic_confidence,1.0,0.02,0.45
teen_social_life_support_364,364,ok,,,homework_distraction,0.9999999999999999,0.08,0.38
teen_social_life_support_364,364,ok,,,organized_activity,1.0,0.13,0.46
teen_social_life_support_364,364,ok,,,career_clarity,1.0,0.16,0.34
teen_social_life_support_364,364,ok,,,future_optimism,1.0,0.03,0.48
teen_social_life_support_364,364,ok,,,peer_belonging,1.0,0.04,0.47
teen_social_life_support_365,365,ok,,,social_media_hours,1.0,0.2,0.55
teen_social_life_support_365,365,ok,,,posting_frequency,0.9999999999999999,0.09,0.48
teen_social_life_support_365,365,ok,,,late_night_use,1.0,0.16,0.34
teen_social_life_support_365,365,ok,,,sleep_interference,1.0,0.12,0.36
teen_social_life_support_365,365,ok,,,social_comparison,1.0,0.14,0.34
teen_social_life_support_365,365,ok,,,connection_effect,1.0,0.12,0.45
teen_social_life_support_365,365,ok,,,parental_rules,1.0,0.14,0.36
teen_social_life_support_365,365,ok,,,primary_platform,0.9999999999999999,0.04,0.24
teen_social_life_support_365,365,ok,,,school_effort,1.0,0.03,0.55
teen_social_life_support_365,365,ok,,,academic_confidence,1.0,0.04,0.44
teen_social_life_support_365,365,ok,,,homework_distraction,0.9999999999999999,0.11,0.36
teen_social_life_support_365,365,ok,,,organized_activity,1.0,0.14,0.4
teen_social_life_support_365,365,ok,,,career_clarity,1.0,0.17,0.33
teen_social_life_support_365,365,ok,,,future_optimism,1.0,0.05,0.46
teen_social_life_support_365,365,ok,,,peer_belonging,1.0,0.05,0.42
teen_social_life_support_366,366,ok,,,social_media_hours,1.0,0.1,0.6
teen_social_life_support_366,366,ok,,,posting_frequency,1.0,0.02,0.78
teen_social_life_support_366,366,ok,,,late_night_use,1.0,0.08,0.43
teen_social_life_support_366,366,ok,,,sleep_interference,1.0,0.15,0.35
teen_social_life_support_366,366,ok,,,social_comparison,1.0,0.1,0.42
teen_social_life_support_366,366,ok,,,connection_effect,1.0,0.08,0.6
teen_social_life_support_366,366,ok,,,parental_rules,1.0,0.12,0.38
teen_social_life_support_366,366,ok,,,primary_platform,1.0,0.01,0.28
teen_social_life_support_366,366,ok,,,school_effort,1.0,0.02,0.62
teen_social_life_support_366,366,ok,,,academic_confidence,1.0,0.03,0.47
teen_social_life_support_366,366,ok,,,homework_distraction,1.0,0.1,0.45
teen_social_life_support_366,366,ok,,,organized_activity,1.0,0.14,0.4
teen_social_life_support_366,366,ok,,,career_clarity,1.0,0.12,0.38
teen_social_life_support_366,366,ok,,,future_optimism,1.0,0.04,0.48
teen_social_life_support_366,366,ok,,,peer_belonging,1.0,0.03,0.5
teen_social_life_support_367,367,ok,,,social_media_hours,1.0,0.08,0.52
teen_social_life_support_367,367,ok,,,posting_frequency,1.0,0.03,0.55
teen_social_life_support_367,367,ok,,,late_night_use,0.9999999999999999,0.05,0.42
teen_social_life_support_367,367,ok,,,sleep_interference,1.0,0.08,0.45
teen_social_life_support_367,367,ok,,,social_comparison,1.0,0.07,0.46
teen_social_life_support_367,367,ok,,,connection_effect,1.0,0.1,0.62
teen_social_life_support_367,367,ok,,,parental_rules,0.9999999999999999,0.1,0.42
teen_social_life_support_367,367,ok,,,primary_platform,1.0,0.01,0.3
teen_social_life_support_367,367,ok,,,school_effort,1.0,0.02,0.58
teen_social_life_support_367,367,ok,,,academic_confidence,1.0,0.03,0.48
teen_social_life_support_367,367,ok,,,homework_distraction,1.0,0.06,0.47
teen_social_life_support_367,367,ok,,,organized_activity,1.0,0.16,0.4
teen_social_life_support_367,367,ok,,,career_clarity,1.0,0.15,0.35
teen_social_life_support_367,367,ok,,,future_optimism,1.0,0.04,0.46
teen_social_life_support_367,367,ok,,,peer_belonging,1.0,0.03,0.52
teen_social_life_support_368,368,ok,,,social_media_hours,1.0,0.06,0.52
teen_social_life_support_368,368,ok,,,posting_frequency,1.0,0.07,0.48
teen_social_life_support_368,368,ok,,,late_night_use,1.0,0.02,0.82
teen_social_life_support_368,368,ok,,,sleep_interference,1.0,0.03,0.66
teen_social_life_support_368,368,ok,,,social_comparison,0.9999999999999999,0.08,0.42
teen_social_life_support_368,368,ok,,,connection_effect,1.0,0.12,0.48
teen_social_life_support_368,368,ok,,,parental_rules,1.0,0.06,0.44
teen_social_life_support_368,368,ok,,,primary_platform,1.0,0.04,0.24
teen_social_life_support_368,368,ok,,,school_effort,1.0,0.01,0.7
teen_social_life_support_368,368,ok,,,academic_confidence,1.0,0.02,0.52
teen_social_life_support_368,368,ok,,,homework_distraction,1.0,0.04,0.57
teen_social_life_support_368,368,ok,,,organized_activity,1.0,0.12,0.52
teen_social_life_support_368,368,ok,,,career_clarity,1.0,0.1,0.38
teen_social_life_support_368,368,ok,,,future_optimism,1.0,0.02,0.47
teen_social_life_support_368,368,ok,,,peer_belonging,1.0,0.03,0.5
teen_social_life_support_369,369,ok,,,social_media_hours,1.0,0.2,0.58
teen_social_life_support_369,369,ok,,,posting_frequency,1.0,0.12,0.35
teen_social_life_support_369,369,ok,,,late_night_use,1.0,0.06,0.5
teen_social_life_support_369,369,ok,,,sleep_interference,1.0,0.06,0.43
teen_social_life_support_369,369,ok,,,social_comparison,1.0000000000000002,0.1,0.39
teen_social_life_support_369,369,ok,,,connection_effect,1.0,0.12,0.5
teen_social_life_support_369,369,ok,,,parental_rules,1.0,0.08,0.42
teen_social_life_support_369,369,ok,,,primary_platform,1.0,0.02,0.26
teen_social_life_support_369,369,ok,,,school_effort,1.0,0.02,0.55
teen_social_life_support_369,369,ok,,,academic_confidence,1.0,0.04,0.45
teen_social_life_support_369,369,ok,,,homework_distraction,1.0,0.07,0.43
teen_social_life_support_369,369,ok,,,organized_activity,1.0,0.12,0.44
teen_social_life_support_369,369,ok,,,career_clarity,1.0,0.12,0.38
teen_social_life_support_369,369,ok,,,future_optimism,1.0,0.04,0.46
teen_social_life_support_369,369,ok,,,peer_belonging,1.0,0.04,0.43
teen_social_life_support_370,370,ok,,,social_media_hours,0.9999999999999999,0.06,0.58
teen_social_life_support_370,370,ok,,,posting_frequency,1.0,0.12,0.43
teen_social_life_support_370,370,ok,,,late_night_use,1.0,0.02,0.78
teen_social_life_support_370,370,ok,,,sleep_interference,1.0,0.05,0.5
teen_social_life_support_370,370,ok,,,social_comparison,1.0,0.08,0.44
teen_social_life_support_370,370,ok,,,connection_effect,1.0,0.08,0.61
teen_social_life_support_370,370,ok,,,parental_rules,1.0,0.1,0.39
teen_social_life_support_370,370,ok,,,primary_platform,0.9999999999999999,0.01,0.35
teen_social_life_support_370,370,ok,,,school_effort,1.0,0.01,0.67
teen_social_life_support_370,370,ok,,,academic_confidence,1.0,0.03,0.48
teen_social_life_support_370,370,ok,,,homework_distraction,1.0,0.06,0.48
teen_social_life_support_370,370,ok,,,organized_activity,1.0,0.16,0.38
teen_social_life_support_370,370,ok,,,career_clarity,1.0,0.13,0.36
teen_social_life_support_370,370,ok,,,future_optimism,1.0,0.04,0.49
teen_social_life_support_370,370,ok,,,peer_belonging,1.0,0.04,0.47
teen_social_life_support_371,371,ok,,,social_media_hours,1.0,0.06,0.55
teen_social_life_support_371,371,ok,,,posting_frequency,1.0,0.13,0.38
teen_social_life_support_371,371,ok,,,late_night_use,1.0,0.03,0.51
teen_social_life_support_371,371,ok,,,sleep_interference,1.0,0.06,0.43
teen_social_life_support_371,371,ok,,,social_comparison,1.0,0.08,0.43
teen_social_life_support_371,371,ok,,,connection_effect,1.0,0.12,0.59
teen_social_life_support_371,371,ok,,,parental_rules,1.0,0.13,0.37
teen_social_life_support_371,371,ok,,,primary_platform,1.0,0.01,0.34
teen_social_life_support_371,371,ok,,,school_effort,1.0,0.02,0.58
teen_social_life_support_371,371,ok,,,academic_confidence,1.0,0.03,0.48
teen_social_life_support_371,371,ok,,,homework_distraction,1.0,0.04,0.48
teen_social_life_support_371,371,ok,,,organized_activity,1.0,0.17,0.34
teen_social_life_support_371,371,ok,,,career_clarity,1.0,0.15,0.35
teen_social_life_support_371,371,ok,,,future_optimism,1.0,0.04,0.48
teen_social_life_support_371,371,ok,,,peer_belonging,1.0,0.04,0.45
teen_social_life_support_372,372,ok,,,social_media_hours,1.0,0.1,0.45
teen_social_life_support_372,372,ok,,,posting_frequency,0.9999999999999999,0.1,0.35
teen_social_life_support_372,372,ok,,,late_night_use,1.0,0.03,0.62
teen_social_life_support_372,372,ok,,,sleep_interference,1.0,0.02,0.84
teen_social_life_support_372,372,ok,,,social_comparison,1.0,0.06,0.42
teen_social_life_support_372,372,ok,,,connection_effect,1.0,0.06,0.59
teen_social_life_support_372,372,ok,,,parental_rules,1.0,0.08,0.44
teen_social_life_support_372,372,ok,,,primary_platform,1.0,0.04,0.24
teen_social_life_support_372,372,ok,,,school_effort,1.0,0.01,0.7
teen_social_life_support_372,372,ok,,,academic_confidence,1.0,0.02,0.52
teen_social_life_support_372,372,ok,,,homework_distraction,1.0,0.03,0.62
teen_social_life_support_372,372,ok,,,organized_activity,1.0,0.12,0.51
teen_social_life_support_372,372,ok,,,career_clarity,1.0,0.12,0.37
teen_social_life_support_372,372,ok,,,future_optimism,1.0,0.02,0.45
teen_social_life_support_372,372,ok,,,peer_belonging,1.0,0.02,0.59
teen_social_life_support_373,373,ok,,,social_media_hours,1.0,0.15,0.58
teen_social_life_support_373,373,ok,,,posting_frequency,1.0,0.16,0.34
teen_social_life_support_373,373,ok,,,late_night_use,1.0,0.12,0.38
teen_social_life_support_373,373,ok,,,sleep_interference,0.9999999999999999,0.08,0.44
teen_social_life_support_373,373,ok,,,social_comparison,1.0,0.14,0.36
teen_social_life_support_373,373,ok,,,connection_effect,1.0,0.12,0.5
teen_social_life_support_373,373,ok,,,parental_rules,1.0,0.13,0.37
teen_social_life_support_373,373,ok,,,primary_platform,1.0,0.02,0.31
teen_social_life_support_373,373,ok,,,school_effort,1.0,0.02,0.6
teen_social_life_support_373,373,ok,,,academic_confidence,1.0,0.03,0.48
teen_social_life_support_373,373,ok,,,homework_distraction,1.0000000000000002,0.1,0.39
teen_social_life_support_373,373,ok,,,organized_activity,1.0,0.14,0.45
teen_social_life_support_373,373,ok,,,career_clarity,1.0,0.15,0.35
teen_social_life_support_373,373,ok,,,future_optimism,1.0,0.04,0.5
teen_social_life_support_373,373,ok,,,peer_belonging,1.0,0.04,0.48
teen_social_life_support_374,374,ok,,,social_media_hours,1.0,0.08,0.47
teen_social_life_support_374,374,ok,,,posting_frequency,1.0,0.08,0.43
teen_social_life_support_374,374,ok,,,late_night_use,1.0,0.03,0.52
teen_social_life_support_374,374,ok,,,sleep_interference,1.0,0.02,0.7
teen_social_life_support_374,374,ok,,,social_comparison,1.0,0.06,0.5
teen_social_life_support_374,374,ok,,,connection_effect,1.0,0.12,0.54
teen_social_life_support_374,374,ok,,,parental_rules,1.0,0.12,0.38
teen_social_life_support_374,374,ok,,,primary_platform,1.0,0.01,0.31
teen_social_life_support_374,374,ok,,,school_effort,1.0,0.02,0.62
teen_social_life_support_374,374,ok,,,academic_confidence,1.0,0.03,0.53
teen_social_life_support_374,374,ok,,,homework_distraction,1.0,0.05,0.53
teen_social_life_support_374,374,ok,,,organized_activity,0.9999999999999999,0.16,0.36
teen_social_life_support_374,374,ok,,,career_clarity,1.0,0.13,0.36
teen_social_life_support_374,374,ok,,,future_optimism,1.0,0.04,0.51
teen_social_life_support_374,374,ok,,,peer_belonging,1.0,0.04,0.48
teen_social_life_support_375,375,ok,,,social_media_hours,1.0,0.03,0.6
teen_social_life_support_375,375,ok,,,posting_frequency,1.0,0.08,0.39
teen_social_life_support_375,375,ok,,,late_night_use,1.0,0.02,0.55
teen_social_life_support_375,375,ok,,,sleep_interference,1.0,0.03,0.5
teen_social_life_support_375,375,ok,,,social_comparison,1.0,0.06,0.46
teen_social_life_support_375,375,ok,,,connection_effect,1.0,0.12,0.58
teen_social_life_support_375,375,ok,,,parental_rules,1.0,0.14,0.36
teen_social_life_support_375,375,ok,,,primary_platform,1.0,0.01,0.33
teen_social_life_support_375,375,ok,,,school_effort,1.0,0.02,0.59
teen_social_life_support_375,375,ok,,,academic_confidence,1.0,0.03,0.48
teen_social_life_support_375,375,ok,,,homework_distraction,1.0,0.04,0.47
teen_social_life_support_375,375,ok,,,organized_activity,1.0,0.2,0.33
teen_social_life_support_375,375,ok,,,career_clarity,1.0,0.16,0.34
teen_social_life_support_375,375,ok,,,future_optimism,1.0,0.05,0.48
teen_social_life_support_375,375,ok,,,peer_belonging,1.0,0.04,0.48
teen_social_life_support_376,376,ok,,,social_media_hours,1.0,0.17,0.48
teen_social_life_support_376,376,ok,,,posting_frequency,1.0,0.13,0.34
teen_social_life_support_376,376,ok,,,late_night_use,0.9999999999999999,0.11,0.35
teen_social_life_support_376,376,ok,,,sleep_interference,1.0,0.06,0.43
teen_social_life_support_376,376,ok,,,social_comparison,1.0,0.01,0.87
teen_social_life_support_376,376,ok,,,connection_effect,1.0,0.07,0.55
teen_social_life_support_376,376,ok,,,parental_rules,1.0,0.13,0.38
teen_social_life_support_376,376,ok,,,primary_platform,1.0,0.06,0.25
teen_social_life_support_376,376,ok,,,school_effort,1.0,0.02,0.59
teen_social_life_support_376,376,ok,,,academic_confidence,1.0,0.03,0.45
teen_social_life_support_376,376,ok,,,homework_distraction,0.9999999999999999,0.08,0.36
teen_social_life_support_376,376,ok,,,organized_activity,1.0,0.14,0.43
teen_social_life_support_376,376,ok,,,career_clarity,1.0,0.14,0.36
teen_social_life_support_376,376,ok,,,future_optimism,1.0,0.03,0.45
teen_social_life_support_376,376,ok,,,peer_belonging,1.0,0.03,0.6
teen_social_life_support_377,377,ok,,,social_media_hours,1.0,0.2,0.55
teen_social_life_support_377,377,ok,,,posting_frequency,1.0,0.16,0.34
teen_social_life_support_377,377,ok,,,late_night_use,1.0,0.14,0.36
teen_social_life_support_377,377,ok,,,sleep_interference,1.0,0.1,0.4
teen_social_life_support_377,377,ok,,,social_comparison,1.0,0.07,0.45
teen_social_life_support_377,377,ok,,,connection_effect,1.0,0.1,0.55
teen_social_life_support_377,377,ok,,,parental_rules,1.0,0.12,0.36
teen_social_life_support_377,377,ok,,,primary_platform,1.0,0.02,0.3
teen_social_life_support_377,377,ok,,,school_effort,1.0,0.02,0.58
teen_social_life_support_377,377,ok,,,academic_confidence,1.0,0.03,0.44
teen_social_life_support_377,377,ok,,,homework_distraction,1.0000000000000002,0.1,0.4
teen_social_life_support_377,377,ok,,,organized_activity,1.0,0.18,0.32
teen_social_life_support_377,377,ok,,,career_clarity,1.0,0.15,0.38
teen_social_life_support_377,377,ok,,,future_optimism,1.0,0.04,0.46
teen_social_life_support_377,377,ok,,,peer_belonging,1.0,0.03,0.49
teen_social_life_support_378,378,ok,,,social_media_hours,1.0,0.1,0.55
teen_social_life_support_378,378,ok,,,posting_frequency,1.0,0.16,0.34
teen_social_life_support_378,378,ok,,,late_night_use,1.0,0.08,0.43
teen_social_life_support_378,378,ok,,,sleep_interference,1.0,0.12,0.4
teen_social_life_support_378,378,ok,,,social_comparison,1.0,0.02,0.74
teen_social_life_support_378,378,ok,,,connection_effect,1.0,0.1,0.56
teen_social_life_support_378,378,ok,,,parental_rules,1.0,0.12,0.38
teen_social_life_support_378,378,ok,,,primary_platform,1.0,0.01,0.27
teen_social_life_support_378,378,ok,,,school_effort,1.0,0.02,0.62
teen_social_life_support_378,378,ok,,,academic_confidence,1.0,0.03,0.47
teen_social_life_support_378,378,ok,,,homework_distraction,1.0,0.08,0.45
teen_social_life_support_378,378,ok,,,organized_activity,1.0,0.17,0.34
teen_social_life_support_378,378,ok,,,career_clarity,1.0,0.13,0.37
teen_social_life_support_378,378,ok,,,future_optimism,1.0,0.04,0.52
teen_social_life_support_378,378,ok,,,peer_belonging,1.0,0.03,0.45
teen_social_life_support_379,379,ok,,,social_media_hours,1.0,0.15,0.45
teen_social_life_support_379,379,ok,,,posting_frequency,1.0,0.12,0.38
teen_social_life_support_379,379,ok,,,late_night_use,1.0,0.08,0.42
teen_social_life_support_379,379,ok,,,sleep_interference,1.0,0.12,0.4
teen_social_life_support_379,379,ok,,,social_comparison,1.0,0.03,0.5
teen_social_life_support_379,379,ok,,,connection_effect,1.0,0.25,0.4
teen_social_life_support_379,379,ok,,,parental_rules,0.9999999999999999,0.1,0.45
teen_social_life_support_379,379,ok,,,primary_platform,1.0,0.01,0.35
teen_social_life_support_379,379,ok,,,school_effort,1.0,0.05,0.5
teen_social_life_support_379,379,ok,,,academic_confidence,1.0,0.08,0.45
teen_social_life_support_379,379,ok,,,homework_distraction,1.0,0.1,0.43
teen_social_life_support_379,379,ok,,,organized_activity,1.0,0.16,0.4
teen_social_life_support_379,379,ok,,,career_clarity,1.0,0.15,0.35
teen_social_life_support_379,379,ok,,,future_optimism,1.0,0.08,0.45
teen_social_life_support_379,379,ok,,,peer_belonging,1.0,0.06,0.42
teen_social_life_support_380,380,ok,,,social_media_hours,1.0,0.08,0.55
teen_social_life_support_380,380,ok,,,posting_frequency,1.0,0.14,0.34
teen_social_life_support_380,380,ok,,,late_night_use,1.0,0.03,0.48
teen_social_life_support_380,380,ok,,,sleep_interference,1.0,0.04,0.41
teen_social_life_support_380,380,ok,,,social_comparison,1.0,0.02,0.49
teen_social_life_support_380,380,ok,,,connection_effect,1.0,0.03,0.88
teen_social_life_support_380,380,ok,,,parental_rules,1.0,0.13,0.39
teen_social_life_support_380,380,ok,,,primary_platform,1.0,0.02,0.33
teen_social_life_support_380,380,ok,,,school_effort,1.0,0.02,0.56
teen_social_life_support_380,380,ok,,,academic_confidence,1.0,0.04,0.47
teen_social_life_support_380,380,ok,,,homework_distraction,1.0,0.03,0.41
teen_social_life_support_380,380,ok,,,organized_activity,1.0,0.2,0.31
teen_social_life_support_380,380,ok,,,career_clarity,0.9999999999999999,0.12,0.36
teen_social_life_support_380,380,ok,,,future_optimism,1.0,0.06,0.49
teen_social_life_support_380,380,ok,,,peer_belonging,1.0,0.14,0.36
teen_social_life_support_381,381,ok,,,social_media_hours,1.0,0.16,0.56
teen_social_life_support_381,381,ok,,,posting_frequency,1.0,0.15,0.34
teen_social_life_support_381,381,ok,,,late_night_use,1.0,0.12,0.38
teen_social_life_support_381,381,ok,,,sleep_interference,1.0,0.15,0.34
teen_social_life_support_381,381,ok,,,social_comparison,1.0,0.14,0.36
teen_social_life_support_381,381,ok,,,connection_effect,1.0,0.17,0.61
teen_social_life_support_381,381,ok,,,parental_rules,1.0,0.14,0.38
teen_social_life_support_381,381,ok,,,primary_platform,1.0,0.02,0.29
teen_social_life_support_381,381,ok,,,school_effort,1.0,0.03,0.52
teen_social_life_support_381,381,ok,,,academic_confidence,1.0,0.05,0.48
teen_social_life_support_381,381,ok,,,homework_distraction,1.0,0.14,0.35
teen_social_life_support_381,381,ok,,,organized_activity,1.0,0.17,0.35
teen_social_life_support_381,381,ok,,,career_clarity,1.0,0.14,0.38
teen_social_life_support_381,381,ok,,,future_optimism,1.0,0.05,0.45
teen_social_life_support_381,381,ok,,,peer_belonging,1.0,0.04,0.46
teen_social_life_support_382,382,ok,,,social_media_hours,1.0,0.05,0.5
teen_social_life_support_382,382,ok,,,posting_frequency,1.0,0.03,0.43
teen_social_life_support_382,382,ok,,,late_night_use,1.0,0.04,0.4
teen_social_life_support_382,382,ok,,,sleep_interference,1.0,0.1,0.42
teen_social_life_support_382,382,ok,,,social_comparison,1.0,0.08,0.45
teen_social_life_support_382,382,ok,,,connection_effect,1.0,0.01,0.95
teen_social_life_support_382,382,ok,,,parental_rules,1.0000000000000002,0.11,0.4
teen_social_life_support_382,382,ok,,,primary_platform,1.0,0.01,0.32
teen_social_life_support_382,382,ok,,,school_effort,1.0,0.02,0.6
teen_social_life_support_382,382,ok,,,academic_confidence,1.0,0.03,0.45
teen_social_life_support_382,382,ok,,,homework_distraction,1.0,0.07,0.46
teen_social_life_support_382,382,ok,,,organized_activity,1.0,0.14,0.45
teen_social_life_support_382,382,ok,,,career_clarity,1.0,0.15,0.35
teen_social_life_support_382,382,ok,,,future_optimism,1.0,0.03,0.43
teen_social_life_support_382,382,ok,,,peer_belonging,1.0,0.02,0.6
teen_social_life_support_383,383,ok,,,social_media_hours,1.0,0.12,0.48
teen_social_life_support_383,383,ok,,,posting_frequency,1.0,0.18,0.35
teen_social_life_support_383,383,ok,,,late_night_use,1.0,0.08,0.42
teen_social_life_support_383,383,ok,,,sleep_interference,1.0,0.14,0.37
teen_social_life_support_383,383,ok,,,social_comparison,1.0,0.13,0.38
teen_social_life_support_383,383,ok,,,connection_effect,1.0,0.1,0.56
teen_social_life_support_383,383,ok,,,parental_rules,1.0,0.04,0.55
teen_social_life_support_383,383,ok,,,primary_platform,1.0,0.01,0.34
teen_social_life_support_383,383,ok,,,school_effort,1.0,0.03,0.5
teen_social_life_support_383,383,ok,,,academic_confidence,1.0,0.04,0.47
teen_social_life_support_383,383,ok,,,homework_distraction,1.0,0.09,0.43
teen_social_life_support_383,383,ok,,,organized_activity,1.0,0.16,0.38
teen_social_life_support_383,383,ok,,,career_clarity,0.9999999999999999,0.12,0.37
teen_social_life_support_383,383,ok,,,future_optimism,1.0,0.05,0.48
teen_social_life_support_383,383,ok,,,peer_belonging,1.0,0.05,0.42
teen_social_life_support_384,384,ok,,,social_media_hours,1.0,0.08,0.48
teen_social_life_support_384,384,ok,,,posting_frequency,1.0,0.12,0.38
teen_social_life_support_384,384,ok,,,late_night_use,1.0,0.05,0.43
teen_social_life_support_384,384,ok,,,sleep_interference,1.0,0.1,0.43
teen_social_life_support_384,384,ok,,,social_comparison,1.0,0.08,0.45
teen_social_life_support_384,384,ok,,,connection_effect,1.0,0.08,0.64
teen_social_life_support_384,384,ok,,,parental_rules,0.9999999999999999,0.02,0.82
teen_social_life_support_384,384,ok,,,primary_platform,1.0,0.01,0.28
teen_social_life_support_384,384,ok,,,school_effort,1.0,0.02,0.6
teen_social_life_support_384,384,ok,,,academic_confidence,1.0,0.03,0.45
teen_social_life_support_384,384,ok,,,homework_distraction,1.0,0.08,0.45
teen_social_life_support_384,384,ok,,,organized_activity,1.0,0.18,0.39
teen_social_life_support_384,384,ok,,,career_clarity,1.0,0.15,0.35
teen_social_life_support_384,384,ok,,,future_optimism,1.0,0.04,0.44
teen_social_life_support_384,384,ok,,,peer_belonging,1.0,0.03,0.52
teen_social_life_support_385,385,ok,,,social_media_hours,1.0,0.12,0.52
teen_social_life_support_385,385,ok,,,posting_frequency,1.0,0.18,0.34
teen_social_life_support_385,385,ok,,,late_night_use,1.0,0.13,0.39
teen_social_life_support_385,385,ok,,,sleep_interference,1.0,0.12,0.36
teen_social_life_support_385,385,ok,,,social_comparison,1.0,0.12,0.39
teen_social_life_support_385,385,ok,,,connection_effect,1.0,0.13,0.56
teen_social_life_support_385,385,ok,,,parental_rules,0.9999999999999999,0.05,0.57
teen_social_life_support_385,385,ok,,,primary_platform,1.0000000000000002,0.03,0.31
teen_social_life_support_385,385,ok,,,school_effort,1.0,0.02,0.54
teen_social_life_support_385,385,ok,,,academic_confidence,1.0,0.03,0.48
teen_social_life_support_385,385,ok,,,homework_distraction,1.0,0.12,0.4
teen_social_life_support_385,385,ok,,,organized_activity,1.0,0.15,0.41
teen_social_life_support_385,385,ok,,,career_clarity,1.0,0.15,0.34
teen_social_life_support_385,385,ok,,,future_optimism,1.0,0.04,0.48
teen_social_life_support_385,385,ok,,,peer_belonging,1.0,0.05,0.4
teen_social_life_support_386,386,ok,,,social_media_hours,1.0,0.15,0.5
teen_social_life_support_386,386,ok,,,posting_frequency,0.9999999999999999,0.1,0.4
teen_social_life_support_386,386,ok,,,late_night_use,1.0,0.05,0.45
teen_social_life_support_386,386,ok,,,sleep_interference,1.0,0.05,0.5
teen_social_life_support_386,386,ok,,,social_comparison,0.9999999999999999,0.1,0.35
teen_social_life_support_386,386,ok,,,connection_effect,1.0,0.12,0.45
teen_social_life_support_386,386,ok,,,parental_rules,1.0,0.01,0.82
teen_social_life_support_386,386,ok,,,primary_platform,1.0,0.06,0.32
teen_social_life_support_386,386,ok,,,school_effort,1.0,0.02,0.65
teen_social_life_support_386,386,ok,,,academic_confidence,1.0,0.03,0.43
teen_social_life_support_386,386,ok,,,homework_distraction,1.0,0.05,0.45
teen_social_life_support_386,386,ok,,,organized_activity,1.0,0.14,0.45
teen_social_life_support_386,386,ok,,,career_clarity,1.0,0.15,0.35
teen_social_life_support_386,386,ok,,,future_optimism,1.0,0.04,0.45
teen_social_life_support_386,386,ok,,,peer_belonging,1.0,0.04,0.49
teen_social_life_support_387,387,ok,,,social_media_hours,1.0,0.12,0.53
teen_social_life_support_387,387,ok,,,posting_frequency,1.0,0.17,0.37
teen_social_life_support_387,387,ok,,,late_night_use,1.0,0.08,0.42
teen_social_life_support_387,387,ok,,,sleep_interference,1.0,0.14,0.35
teen_social_life_support_387,387,ok,,,social_comparison,1.0,0.1,0.43
teen_social_life_support_387,387,ok,,,connection_effect,1.0,0.12,0.58
teen_social_life_support_387,387,ok,,,parental_rules,1.0,0.12,0.36
teen_social_life_support_387,387,ok,,,primary_platform,1.0,0.02,0.58
teen_social_life_support_387,387,ok,,,school_effort,1.0,0.02,0.53
teen_social_life_support_387,387,ok,,,academic_confidence,1.0,0.04,0.48
teen_social_life_support_387,387,ok,,,homework_distraction,1.0,0.1,0.42
teen_social_life_support_387,387,ok,,,organized_activity,1.0,0.14,0.39
teen_social_life_support_387,387,ok,,,career_clarity,0.9999999999999999,0.12,0.37
teen_social_life_support_387,387,ok,,,future_optimism,1.0,0.05,0.5
teen_social_life_support_387,387,ok,,,peer_belonging,1.0,0.04,0.42
teen_social_life_support_388,388,ok,,,social_media_hours,1.0,0.05,0.5
teen_social_life_support_388,388,ok,,,posting_frequency,1.0,0.04,0.43
teen_social_life_support_388,388,ok,,,late_night_use,1.0,0.03,0.43
teen_social_life_support_388,388,ok,,,sleep_interference,1.0,0.08,0.42
teen_social_life_support_388,388,ok,,,social_comparison,1.0,0.04,0.5
teen_social_life_support_388,388,ok,,,connection_effect,1.0,0.08,0.68
teen_social_life_support_388,388,ok,,,parental_rules,1.0,0.12,0.38
teen_social_life_support_388,388,ok,,,primary_platform,1.0,0.01,0.75
teen_social_life_support_388,388,ok,,,school_effort,1.0,0.02,0.58
teen_social_life_support_388,388,ok,,,academic_confidence,1.0,0.03,0.45
teen_social_life_support_388,388,ok,,,homework_distraction,1.0,0.05,0.48
teen_social_life_support_388,388,ok,,,organized_activity,1.0,0.12,0.43
teen_social_life_support_388,388,ok,,,career_clarity,1.0,0.11,0.36
teen_social_life_support_388,388,ok,,,future_optimism,1.0,0.03,0.47
teen_social_life_support_388,388,ok,,,peer_belonging,1.0,0.03,0.52
teen_social_life_support_389,389,ok,,,social_media_hours,1.0,0.15,0.6
teen_social_life_support_389,389,ok,,,posting_frequency,1.0,0.15,0.3
teen_social_life_support_389,389,ok,,,late_night_use,1.0,0.12,0.38
teen_social_life_support_389,389,ok,,,sleep_interference,1.0000000000000002,0.1,0.4
teen_social_life_support_389,389,ok,,,social_comparison,1.0,0.12,0.38
teen_social_life_support_389,389,ok,,,connection_effect,1.0,0.15,0.45
teen_social_life_support_389,389,ok,,,parental_rules,1.0,0.12,0.38
teen_social_life_support_389,389,ok,,,primary_platform,1.0,0.02,0.55
teen_social_life_support_389,389,ok,,,school_effort,1.0,0.02,0.57
teen_social_life_support_389,389,ok,,,academic_confidence,1.0,0.04,0.45
teen_social_life_support_389,389,ok,,,homework_distraction,1.0,0.14,0.36
teen_social_life_support_389,389,ok,,,organized_activity,0.9999999999999999,0.17,0.35
teen_social_life_support_389,389,ok,,,career_clarity,1.0,0.15,0.36
teen_social_life_support_389,389,ok,,,future_optimism,1.0,0.04,0.47
teen_social_life_support_389,389,ok,,,peer_belonging,1.0,0.04,0.47
teen_social_life_support_390,390,ok,,,social_media_hours,1.0,0.03,0.55
teen_social_life_support_390,390,ok,,,posting_frequency,1.0,0.05,0.5
teen_social_life_support_390,390,ok,,,late_night_use,1.0,0.03,0.48
teen_social_life_support_390,390,ok,,,sleep_interference,1.0,0.08,0.43
teen_social_life_support_390,390,ok,,,social_comparison,1.0,0.08,0.43
teen_social_life_support_390,390,ok,,,connection_effect,1.0,0.04,0.78
teen_social_life_support_390,390,ok,,,parental_rules,1.0,0.12,0.42
teen_social_life_support_390,390,ok,,,primary_platform,1.0,0.01,0.86
teen_social_life_support_390,390,ok,,,school_effort,1.0,0.02,0.57
teen_social_life_support_390,390,ok,,,academic_confidence,1.0,0.02,0.48
teen_social_life_support_390,390,ok,,,homework_distraction,1.0,0.08,0.43
teen_social_life_support_390,390,ok,,,organized_activity,1.0,0.12,0.48
teen_social_life_support_390,390,ok,,,career_clarity,1.0,0.13,0.36
teen_social_life_support_390,390,ok,,,future_optimism,1.0,0.03,0.48
teen_social_life_support_390,390,ok,,,peer_belonging,1.0,0.03,0.54
teen_social_life_support_391,391,ok,,,social_media_hours,1.0,0.2,0.58
teen_social_life_support_391,391,ok,,,posting_frequency,1.0,0.15,0.3
teen_social_life_support_391,391,ok,,,late_night_use,1.0,0.12,0.38
teen_social_life_support_391,391,ok,,,sleep_interference,1.0,0.13,0.37
teen_social_life_support_391,391,ok,,,social_comparison,1.0,0.13,0.35
teen_social_life_support_391,391,ok,,,connection_effect,1.0,0.12,0.49
teen_social_life_support_391,391,ok,,,parental_rules,0.9999999999999999,0.09,0.43
teen_social_life_support_391,391,ok,,,primary_platform,1.0,0.01,0.42
teen_social_life_support_391,391,ok,,,school_effort,1.0,0.02,0.56
teen_social_life_support_391,391,ok,,,academic_confidence,0.9999999999999999,0.03,0.47
teen_social_life_support_391,391,ok,,,homework_distraction,1.0,0.12,0.37
teen_social_life_support_391,391,ok,,,organized_activity,1.0,0.18,0.32
teen_social_life_support_391,391,ok,,,career_clarity,0.9999999999999999,0.12,0.41
teen_social_life_support_391,391,ok,,,future_optimism,1.0,0.04,0.5
teen_social_life_support_391,391,ok,,,peer_belonging,1.0,0.04,0.43
teen_social_life_support_392,392,ok,,,social_media_hours,1.0,0.02,0.88
teen_social_life_support_392,392,ok,,,posting_frequency,1.0,0.02,0.84
teen_social_life_support_392,392,ok,,,late_night_use,1.0,0.02,0.78
teen_social_life_support_392,392,ok,,,sleep_interference,1.0,0.02,0.82
teen_social_life_support_392,392,ok,,,social_comparison,1.0,0.04,0.62
teen_social_life_support_392,392,ok,,,connection_effect,1.0,0.1,0.74
teen_social_life_support_392,392,ok,,,parental_rules,1.0,0.09,0.38
teen_social_life_support_392,392,ok,,,primary_platform,1.0,0.02,0.9
teen_social_life_support_392,392,ok,,,school_effort,1.0,0.02,0.67
teen_social_life_support_392,392,ok,,,academic_confidence,1.0,0.03,0.45
teen_social_life_support_392,392,ok,,,homework_distraction,1.0,0.02,0.8
teen_social_life_support_392,392,ok,,,organized_activity,1.0,0.14,0.44
teen_social_life_support_392,392,ok,,,career_clarity,1.0,0.14,0.36
teen_social_life_support_392,392,ok,,,future_optimism,1.0,0.04,0.46
teen_social_life_support_392,392,ok,,,peer_belonging,1.0,0.06,0.4
teen_social_life_support_393,393,ok,,,social_media_hours,1.0,0.12,0.48
teen_social_life_support_393,393,ok,,,posting_frequency,1.0,0.2,0.3
teen_social_life_support_393,393,ok,,,late_night_use,1.0,0.08,0.38
teen_social_life_support_393,393,ok,,,sleep_interference,1.0,0.12,0.38
teen_social_life_support_393,393,ok,,,social_comparison,1.0,0.18,0.34
teen_social_life_support_393,393,ok,,,connection_effect,1.0,0.18,0.46
teen_social_life_support_393,393,ok,,,parental_rules,1.0,0.12,0.4
teen_social_life_support_393,393,ok,,,primary_platform,0.9999999999999999,0.02,0.34
teen_social_life_support_393,393,ok,,,school_effort,0.9999999999999999,0.09,0.45
teen_social_life_support_393,393,ok,,,academic_confidence,0.9999999999999999,0.1,0.38
teen_social_life_support_393,393,ok,,,homework_distraction,1.0,0.1,0.38
teen_social_life_support_393,393,ok,,,organized_activity,1.0,0.2,0.35
teen_social_life_support_393,393,ok,,,career_clarity,0.9999999999999999,0.08,0.38
teen_social_life_support_393,393,ok,,,future_optimism,1.0,0.14,0.34
teen_social_life_support_393,393,ok,,,peer_belonging,1.0,0.16,0.38
teen_social_life_support_394,394,ok,,,social_media_hours,1.0,0.08,0.54
teen_social_life_support_394,394,ok,,,posting_frequency,1.0,0.12,0.34
teen_social_life_support_394,394,ok,,,late_night_use,1.0,0.06,0.41
teen_social_life_support_394,394,ok,,,sleep_interference,1.0,0.08,0.41
teen_social_life_support_394,394,ok,,,social_comparison,1.0,0.1,0.42
teen_social_life_support_394,394,ok,,,connection_effect,1.0,0.18,0.47
teen_social_life_support_394,394,ok,,,parental_rules,1.0,0.13,0.35
teen_social_life_support_394,394,ok,,,primary_platform,1.0,0.02,0.32
teen_social_life_support_394,394,ok,,,school_effort,1.0,0.04,0.68
teen_social_life_support_394,394,ok,,,academic_confidence,1.0,0.07,0.43
teen_social_life_support_394,394,ok,,,homework_distraction,1.0,0.08,0.42
teen_social_life_support_394,394,ok,,,organized_activity,1.0,0.19,0.35
teen_social_life_support_394,394,ok,,,career_clarity,0.9999999999999999,0.08,0.36
teen_social_life_support_394,394,ok,,,future_optimism,1.0,0.14,0.37
teen_social_life_support_394,394,ok,,,peer_belonging,1.0,0.08,0.43
teen_social_life_support_395,395,ok,,,social_media_hours,1.0,0.15,0.55
teen_social_life_support_395,395,ok,,,posting_frequency,1.0,0.15,0.35
teen_social_life_support_395,395,ok,,,late_night_use,1.0,0.08,0.45
teen_social_life_support_395,395,ok,,,sleep_interference,1.0,0.12,0.4
teen_social_life_support_395,395,ok,,,social_comparison,1.0,0.1,0.42
teen_social_life_support_395,395,ok,,,connection_effect,1.0,0.12,0.53
teen_social_life_support_395,395,ok,,,parental_rules,1.0,0.12,0.4
teen_social_life_support_395,395,ok,,,primary_platform,1.0,0.02,0.32
teen_social_life_support_395,395,ok,,,school_effort,1.0,0.05,0.55
teen_social_life_support_395,395,ok,,,academic_confidence,1.0,0.08,0.48
teen_social_life_support_395,395,ok,,,homework_distraction,1.0,0.1,0.45
teen_social_life_support_395,395,ok,,,organized_activity,1.0,0.18,0.34
teen_social_life_support_395,395,ok,,,career_clarity,1.0,0.12,0.4
teen_social_life_support_395,395,ok,,,future_optimism,1.0,0.08,0.5
teen_social_life_support_395,395,ok,,,peer_belonging,1.0,0.06,0.42
teen_social_life_support_396,396,ok,,,social_media_hours,1.0,0.15,0.58
teen_social_life_support_396,396,ok,,,posting_frequency,1.0,0.18,0.37
teen_social_life_support_396,396,ok,,,late_night_use,1.0,0.12,0.38
teen_social_life_support_396,396,ok,,,sleep_interference,1.0,0.12,0.38
teen_social_life_support_396,396,ok,,,social_comparison,1.0,0.15,0.35
teen_social_life_support_396,396,ok,,,connection_effect,1.0,0.1,0.55
teen_social_life_support_396,396,ok,,,parental_rules,1.0,0.08,0.45
teen_social_life_support_396,396,ok,,,primary_platform,1.0,0.02,0.3
teen_social_life_support_396,396,ok,,,school_effort,1.0,0.01,0.82
teen_social_life_support_396,396,ok,,,academic_confidence,1.0,0.02,0.5
teen_social_life_support_396,396,ok,,,homework_distraction,1.0,0.13,0.4
teen_social_life_support_396,396,ok,,,organized_activity,1.0,0.13,0.43
teen_social_life_support_396,396,ok,,,career_clarity,1.0,0.1,0.4
teen_social_life_support_396,396,ok,,,future_optimism,1.0,0.03,0.47
teen_social_life_support_396,396,ok,,,peer_belonging,1.0,0.04,0.5
teen_social_life_support_397,397,ok,,,social_media_hours,1.0,0.12,0.48
teen_social_life_support_397,397,ok,,,posting_frequency,1.0,0.18,0.32
teen_social_life_support_397,397,ok,,,late_night_use,1.0,0.08,0.38
teen_social_life_support_397,397,ok,,,sleep_interference,1.0,0.1,0.4
teen_social_life_support_397,397,ok,,,social_comparison,1.0,0.08,0.42
teen_social_life_support_397,397,ok,,,connection_effect,1.0,0.2,0.46
teen_social_life_support_397,397,ok,,,parental_rules,1.0,0.14,0.36
teen_social_life_support_397,397,ok,,,primary_platform,1.0,0.02,0.3
teen_social_life_support_397,397,ok,,,school_effort,1.0,0.1,0.42
teen_social_life_support_397,397,ok,,,academic_confidence,1.0,0.05,0.44
teen_social_life_support_397,397,ok,,,homework_distraction,1.0,0.08,0.42
teen_social_life_support_397,397,ok,,,organized_activity,1.0,0.2,0.34
teen_social_life_support_397,397,ok,,,career_clarity,0.9999999999999999,0.08,0.38
teen_social_life_support_397,397,ok,,,future_optimism,1.0,0.14,0.34
teen_social_life_support_397,397,ok,,,peer_belonging,1.0,0.14,0.4
teen_social_life_support_398,398,ok,,,social_media_hours,1.0,0.08,0.5
teen_social_life_support_398,398,ok,,,posting_frequency,1.0,0.15,0.38
teen_social_life_support_398,398,ok,,,late_night_use,1.0,0.05,0.4
teen_social_life_support_398,398,ok,,,sleep_interference,1.0,0.08,0.45
teen_social_life_support_398,398,ok,,,social_comparison,1.0,0.06,0.48
teen_social_life_support_398,398,ok,,,connection_effect,1.0,0.18,0.5
teen_social_life_support_398,398,ok,,,parental_rules,1.0,0.1,0.4
teen_social_life_support_398,398,ok,,,primary_platform,0.9999999999999999,0.01,0.35
teen_social_life_support_398,398,ok,,,school_effort,1.0,0.03,0.48
teen_social_life_support_398,398,ok,,,academic_confidence,1.0,0.02,0.74
teen_social_life_support_398,398,ok,,,homework_distraction,1.0,0.06,0.46
teen_social_life_support_398,398,ok,,,organized_activity,1.0,0.21,0.28
teen_social_life_support_398,398,ok,,,career_clarity,1.0,0.05,0.48
teen_social_life_support_398,398,ok,,,future_optimism,1.0,0.1,0.43
teen_social_life_support_398,398,ok,,,peer_belonging,1.0,0.08,0.48
teen_social_life_support_399,399,ok,,,social_media_hours,1.0,0.12,0.56
teen_social_life_support_399,399,ok,,,posting_frequency,1.0,0.16,0.38
teen_social_life_support_399,399,ok,,,late_night_use,1.0,0.08,0.43
teen_social_life_support_399,399,ok,,,sleep_interference,1.0,0.14,0.36
teen_social_life_support_399,399,ok,,,social_comparison,1.0,0.12,0.4
teen_social_life_support_399,399,ok,,,connection_effect,1.0,0.12,0.53
teen_social_life_support_399,399,ok,,,parental_rules,1.0,0.12,0.38
teen_social_life_support_399,399,ok,,,primary_platform,1.0,0.01,0.3
teen_social_life_support_399,399,ok,,,school_effort,1.0,0.02,0.52
teen_social_life_support_399,399,ok,,,academic_confidence,1.0,0.04,0.58
teen_social_life_support_399,399,ok,,,homework_distraction,1.0,0.09,0.43
teen_social_life_support_399,399,ok,,,organized_activity,1.0,0.18,0.36
teen_social_life_support_399,399,ok,,,career_clarity,1.0,0.12,0.4
teen_social_life_support_399,399,ok,,,future_optimism,1.0,0.05,0.48
teen_social_life_support_399,399,ok,,,peer_belonging,1.0,0.04,0.4
teen_social_life_support_400,400,ok,,,social_media_hours,1.0,0.16,0.56
teen_social_life_support_400,400,ok,,,posting_frequency,1.0,0.18,0.35
teen_social_life_support_400,400,ok,,,late_night_use,1.0,0.15,0.36
teen_social_life_support_400,400,ok,,,sleep_interference,0.9999999999999999,0.08,0.42
teen_social_life_support_400,400,ok,,,social_comparison,1.0,0.12,0.38
teen_social_life_support_400,400,ok,,,connection_effect,1.0,0.12,0.52
teen_social_life_support_400,400,ok,,,parental_rules,1.0,0.13,0.38
teen_social_life_support_400,400,ok,,,primary_platform,1.0,0.02,0.28
teen_social_life_support_400,400,ok,,,school_effort,1.0,0.01,0.75
teen_social_life_support_400,400,ok,,,academic_confidence,1.0,0.01,0.82
teen_social_life_support_400,400,ok,,,homework_distraction,0.9999999999999999,0.08,0.41
teen_social_life_support_400,400,ok,,,organized_activity,1.0,0.12,0.48
teen_social_life_support_400,400,ok,,,career_clarity,1.0,0.08,0.44
teen_social_life_support_400,400,ok,,,future_optimism,1.0,0.01,0.59
teen_social_life_support_400,400,ok,,,peer_belonging,1.0,0.04,0.5
teen_social_life_support_401,401,ok,,,social_media_hours,1.0,0.1,0.55
teen_social_life_support_401,401,ok,,,posting_frequency,1.0,0.13,0.32
teen_social_life_support_401,401,ok,,,late_night_use,1.0,0.06,0.4
teen_social_life_support_401,401,ok,,,sleep_interference,1.0,0.04,0.48
teen_social_life_support_401,401,ok,,,social_comparison,1.0,0.07,0.39
teen_social_life_support_401,401,ok,,,connection_effect,1.0,0.1,0.45
teen_social_life_support_401,401,ok,,,parental_rules,1.0,0.1,0.42
teen_social_life_support_401,401,ok,,,primary_platform,1.0,0.02,0.25
teen_social_life_support_401,401,ok,,,school_effort,1.0,0.02,0.6
teen_social_life_support_401,401,ok,,,academic_confidence,1.0,0.03,0.45
teen_social_life_support_401,401,ok,,,homework_distraction,1.0,0.04,0.58
teen_social_life_support_401,401,ok,,,organized_activity,1.0,0.16,0.38
teen_social_life_support_401,401,ok,,,career_clarity,1.0,0.14,0.38
teen_social_life_support_401,401,ok,,,future_optimism,1.0,0.03,0.48
teen_social_life_support_401,401,ok,,,peer_belonging,1.0,0.04,0.48
teen_social_life_support_402,402,ok,,,social_media_hours,1.0,0.18,0.62
teen_social_life_support_402,402,ok,,,posting_frequency,1.0,0.16,0.38
teen_social_life_support_402,402,ok,,,late_night_use,1.0,0.06,0.48
teen_social_life_support_402,402,ok,,,sleep_interference,1.0,0.05,0.43
teen_social_life_support_402,402,ok,,,social_comparison,0.9999999999999999,0.08,0.42
teen_social_life_support_402,402,ok,,,connection_effect,1.0,0.08,0.55
teen_social_life_support_402,402,ok,,,parental_rules,1.0,0.1,0.45
teen_social_life_support_402,402,ok,,,primary_platform,1.0,0.02,0.26
teen_social_life_support_402,402,ok,,,school_effort,1.0,0.01,0.7
teen_social_life_support_402,402,ok,,,academic_confidence,1.0,0.02,0.5
teen_social_life_support_402,402,ok,,,homework_distraction,1.0,0.02,0.7
teen_social_life_support_402,402,ok,,,organized_activity,1.0,0.12,0.5
teen_social_life_support_402,402,ok,,,career_clarity,1.0,0.1,0.41
teen_social_life_support_402,402,ok,,,future_optimism,1.0,0.02,0.49
teen_social_life_support_402,402,ok,,,peer_belonging,1.0,0.03,0.5
teen_social_life_support_403,403,ok,,,social_media_hours,1.0,0.1,0.58
teen_social_life_support_403,403,ok,,,posting_frequency,1.0,0.18,0.36
teen_social_life_support_403,403,ok,,,late_night_use,1.0,0.09,0.42
teen_social_life_support_403,403,ok,,,sleep_interference,1.0,0.15,0.38
teen_social_life_support_403,403,ok,,,social_comparison,1.0,0.14,0.36
teen_social_life_support_403,403,ok,,,connection_effect,1.0,0.12,0.54
teen_social_life_support_403,403,ok,,,parental_rules,1.0,0.12,0.4
teen_social_life_support_403,403,ok,,,primary_platform,1.0,0.02,0.28
teen_social_life_support_403,403,ok,,,school_effort,1.0,0.02,0.58
teen_social_life_support_403,403,ok,,,academic_confidence,1.0,0.03,0.5
teen_social_life_support_403,403,ok,,,homework_distraction,1.0,0.07,0.52
teen_social_life_support_403,403,ok,,,organized_activity,1.0,0.18,0.32
teen_social_life_support_403,403,ok,,,career_clarity,1.0,0.13,0.38
teen_social_life_support_403,403,ok,,,future_optimism,1.0,0.04,0.49
teen_social_life_support_403,403,ok,,,peer_belonging,1.0,0.04,0.45
teen_social_life_support_404,404,ok,,,social_media_hours,1.0,0.03,0.7
teen_social_life_support_404,404,ok,,,posting_frequency,1.0,0.08,0.44
teen_social_life_support_404,404,ok,,,late_night_use,1.0,0.02,0.6
teen_social_life_support_404,404,ok,,,sleep_interference,1.0,0.04,0.45
teen_social_life_support_404,404,ok,,,social_comparison,1.0,0.05,0.43
teen_social_life_support_404,404,ok,,,connection_effect,1.0,0.1,0.65
teen_social_life_support_404,404,ok,,,parental_rules,1.0000000000000002,0.1,0.39
teen_social_life_support_404,404,ok,,,primary_platform,1.0,0.01,0.36
teen_social_life_support_404,404,ok,,,school_effort,1.0,0.02,0.58
teen_social_life_support_404,404,ok,,,academic_confidence,1.0,0.04,0.46
teen_social_life_support_404,404,ok,,,homework_distraction,1.0,0.01,0.75
teen_social_life_support_404,404,ok,,,organized_activity,1.0,0.18,0.36
teen_social_life_support_404,404,ok,,,career_clarity,1.0,0.12,0.36
teen_social_life_support_404,404,ok,,,future_optimism,1.0,0.05,0.47
teen_social_life_support_404,404,ok,,,peer_belonging,1.0,0.04,0.51
teen_social_life_support_405,405,ok,,,social_media_hours,1.0,0.18,0.52
teen_social_life_support_405,405,ok,,,posting_frequency,1.0,0.15,0.3
teen_social_life_support_405,405,ok,,,late_night_use,1.0,0.16,0.34
teen_social_life_support_405,405,ok,,,sleep_interference,1.0,0.14,0.34
teen_social_life_support_405,405,ok,,,social_comparison,0.9999999999999999,0.13,0.35
teen_social_life_support_405,405,ok,,,connection_effect,1.0,0.14,0.44
teen_social_life_support_405,405,ok,,,parental_rules,1.0,0.14,0.35
teen_social_life_support_405,405,ok,,,primary_platform,0.9999999999999999,0.02,0.3
teen_social_life_support_405,405,ok,,,school_effort,1.0,0.04,0.48
teen_social_life_support_405,405,ok,,,academic_confidence,1.0,0.05,0.47
teen_social_life_support_405,405,ok,,,homework_distraction,1.0,0.14,0.34
teen_social_life_support_405,405,ok,,,organized_activity,1.0,0.1,0.56
teen_social_life_support_405,405,ok,,,career_clarity,1.0,0.14,0.37
teen_social_life_support_405,405,ok,,,future_optimism,1.0,0.06,0.48
teen_social_life_support_405,405,ok,,,peer_belonging,1.0,0.08,0.43
teen_social_life_support_406,406,ok,,,social_media_hours,1.0,0.18,0.56
teen_social_life_support_406,406,ok,,,posting_frequency,1.0,0.18,0.32
teen_social_life_support_406,406,ok,,,late_night_use,1.0,0.12,0.38
teen_social_life_support_406,406,ok,,,sleep_interference,1.0,0.16,0.34
teen_social_life_support_406,406,ok,,,social_comparison,1.0,0.14,0.38
teen_social_life_support_406,406,ok,,,connection_effect,1.0,0.16,0.48
teen_social_life_support_406,406,ok,,,parental_rules,1.0,0.12,0.36
teen_social_life_support_406,406,ok,,,primary_platform,1.0,0.02,0.28
teen_social_life_support_406,406,ok,,,school_effort,1.0,0.02,0.54
teen_social_life_support_406,406,ok,,,academic_confidence,1.0,0.04,0.48
teen_social_life_support_406,406,ok,,,homework_distraction,1.0,0.16,0.34
teen_social_life_support_406,406,ok,,,organized_activity,0.9999999999999999,0.08,0.7
teen_social_life_support_406,406,ok,,,career_clarity,1.0,0.14,0.38
teen_social_life_support_406,406,ok,,,future_optimism,1.0,0.05,0.5
teen_social_life_support_406,406,ok,,,peer_belonging,1.0,0.06,0.42
teen_social_life_support_407,407,ok,,,social_media_hours,1.0,0.16,0.56
teen_social_life_support_407,407,ok,,,posting_frequency,1.0,0.18,0.36
teen_social_life_support_407,407,ok,,,late_night_use,1.0,0.1,0.4
teen_social_life_support_407,407,ok,,,sleep_interference,1.0,0.14,0.35
teen_social_life_support_407,407,ok,,,social_comparison,1.0,0.13,0.38
teen_social_life_support_407,407,ok,,,connection_effect,1.0,0.12,0.54
teen_social_life_support_407,407,ok,,,parental_rules,1.0,0.13,0.38
teen_social_life_support_407,407,ok,,,primary_platform,1.0,0.02,0.29
teen_social_life_support_407,407,ok,,,school_effort,1.0,0.02,0.54
teen_social_life_support_407,407,ok,,,academic_confidence,1.0,0.03,0.48
teen_social_life_support_407,407,ok,,,homework_distraction,1.0,0.14,0.38
teen_social_life_support_407,407,ok,,,organized_activity,1.0,0.08,0.58
teen_social_life_support_407,407,ok,,,career_clarity,1.0,0.14,0.38
teen_social_life_support_407,407,ok,,,future_optimism,1.0,0.04,0.48
teen_social_life_support_407,407,ok,,,peer_belonging,1.0,0.04,0.41
teen_social_life_support_408,408,ok,,,social_media_hours,1.0,0.18,0.55
teen_social_life_support_408,408,ok,,,posting_frequency,1.0,0.18,0.37
teen_social_life_support_408,408,ok,,,late_night_use,1.0,0.12,0.38
teen_social_life_support_408,408,ok,,,sleep_interference,1.0,0.11,0.37
teen_social_life_support_408,408,ok,,,social_comparison,1.0,0.14,0.36
teen_social_life_support_408,408,ok,,,connection_effect,1.0,0.11,0.51
teen_social_life_support_408,408,ok,,,parental_rules,1.0,0.13,0.36
teen_social_life_support_408,408,ok,,,primary_platform,1.0,0.02,0.31
teen_social_life_support_408,408,ok,,,school_effort,1.0,0.01,0.69
teen_social_life_support_408,408,ok,,,academic_confidence,1.0,0.02,0.5
teen_social_life_support_408,408,ok,,,homework_distraction,1.0,0.13,0.36
teen_social_life_support_408,408,ok,,,organized_activity,1.0,0.01,0.9
teen_social_life_support_408,408,ok,,,career_clarity,1.0,0.08,0.41
teen_social_life_support_408,408,ok,,,future_optimism,1.0,0.03,0.43
teen_social_life_support_408,408,ok,,,peer_belonging,1.0,0.03,0.51
teen_social_life_support_409,409,ok,,,social_media_hours,1.0,0.12,0.53
teen_social_life_support_409,409,ok,,,posting_frequency,1.0,0.15,0.34
teen_social_life_support_409,409,ok,,,late_night_use,1.0,0.1,0.42
teen_social_life_support_409,409,ok,,,sleep_interference,1.0,0.14,0.39
teen_social_life_support_409,409,ok,,,social_comparison,1.0,0.12,0.42
teen_social_life_support_409,409,ok,,,connection_effect,1.0,0.16,0.5
teen_social_life_support_409,409,ok,,,parental_rules,1.0,0.12,0.37
teen_social_life_support_409,409,ok,,,primary_platform,1.0,0.02,0.27
teen_social_life_support_409,409,ok,,,school_effort,1.0,0.03,0.48
teen_social_life_support_409,409,ok,,,academic_confidence,1.0,0.07,0.48
teen_social_life_support_409,409,ok,,,homework_distraction,1.0,0.1,0.44
teen_social_life_support_409,409,ok,,,organized_activity,1.0,0.18,0.3
teen_social_life_support_409,409,ok,,,career_clarity,1.0,0.04,0.52
teen_social_life_support_409,409,ok,,,future_optimism,1.0,0.06,0.49
teen_social_life_support_409,409,ok,,,peer_belonging,0.9999999999999999,0.05,0.41
teen_social_life_support_410,410,ok,,,social_media_hours,1.0,0.1,0.55
teen_social_life_support_410,410,ok,,,posting_frequency,1.0,0.15,0.33
teen_social_life_support_410,410,ok,,,late_night_use,1.0,0.08,0.45
teen_social_life_support_410,410,ok,,,sleep_interference,1.0,0.12,0.4
teen_social_life_support_410,410,ok,,,social_comparison,1.0,0.1,0.42
teen_social_life_support_410,410,ok,,,connection_effect,1.0,0.12,0.53
teen_social_life_support_410,410,ok,,,parental_rules,0.9999999999999999,0.11,0.43
teen_social_life_support_410,410,ok,,,primary_platform,1.0,0.02,0.3
teen_social_life_support_410,410,ok,,,school_effort,1.0,0.02,0.45
teen_social_life_support_410,410,ok,,,academic_confidence,1.0,0.04,0.55
teen_social_life_support_410,410,ok,,,homework_distraction,1.0,0.08,0.45
teen_social_life_support_410,410,ok,,,organized_activity,1.0,0.18,0.32
teen_social_life_support_410,410,ok,,,career_clarity,1.0,0.03,0.75
teen_social_life_support_410,410,ok,,,future_optimism,1.0,0.04,0.55
teen_social_life_support_410,410,ok,,,peer_belonging,1.0,0.03,0.48
teen_social_life_support_411,411,ok,,,social_media_hours,1.0,0.12,0.55
teen_social_life_support_411,411,ok,,,posting_frequency,1.0,0.17,0.38
teen_social_life_support_411,411,ok,,,late_night_use,1.0,0.08,0.42
teen_social_life_support_411,411,ok,,,sleep_interference,1.0,0.14,0.35
teen_social_life_support_411,411,ok,,,social_comparison,1.0,0.1,0.43
teen_social_life_support_411,411,ok,,,connection_effect,1.0,0.14,0.44
teen_social_life_support_411,411,ok,,,parental_rules,1.0,0.12,0.4
teen_social_life_support_411,411,ok,,,primary_platform,1.0,0.02,0.3
teen_social_life_support_411,411,ok,,,school_effort,1.0,0.02,0.58
teen_social_life_support_411,411,ok,,,academic_confidence,1.0,0.03,0.5
teen_social_life_support_411,411,ok,,,homework_distraction,1.0,0.1,0.43
teen_social_life_support_411,411,ok,,,organized_activity,1.0,0.16,0.35
teen_social_life_support_411,411,ok,,,career_clarity,1.0,0.05,0.55
teen_social_life_support_411,411,ok,,,future_optimism,1.0,0.03,0.5
teen_social_life_support_411,411,ok,,,peer_belonging,1.0,0.05,0.4
teen_social_life_support_412,412,ok,,,social_media_hours,1.0,0.12,0.56
teen_social_life_support_412,412,ok,,,posting_frequency,1.0,0.18,0.36
teen_social_life_support_412,412,ok,,,late_night_use,1.0,0.12,0.38
teen_social_life_support_412,412,ok,,,sleep_interference,1.0,0.1,0.42
teen_social_life_support_412,412,ok,,,social_comparison,1.0,0.14,0.36
teen_social_life_support_412,412,ok,,,connection_effect,1.0,0.1,0.56
teen_social_life_support_412,412,ok,,,parental_rules,1.0,0.08,0.42
teen_social_life_support_412,412,ok,,,primary_platform,1.0,0.03,0.27
teen_social_life_support_412,412,ok,,,school_effort,1.0,0.01,0.73
teen_social_life_support_412,412,ok,,,academic_confidence,1.0,0.01,0.64
teen_social_life_support_412,412,ok,,,homework_distraction,0.9999999999999999,0.1,0.43
teen_social_life_support_412,412,ok,,,organized_activity,1.0,0.14,0.45
teen_social_life_support_412,412,ok,,,career_clarity,1.0,0.01,0.8
teen_social_life_support_412,412,ok,,,future_optimism,1.0,0.01,0.62
teen_social_life_support_412,412,ok,,,peer_belonging,1.0,0.03,0.52
teen_social_life_support_413,413,ok,,,social_media_hours,1.0,0.1,0.45
teen_social_life_support_413,413,ok,,,posting_frequency,1.0,0.18,0.32
teen_social_life_support_413,413,ok,,,late_night_use,1.0,0.08,0.38
teen_social_life_support_413,413,ok,,,sleep_interference,1.0,0.1,0.4
teen_social_life_support_413,413,ok,,,social_comparison,1.0,0.07,0.43
teen_social_life_support_413,413,ok,,,connection_effect,1.0,0.28,0.37
teen_social_life_support_413,413,ok,,,parental_rules,1.0,0.15,0.34
teen_social_life_support_413,413,ok,,,primary_platform,0.9999999999999999,0.02,0.3
teen_social_life_support_413,413,ok,,,school_effort,0.9999999999999999,0.05,0.42
teen_social_life_support_413,413,ok,,,academic_confidence,1.0,0.13,0.35
teen_social_life_support_413,413,ok,,,homework_distraction,1.0,0.08,0.42
teen_social_life_support_413,413,ok,,,organized_activity,1.0,0.19,0.35
teen_social_life_support_413,413,ok,,,career_clarity,0.9999999999999999,0.08,0.38
teen_social_life_support_413,413,ok,,,future_optimism,1.0,0.05,0.48
teen_social_life_support_413,413,ok,,,peer_belonging,1.0,0.15,0.35
teen_social_life_support_414,414,ok,,,social_media_hours,1.0,0.12,0.55
teen_social_life_support_414,414,ok,,,posting_frequency,1.0,0.13,0.32
teen_social_life_support_414,414,ok,,,late_night_use,1.0,0.08,0.42
teen_social_life_support_414,414,ok,,,sleep_interference,1.0,0.14,0.37
teen_social_life_support_414,414,ok,,,social_comparison,1.0,0.08,0.46
teen_social_life_support_414,414,ok,,,connection_effect,1.0,0.18,0.44
teen_social_life_support_414,414,ok,,,parental_rules,1.0,0.11,0.38
teen_social_life_support_414,414,ok,,,primary_platform,1.0,0.01,0.31
teen_social_life_support_414,414,ok,,,school_effort,1.0,0.02,0.5
teen_social_life_support_414,414,ok,,,academic_confidence,1.0,0.08,0.48
teen_social_life_support_414,414,ok,,,homework_distraction,1.0,0.12,0.43
teen_social_life_support_414,414,ok,,,organized_activity,1.0,0.18,0.3
teen_social_life_support_414,414,ok,,,career_clarity,0.9999999999999999,0.08,0.46
teen_social_life_support_414,414,ok,,,future_optimism,1.0,0.02,0.74
teen_social_life_support_414,414,ok,,,peer_belonging,1.0,0.04,0.48
teen_social_life_support_415,415,ok,,,social_media_hours,1.0,0.12,0.55
teen_social_life_support_415,415,ok,,,posting_frequency,1.0,0.18,0.36
teen_social_life_support_415,415,ok,,,late_night_use,1.0,0.06,0.43
teen_social_life_support_415,415,ok,,,sleep_interference,1.0,0.1,0.42
teen_social_life_support_415,415,ok,,,social_comparison,1.0,0.08,0.46
teen_social_life_support_415,415,ok,,,connection_effect,1.0,0.15,0.51
teen_social_life_support_415,415,ok,,,parental_rules,1.0000000000000002,0.11,0.39
teen_social_life_support_415,415,ok,,,primary_platform,1.0,0.01,0.31
teen_social_life_support_415,415,ok,,,school_effort,1.0,0.02,0.53
teen_social_life_support_415,415,ok,,,academic_confidence,1.0,0.04,0.5
teen_social_life_support_415,415,ok,,,homework_distraction,1.0,0.09,0.45
teen_social_life_support_415,415,ok,,,organized_activity,1.0,0.18,0.31
teen_social_life_support_415,415,ok,,,career_clarity,1.0,0.14,0.39
teen_social_life_support_415,415,ok,,,future_optimism,1.0,0.03,0.56
teen_social_life_support_415,415,ok,,,peer_belonging,1.0,0.05,0.39
teen_social_life_support_416,416,ok,,,social_media_hours,1.0,0.12,0.58
teen_social_life_support_416,416,ok,,,posting_frequency,1.0,0.12,0.39
teen_social_life_support_416,416,ok,,,late_night_use,1.0,0.08,0.42
teen_social_life_support_416,416,ok,,,sleep_interference,1.0,0.13,0.35
teen_social_life_support_416,416,ok,,,social_comparison,1.0,0.12,0.38
teen_social_life_support_416,416,ok,,,connection_effect,1.0,0.08,0.63
teen_social_life_support_416,416,ok,,,parental_rules,1.0,0.06,0.47
teen_social_life_support_416,416,ok,,,primary_platform,0.9999999999999999,0.01,0.26
teen_social_life_support_416,416,ok,,,school_effort,1.0,0.01,0.72
teen_social_life_support_416,416,ok,,,academic_confidence,1.0,0.01,0.72
teen_social_life_support_416,416,ok,,,homework_distraction,1.0,0.15,0.35
teen_social_life_support_416,416,ok,,,organized_activity,1.0,0.09,0.54
teen_social_life_support_416,416,ok,,,career_clarity,1.0,0.04,0.43
teen_social_life_support_416,416,ok,,,future_optimism,1.0,0.01,0.87
teen_social_life_support_416,416,ok,,,peer_belonging,1.0,0.02,0.63
teen_social_life_support_417,417,ok,,,social_media_hours,1.0,0.18,0.52
teen_social_life_support_417,417,ok,,,posting_frequency,1.0,0.12,0.38
teen_social_life_support_417,417,ok,,,late_night_use,1.0,0.14,0.37
teen_social_life_support_417,417,ok,,,sleep_interference,1.0,0.14,0.34
teen_social_life_support_417,417,ok,,,social_comparison,1.0,0.08,0.45
teen_social_life_support_417,417,ok,,,connection_effect,1.0,0.21,0.45
teen_social_life_support_417,417,ok,,,parental_rules,1.0,0.12,0.38
teen_social_life_support_417,417,ok,,,primary_platform,1.0,0.03,0.28
teen_social_life_support_417,417,ok,,,school_effort,1.0,0.06,0.43
teen_social_life_support_417,417,ok,,,academic_confidence,1.0,0.1,0.45
teen_social_life_support_417,417,ok,,,homework_distraction,1.0,0.15,0.35
teen_social_life_support_417,417,ok,,,organized_activity,1.0,0.2,0.34
teen_social_life_support_417,417,ok,,,career_clarity,1.0,0.1,0.38
teen_social_life_support_417,417,ok,,,future_optimism,1.0,0.14,0.4
teen_social_life_support_417,417,ok,,,peer_belonging,0.9999999999999999,0.09,0.44
teen_social_life_support_418,418,ok,,,social_media_hours,1.0,0.12,0.48
teen_social_life_support_418,418,ok,,,posting_frequency,1.0,0.13,0.32
teen_social_life_support_418,418,ok,,,late_night_use,1.0,0.1,0.4
teen_social_life_support_418,418,ok,,,sleep_interference,1.0,0.14,0.4
teen_social_life_support_418,418,ok,,,social_comparison,1.0,0.05,0.47
teen_social_life_support_418,418,ok,,,connection_effect,1.0,0.17,0.45
teen_social_life_support_418,418,ok,,,parental_rules,1.0,0.12,0.37
teen_social_life_support_418,418,ok,,,primary_platform,0.9999999999999999,0.02,0.3
teen_social_life_support_418,418,ok,,,school_effort,1.0,0.03,0.43
teen_social_life_support_418,418,ok,,,academic_confidence,1.0,0.08,0.47
teen_social_life_support_418,418,ok,,,homework_distraction,1.0,0.12,0.43
teen_social_life_support_418,418,ok,,,organized_activity,1.0,0.22,0.3
teen_social_life_support_418,418,ok,,,career_clarity,0.9999999999999999,0.08,0.42
teen_social_life_support_418,418,ok,,,future_optimism,1.0,0.1,0.42
teen_social_life_support_418,418,ok,,,peer_belonging,1.0,0.01,0.66
teen_social_life_support_419,419,ok,,,social_media_hours,1.0,0.12,0.53
teen_social_life_support_419,419,ok,,,posting_frequency,1.0,0.18,0.34
teen_social_life_support_419,419,ok,,,late_night_use,1.0,0.08,0.46
teen_social_life_support_419,419,ok,,,sleep_interference,1.0,0.12,0.42
teen_social_life_support_419,419,ok,,,social_comparison,1.0,0.08,0.47
teen_social_life_support_419,419,ok,,,connection_effect,1.0,0.18,0.45
teen_social_life_support_419,419,ok,,,parental_rules,1.0,0.14,0.37
teen_social_life_support_419,419,ok,,,primary_platform,1.0,0.02,0.3
teen_social_life_support_419,419,ok,,,school_effort,1.0,0.03,0.5
teen_social_life_support_419,419,ok,,,academic_confidence,1.0,0.04,0.53
teen_social_life_support_419,419,ok,,,homework_distraction,1.0,0.1,0.44
teen_social_life_support_419,419,ok,,,organized_activity,1.0,0.17,0.33
teen_social_life_support_419,419,ok,,,career_clarity,1.0,0.12,0.39
teen_social_life_support_419,419,ok,,,future_optimism,1.0,0.05,0.5
teen_social_life_support_419,419,ok,,,peer_belonging,1.0,0.04,0.56
teen_social_life_support_420,420,ok,,,social_media_hours,1.0,0.08,0.55
teen_social_life_support_420,420,ok,,,posting_frequency,1.0,0.08,0.44
teen_social_life_support_420,420,ok,,,late_night_use,1.0,0.06,0.4
teen_social_life_support_420,420,ok,,,sleep_interference,1.0,0.1,0.42
teen_social_life_support_420,420,ok,,,social_comparison,1.0,0.09,0.45
teen_social_life_support_420,420,ok,,,connection_effect,1.0,0.06,0.7
teen_social_life_support_420,420,ok,,,parental_rules,1.0,0.12,0.38
teen_social_life_support_420,420,ok,,,primary_platform,1.0,0.01,0.3
teen_social_life_support_420,420,ok,,,school_effort,1.0,0.02,0.63
teen_social_life_support_420,420,ok,,,academic_confidence,1.0,0.03,0.43
teen_social_life_support_420,420,ok,,,homework_distraction,1.0,0.09,0.44
teen_social_life_support_420,420,ok,,,organized_activity,1.0,0.12,0.47
teen_social_life_support_420,420,ok,,,career_clarity,1.0,0.12,0.36
teen_social_life_support_420,420,ok,,,future_optimism,1.0,0.03,0.45
teen_social_life_support_420,420,ok,,,peer_belonging,1.0,0.02,0.72
teen_social_life_support_421,421,ok,,,social_media_hours,1.0,0.06,0.62
teen_social_life_support_421,421,ok,,,posting_frequency,0.9999999999999999,0.09,0.38
teen_social_life_support_421,421,ok,,,late_night_use,1.0,0.06,0.41
teen_social_life_support_421,421,ok,,,sleep_interference,1.0,0.05,0.42
teen_social_life_support_421,421,ok,,,social_comparison,1.0,0.08,0.39
teen_social_life_support_421,421,ok,,,connection_effect,1.0,0.08,0.48
teen_social_life_support_421,421,ok,,,parental_rules,1.0,0.1,0.43
teen_social_life_support_421,421,ok,,,primary_platform,1.0,0.05,0.3
teen_social_life_support_421,421,ok,,,school_effort,1.0,0.02,0.61
teen_social_life_support_421,421,ok,,,academic_confidence,1.0,0.03,0.43
teen_social_life_support_421,421,ok,,,homework_distraction,1.0,0.05,0.39
teen_social_life_support_421,421,ok,,,organized_activity,1.0,0.11,0.54
teen_social_life_support_421,421,ok,,,career_clarity,1.0,0.15,0.36
teen_social_life_support_421,421,ok,,,future_optimism,1.0,0.04,0.43
teen_social_life_support_421,421,ok,,,peer_belonging,1.0,0.04,0.45
teen_social_life_support_422,422,ok,,,social_media_hours,1.0,0.04,0.91
teen_social_life_support_422,422,ok,,,posting_frequency,1.0,0.14,0.41
teen_social_life_support_422,422,ok,,,late_night_use,1.0,0.1,0.42
teen_social_life_support_422,422,ok,,,sleep_interference,1.0000000000000002,0.09,0.4
teen_social_life_support_422,422,ok,,,social_comparison,1.0,0.13,0.39
teen_social_life_support_422,422,ok,,,connection_effect,1.0,0.08,0.58
teen_social_life_support_422,422,ok,,,parental_rules,1.0,0.12,0.38
teen_social_life_support_422,422,ok,,,primary_platform,1.0,0.01,0.31
teen_social_life_support_422,422,ok,,,school_effort,1.0,0.02,0.59
teen_social_life_support_422,422,ok,,,academic_confidence,1.0,0.03,0.48
teen_social_life_support_422,422,ok,,,homework_distraction,1.0,0.11,0.38
teen_social_life_support_422,422,ok,,,organized_activity,1.0,0.15,0.39
teen_social_life_support_422,422,ok,,,career_clarity,1.0,0.13,0.36
teen_social_life_support_422,422,ok,,,future_optimism,1.0,0.03,0.46
teen_social_life_support_422,422,ok,,,peer_belonging,1.0,0.03,0.44
teen_social_life_support_423,423,ok,,,social_media_hours,1.0,0.05,0.6
teen_social_life_support_423,423,ok,,,posting_frequency,1.0,0.08,0.44
teen_social_life_support_423,423,ok,,,late_night_use,1.0,0.05,0.45
teen_social_life_support_423,423,ok,,,sleep_interference,1.0,0.1,0.42
teen_social_life_support_423,423,ok,,,social_comparison,1.0,0.08,0.45
teen_social_life_support_423,423,ok,,,connection_effect,1.0,0.12,0.58
teen_social_life_support_423,423,ok,,,parental_rules,1.0000000000000002,0.1,0.38
teen_social_life_support_423,423,ok,,,primary_platform,1.0,0.01,0.34
teen_social_life_support_423,423,ok,,,school_effort,1.0,0.03,0.51
teen_social_life_support_423,423,ok,,,academic_confidence,1.0,0.04,0.48
teen_social_life_support_423,423,ok,,,homework_distraction,1.0,0.07,0.47
teen_social_life_support_423,423,ok,,,organized_activity,1.0,0.22,0.28
teen_social_life_support_423,423,ok,,,career_clarity,1.0,0.12,0.36
teen_social_life_support_423,423,ok,,,future_optimism,1.0,0.05,0.48
teen_social_life_support_423,423,ok,,,peer_belonging,1.0,0.04,0.42
teen_social_life_support_424,424,ok,,,social_media_hours,1.0,0.17,0.55
teen_social_life_support_424,424,ok,,,posting_frequency,1.0,0.02,0.84
teen_social_life_support_424,424,ok,,,late_night_use,1.0,0.12,0.38
teen_social_life_support_424,424,ok,,,sleep_interference,0.9999999999999999,0.09,0.39
teen_social_life_support_424,424,ok,,,social_comparison,0.9999999999999999,0.09,0.42
teen_social_life_support_424,424,ok,,,connection_effect,1.0,0.16,0.54
teen_social_life_support_424,424,ok,,,parental_rules,1.0,0.08,0.43
teen_social_life_support_424,424,ok,,,primary_platform,1.0,0.07,0.34
teen_social_life_support_424,424,ok,,,school_effort,1.0,0.02,0.6
teen_social_life_support_424,424,ok,,,academic_confidence,1.0,0.03,0.43
teen_social_life_support_424,424,ok,,,homework_distraction,0.9999999999999999,0.08,0.39
teen_social_life_support_424,424,ok,,,organized_activity,1.0,0.13,0.41
teen_social_life_support_424,424,ok,,,career_clarity,1.0,0.15,0.35
teen_social_life_support_424,424,ok,,,future_optimism,1.0,0.04,0.47
teen_social_life_support_424,424,ok,,,peer_belonging,1.0,0.04,0.48
teen_social_life_support_425,425,ok,,,social_media_hours,1.0,0.2,0.55
teen_social_life_support_425,425,ok,,,posting_frequency,0.9999999999999999,0.1,0.45
teen_social_life_support_425,425,ok,,,late_night_use,1.0,0.15,0.35
teen_social_life_support_425,425,ok,,,sleep_interference,1.0,0.1,0.4
teen_social_life_support_425,425,ok,,,social_comparison,1.0,0.13,0.37
teen_social_life_support_425,425,ok,,,connection_effect,1.0,0.12,0.5
teen_social_life_support_425,425,ok,,,parental_rules,1.0,0.1,0.4
teen_social_life_support_425,425,ok,,,primary_platform,0.9999999999999999,0.02,0.24
teen_social_life_support_425,425,ok,,,school_effort,1.0,0.03,0.55
teen_social_life_support_425,425,ok,,,academic_confidence,1.0,0.08,0.48
teen_social_life_support_425,425,ok,,,homework_distraction,0.9999999999999999,0.1,0.38
teen_social_life_support_425,425,ok,,,organized_activity,0.9999999999999999,0.15,0.35
teen_social_life_support_425,425,ok,,,career_clarity,1.0,0.12,0.38
teen_social_life_support_425,425,ok,,,future_optimism,1.0,0.05,0.5
teen_social_life_support_425,425,ok,,,peer_belonging,1.0,0.05,0.43
teen_social_life_support_426,426,ok,,,social_media_hours,1.0,0.08,0.52
teen_social_life_support_426,426,ok,,,posting_frequency,1.0,0.01,0.88
teen_social_life_support_426,426,ok,,,late_night_use,1.0,0.04,0.48
teen_social_life_support_426,426,ok,,,sleep_interference,1.0,0.1,0.45
teen_social_life_support_426,426,ok,,,social_comparison,1.0,0.08,0.48
teen_social_life_support_426,426,ok,,,connection_effect,1.0,0.08,0.65
teen_social_life_support_426,426,ok,,,parental_rules,1.0000000000000002,0.1,0.4
teen_social_life_support_426,426,ok,,,primary_platform,1.0,0.01,0.3
teen_social_life_support_426,426,ok,,,school_effort,1.0,0.01,0.64
teen_social_life_support_426,426,ok,,,academic_confidence,1.0,0.03,0.47
teen_social_life_support_426,426,ok,,,homework_distraction,1.0,0.08,0.47
teen_social_life_support_426,426,ok,,,organized_activity,1.0,0.1,0.43
teen_social_life_support_426,426,ok,,,career_clarity,1.0,0.13,0.39
teen_social_life_support_426,426,ok,,,future_optimism,1.0,0.03,0.5
teen_social_life_support_426,426,ok,,,peer_belonging,1.0,0.03,0.44
teen_social_life_support_427,427,ok,,,social_media_hours,1.0,0.04,0.48
teen_social_life_support_427,427,ok,,,posting_frequency,1.0,0.03,0.65
teen_social_life_support_427,427,ok,,,late_night_use,1.0,0.06,0.42
teen_social_life_support_427,427,ok,,,sleep_interference,1.0,0.12,0.4
teen_social_life_support_427,427,ok,,,social_comparison,1.0,0.1,0.43
teen_social_life_support_427,427,ok,,,connection_effect,1.0,0.08,0.67
teen_social_life_support_427,427,ok,,,parental_rules,1.0,0.15,0.36
teen_social_life_support_427,427,ok,,,primary_platform,1.0,0.01,0.32
teen_social_life_support_427,427,ok,,,school_effort,1.0,0.02,0.56
teen_social_life_support_427,427,ok,,,academic_confidence,1.0,0.04,0.47
teen_social_life_support_427,427,ok,,,homework_distraction,1.0,0.08,0.46
teen_social_life_support_427,427,ok,,,organized_activity,0.9999999999999999,0.17,0.36
teen_social_life_support_427,427,ok,,,career_clarity,1.0,0.13,0.38
teen_social_life_support_427,427,ok,,,future_optimism,1.0,0.04,0.5
teen_social_life_support_427,427,ok,,,peer_belonging,1.0,0.03,0.51
teen_social_life_support_428,428,ok,,,social_media_hours,1.0,0.1,0.45
teen_social_life_support_428,428,ok,,,posting_frequency,0.9999999999999999,0.1,0.35
teen_social_life_support_428,428,ok,,,late_night_use,1.0,0.02,0.86
teen_social_life_support_428,428,ok,,,sleep_interference,1.0,0.02,0.75
teen_social_life_support_428,428,ok,,,social_comparison,1.0,0.07,0.38
teen_social_life_support_428,428,ok,,,connection_effect,1.0,0.08,0.5
teen_social_life_support_428,428,ok,,,parental_rules,1.0,0.04,0.42
teen_social_life_support_428,428,ok,,,primary_platform,1.0,0.07,0.3
teen_social_life_support_428,428,ok,,,school_effort,1.0,0.02,0.62
teen_social_life_support_428,428,ok,,,academic_confidence,1.0,0.03,0.45
teen_social_life_support_428,428,ok,,,homework_distraction,1.0,0.03,0.64
teen_social_life_support_428,428,ok,,,organized_activity,1.0,0.08,0.52
teen_social_life_support_428,428,ok,,,career_clarity,1.0,0.12,0.37
teen_social_life_support_428,428,ok,,,future_optimism,1.0,0.03,0.47
teen_social_life_support_428,428,ok,,,peer_belonging,1.0,0.03,0.53
teen_social_life_support_429,429,ok,,,social_media_hours,1.0,0.2,0.58
teen_social_life_support_429,429,ok,,,posting_frequency,1.0,0.13,0.34
teen_social_life_support_429,429,ok,,,late_night_use,1.0,0.08,0.46
teen_social_life_support_429,429,ok,,,sleep_interference,0.9999999999999999,0.08,0.42
teen_social_life_support_429,429,ok,,,social_comparison,1.0,0.14,0.36
teen_social_life_support_429,429,ok,,,connection_effect,1.0,0.12,0.5
teen_social_life_support_429,429,ok,,,parental_rules,1.0,0.12,0.38
teen_social_life_support_429,429,ok,,,primary_platform,1.0,0.03,0.26
teen_social_life_support_429,429,ok,,,school_effort,1.0,0.02,0.57
teen_social_life_support_429,429,ok,,,academic_confidence,1.0,0.03,0.46
teen_social_life_support_429,429,ok,,,homework_distraction,1.0000000000000002,0.1,0.38
teen_social_life_support_429,429,ok,,,organized_activity,1.0,0.14,0.43
teen_social_life_support_429,429,ok,,,career_clarity,1.0,0.14,0.38
teen_social_life_support_429,429,ok,,,future_optimism,1.0,0.04,0.48
teen_social_life_support_429,429,ok,,,peer_belonging,1.0,0.04,0.45
teen_social_life_support_430,430,ok,,,social_media_hours,1.0,0.08,0.55
teen_social_life_support_430,430,ok,,,posting_frequency,1.0,0.16,0.34
teen_social_life_support_430,430,ok,,,late_night_use,1.0,0.04,0.72
teen_social_life_support_430,430,ok,,,sleep_interference,1.0,0.08,0.49
teen_social_life_support_430,430,ok,,,social_comparison,1.0,0.1,0.44
teen_social_life_support_430,430,ok,,,connection_effect,1.0,0.12,0.54
teen_social_life_support_430,430,ok,,,parental_rules,1.0,0.12,0.38
teen_social_life_support_430,430,ok,,,primary_platform,1.0,0.01,0.29
teen_social_life_support_430,430,ok,,,school_effort,1.0,0.02,0.62
teen_social_life_support_430,430,ok,,,academic_confidence,1.0,0.03,0.49
teen_social_life_support_430,430,ok,,,homework_distraction,1.0,0.07,0.48
teen_social_life_support_430,430,ok,,,organized_activity,1.0,0.18,0.34
teen_social_life_support_430,430,ok,,,career_clarity,1.0,0.15,0.35
teen_social_life_support_430,430,ok,,,future_optimism,1.0,0.04,0.5
teen_social_life_support_430,430,ok,,,peer_belonging,1.0,0.04,0.47
teen_social_life_support_431,431,ok,,,social_media_hours,1.0,0.05,0.57
teen_social_life_support_431,431,ok,,,posting_frequency,1.0,0.14,0.35
teen_social_life_support_431,431,ok,,,late_night_use,1.0,0.03,0.48
teen_social_life_support_431,431,ok,,,sleep_interference,1.0,0.06,0.46
teen_social_life_support_431,431,ok,,,social_comparison,1.0,0.08,0.43
teen_social_life_support_431,431,ok,,,connection_effect,1.0,0.12,0.57
teen_social_life_support_431,431,ok,,,parental_rules,1.0,0.14,0.36
teen_social_life_support_431,431,ok,,,primary_platform,1.0,0.01,0.33
teen_social_life_support_431,431,ok,,,school_effort,1.0,0.02,0.54
teen_social_life_support_431,431,ok,,,academic_confidence,1.0,0.03,0.5
teen_social_life_support_431,431,ok,,,homework_distraction,1.0,0.05,0.48
teen_social_life_support_431,431,ok,,,organized_activity,0.9999999999999999,0.18,0.35
teen_social_life_support_431,431,ok,,,career_clarity,1.0,0.14,0.35
teen_social_life_support_431,431,ok,,,future_optimism,1.0,0.04,0.48
teen_social_life_support_431,431,ok,,,peer_belonging,1.0,0.04,0.44
teen_social_life_support_432,432,ok,,,social_media_hours,1.0,0.11,0.53
teen_social_life_support_432,432,ok,,,posting_frequency,1.0,0.18,0.33
teen_social_life_support_432,432,ok,,,late_night_use,1.0,0.03,0.52
teen_social_life_support_432,432,ok,,,sleep_interference,1.0,0.01,0.84
teen_social_life_support_432,432,ok,,,social_comparison,1.0,0.06,0.42
teen_social_life_support_432,432,ok,,,connection_effect,1.0,0.08,0.5
teen_social_life_support_432,432,ok,,,parental_rules,1.0,0.12,0.39
teen_social_life_support_432,432,ok,,,primary_platform,1.0,0.03,0.24
teen_social_life_support_432,432,ok,,,school_effort,1.0,0.01,0.68
teen_social_life_support_432,432,ok,,,academic_confidence,1.0,0.02,0.52
teen_social_life_support_432,432,ok,,,homework_distraction,1.0,0.05,0.47
teen_social_life_support_432,432,ok,,,organized_activity,1.0,0.14,0.46
teen_social_life_support_432,432,ok,,,career_clarity,1.0,0.15,0.34
teen_social_life_support_432,432,ok,,,future_optimism,1.0,0.02,0.46
teen_social_life_support_432,432,ok,,,peer_belonging,1.0,0.03,0.51
teen_social_life_support_433,433,ok,,,social_media_hours,1.0,0.22,0.5
teen_social_life_support_433,433,ok,,,posting_frequency,1.0,0.15,0.34
teen_social_life_support_433,433,ok,,,late_night_use,1.0,0.12,0.38
teen_social_life_support_433,433,ok,,,sleep_interference,1.0,0.05,0.52
teen_social_life_support_433,433,ok,,,social_comparison,1.0000000000000002,0.1,0.4
teen_social_life_support_433,433,ok,,,connection_effect,1.0,0.13,0.5
teen_social_life_support_433,433,ok,,,parental_rules,1.0,0.15,0.35
teen_social_life_support_433,433,ok,,,primary_platform,0.9999999999999999,0.02,0.28
teen_social_life_support_433,433,ok,,,school_effort,1.0,0.02,0.58
teen_social_life_support_433,433,ok,,,academic_confidence,1.0,0.04,0.48
teen_social_life_support_433,433,ok,,,homework_distraction,1.0,0.09,0.43
teen_social_life_support_433,433,ok,,,organized_activity,1.0,0.17,0.37
teen_social_life_support_433,433,ok,,,career_clarity,1.0,0.15,0.36
teen_social_life_support_433,433,ok,,,future_optimism,1.0,0.04,0.5
teen_social_life_support_433,433,ok,,,peer_belonging,1.0,0.04,0.46
teen_social_life_support_434,434,ok,,,social_media_hours,1.0,0.08,0.52
teen_social_life_support_434,434,ok,,,posting_frequency,1.0,0.16,0.38
teen_social_life_support_434,434,ok,,,late_night_use,1.0,0.03,0.55
teen_social_life_support_434,434,ok,,,sleep_interference,1.0,0.03,0.7
teen_social_life_support_434,434,ok,,,social_comparison,1.0,0.08,0.47
teen_social_life_support_434,434,ok,,,connection_effect,1.0,0.08,0.61
teen_social_life_support_434,434,ok,,,parental_rules,1.0,0.12,0.39
teen_social_life_support_434,434,ok,,,primary_platform,1.0,0.01,0.32
teen_social_life_support_434,434,ok,,,school_effort,1.0,0.02,0.55
teen_social_life_support_434,434,ok,,,academic_confidence,1.0,0.03,0.49
teen_social_life_support_434,434,ok,,,homework_distraction,1.0,0.05,0.52
teen_social_life_support_434,434,ok,,,organized_activity,1.0,0.14,0.39
teen_social_life_support_434,434,ok,,,career_clarity,1.0,0.14,0.39
teen_social_life_support_434,434,ok,,,future_optimism,1.0,0.04,0.48
teen_social_life_support_434,434,ok,,,peer_belonging,1.0,0.04,0.45
teen_social_life_support_435,435,ok,,,social_media_hours,1.0,0.03,0.65
teen_social_life_support_435,435,ok,,,posting_frequency,1.0,0.08,0.39
teen_social_life_support_435,435,ok,,,late_night_use,1.0,0.02,0.6
teen_social_life_support_435,435,ok,,,sleep_interference,1.0,0.02,0.55
teen_social_life_support_435,435,ok,,,social_comparison,1.0,0.05,0.45
teen_social_life_support_435,435,ok,,,connection_effect,1.0,0.1,0.65
teen_social_life_support_435,435,ok,,,parental_rules,1.0,0.12,0.38
teen_social_life_support_435,435,ok,,,primary_platform,1.0,0.01,0.36
teen_social_life_support_435,435,ok,,,school_effort,1.0,0.02,0.57
teen_social_life_support_435,435,ok,,,academic_confidence,1.0,0.03,0.52
teen_social_life_support_435,435,ok,,,homework_distraction,1.0,0.03,0.48
teen_social_life_support_435,435,ok,,,organized_activity,1.0,0.16,0.39
teen_social_life_support_435,435,ok,,,career_clarity,1.0,0.14,0.37
teen_social_life_support_435,435,ok,,,future_optimism,1.0,0.04,0.5
teen_social_life_support_435,435,ok,,,peer_belonging,1.0,0.03,0.52
teen_social_life_support_436,436,ok,,,social_media_hours,1.0,0.1,0.55
teen_social_life_support_436,436,ok,,,posting_frequency,1.0,0.07,0.45
teen_social_life_support_436,436,ok,,,late_night_use,1.0,0.05,0.45
teen_social_life_support_436,436,ok,,,sleep_interference,1.0,0.03,0.58
teen_social_life_support_436,436,ok,,,social_comparison,1.0,0.01,0.86
teen_social_life_support_436,436,ok,,,connection_effect,1.0,0.08,0.5
teen_social_life_support_436,436,ok,,,parental_rules,1.0,0.1,0.42
teen_social_life_support_436,436,ok,,,primary_platform,1.0,0.01,0.28
teen_social_life_support_436,436,ok,,,school_effort,1.0,0.01,0.7
teen_social_life_support_436,436,ok,,,academic_confidence,1.0,0.01,0.58
teen_social_life_support_436,436,ok,,,homework_distraction,1.0,0.04,0.5
teen_social_life_support_436,436,ok,,,organized_activity,1.0,0.12,0.43
teen_social_life_support_436,436,ok,,,career_clarity,1.0,0.1,0.38
teen_social_life_support_436,436,ok,,,future_optimism,1.0,0.02,0.5
teen_social_life_support_436,436,ok,,,peer_belonging,1.0,0.02,0.6
teen_social_life_support_437,437,ok,,,social_media_hours,1.0,0.16,0.52
teen_social_life_support_437,437,ok,,,posting_frequency,1.0,0.14,0.34
teen_social_life_support_437,437,ok,,,late_night_use,1.0,0.12,0.38
teen_social_life_support_437,437,ok,,,sleep_interference,0.9999999999999999,0.08,0.4
teen_social_life_support_437,437,ok,,,social_comparison,1.0,0.06,0.5
teen_social_life_support_437,437,ok,,,connection_effect,1.0,0.13,0.45
teen_social_life_support_437,437,ok,,,parental_rules,1.0,0.12,0.38
teen_social_life_support_437,437,ok,,,primary_platform,1.0,0.02,0.3
teen_social_life_support_437,437,ok,,,school_effort,1.0,0.03,0.55
teen_social_life_support_437,437,ok,,,academic_confidence,1.0,0.04,0.44
teen_social_life_support_437,437,ok,,,homework_distraction,1.0,0.12,0.38
teen_social_life_support_437,437,ok,,,organized_activity,1.0,0.16,0.34
teen_social_life_support_437,437,ok,,,career_clarity,1.0000000000000002,0.11,0.38
teen_social_life_support_437,437,ok,,,future_optimism,1.0,0.04,0.45
teen_social_life_support_437,437,ok,,,peer_belonging,1.0,0.04,0.43
teen_social_life_support_438,438,ok,,,social_media_hours,1.0,0.05,0.5
teen_social_life_support_438,438,ok,,,posting_frequency,1.0,0.12,0.4
teen_social_life_support_438,438,ok,,,late_night_use,1.0,0.04,0.46
teen_social_life_support_438,438,ok,,,sleep_interference,1.0,0.07,0.45
teen_social_life_support_438,438,ok,,,social_comparison,1.0,0.02,0.74
teen_social_life_support_438,438,ok,,,connection_effect,1.0,0.12,0.55
teen_social_life_support_438,438,ok,,,parental_rules,1.0,0.1,0.38
teen_social_life_support_438,438,ok,,,primary_platform,0.9999999999999999,0.01,0.35
teen_social_life_support_438,438,ok,,,school_effort,1.0,0.02,0.54
teen_social_life_support_438,438,ok,,,academic_confidence,1.0,0.03,0.48
teen_social_life_support_438,438,ok,,,homework_distraction,1.0,0.06,0.48
teen_social_life_support_438,438,ok,,,organized_activity,1.0,0.18,0.36
teen_social_life_support_438,438,ok,,,career_clarity,1.0,0.14,0.36
teen_social_life_support_438,438,ok,,,future_optimism,1.0,0.04,0.5
teen_social_life_support_438,438,ok,,,peer_belonging,1.0,0.03,0.42
teen_social_life_support_439,439,ok,,,social_media_hours,1.0,0.06,0.5
teen_social_life_support_439,439,ok,,,posting_frequency,1.0,0.12,0.39
teen_social_life_support_439,439,ok,,,late_night_use,1.0,0.07,0.39
teen_social_life_support_439,439,ok,,,sleep_interference,1.0,0.11,0.42
teen_social_life_support_439,439,ok,,,social_comparison,1.0,0.04,0.5
teen_social_life_support_439,439,ok,,,connection_effect,1.0,0.18,0.48
teen_social_life_support_439,439,ok,,,parental_rules,1.0000000000000002,0.11,0.4
teen_social_life_support_439,439,ok,,,primary_platform,1.0,0.01,0.34
teen_social_life_support_439,439,ok,,,school_effort,1.0,0.03,0.53
teen_social_life_support_439,439,ok,,,academic_confidence,1.0,0.06,0.49
teen_social_life_support_439,439,ok,,,homework_distraction,1.0,0.09,0.44
teen_social_life_support_439,439,ok,,,organized_activity,1.0,0.18,0.32
teen_social_life_support_439,439,ok,,,career_clarity,1.0,0.13,0.36
teen_social_life_support_439,439,ok,,,future_optimism,1.0,0.06,0.48
teen_social_life_support_439,439,ok,,,peer_belonging,1.0,0.06,0.42
teen_social_life_support_440,440,ok,,,social_media_hours,1.0,0.1,0.45
teen_social_life_support_440,440,ok,,,posting_frequency,1.0,0.15,0.35
teen_social_life_support_440,440,ok,,,late_night_use,1.0,0.05,0.4
teen_social_life_support_440,440,ok,,,sleep_interference,1.0,0.08,0.42
teen_social_life_support_440,440,ok,,,social_comparison,1.0,0.04,0.42
teen_social_life_support_440,440,ok,,,connection_effect,1.0,0.05,0.8
teen_social_life_support_440,440,ok,,,parental_rules,1.0,0.15,0.35
teen_social_life_support_440,440,ok,,,primary_platform,1.0,0.02,0.32
teen_social_life_support_440,440,ok,,,school_effort,1.0,0.03,0.5
teen_social_life_support_440,440,ok,,,academic_confidence,1.0,0.08,0.45
teen_social_life_support_440,440,ok,,,homework_distraction,1.0,0.06,0.44
teen_social_life_support_440,440,ok,,,organized_activity,1.0,0.18,0.35
teen_social_life_support_440,440,ok,,,career_clarity,1.0,0.12,0.38
teen_social_life_support_440,440,ok,,,future_optimism,1.0,0.1,0.45
teen_social_life_support_440,440,ok,,,peer_belonging,1.0,0.12,0.4
teen_social_life_support_441,441,ok,,,social_media_hours,1.0,0.18,0.55
teen_social_life_support_441,441,ok,,,posting_frequency,1.0,0.15,0.32
teen_social_life_support_441,441,ok,,,late_night_use,1.0,0.08,0.42
teen_social_life_support_441,441,ok,,,sleep_interference,1.0,0.13,0.38
teen_social_life_support_441,441,ok,,,social_comparison,1.0,0.13,0.37
teen_social_life_support_441,441,ok,,,connection_effect,1.0,0.16,0.62
teen_social_life_support_441,441,ok,,,parental_rules,1.0,0.12,0.38
teen_social_life_support_441,441,ok,,,primary_platform,1.0,0.02,0.28
teen_social_life_support_441,441,ok,,,school_effort,1.0,0.03,0.55
teen_social_life_support_441,441,ok,,,academic_confidence,1.0,0.04,0.49
teen_social_life_support_441,441,ok,,,homework_distraction,1.0,0.11,0.38
teen_social_life_support_441,441,ok,,,organized_activity,1.0,0.17,0.35
teen_social_life_support_441,441,ok,,,career_clarity,1.0,0.14,0.38
teen_social_life_support_441,441,ok,,,future_optimism,1.0,0.05,0.5
teen_social_life_support_441,441,ok,,,peer_belonging,1.0,0.05,0.41
teen_social_life_support_442,442,ok,,,social_media_hours,1.0,0.06,0.48
teen_social_life_support_442,442,ok,,,posting_frequency,1.0,0.04,0.46
teen_social_life_support_442,442,ok,,,late_night_use,1.0,0.04,0.4
teen_social_life_support_442,442,ok,,,sleep_interference,1.0,0.08,0.42
teen_social_life_support_442,442,ok,,,social_comparison,1.0,0.1,0.4
teen_social_life_support_442,442,ok,,,connection_effect,1.0,0.01,0.95
teen_social_life_support_442,442,ok,,,parental_rules,1.0000000000000002,0.1,0.38
teen_social_life_support_442,442,ok,,,primary_platform,1.0,0.01,0.34
teen_social_life_support_442,442,ok,,,school_effort,1.0,0.01,0.65
teen_social_life_support_442,442,ok,,,academic_confidence,1.0,0.03,0.45
teen_social_life_support_442,442,ok,,,homework_distraction,1.0,0.07,0.46
teen_social_life_support_442,442,ok,,,organized_activity,1.0,0.14,0.44
teen_social_life_support_442,442,ok,,,career_clarity,1.0,0.13,0.36
teen_social_life_support_442,442,ok,,,future_optimism,1.0,0.02,0.46
teen_social_life_support_442,442,ok,,,peer_belonging,1.0,0.01,0.69
teen_social_life_support_443,443,ok,,,social_media_hours,1.0,0.12,0.47
teen_social_life_support_443,443,ok,,,posting_frequency,1.0,0.18,0.34
teen_social_life_support_443,443,ok,,,late_night_use,1.0,0.09,0.43
teen_social_life_support_443,443,ok,,,sleep_interference,1.0,0.16,0.34
teen_social_life_support_443,443,ok,,,social_comparison,1.0,0.14,0.39
teen_social_life_support_443,443,ok,,,connection_effect,1.0,0.08,0.64
teen_social_life_support_443,443,ok,,,parental_rules,1.0,0.05,0.54
teen_social_life_support_443,443,ok,,,primary_platform,1.0,0.02,0.31
teen_social_life_support_443,443,ok,,,school_effort,1.0,0.02,0.54
teen_social_life_support_443,443,ok,,,academic_confidence,1.0,0.03,0.47
teen_social_life_support_443,443,ok,,,homework_distraction,1.0,0.13,0.41
teen_social_life_support_443,443,ok,,,organized_activity,1.0,0.16,0.37
teen_social_life_support_443,443,ok,,,career_clarity,1.0,0.15,0.38
teen_social_life_support_443,443,ok,,,future_optimism,1.0,0.04,0.51
teen_social_life_support_443,443,ok,,,peer_belonging,1.0,0.04,0.44
teen_social_life_support_444,444,ok,,,social_media_hours,1.0,0.05,0.48
teen_social_life_support_444,444,ok,,,posting_frequency,1.0,0.1,0.42
teen_social_life_support_444,444,ok,,,late_night_use,1.0,0.03,0.46
teen_social_life_support_444,444,ok,,,sleep_interference,1.0,0.08,0.45
teen_social_life_support_444,444,ok,,,social_comparison,1.0,0.07,0.48
teen_social_life_support_444,444,ok,,,connection_effect,1.0,0.08,0.64
teen_social_life_support_444,444,ok,,,parental_rules,1.0,0.02,0.8
teen_social_life_support_444,444,ok,,,primary_platform,1.0000000000000002,0.01,0.34
teen_social_life_support_444,444,ok,,,school_effort,1.0,0.02,0.52
teen_social_life_support_444,444,ok,,,academic_confidence,1.0,0.03,0.46
teen_social_life_support_444,444,ok,,,homework_distraction,1.0,0.07,0.49
teen_social_life_support_444,444,ok,,,organized_activity,1.0,0.14,0.41
teen_social_life_support_444,444,ok,,,career_clarity,1.0,0.14,0.34
teen_social_life_support_444,444,ok,,,future_optimism,1.0,0.03,0.49
teen_social_life_support_444,444,ok,,,peer_belonging,1.0,0.04,0.46
teen_social_life_support_445,445,ok,,,social_media_hours,1.0,0.12,0.55
teen_social_life_support_445,445,ok,,,posting_frequency,1.0,0.18,0.36
teen_social_life_support_445,445,ok,,,late_night_use,1.0,0.12,0.38
teen_social_life_support_445,445,ok,,,sleep_interference,1.0,0.12,0.36
teen_social_life_support_445,445,ok,,,social_comparison,1.0,0.14,0.36
teen_social_life_support_445,445,ok,,,connection_effect,1.0,0.12,0.54
teen_social_life_support_445,445,ok,,,parental_rules,1.0,0.05,0.56
teen_social_life_support_445,445,ok,,,primary_platform,1.0,0.02,0.3
teen_social_life_support_445,445,ok,,,school_effort,1.0,0.02,0.56
teen_social_life_support_445,445,ok,,,academic_confidence,1.0,0.04,0.48
teen_social_life_support_445,445,ok,,,homework_distraction,1.0,0.14,0.38
teen_social_life_support_445,445,ok,,,organized_activity,1.0,0.14,0.42
teen_social_life_support_445,445,ok,,,career_clarity,1.0,0.14,0.36
teen_social_life_support_445,445,ok,,,future_optimism,1.0,0.04,0.48
teen_social_life_support_445,445,ok,,,peer_belonging,1.0,0.04,0.46
teen_social_life_support_446,446,ok,,,social_media_hours,1.0,0.16,0.52
teen_social_life_support_446,446,ok,,,posting_frequency,1.0,0.13,0.32
teen_social_life_support_446,446,ok,,,late_night_use,0.9999999999999999,0.09,0.36
teen_social_life_support_446,446,ok,,,sleep_interference,1.0,0.07,0.43
teen_social_life_support_446,446,ok,,,social_comparison,1.0,0.14,0.36
teen_social_life_support_446,446,ok,,,connection_effect,1.0,0.16,0.42
teen_social_life_support_446,446,ok,,,parental_rules,1.0,0.01,0.8
teen_social_life_support_446,446,ok,,,primary_platform,0.9999999999999999,0.08,0.3
teen_social_life_support_446,446,ok,,,school_effort,1.0,0.02,0.62
teen_social_life_support_446,446,ok,,,academic_confidence,1.0,0.03,0.45
teen_social_life_support_446,446,ok,,,homework_distraction,1.0,0.1,0.34
teen_social_life_support_446,446,ok,,,organized_activity,1.0,0.15,0.45
teen_social_life_support_446,446,ok,,,career_clarity,1.0,0.15,0.35
teen_social_life_support_446,446,ok,,,future_optimism,1.0,0.05,0.43
teen_social_life_support_446,446,ok,,,peer_belonging,1.0,0.07,0.38
teen_social_life_support_447,447,ok,,,social_media_hours,1.0,0.08,0.54
teen_social_life_support_447,447,ok,,,posting_frequency,1.0,0.1,0.42
teen_social_life_support_447,447,ok,,,late_night_use,1.0,0.06,0.44
teen_social_life_support_447,447,ok,,,sleep_interference,1.0,0.12,0.38
teen_social_life_support_447,447,ok,,,social_comparison,1.0,0.09,0.44
teen_social_life_support_447,447,ok,,,connection_effect,1.0,0.13,0.56
teen_social_life_support_447,447,ok,,,parental_rules,1.0,0.12,0.37
teen_social_life_support_447,447,ok,,,primary_platform,1.0,0.01,0.58
teen_social_life_support_447,447,ok,,,school_effort,1.0,0.02,0.56
teen_social_life_support_447,447,ok,,,academic_confidence,1.0,0.04,0.52
teen_social_life_support_447,447,ok,,,homework_distraction,1.0,0.08,0.44
teen_social_life_support_447,447,ok,,,organized_activity,1.0,0.18,0.33
teen_social_life_support_447,447,ok,,,career_clarity,1.0,0.14,0.39
teen_social_life_support_447,447,ok,,,future_optimism,1.0,0.05,0.5
teen_social_life_support_447,447,ok,,,peer_belonging,1.0,0.04,0.45
teen_social_life_support_448,448,ok,,,social_media_hours,1.0,0.05,0.5
teen_social_life_support_448,448,ok,,,posting_frequency,1.0,0.04,0.42
teen_social_life_support_448,448,ok,,,late_night_use,1.0,0.04,0.42
teen_social_life_support_448,448,ok,,,sleep_interference,1.0,0.1,0.42
teen_social_life_support_448,448,ok,,,social_comparison,1.0,0.06,0.48
teen_social_life_support_448,448,ok,,,connection_effect,1.0,0.06,0.7
teen_social_life_support_448,448,ok,,,parental_rules,1.0000000000000002,0.11,0.39
teen_social_life_support_448,448,ok,,,primary_platform,1.0,0.01,0.78
teen_social_life_support_448,448,ok,,,school_effort,1.0,0.02,0.58
teen_social_life_support_448,448,ok,,,academic_confidence,1.0,0.03,0.48
teen_social_life_support_448,448,ok,,,homework_distraction,1.0,0.08,0.46
teen_social_life_support_448,448,ok,,,organized_activity,1.0,0.12,0.46
teen_social_life_support_448,448,ok,,,career_clarity,1.0,0.12,0.36
teen_social_life_support_448,448,ok,,,future_optimism,1.0,0.04,0.47
teen_social_life_support_448,448,ok,,,peer_belonging,1.0,0.03,0.53
teen_social_life_support_449,449,ok,,,social_media_hours,1.0,0.18,0.62
teen_social_life_support_449,449,ok,,,posting_frequency,1.0,0.12,0.34
teen_social_life_support_449,449,ok,,,late_night_use,1.0,0.1,0.4
teen_social_life_support_449,449,ok,,,sleep_interference,1.0,0.12,0.38
teen_social_life_support_449,449,ok,,,social_comparison,1.0,0.1,0.42
teen_social_life_support_449,449,ok,,,connection_effect,1.0,0.16,0.47
teen_social_life_support_449,449,ok,,,parental_rules,1.0,0.13,0.39
teen_social_life_support_449,449,ok,,,primary_platform,1.0,0.01,0.55
teen_social_life_support_449,449,ok,,,school_effort,1.0,0.02,0.48
teen_social_life_support_449,449,ok,,,academic_confidence,1.0,0.04,0.46
teen_social_life_support_449,449,ok,,,homework_distraction,1.0,0.14,0.36
teen_social_life_support_449,449,ok,,,organized_activity,0.9999999999999999,0.17,0.35
teen_social_life_support_449,449,ok,,,career_clarity,0.9999999999999999,0.12,0.37
teen_social_life_support_449,449,ok,,,future_optimism,1.0,0.05,0.48
teen_social_life_support_449,449,ok,,,peer_belonging,1.0,0.05,0.4
teen_social_life_support_450,450,ok,,,social_media_hours,1.0,0.03,0.55
teen_social_life_support_450,450,ok,,,posting_frequency,1.0,0.04,0.56
teen_social_life_support_450,450,ok,,,late_night_use,1.0,0.03,0.42
teen_social_life_support_450,450,ok,,,sleep_interference,1.0,0.07,0.43
teen_social_life_support_450,450,ok,,,social_comparison,1.0,0.08,0.42
teen_social_life_support_450,450,ok,,,connection_effect,1.0,0.04,0.78
teen_social_life_support_450,450,ok,,,parental_rules,1.0000000000000002,0.11,0.39
teen_social_life_support_450,450,ok,,,primary_platform,1.0,0.01,0.8
teen_social_life_support_450,450,ok,,,school_effort,1.0,0.02,0.6
teen_social_life_support_450,450,ok,,,academic_confidence,1.0,0.02,0.47
teen_social_life_support_450,450,ok,,,homework_distraction,1.0,0.06,0.46
teen_social_life_support_450,450,ok,,,organized_activity,1.0,0.12,0.5
teen_social_life_support_450,450,ok,,,career_clarity,1.0,0.14,0.37
teen_social_life_support_450,450,ok,,,future_optimism,1.0,0.04,0.5
teen_social_life_support_450,450,ok,,,peer_belonging,1.0,0.03,0.47
teen_social_life_support_451,451,ok,,,social_media_hours,1.0,0.16,0.58
teen_social_life_support_451,451,ok,,,posting_frequency,1.0,0.16,0.32
teen_social_life_support_451,451,ok,,,late_night_use,1.0,0.12,0.39
teen_social_life_support_451,451,ok,,,sleep_interference,0.9999999999999999,0.1,0.38
teen_social_life_support_451,451,ok,,,social_comparison,1.0,0.1,0.4
teen_social_life_support_451,451,ok,,,connection_effect,1.0,0.13,0.44
teen_social_life_support_451,451,ok,,,parental_rules,0.9999999999999999,0.08,0.42
teen_social_life_support_451,451,ok,,,primary_platform,1.0,0.03,0.45
teen_social_life_support_451,451,ok,,,school_effort,1.0,0.02,0.54
teen_social_life_support_451,451,ok,,,academic_confidence,1.0,0.03,0.49
teen_social_life_support_451,451,ok,,,homework_distraction,1.0000000000000002,0.1,0.4
teen_social_life_support_451,451,ok,,,organized_activity,1.0,0.19,0.31
teen_social_life_support_451,451,ok,,,career_clarity,1.0,0.13,0.38
teen_social_life_support_451,451,ok,,,future_optimism,1.0,0.04,0.48
teen_social_life_support_451,451,ok,,,peer_belonging,1.0,0.05,0.39
teen_social_life_support_452,452,ok,,,social_media_hours,1.0,0.01,0.96
teen_social_life_support_452,452,ok,,,posting_frequency,1.0,0.01,0.9
teen_social_life_support_452,452,ok,,,late_night_use,1.0,0.01,0.88
teen_social_life_support_452,452,ok,,,sleep_interference,1.0,0.01,0.9
teen_social_life_support_452,452,ok,,,social_comparison,1.0,0.02,0.68
teen_social_life_support_452,452,ok,,,connection_effect,1.0,0.07,0.86
teen_social_life_support_452,452,ok,,,parental_rules,1.0,0.08,0.4
teen_social_life_support_452,452,ok,,,primary_platform,1.0,0.01,0.95
teen_social_life_support_452,452,ok,,,school_effort,1.0,0.02,0.67
teen_social_life_support_452,452,ok,,,academic_confidence,1.0,0.03,0.45
teen_social_life_support_452,452,ok,,,homework_distraction,1.0,0.01,0.92
teen_social_life_support_452,452,ok,,,organized_activity,1.0,0.08,0.5
teen_social_life_support_452,452,ok,,,career_clarity,1.0,0.12,0.38
teen_social_life_support_452,452,ok,,,future_optimism,1.0,0.04,0.46
teen_social_life_support_452,452,ok,,,peer_belonging,1.0,0.04,0.43
teen_social_life_support_453,453,ok,,,social_media_hours,1.0,0.12,0.45
teen_social_life_support_453,453,ok,,,posting_frequency,1.0,0.19,0.34
teen_social_life_support_453,453,ok,,,late_night_use,1.0,0.08,0.38
teen_social_life_support_453,453,ok,,,sleep_interference,1.0,0.13,0.39
teen_social_life_support_453,453,ok,,,social_comparison,1.0,0.16,0.38
teen_social_life_support_453,453,ok,,,connection_effect,1.0,0.18,0.48
teen_social_life_support_453,453,ok,,,parental_rules,1.0,0.1,0.37
teen_social_life_support_453,453,ok,,,primary_platform,1.0,0.01,0.31
teen_social_life_support_453,453,ok,,,school_effort,0.9999999999999999,0.09,0.46
teen_social_life_support_453,453,ok,,,academic_confidence,1.0,0.1,0.38
teen_social_life_support_453,453,ok,,,homework_distraction,1.0,0.16,0.36
teen_social_life_support_453,453,ok,,,organized_activity,1.0,0.18,0.38
teen_social_life_support_453,453,ok,,,career_clarity,0.9999999999999999,0.09,0.36
teen_social_life_support_453,453,ok,,,future_optimism,1.0,0.14,0.35
teen_social_life_support_453,453,ok,,,peer_belonging,1.0,0.16,0.36
teen_social_life_support_454,454,ok,,,social_media_hours,1.0,0.1,0.52
teen_social_life_support_454,454,ok,,,posting_frequency,1.0,0.18,0.32
teen_social_life_support_454,454,ok,,,late_night_use,1.0,0.05,0.4
teen_social_life_support_454,454,ok,,,sleep_interference,1.0,0.08,0.45
teen_social_life_support_454,454,ok,,,social_comparison,1.0,0.1,0.44
teen_social_life_support_454,454,ok,,,connection_effect,1.0,0.16,0.48
teen_social_life_support_454,454,ok,,,parental_rules,1.0,0.1,0.42
teen_social_life_support_454,454,ok,,,primary_platform,1.0,0.01,0.39
teen_social_life_support_454,454,ok,,,school_effort,1.0,0.01,0.78
teen_social_life_support_454,454,ok,,,academic_confidence,1.0,0.05,0.42
teen_social_life_support_454,454,ok,,,homework_distraction,1.0,0.06,0.43
teen_social_life_support_454,454,ok,,,organized_activity,1.0,0.14,0.4
teen_social_life_support_454,454,ok,,,career_clarity,1.0,0.06,0.41
teen_social_life_support_454,454,ok,,,future_optimism,1.0,0.11,0.36
teen_social_life_support_454,454,ok,,,peer_belonging,1.0,0.12,0.45
teen_social_life_support_455,455,ok,,,social_media_hours,1.0,0.12,0.56
teen_social_life_support_455,455,ok,,,posting_frequency,1.0,0.15,0.34
teen_social_life_support_455,455,ok,,,late_night_use,1.0,0.08,0.43
teen_social_life_support_455,455,ok,,,sleep_interference,1.0,0.12,0.39
teen_social_life_support_455,455,ok,,,social_comparison,1.0,0.1,0.44
teen_social_life_support_455,455,ok,,,connection_effect,1.0,0.12,0.52
teen_social_life_support_455,455,ok,,,parental_rules,1.0,0.13,0.37
teen_social_life_support_455,455,ok,,,primary_platform,1.0,0.02,0.31
teen_social_life_support_455,455,ok,,,school_effort,1.0,0.04,0.55
teen_social_life_support_455,455,ok,,,academic_confidence,1.0,0.06,0.52
teen_social_life_support_455,455,ok,,,homework_distraction,1.0,0.08,0.45
teen_social_life_support_455,455,ok,,,organized_activity,1.0,0.18,0.3
teen_social_life_support_455,455,ok,,,career_clarity,0.9999999999999999,0.13,0.35
teen_social_life_support_455,455,ok,,,future_optimism,1.0,0.07,0.5
teen_social_life_support_455,455,ok,,,peer_belonging,1.0,0.06,0.43
teen_social_life_support_456,456,ok,,,social_media_hours,1.0,0.12,0.55
teen_social_life_support_456,456,ok,,,posting_frequency,1.0,0.14,0.38
teen_social_life_support_456,456,ok,,,late_night_use,1.0,0.1,0.4
teen_social_life_support_456,456,ok,,,sleep_interference,1.0,0.14,0.36
teen_social_life_support_456,456,ok,,,social_comparison,1.0,0.16,0.34
teen_social_life_support_456,456,ok,,,connection_effect,1.0,0.1,0.57
teen_social_life_support_456,456,ok,,,parental_rules,1.0,0.12,0.39
teen_social_life_support_456,456,ok,,,primary_platform,1.0,0.02,0.29
teen_social_life_support_456,456,ok,,,school_effort,1.0,0.01,0.82
teen_social_life_support_456,456,ok,,,academic_confidence,1.0,0.02,0.55
teen_social_life_support_456,456,ok,,,homework_distraction,1.0,0.13,0.36
teen_social_life_support_456,456,ok,,,organized_activity,1.0,0.12,0.45
teen_social_life_support_456,456,ok,,,career_clarity,1.0,0.08,0.43
teen_social_life_support_456,456,ok,,,future_optimism,1.0,0.03,0.45
teen_social_life_support_456,456,ok,,,peer_belonging,1.0,0.04,0.5
teen_social_life_support_457,457,ok,,,social_media_hours,1.0,0.12,0.48
teen_social_life_support_457,457,ok,,,posting_frequency,1.0,0.17,0.33
teen_social_life_support_457,457,ok,,,late_night_use,1.0,0.08,0.39
teen_social_life_support_457,457,ok,,,sleep_interference,1.0,0.1,0.4
teen_social_life_support_457,457,ok,,,social_comparison,1.0,0.08,0.43
teen_social_life_support_457,457,ok,,,connection_effect,1.0,0.24,0.39
teen_social_life_support_457,457,ok,,,parental_rules,1.0,0.13,0.37
teen_social_life_support_457,457,ok,,,primary_platform,1.0,0.02,0.28
teen_social_life_support_457,457,ok,,,school_effort,1.0,0.09,0.42
teen_social_life_support_457,457,ok,,,academic_confidence,1.0,0.06,0.46
teen_social_life_support_457,457,ok,,,homework_distraction,1.0,0.07,0.42
teen_social_life_support_457,457,ok,,,organized_activity,1.0,0.2,0.35
teen_social_life_support_457,457,ok,,,career_clarity,0.9999999999999999,0.08,0.38
teen_social_life_support_457,457,ok,,,future_optimism,0.9999999999999999,0.11,0.36
teen_social_life_support_457,457,ok,,,peer_belonging,1.0,0.13,0.41
teen_social_life_support_458,458,ok,,,social_media_hours,1.0,0.08,0.47
teen_social_life_support_458,458,ok,,,posting_frequency,1.0,0.18,0.34
teen_social_life_support_458,458,ok,,,late_night_use,1.0,0.06,0.39
teen_social_life_support_458,458,ok,,,sleep_interference,1.0,0.09,0.42
teen_social_life_support_458,458,ok,,,social_comparison,1.0,0.07,0.46
teen_social_life_support_458,458,ok,,,connection_effect,1.0,0.18,0.48
teen_social_life_support_458,458,ok,,,parental_rules,1.0000000000000002,0.1,0.44
teen_social_life_support_458,458,ok,,,primary_platform,1.0,0.01,0.31
teen_social_life_support_458,458,ok,,,school_effort,1.0,0.04,0.47
teen_social_life_support_458,458,ok,,,academic_confidence,1.0,0.02,0.68
teen_social_life_support_458,458,ok,,,homework_distraction,1.0,0.05,0.48
teen_social_life_support_458,458,ok,,,organized_activity,1.0,0.18,0.29
teen_social_life_support_458,458,ok,,,career_clarity,1.0,0.07,0.43
teen_social_life_support_458,458,ok,,,future_optimism,1.0,0.12,0.38
teen_social_life_support_458,458,ok,,,peer_belonging,1.0,0.08,0.44
teen_social_life_support_459,459,ok,,,social_media_hours,1.0,0.12,0.5
teen_social_life_support_459,459,ok,,,posting_frequency,1.0,0.15,0.3
teen_social_life_support_459,459,ok,,,late_night_use,1.0,0.08,0.42
teen_social_life_support_459,459,ok,,,sleep_interference,1.0,0.12,0.38
teen_social_life_support_459,459,ok,,,social_comparison,1.0,0.1,0.42
teen_social_life_support_459,459,ok,,,connection_effect,1.0,0.12,0.52
teen_social_life_support_459,459,ok,,,parental_rules,1.0,0.12,0.38
teen_social_life_support_459,459,ok,,,primary_platform,1.0,0.02,0.3
teen_social_life_support_459,459,ok,,,school_effort,1.0,0.02,0.5
teen_social_life_support_459,459,ok,,,academic_confidence,1.0,0.04,0.58
teen_social_life_support_459,459,ok,,,homework_distraction,1.0,0.1,0.42
teen_social_life_support_459,459,ok,,,organized_activity,1.0,0.15,0.35
teen_social_life_support_459,459,ok,,,career_clarity,0.9999999999999999,0.1,0.42
teen_social_life_support_459,459,ok,,,future_optimism,1.0,0.05,0.48
teen_social_life_support_459,459,ok,,,peer_belonging,1.0,0.04,0.44
teen_social_life_support_460,460,ok,,,social_media_hours,1.0,0.15,0.55
teen_social_life_support_460,460,ok,,,posting_frequency,1.0,0.12,0.4
teen_social_life_support_460,460,ok,,,late_night_use,1.0,0.14,0.34
teen_social_life_support_460,460,ok,,,sleep_interference,1.0,0.08,0.37
teen_social_life_support_460,460,ok,,,social_comparison,1.0,0.14,0.35
teen_social_life_support_460,460,ok,,,connection_effect,1.0,0.1,0.58
teen_social_life_support_460,460,ok,,,parental_rules,1.0,0.12,0.38
teen_social_life_support_460,460,ok,,,primary_platform,0.9999999999999999,0.02,0.25
teen_social_life_support_460,460,ok,,,school_effort,1.0,0.01,0.78
teen_social_life_support_460,460,ok,,,academic_confidence,1.0,0.01,0.87
teen_social_life_support_460,460,ok,,,homework_distraction,0.9999999999999999,0.1,0.36
teen_social_life_support_460,460,ok,,,organized_activity,1.0,0.14,0.43
teen_social_life_support_460,460,ok,,,career_clarity,1.0,0.1,0.4
teen_social_life_support_460,460,ok,,,future_optimism,1.0,0.02,0.57
teen_social_life_support_460,460,ok,,,peer_belonging,1.0,0.04,0.5
teen_social_life_support_461,461,ok,,,social_media_hours,1.0,0.17,0.58
teen_social_life_support_461,461,ok,,,posting_frequency,1.0,0.16,0.32
teen_social_life_support_461,461,ok,,,late_night_use,0.9999999999999999,0.08,0.36
teen_social_life_support_461,461,ok,,,sleep_interference,1.0,0.05,0.45
teen_social_life_support_461,461,ok,,,social_comparison,1.0,0.09,0.38
teen_social_life_support_461,461,ok,,,connection_effect,1.0,0.1,0.52
teen_social_life_support_461,461,ok,,,parental_rules,1.0,0.12,0.38
teen_social_life_support_461,461,ok,,,primary_platform,0.9999999999999999,0.03,0.24
teen_social_life_support_461,461,ok,,,school_effort,1.0,0.01,0.66
teen_social_life_support_461,461,ok,,,academic_confidence,1.0,0.02,0.46
teen_social_life_support_461,461,ok,,,homework_distraction,1.0,0.04,0.61
teen_social_life_support_461,461,ok,,,organized_activity,1.0,0.16,0.39
teen_social_life_support_461,461,ok,,,career_clarity,1.0,0.15,0.35
teen_social_life_support_461,461,ok,,,future_optimism,1.0,0.03,0.49
teen_social_life_support_461,461,ok,,,peer_belonging,1.0,0.04,0.44
teen_social_life_support_462,462,ok,,,social_media_hours,1.0,0.18,0.58
teen_social_life_support_462,462,ok,,,posting_frequency,1.0,0.15,0.34
teen_social_life_support_462,462,ok,,,late_night_use,1.0,0.08,0.44
teen_social_life_support_462,462,ok,,,sleep_interference,1.0,0.07,0.43
teen_social_life_support_462,462,ok,,,social_comparison,1.0,0.1,0.42
teen_social_life_support_462,462,ok,,,connection_effect,1.0,0.1,0.47
teen_social_life_support_462,462,ok,,,parental_rules,1.0,0.1,0.46
teen_social_life_support_462,462,ok,,,primary_platform,1.0,0.02,0.28
teen_social_life_support_462,462,ok,,,school_effort,1.0,0.01,0.69
teen_social_life_support_462,462,ok,,,academic_confidence,1.0,0.02,0.45
teen_social_life_support_462,462,ok,,,homework_distraction,1.0,0.02,0.69
teen_social_life_support_462,462,ok,,,organized_activity,1.0,0.15,0.38
teen_social_life_support_462,462,ok,,,career_clarity,1.0,0.09,0.38
teen_social_life_support_462,462,ok,,,future_optimism,1.0,0.03,0.5
teen_social_life_support_462,462,ok,,,peer_belonging,1.0,0.02,0.52
teen_social_life_support_463,463,ok,,,social_media_hours,1.0,0.12,0.55
teen_social_life_support_463,463,ok,,,posting_frequency,1.0,0.18,0.36
teen_social_life_support_463,463,ok,,,late_night_use,1.0,0.1,0.42
teen_social_life_support_463,463,ok,,,sleep_interference,1.0,0.14,0.34
teen_social_life_support_463,463,ok,,,social_comparison,1.0,0.14,0.37
teen_social_life_support_463,463,ok,,,connection_effect,1.0,0.12,0.54
teen_social_life_support_463,463,ok,,,parental_rules,1.0,0.13,0.36
teen_social_life_support_463,463,ok,,,primary_platform,1.0,0.01,0.31
teen_social_life_support_463,463,ok,,,school_effort,1.0,0.02,0.59
teen_social_life_support_463,463,ok,,,academic_confidence,1.0,0.04,0.5
teen_social_life_support_463,463,ok,,,homework_distraction,1.0,0.07,0.53
teen_social_life_support_463,463,ok,,,organized_activity,1.0,0.16,0.31
teen_social_life_support_463,463,ok,,,career_clarity,1.0,0.14,0.38
teen_social_life_support_463,463,ok,,,future_optimism,1.0,0.05,0.46
teen_social_life_support_463,463,ok,,,peer_belonging,1.0,0.04,0.43
teen_social_life_support_464,464,ok,,,social_media_hours,1.0,0.05,0.65
teen_social_life_support_464,464,ok,,,posting_frequency,1.0,0.03,0.55
teen_social_life_support_464,464,ok,,,late_night_use,1.0,0.02,0.6
teen_social_life_support_464,464,ok,,,sleep_interference,1.0,0.04,0.42
teen_social_life_support_464,464,ok,,,social_comparison,1.0,0.05,0.45
teen_social_life_support_464,464,ok,,,connection_effect,1.0,0.14,0.58
teen_social_life_support_464,464,ok,,,parental_rules,0.9999999999999999,0.1,0.42
teen_social_life_support_464,464,ok,,,primary_platform,1.0,0.01,0.38
teen_social_life_support_464,464,ok,,,school_effort,1.0,0.02,0.5
teen_social_life_support_464,464,ok,,,academic_confidence,1.0,0.04,0.5
teen_social_life_support_464,464,ok,,,homework_distraction,1.0,0.02,0.72
teen_social_life_support_464,464,ok,,,organized_activity,0.9999999999999999,0.15,0.38
teen_social_life_support_464,464,ok,,,career_clarity,1.0,0.12,0.4
teen_social_life_support_464,464,ok,,,future_optimism,1.0,0.05,0.5
teen_social_life_support_464,464,ok,,,peer_belonging,1.0,0.03,0.45
teen_social_life_support_465,465,ok,,,social_media_hours,1.0,0.18,0.52
teen_social_life_support_465,465,ok,,,posting_frequency,1.0,0.16,0.31
teen_social_life_support_465,465,ok,,,late_night_use,1.0,0.16,0.34
teen_social_life_support_465,465,ok,,,sleep_interference,1.0,0.11,0.37
teen_social_life_support_465,465,ok,,,social_comparison,1.0,0.15,0.34
teen_social_life_support_465,465,ok,,,connection_effect,1.0,0.16,0.42
teen_social_life_support_465,465,ok,,,parental_rules,1.0,0.12,0.38
teen_social_life_support_465,465,ok,,,primary_platform,0.9999999999999999,0.03,0.26
teen_social_life_support_465,465,ok,,,school_effort,1.0,0.03,0.49
teen_social_life_support_465,465,ok,,,academic_confidence,1.0,0.06,0.48
teen_social_life_support_465,465,ok,,,homework_distraction,1.0,0.13,0.37
teen_social_life_support_465,465,ok,,,organized_activity,1.0,0.11,0.56
teen_social_life_support_465,465,ok,,,career_clarity,1.0,0.13,0.36
teen_social_life_support_465,465,ok,,,future_optimism,1.0,0.06,0.49
teen_social_life_support_465,465,ok,,,peer_belonging,1.0,0.08,0.43
teen_social_life_support_466,466,ok,,,social_media_hours,1.0,0.18,0.55
teen_social_life_support_466,466,ok,,,posting_frequency,1.0,0.15,0.34
teen_social_life_support_466,466,ok,,,late_night_use,1.0,0.12,0.38
teen_social_life_support_466,466,ok,,,sleep_interference,1.0,0.12,0.36
teen_social_life_support_466,466,ok,,,social_comparison,1.0,0.14,0.38
teen_social_life_support_466,466,ok,,,connection_effect,1.0,0.15,0.47
teen_social_life_support_466,466,ok,,,parental_rules,1.0,0.15,0.36
teen_social_life_support_466,466,ok,,,primary_platform,1.0,0.02,0.28
teen_social_life_support_466,466,ok,,,school_effort,1.0,0.02,0.53
teen_social_life_support_466,466,ok,,,academic_confidence,1.0,0.05,0.48
teen_social_life_support_466,466,ok,,,homework_distraction,1.0,0.16,0.38
teen_social_life_support_466,466,ok,,,organized_activity,0.9999999999999999,0.08,0.7
teen_social_life_support_466,466,ok,,,career_clarity,1.0,0.13,0.39
teen_social_life_support_466,466,ok,,,future_optimism,1.0,0.06,0.48
teen_social_life_support_466,466,ok,,,peer_belonging,0.9999999999999999,0.05,0.42
teen_social_life_support_467,467,ok,,,social_media_hours,1.0,0.14,0.57
teen_social_life_support_467,467,ok,,,posting_frequency,1.0,0.18,0.34
teen_social_life_support_467,467,ok,,,late_night_use,1.0,0.1,0.4
teen_social_life_support_467,467,ok,,,sleep_interference,1.0,0.14,0.36
teen_social_life_support_467,467,ok,,,social_comparison,1.0,0.13,0.38
teen_social_life_support_467,467,ok,,,connection_effect,1.0,0.12,0.49
teen_social_life_support_467,467,ok,,,parental_rules,1.0,0.13,0.37
teen_social_life_support_467,467,ok,,,primary_platform,1.0,0.02,0.28
teen_social_life_support_467,467,ok,,,school_effort,1.0,0.02,0.59
teen_social_life_support_467,467,ok,,,academic_confidence,1.0,0.03,0.5
teen_social_life_support_467,467,ok,,,homework_distraction,1.0,0.13,0.39
teen_social_life_support_467,467,ok,,,organized_activity,1.0,0.08,0.55
teen_social_life_support_467,467,ok,,,career_clarity,0.9999999999999999,0.11,0.41
teen_social_life_support_467,467,ok,,,future_optimism,1.0,0.04,0.5
teen_social_life_support_467,467,ok,,,peer_belonging,1.0,0.04,0.45
teen_social_life_support_468,468,ok,,,social_media_hours,1.0,0.12,0.55
teen_social_life_support_468,468,ok,,,posting_frequency,1.0,0.12,0.42
teen_social_life_support_468,468,ok,,,late_night_use,1.0,0.1,0.42
teen_social_life_support_468,468,ok,,,sleep_interference,1.0,0.12,0.38
teen_social_life_support_468,468,ok,,,social_comparison,1.0,0.14,0.36
teen_social_life_support_468,468,ok,,,connection_effect,1.0,0.1,0.55
teen_social_life_support_468,468,ok,,,parental_rules,1.0,0.1,0.43
teen_social_life_support_468,468,ok,,,primary_platform,1.0,0.02,0.28
teen_social_life_support_468,468,ok,,,school_effort,1.0,0.02,0.62
teen_social_life_support_468,468,ok,,,academic_confidence,1.0,0.03,0.45
teen_social_life_support_468,468,ok,,,homework_distraction,1.0,0.14,0.36
teen_social_life_support_468,468,ok,,,organized_activity,1.0,0.01,0.87
teen_social_life_support_468,468,ok,,,career_clarity,1.0,0.1,0.42
teen_social_life_support_468,468,ok,,,future_optimism,1.0,0.03,0.45
teen_social_life_support_468,468,ok,,,peer_belonging,1.0,0.03,0.57
teen_social_life_support_469,469,ok,,,social_media_hours,1.0,0.12,0.52
teen_social_life_support_469,469,ok,,,posting_frequency,1.0,0.14,0.34
teen_social_life_support_469,469,ok,,,late_night_use,1.0,0.08,0.41
teen_social_life_support_469,469,ok,,,sleep_interference,1.0,0.14,0.36
teen_social_life_support_469,469,ok,,,social_comparison,1.0,0.12,0.39
teen_social_life_support_469,469,ok,,,connection_effect,1.0,0.16,0.45
teen_social_life_support_469,469,ok,,,parental_rules,1.0,0.15,0.37
teen_social_life_support_469,469,ok,,,primary_platform,1.0,0.02,0.32
teen_social_life_support_469,469,ok,,,school_effort,1.0,0.04,0.45
teen_social_life_support_469,469,ok,,,academic_confidence,1.0,0.09,0.47
teen_social_life_support_469,469,ok,,,homework_distraction,1.0,0.12,0.39
teen_social_life_support_469,469,ok,,,organized_activity,1.0,0.21,0.28
teen_social_life_support_469,469,ok,,,career_clarity,1.0,0.04,0.52
teen_social_life_support_469,469,ok,,,future_optimism,1.0,0.07,0.5
teen_social_life_support_469,469,ok,,,peer_belonging,0.9999999999999999,0.06,0.41
teen_social_life_support_470,470,ok,,,social_media_hours,1.0,0.1,0.52
teen_social_life_support_470,470,ok,,,posting_frequency,1.0,0.15,0.35
teen_social_life_support_470,470,ok,,,late_night_use,1.0,0.08,0.42
teen_social_life_support_470,470,ok,,,sleep_interference,1.0,0.14,0.38
teen_social_life_support_470,470,ok,,,social_comparison,1.0,0.12,0.39
teen_social_life_support_470,470,ok,,,connection_effect,1.0,0.12,0.54
teen_social_life_support_470,470,ok,,,parental_rules,1.0,0.12,0.4
teen_social_life_support_470,470,ok,,,primary_platform,1.0,0.01,0.32
teen_social_life_support_470,470,ok,,,school_effort,1.0,0.02,0.52
teen_social_life_support_470,470,ok,,,academic_confidence,1.0,0.04,0.54
teen_social_life_support_470,470,ok,,,homework_distraction,1.0,0.12,0.4
teen_social_life_support_470,470,ok,,,organized_activity,1.0,0.18,0.35
teen_social_life_support_470,470,ok,,,career_clarity,1.0,0.02,0.78
teen_social_life_support_470,470,ok,,,future_optimism,1.0,0.04,0.53
teen_social_life_support_470,470,ok,,,peer_belonging,1.0,0.04,0.47
teen_social_life_support_471,471,ok,,,social_media_hours,1.0,0.1,0.5
teen_social_life_support_471,471,ok,,,posting_frequency,1.0,0.18,0.35
teen_social_life_support_471,471,ok,,,late_night_use,1.0,0.08,0.43
teen_social_life_support_471,471,ok,,,sleep_interference,1.0,0.15,0.35
teen_social_life_support_471,471,ok,,,social_comparison,1.0,0.12,0.4
teen_social_life_support_471,471,ok,,,connection_effect,1.0,0.14,0.52
teen_social_life_support_471,471,ok,,,parental_rules,1.0,0.12,0.38
teen_social_life_support_471,471,ok,,,primary_platform,1.0,0.01,0.3
teen_social_life_support_471,471,ok,,,school_effort,1.0,0.02,0.5
teen_social_life_support_471,471,ok,,,academic_confidence,1.0,0.03,0.52
teen_social_life_support_471,471,ok,,,homework_distraction,1.0,0.12,0.43
teen_social_life_support_471,471,ok,,,organized_activity,1.0,0.16,0.36
teen_social_life_support_471,471,ok,,,career_clarity,1.0,0.04,0.56
teen_social_life_support_471,471,ok,,,future_optimism,1.0,0.03,0.54
teen_social_life_support_471,471,ok,,,peer_belonging,1.0,0.03,0.43
teen_social_life_support_472,472,ok,,,social_media_hours,1.0,0.15,0.55
teen_social_life_support_472,472,ok,,,posting_frequency,1.0,0.18,0.32
teen_social_life_support_472,472,ok,,,late_night_use,1.0,0.12,0.4
teen_social_life_support_472,472,ok,,,sleep_interference,1.0,0.13,0.35
teen_social_life_support_472,472,ok,,,social_comparison,1.0,0.12,0.36
teen_social_life_support_472,472,ok,,,connection_effect,1.0,0.12,0.53
teen_social_life_support_472,472,ok,,,parental_rules,1.0,0.1,0.4
teen_social_life_support_472,472,ok,,,primary_platform,1.0000000000000002,0.02,0.3
teen_social_life_support_472,472,ok,,,school_effort,1.0,0.01,0.73
teen_social_life_support_472,472,ok,,,academic_confidence,1.0,0.01,0.66
teen_social_life_support_472,472,ok,,,homework_distraction,1.0,0.12,0.38
teen_social_life_support_472,472,ok,,,organized_activity,1.0,0.12,0.44
teen_social_life_support_472,472,ok,,,career_clarity,1.0,0.01,0.78
teen_social_life_support_472,472,ok,,,future_optimism,1.0,0.02,0.57
teen_social_life_support_472,472,ok,,,peer_belonging,1.0,0.04,0.5
teen_social_life_support_473,473,ok,,,social_media_hours,1.0,0.12,0.46
teen_social_life_support_473,473,ok,,,posting_frequency,1.0,0.17,0.31
teen_social_life_support_473,473,ok,,,late_night_use,1.0,0.08,0.38
teen_social_life_support_473,473,ok,,,sleep_interference,1.0,0.12,0.39
teen_social_life_support_473,473,ok,,,social_comparison,1.0,0.07,0.43
teen_social_life_support_473,473,ok,,,connection_effect,1.0,0.29,0.42
teen_social_life_support_473,473,ok,,,parental_rules,0.9999999999999999,0.11,0.38
teen_social_life_support_473,473,ok,,,primary_platform,1.0,0.02,0.28
teen_social_life_support_473,473,ok,,,school_effort,1.0,0.06,0.42
teen_social_life_support_473,473,ok,,,academic_confidence,1.0,0.14,0.35
teen_social_life_support_473,473,ok,,,homework_distraction,1.0,0.1,0.41
teen_social_life_support_473,473,ok,,,organized_activity,1.0,0.2,0.34
teen_social_life_support_473,473,ok,,,career_clarity,1.0,0.07,0.38
teen_social_life_support_473,473,ok,,,future_optimism,1.0,0.05,0.46
teen_social_life_support_473,473,ok,,,peer_belonging,1.0,0.16,0.36
teen_social_life_support_474,474,ok,,,social_media_hours,1.0,0.08,0.48
teen_social_life_support_474,474,ok,,,posting_frequency,1.0,0.14,0.38
teen_social_life_support_474,474,ok,,,late_night_use,1.0,0.05,0.45
teen_social_life_support_474,474,ok,,,sleep_interference,1.0,0.08,0.45
teen_social_life_support_474,474,ok,,,social_comparison,1.0,0.06,0.48
teen_social_life_support_474,474,ok,,,connection_effect,1.0,0.18,0.43
teen_social_life_support_474,474,ok,,,parental_rules,1.0,0.13,0.37
teen_social_life_support_474,474,ok,,,primary_platform,1.0,0.02,0.32
teen_social_life_support_474,474,ok,,,school_effort,1.0,0.02,0.5
teen_social_life_support_474,474,ok,,,academic_confidence,1.0,0.06,0.5
teen_social_life_support_474,474,ok,,,homework_distraction,1.0,0.06,0.48
teen_social_life_support_474,474,ok,,,organized_activity,1.0,0.19,0.29
teen_social_life_support_474,474,ok,,,career_clarity,0.9999999999999999,0.08,0.48
teen_social_life_support_474,474,ok,,,future_optimism,1.0,0.02,0.78
teen_social_life_support_474,474,ok,,,peer_belonging,1.0,0.06,0.45
teen_social_life_support_475,475,ok,,,social_media_hours,1.0,0.12,0.55
teen_social_life_support_475,475,ok,,,posting_frequency,1.0,0.12,0.38
teen_social_life_support_475,475,ok,,,late_night_use,1.0,0.08,0.43
teen_social_life_support_475,475,ok,,,sleep_interference,1.0,0.12,0.38
teen_social_life_support_475,475,ok,,,social_comparison,1.0,0.08,0.46
teen_social_life_support_475,475,ok,,,connection_effect,1.0,0.12,0.57
teen_social_life_support_475,475,ok,,,parental_rules,1.0,0.11,0.38
teen_social_life_support_475,475,ok,,,primary_platform,0.9999999999999999,0.02,0.25
teen_social_life_support_475,475,ok,,,school_effort,1.0,0.02,0.58
teen_social_life_support_475,475,ok,,,academic_confidence,1.0,0.03,0.48
teen_social_life_support_475,475,ok,,,homework_distraction,1.0,0.1,0.41
teen_social_life_support_475,475,ok,,,organized_activity,0.9999999999999999,0.16,0.35
teen_social_life_support_475,475,ok,,,career_clarity,1.0,0.13,0.39
teen_social_life_support_475,475,ok,,,future_optimism,1.0,0.03,0.62
teen_social_life_support_475,475,ok,,,peer_belonging,1.0,0.03,0.43
teen_social_life_support_476,476,ok,,,social_media_hours,1.0,0.16,0.55
teen_social_life_support_476,476,ok,,,posting_frequency,1.0,0.18,0.33
teen_social_life_support_476,476,ok,,,late_night_use,1.0,0.15,0.34
teen_social_life_support_476,476,ok,,,sleep_interference,1.0,0.1,0.38
teen_social_life_support_476,476,ok,,,social_comparison,1.0,0.1,0.4
teen_social_life_support_476,476,ok,,,connection_effect,1.0,0.08,0.6
teen_social_life_support_476,476,ok,,,parental_rules,1.0,0.12,0.39
teen_social_life_support_476,476,ok,,,primary_platform,1.0,0.02,0.26
teen_social_life_support_476,476,ok,,,school_effort,1.0,0.02,0.68
teen_social_life_support_476,476,ok,,,academic_confidence,1.0,0.02,0.65
teen_social_life_support_476,476,ok,,,homework_distraction,0.9999999999999999,0.1,0.4
teen_social_life_support_476,476,ok,,,organized_activity,1.0,0.12,0.53
teen_social_life_support_476,476,ok,,,career_clarity,1.0,0.07,0.42
teen_social_life_support_476,476,ok,,,future_optimism,1.0,0.01,0.82
teen_social_life_support_476,476,ok,,,peer_belonging,1.0,0.03,0.56
teen_social_life_support_477,477,ok,,,social_media_hours,1.0,0.18,0.54
teen_social_life_support_477,477,ok,,,posting_frequency,0.9999999999999999,0.12,0.36
teen_social_life_support_477,477,ok,,,late_night_use,1.0,0.17,0.35
teen_social_life_support_477,477,ok,,,sleep_interference,1.0,0.13,0.34
teen_social_life_support_477,477,ok,,,social_comparison,1.0,0.1,0.41
teen_social_life_support_477,477,ok,,,connection_effect,1.0,0.19,0.47
teen_social_life_support_477,477,ok,,,parental_rules,1.0,0.13,0.36
teen_social_life_support_477,477,ok,,,primary_platform,1.0,0.04,0.25
teen_social_life_support_477,477,ok,,,school_effort,1.0,0.04,0.46
teen_social_life_support_477,477,ok,,,academic_confidence,1.0,0.1,0.44
teen_social_life_support_477,477,ok,,,homework_distraction,1.0,0.12,0.34
teen_social_life_support_477,477,ok,,,organized_activity,1.0,0.2,0.32
teen_social_life_support_477,477,ok,,,career_clarity,1.0,0.12,0.39
teen_social_life_support_477,477,ok,,,future_optimism,1.0,0.12,0.41
teen_social_life_support_477,477,ok,,,peer_belonging,1.0,0.05,0.48
teen_social_life_support_478,478,ok,,,social_media_hours,1.0,0.14,0.5
teen_social_life_support_478,478,ok,,,posting_frequency,0.9999999999999999,0.1,0.37
teen_social_life_support_478,478,ok,,,late_night_use,1.0,0.13,0.39
teen_social_life_support_478,478,ok,,,sleep_interference,1.0,0.17,0.38
teen_social_life_support_478,478,ok,,,social_comparison,1.0,0.07,0.45
teen_social_life_support_478,478,ok,,,connection_effect,1.0,0.19,0.48
teen_social_life_support_478,478,ok,,,parental_rules,1.0,0.12,0.37
teen_social_life_support_478,478,ok,,,primary_platform,1.0,0.03,0.29
teen_social_life_support_478,478,ok,,,school_effort,1.0,0.02,0.55
teen_social_life_support_478,478,ok,,,academic_confidence,1.0,0.06,0.49
teen_social_life_support_478,478,ok,,,homework_distraction,1.0,0.15,0.41
teen_social_life_support_478,478,ok,,,organized_activity,1.0,0.18,0.3
teen_social_life_support_478,478,ok,,,career_clarity,1.0,0.12,0.39
teen_social_life_support_478,478,ok,,,future_optimism,1.0,0.06,0.49
teen_social_life_support_478,478,ok,,,peer_belonging,1.0,0.02,0.72
teen_social_life_support_479,479,ok,,,social_media_hours,1.0,0.12,0.55
teen_social_life_support_479,479,ok,,,posting_frequency,1.0,0.15,0.35
teen_social_life_support_479,479,ok,,,late_night_use,1.0,0.1,0.42
teen_social_life_support_479,479,ok,,,sleep_interference,1.0,0.14,0.36
teen_social_life_support_479,479,ok,,,social_comparison,1.0,0.12,0.4
teen_social_life_support_479,479,ok,,,connection_effect,1.0,0.12,0.5
teen_social_life_support_479,479,ok,,,parental_rules,1.0,0.14,0.36
teen_social_life_support_479,479,ok,,,primary_platform,0.9999999999999999,0.02,0.27
teen_social_life_support_479,479,ok,,,school_effort,1.0,0.03,0.5
teen_social_life_support_479,479,ok,,,academic_confidence,1.0,0.04,0.52
teen_social_life_support_479,479,ok,,,homework_distraction,1.0,0.14,0.37
teen_social_life_support_479,479,ok,,,organized_activity,1.0,0.18,0.32
teen_social_life_support_479,479,ok,,,career_clarity,1.0,0.12,0.38
teen_social_life_support_479,479,ok,,,future_optimism,1.0,0.05,0.49
teen_social_life_support_479,479,ok,,,peer_belonging,1.0,0.05,0.55
teen_social_life_support_480,480,ok,,,social_media_hours,0.9999999999999999,0.07,0.58
teen_social_life_support_480,480,ok,,,posting_frequency,1.0,0.12,0.43
teen_social_life_support_480,480,ok,,,late_night_use,1.0,0.08,0.42
teen_social_life_support_480,480,ok,,,sleep_interference,1.0,0.15,0.35
teen_social_life_support_480,480,ok,,,social_comparison,1.0,0.12,0.4
teen_social_life_support_480,480,ok,,,connection_effect,1.0,0.04,0.76
teen_social_life_support_480,480,ok,,,parental_rules,1.0,0.12,0.38
teen_social_life_support_480,480,ok,,,primary_platform,1.0,0.01,0.3
teen_social_life_support_480,480,ok,,,school_effort,1.0,0.02,0.64
teen_social_life_support_480,480,ok,,,academic_confidence,1.0,0.02,0.53
teen_social_life_support_480,480,ok,,,homework_distraction,1.0,0.13,0.38
teen_social_life_support_480,480,ok,,,organized_activity,1.0,0.08,0.54
teen_social_life_support_480,480,ok,,,career_clarity,1.0,0.1,0.42
teen_social_life_support_480,480,ok,,,future_optimism,1.0,0.02,0.52
teen_social_life_support_480,480,ok,,,peer_belonging,1.0,0.01,0.83
teen_social_life_support_481,481,ok,,,social_media_hours,1.0,0.05,0.62
teen_social_life_support_481,481,ok,,,posting_frequency,0.9999999999999999,0.1,0.35
teen_social_life_support_481,481,ok,,,late_night_use,1.0,0.06,0.42
teen_social_life_support_481,481,ok,,,sleep_interference,1.0,0.05,0.42
teen_social_life_support_481,481,ok,,,social_comparison,1.0,0.06,0.42
teen_social_life_support_481,481,ok,,,connection_effect,1.0,0.12,0.52
teen_social_life_support_481,481,ok,,,parental_rules,1.0,0.1,0.43
teen_social_life_support_481,481,ok,,,primary_platform,1.0000000000000002,0.07,0.27
teen_social_life_support_481,481,ok,,,school_effort,1.0,0.02,0.6
teen_social_life_support_481,481,ok,,,academic_confidence,1.0,0.03,0.5
teen_social_life_support_481,481,ok,,,homework_distraction,1.0,0.05,0.4
teen_social_life_support_481,481,ok,,,organized_activity,1.0,0.12,0.45
teen_social_life_support_481,481,ok,,,career_clarity,1.0,0.13,0.36
teen_social_life_support_481,481,ok,,,future_optimism,1.0,0.03,0.5
teen_social_life_support_481,481,ok,,,peer_belonging,1.0,0.04,0.4
teen_social_life_support_482,482,ok,,,social_media_hours,1.0,0.07,0.86
teen_social_life_support_482,482,ok,,,posting_frequency,1.0,0.12,0.42
teen_social_life_support_482,482,ok,,,late_night_use,1.0,0.12,0.38
teen_social_life_support_482,482,ok,,,sleep_interference,1.0,0.1,0.43
teen_social_life_support_482,482,ok,,,social_comparison,1.0,0.12,0.4
teen_social_life_support_482,482,ok,,,connection_effect,1.0,0.08,0.58
teen_social_life_support_482,482,ok,,,parental_rules,0.9999999999999999,0.1,0.42
teen_social_life_support_482,482,ok,,,primary_platform,1.0,0.01,0.27
teen_social_life_support_482,482,ok,,,school_effort,1.0,0.02,0.64
teen_social_life_support_482,482,ok,,,academic_confidence,1.0,0.03,0.45
teen_social_life_support_482,482,ok,,,homework_distraction,1.0000000000000002,0.11,0.4
teen_social_life_support_482,482,ok,,,organized_activity,1.0,0.14,0.43
teen_social_life_support_482,482,ok,,,career_clarity,1.0,0.14,0.37
teen_social_life_support_482,482,ok,,,future_optimism,1.0,0.04,0.47
teen_social_life_support_482,482,ok,,,peer_belonging,1.0,0.04,0.48
teen_social_life_support_483,483,ok,,,social_media_hours,1.0,0.05,0.65
teen_social_life_support_483,483,ok,,,posting_frequency,1.0,0.12,0.38
teen_social_life_support_483,483,ok,,,late_night_use,1.0,0.05,0.4
teen_social_life_support_483,483,ok,,,sleep_interference,1.0,0.1,0.42
teen_social_life_support_483,483,ok,,,social_comparison,1.0,0.08,0.46
teen_social_life_support_483,483,ok,,,connection_effect,1.0,0.12,0.58
teen_social_life_support_483,483,ok,,,parental_rules,1.0000000000000002,0.1,0.4
teen_social_life_support_483,483,ok,,,primary_platform,1.0,0.01,0.34
teen_social_life_support_483,483,ok,,,school_effort,1.0,0.03,0.5
teen_social_life_support_483,483,ok,,,academic_confidence,1.0,0.04,0.48
teen_social_life_support_483,483,ok,,,homework_distraction,1.0,0.08,0.43
teen_social_life_support_483,483,ok,,,organized_activity,1.0,0.16,0.35
teen_social_life_support_483,483,ok,,,career_clarity,1.0,0.15,0.36
teen_social_life_support_483,483,ok,,,future_optimism,1.0,0.06,0.48
teen_social_life_support_483,483,ok,,,peer_belonging,1.0,0.04,0.44
teen_social_life_support_484,484,ok,,,social_media_hours,1.0,0.13,0.45
teen_social_life_support_484,484,ok,,,posting_frequency,1.0,0.02,0.82
teen_social_life_support_484,484,ok,,,late_night_use,1.0,0.11,0.38
teen_social_life_support_484,484,ok,,,sleep_interference,0.9999999999999999,0.08,0.38
teen_social_life_support_484,484,ok,,,social_comparison,0.9999999999999999,0.08,0.36
teen_social_life_support_484,484,ok,,,connection_effect,1.0,0.12,0.62
teen_social_life_support_484,484,ok,,,parental_rules,1.0,0.08,0.43
teen_social_life_support_484,484,ok,,,primary_platform,1.0,0.08,0.38
teen_social_life_support_484,484,ok,,,school_effort,1.0,0.02,0.58
teen_social_life_support_484,484,ok,,,academic_confidence,1.0,0.02,0.47
teen_social_life_support_484,484,ok,,,homework_distraction,1.0,0.04,0.46
teen_social_life_support_484,484,ok,,,organized_activity,1.0,0.16,0.38
teen_social_life_support_484,484,ok,,,career_clarity,1.0,0.12,0.36
teen_social_life_support_484,484,ok,,,future_optimism,1.0,0.03,0.48
teen_social_life_support_484,484,ok,,,peer_belonging,1.0,0.04,0.41
teen_social_life_support_485,485,ok,,,social_media_hours,1.0,0.2,0.55
teen_social_life_support_485,485,ok,,,posting_frequency,1.0,0.05,0.55
teen_social_life_support_485,485,ok,,,late_night_use,1.0,0.12,0.38
teen_social_life_support_485,485,ok,,,sleep_interference,1.0,0.12,0.38
teen_social_life_support_485,485,ok,,,social_comparison,1.0,0.12,0.38
teen_social_life_support_485,485,ok,,,connection_effect,1.0,0.12,0.45
teen_social_life_support_485,485,ok,,,parental_rules,1.0,0.12,0.38
teen_social_life_support_485,485,ok,,,primary_platform,1.0,0.03,0.26
teen_social_life_support_485,485,ok,,,school_effort,1.0,0.02,0.6
teen_social_life_support_485,485,ok,,,academic_confidence,1.0,0.04,0.48
teen_social_life_support_485,485,ok,,,homework_distraction,1.0,0.12,0.36
teen_social_life_support_485,485,ok,,,organized_activity,1.0,0.16,0.36
teen_social_life_support_485,485,ok,,,career_clarity,1.0,0.14,0.38
teen_social_life_support_485,485,ok,,,future_optimism,1.0,0.05,0.5
teen_social_life_support_485,485,ok,,,peer_belonging,1.0,0.04,0.4
teen_social_life_support_486,486,ok,,,social_media_hours,1.0,0.12,0.62
teen_social_life_support_486,486,ok,,,posting_frequency,1.0,0.02,0.78
teen_social_life_support_486,486,ok,,,late_night_use,1.0,0.06,0.45
teen_social_life_support_486,486,ok,,,sleep_interference,1.0,0.12,0.37
teen_social_life_support_486,486,ok,,,social_comparison,1.0,0.1,0.43
teen_social_life_support_486,486,ok,,,connection_effect,1.0,0.09,0.61
teen_social_life_support_486,486,ok,,,parental_rules,0.9999999999999999,0.1,0.42
teen_social_life_support_486,486,ok,,,primary_platform,1.0,0.01,0.32
teen_social_life_support_486,486,ok,,,school_effort,1.0,0.02,0.6
teen_social_life_support_486,486,ok,,,academic_confidence,1.0,0.03,0.5
teen_social_life_support_486,486,ok,,,homework_distraction,1.0,0.1,0.43
teen_social_life_support_486,486,ok,,,organized_activity,1.0,0.16,0.4
teen_social_life_support_486,486,ok,,,career_clarity,1.0,0.12,0.38
teen_social_life_support_486,486,ok,,,future_optimism,1.0,0.03,0.48
teen_social_life_support_486,486,ok,,,peer_belonging,1.0,0.03,0.52
teen_social_life_support_487,487,ok,,,social_media_hours,1.0,0.05,0.55
teen_social_life_support_487,487,ok,,,posting_frequency,1.0,0.03,0.6
teen_social_life_support_487,487,ok,,,late_night_use,1.0,0.05,0.42
teen_social_life_support_487,487,ok,,,sleep_interference,1.0,0.12,0.38
teen_social_life_support_487,487,ok,,,social_comparison,1.0,0.1,0.45
teen_social_life_support_487,487,ok,,,connection_effect,1.0,0.06,0.66
teen_social_life_support_487,487,ok,,,parental_rules,0.9999999999999999,0.09,0.42
teen_social_life_support_487,487,ok,,,primary_platform,1.0,0.01,0.3
teen_social_life_support_487,487,ok,,,school_effort,1.0,0.02,0.59
teen_social_life_support_487,487,ok,,,academic_confidence,1.0,0.03,0.48
teen_social_life_support_487,487,ok,,,homework_distraction,1.0,0.08,0.45
teen_social_life_support_487,487,ok,,,organized_activity,1.0,0.15,0.4
teen_social_life_support_487,487,ok,,,career_clarity,1.0,0.16,0.36
teen_social_life_support_487,487,ok,,,future_optimism,1.0,0.04,0.5
teen_social_life_support_487,487,ok,,,peer_belonging,1.0,0.03,0.5
teen_social_life_support_488,488,ok,,,social_media_hours,1.0,0.08,0.55
teen_social_life_support_488,488,ok,,,posting_frequency,0.9999999999999999,0.08,0.44
teen_social_life_support_488,488,ok,,,late_night_use,1.0,0.02,0.82
teen_social_life_support_488,488,ok,,,sleep_interference,1.0,0.02,0.72
teen_social_life_support_488,488,ok,,,social_comparison,0.9999999999999999,0.08,0.36
teen_social_life_support_488,488,ok,,,connection_effect,1.0,0.1,0.48
teen_social_life_support_488,488,ok,,,parental_rules,1.0,0.08,0.46
teen_social_life_support_488,488,ok,,,primary_platform,0.9999999999999999,0.08,0.24
teen_social_life_support_488,488,ok,,,school_effort,1.0,0.01,0.71
teen_social_life_support_488,488,ok,,,academic_confidence,1.0,0.02,0.46
teen_social_life_support_488,488,ok,,,homework_distraction,1.0,0.04,0.58
teen_social_life_support_488,488,ok,,,organized_activity,1.0,0.14,0.45
teen_social_life_support_488,488,ok,,,career_clarity,1.0,0.14,0.35
teen_social_life_support_488,488,ok,,,future_optimism,1.0,0.03,0.48
teen_social_life_support_488,488,ok,,,peer_belonging,1.0,0.05,0.4
teen_social_life_support_489,489,ok,,,social_media_hours,1.0,0.17,0.55
teen_social_life_support_489,489,ok,,,posting_frequency,1.0,0.13,0.35
teen_social_life_support_489,489,ok,,,late_night_use,1.0,0.04,0.52
teen_social_life_support_489,489,ok,,,sleep_interference,1.0,0.05,0.45
teen_social_life_support_489,489,ok,,,social_comparison,1.0,0.12,0.38
teen_social_life_support_489,489,ok,,,connection_effect,1.0,0.1,0.5
teen_social_life_support_489,489,ok,,,parental_rules,1.0,0.09,0.44
teen_social_life_support_489,489,ok,,,primary_platform,0.9999999999999999,0.02,0.25
teen_social_life_support_489,489,ok,,,school_effort,1.0,0.02,0.55
teen_social_life_support_489,489,ok,,,academic_confidence,1.0,0.03,0.5
teen_social_life_support_489,489,ok,,,homework_distraction,1.0,0.06,0.42
teen_social_life_support_489,489,ok,,,organized_activity,1.0,0.17,0.37
teen_social_life_support_489,489,ok,,,career_clarity,1.0,0.16,0.34
teen_social_life_support_489,489,ok,,,future_optimism,1.0,0.04,0.48
teen_social_life_support_489,489,ok,,,peer_belonging,1.0,0.04,0.45
teen_social_life_support_490,490,ok,,,social_media_hours,1.0,0.08,0.49
teen_social_life_support_490,490,ok,,,posting_frequency,1.0,0.12,0.39
teen_social_life_support_490,490,ok,,,late_night_use,1.0,0.03,0.66
teen_social_life_support_490,490,ok,,,sleep_interference,1.0,0.08,0.45
teen_social_life_support_490,490,ok,,,social_comparison,1.0,0.1,0.43
teen_social_life_support_490,490,ok,,,connection_effect,1.0,0.08,0.61
teen_social_life_support_490,490,ok,,,parental_rules,1.0,0.1,0.39
teen_social_life_support_490,490,ok,,,primary_platform,1.0,0.01,0.33
teen_social_life_support_490,490,ok,,,school_effort,1.0,0.02,0.59
teen_social_life_support_490,490,ok,,,academic_confidence,1.0,0.03,0.51
teen_social_life_support_490,490,ok,,,homework_distraction,1.0,0.07,0.44
teen_social_life_support_490,490,ok,,,organized_activity,1.0,0.15,0.39
teen_social_life_support_490,490,ok,,,career_clarity,1.0,0.15,0.36
teen_social_life_support_490,490,ok,,,future_optimism,1.0,0.03,0.5
teen_social_life_support_490,490,ok,,,peer_belonging,1.0,0.03,0.51
teen_social_life_support_491,491,ok,,,social_media_hours,1.0,0.08,0.48
teen_social_life_support_491,491,ok,,,posting_frequency,1.0,0.08,0.42
teen_social_life_support_491,491,ok,,,late_night_use,1.0,0.04,0.5
teen_social_life_support_491,491,ok,,,sleep_interference,1.0,0.07,0.46
teen_social_life_support_491,491,ok,,,social_comparison,1.0,0.09,0.45
teen_social_life_support_491,491,ok,,,connection_effect,1.0,0.08,0.62
teen_social_life_support_491,491,ok,,,parental_rules,1.0,0.12,0.38
teen_social_life_support_491,491,ok,,,primary_platform,1.0,0.01,0.31
teen_social_life_support_491,491,ok,,,school_effort,1.0,0.02,0.54
teen_social_life_support_491,491,ok,,,academic_confidence,1.0,0.04,0.51
teen_social_life_support_491,491,ok,,,homework_distraction,1.0,0.07,0.47
teen_social_life_support_491,491,ok,,,organized_activity,1.0,0.18,0.32
teen_social_life_support_491,491,ok,,,career_clarity,1.0,0.13,0.39
teen_social_life_support_491,491,ok,,,future_optimism,1.0,0.05,0.49
teen_social_life_support_491,491,ok,,,peer_belonging,1.0,0.04,0.42
teen_social_life_support_492,492,ok,,,social_media_hours,0.9999999999999999,0.11,0.47
teen_social_life_support_492,492,ok,,,posting_frequency,1.0,0.1,0.4
teen_social_life_support_492,492,ok,,,late_night_use,1.0,0.02,0.65
teen_social_life_support_492,492,ok,,,sleep_interference,1.0,0.01,0.84
teen_social_life_support_492,492,ok,,,social_comparison,0.9999999999999999,0.08,0.38
teen_social_life_support_492,492,ok,,,connection_effect,1.0,0.12,0.45
teen_social_life_support_492,492,ok,,,parental_rules,1.0,0.1,0.45
teen_social_life_support_492,492,ok,,,primary_platform,0.9999999999999999,0.06,0.3
teen_social_life_support_492,492,ok,,,school_effort,1.0,0.01,0.7
teen_social_life_support_492,492,ok,,,academic_confidence,1.0,0.02,0.5
teen_social_life_support_492,492,ok,,,homework_distraction,1.0,0.03,0.55
teen_social_life_support_492,492,ok,,,organized_activity,1.0,0.1,0.5
teen_social_life_support_492,492,ok,,,career_clarity,1.0,0.12,0.38
teen_social_life_support_492,492,ok,,,future_optimism,1.0,0.02,0.45
teen_social_life_support_492,492,ok,,,peer_belonging,1.0,0.03,0.52
teen_social_life_support_493,493,ok,,,social_media_hours,1.0,0.18,0.62
teen_social_life_support_493,493,ok,,,posting_frequency,1.0,0.16,0.34
teen_social_life_support_493,493,ok,,,late_night_use,0.9999999999999999,0.08,0.44
teen_social_life_support_493,493,ok,,,sleep_interference,1.0,0.04,0.52
teen_social_life_support_493,493,ok,,,social_comparison,0.9999999999999999,0.09,0.4
teen_social_life_support_493,493,ok,,,connection_effect,1.0,0.1,0.47
teen_social_life_support_493,493,ok,,,parental_rules,1.0,0.12,0.38
teen_social_life_support_493,493,ok,,,primary_platform,1.0,0.01,0.28
teen_social_life_support_493,493,ok,,,school_effort,1.0,0.01,0.65
teen_social_life_support_493,493,ok,,,academic_confidence,1.0,0.03,0.48
teen_social_life_support_493,493,ok,,,homework_distraction,1.0,0.07,0.43
teen_social_life_support_493,493,ok,,,organized_activity,0.9999999999999999,0.15,0.37
teen_social_life_support_493,493,ok,,,career_clarity,1.0,0.13,0.38
teen_social_life_support_493,493,ok,,,future_optimism,1.0,0.04,0.51
teen_social_life_support_493,493,ok,,,peer_belonging,1.0,0.03,0.43
teen_social_life_support_494,494,ok,,,social_media_hours,1.0,0.05,0.5
teen_social_life_support_494,494,ok,,,posting_frequency,1.0,0.12,0.42
teen_social_life_support_494,494,ok,,,late_night_use,1.0,0.03,0.56
teen_social_life_support_494,494,ok,,,sleep_interference,1.0,0.02,0.78
teen_social_life_support_494,494,ok,,,social_comparison,1.0,0.05,0.55
teen_social_life_support_494,494,ok,,,connection_effect,1.0,0.08,0.6
teen_social_life_support_494,494,ok,,,parental_rules,1.0,0.08,0.42
teen_social_life_support_494,494,ok,,,primary_platform,1.0,0.01,0.32
teen_social_life_support_494,494,ok,,,school_effort,1.0,0.02,0.63
teen_social_life_support_494,494,ok,,,academic_confidence,1.0,0.03,0.46
teen_social_life_support_494,494,ok,,,homework_distraction,1.0,0.04,0.55
teen_social_life_support_494,494,ok,,,organized_activity,0.9999999999999999,0.16,0.36
teen_social_life_support_494,494,ok,,,career_clarity,1.0,0.12,0.4
teen_social_life_support_494,494,ok,,,future_optimism,1.0,0.04,0.5
teen_social_life_support_494,494,ok,,,peer_belonging,1.0,0.03,0.47
teen_social_life_support_495,495,ok,,,social_media_hours,1.0,0.05,0.52
teen_social_life_support_495,495,ok,,,posting_frequency,1.0,0.12,0.4
teen_social_life_support_495,495,ok,,,late_night_use,1.0,0.03,0.5
teen_social_life_support_495,495,ok,,,sleep_interference,1.0,0.04,0.45
teen_social_life_support_495,495,ok,,,social_comparison,1.0,0.06,0.46
teen_social_life_support_495,495,ok,,,connection_effect,1.0,0.12,0.58
teen_social_life_support_495,495,ok,,,parental_rules,1.0,0.12,0.38
teen_social_life_support_495,495,ok,,,primary_platform,1.0,0.01,0.32
teen_social_life_support_495,495,ok,,,school_effort,1.0,0.02,0.5
teen_social_life_support_495,495,ok,,,academic_confidence,1.0,0.04,0.48
teen_social_life_support_495,495,ok,,,homework_distraction,1.0,0.04,0.45
teen_social_life_support_495,495,ok,,,organized_activity,1.0,0.14,0.43
teen_social_life_support_495,495,ok,,,career_clarity,1.0,0.14,0.34
teen_social_life_support_495,495,ok,,,future_optimism,1.0,0.05,0.49
teen_social_life_support_495,495,ok,,,peer_belonging,1.0,0.04,0.45
teen_social_life_support_496,496,ok,,,social_media_hours,1.0,0.13,0.52
teen_social_life_support_496,496,ok,,,posting_frequency,1.0,0.11,0.34
teen_social_life_support_496,496,ok,,,late_night_use,1.0,0.09,0.4
teen_social_life_support_496,496,ok,,,sleep_interference,1.0,0.06,0.45
teen_social_life_support_496,496,ok,,,social_comparison,1.0,0.01,0.84
teen_social_life_support_496,496,ok,,,connection_effect,1.0,0.08,0.5
teen_social_life_support_496,496,ok,,,parental_rules,1.0,0.12,0.39
teen_social_life_support_496,496,ok,,,primary_platform,1.0,0.04,0.25
teen_social_life_support_496,496,ok,,,school_effort,1.0,0.01,0.7
teen_social_life_support_496,496,ok,,,academic_confidence,1.0,0.02,0.56
teen_social_life_support_496,496,ok,,,homework_distraction,1.0,0.07,0.38
teen_social_life_support_496,496,ok,,,organized_activity,1.0,0.13,0.47
teen_social_life_support_496,496,ok,,,career_clarity,1.0,0.12,0.4
teen_social_life_support_496,496,ok,,,future_optimism,1.0,0.02,0.52
teen_social_life_support_496,496,ok,,,peer_belonging,1.0,0.02,0.64
teen_social_life_support_497,497,ok,,,social_media_hours,1.0,0.15,0.6
teen_social_life_support_497,497,ok,,,posting_frequency,1.0,0.15,0.35
teen_social_life_support_497,497,ok,,,late_night_use,1.0,0.1,0.4
teen_social_life_support_497,497,ok,,,sleep_interference,0.9999999999999999,0.08,0.42
teen_social_life_support_497,497,ok,,,social_comparison,1.0,0.05,0.5
teen_social_life_support_497,497,ok,,,connection_effect,1.0,0.08,0.55
teen_social_life_support_497,497,ok,,,parental_rules,1.0,0.12,0.38
teen_social_life_support_497,497,ok,,,primary_platform,0.9999999999999999,0.03,0.24
teen_social_life_support_497,497,ok,,,school_effort,1.0,0.03,0.6
teen_social_life_support_497,497,ok,,,academic_confidence,1.0,0.03,0.48
teen_social_life_support_497,497,ok,,,homework_distraction,1.0,0.1,0.42
teen_social_life_support_497,497,ok,,,organized_activity,1.0,0.15,0.4
teen_social_life_support_497,497,ok,,,career_clarity,1.0,0.15,0.35
teen_social_life_support_497,497,ok,,,future_optimism,1.0,0.04,0.48
teen_social_life_support_497,497,ok,,,peer_belonging,1.0,0.04,0.46
teen_social_life_support_498,498,ok,,,social_media_hours,1.0,0.08,0.52
teen_social_life_support_498,498,ok,,,posting_frequency,1.0,0.12,0.38
teen_social_life_support_498,498,ok,,,late_night_use,1.0,0.06,0.48
teen_social_life_support_498,498,ok,,,sleep_interference,1.0,0.12,0.42
teen_social_life_support_498,498,ok,,,social_comparison,1.0,0.02,0.73
teen_social_life_support_498,498,ok,,,connection_effect,1.0,0.12,0.55
teen_social_life_support_498,498,ok,,,parental_rules,1.0,0.12,0.38
teen_social_life_support_498,498,ok,,,primary_platform,1.0,0.02,0.33
teen_social_life_support_498,498,ok,,,school_effort,1.0,0.01,0.61
teen_social_life_support_498,498,ok,,,academic_confidence,1.0,0.03,0.51
teen_social_life_support_498,498,ok,,,homework_distraction,1.0,0.07,0.45
teen_social_life_support_498,498,ok,,,organized_activity,1.0,0.18,0.36
teen_social_life_support_498,498,ok,,,career_clarity,1.0,0.14,0.38
teen_social_life_support_498,498,ok,,,future_optimism,1.0,0.03,0.49
teen_social_life_support_498,498,ok,,,peer_belonging,1.0,0.03,0.51
teen_social_life_support_499,499,ok,,,social_media_hours,1.0,0.08,0.5
teen_social_life_support_499,499,ok,,,posting_frequency,1.0,0.12,0.38
teen_social_life_support_499,499,ok,,,late_night_use,0.9999999999999999,0.05,0.42
teen_social_life_support_499,499,ok,,,sleep_interference,1.0,0.08,0.45
teen_social_life_support_499,499,ok,,,social_comparison,1.0,0.03,0.52
teen_social_life_support_499,499,ok,,,connection_effect,1.0,0.22,0.46
teen_social_life_support_499,499,ok,,,parental_rules,1.0,0.14,0.36
teen_social_life_support_499,499,ok,,,primary_platform,1.0,0.01,0.32
teen_social_life_support_499,499,ok,,,school_effort,1.0,0.02,0.54
teen_social_life_support_499,499,ok,,,academic_confidence,1.0,0.04,0.48
teen_social_life_support_499,499,ok,,,homework_distraction,1.0,0.06,0.46
teen_social_life_support_499,499,ok,,,organized_activity,1.0,0.18,0.37
teen_social_life_support_499,499,ok,,,career_clarity,1.0,0.15,0.36
teen_social_life_support_499,499,ok,,,future_optimism,1.0,0.05,0.47
teen_social_life_support_499,499,ok,,,peer_belonging,1.0,0.04,0.43
teen_social_life_support_500,500,ok,,,social_media_hours,1.0,0.08,0.5
teen_social_life_support_500,500,ok,,,posting_frequency,1.0,0.13,0.32
teen_social_life_support_500,500,ok,,,late_night_use,1.0,0.08,0.4
teen_social_life_support_500,500,ok,,,sleep_interference,1.0,0.1,0.38
teen_social_life_support_500,500,ok,,,social_comparison,1.0,0.05,0.42
teen_social_life_support_500,500,ok,,,connection_effect,1.0,0.06,0.82
teen_social_life_support_500,500,ok,,,parental_rules,1.0,0.12,0.38
teen_social_life_support_500,500,ok,,,primary_platform,1.0000000000000002,0.02,0.3
teen_social_life_support_500,500,ok,,,school_effort,1.0,0.03,0.47
teen_social_life_support_500,500,ok,,,academic_confidence,1.0,0.07,0.48
teen_social_life_support_500,500,ok,,,homework_distraction,1.0,0.08,0.42
teen_social_life_support_500,500,ok,,,organized_activity,1.0,0.2,0.3
teen_social_life_support_500,500,ok,,,career_clarity,1.0,0.14,0.38
teen_social_life_support_500,500,ok,,,future_optimism,1.0,0.08,0.47
teen_social_life_support_500,500,ok,,,peer_belonging,1.0,0.16,0.38
teen_social_life_support_501,501,ok,,,social_media_hours,1.0,0.18,0.55
teen_social_life_support_501,501,ok,,,posting_frequency,1.0,0.15,0.32
teen_social_life_support_501,501,ok,,,late_night_use,1.0,0.12,0.38
teen_social_life_support_501,501,ok,,,sleep_interference,1.0,0.14,0.36
teen_social_life_support_501,501,ok,,,social_comparison,1.0,0.14,0.38
teen_social_life_support_501,501,ok,,,connection_effect,1.0,0.14,0.62
teen_social_life_support_501,501,ok,,,parental_rules,1.0,0.13,0.38
teen_social_life_support_501,501,ok,,,primary_platform,1.0,0.01,0.3
teen_social_life_support_501,501,ok,,,school_effort,1.0,0.02,0.54
teen_social_life_support_501,501,ok,,,academic_confidence,1.0,0.04,0.5
teen_social_life_support_501,501,ok,,,homework_distraction,1.0,0.15,0.36
teen_social_life_support_501,501,ok,,,organized_activity,1.0,0.17,0.37
teen_social_life_support_501,501,ok,,,career_clarity,1.0,0.14,0.36
teen_social_life_support_501,501,ok,,,future_optimism,1.0,0.05,0.5
teen_social_life_support_501,501,ok,,,peer_belonging,1.0,0.04,0.43
teen_social_life_support_502,502,ok,,,social_media_hours,1.0,0.08,0.46
teen_social_life_support_502,502,ok,,,posting_frequency,1.0,0.08,0.42
teen_social_life_support_502,502,ok,,,late_night_use,1.0,0.04,0.42
teen_social_life_support_502,502,ok,,,sleep_interference,1.0,0.08,0.43
teen_social_life_support_502,502,ok,,,social_comparison,1.0,0.1,0.42
teen_social_life_support_502,502,ok,,,connection_effect,1.0,0.01,0.92
teen_social_life_support_502,502,ok,,,parental_rules,1.0000000000000002,0.1,0.42
teen_social_life_support_502,502,ok,,,primary_platform,1.0,0.01,0.3
teen_social_life_support_502,502,ok,,,school_effort,1.0,0.02,0.6
teen_social_life_support_502,502,ok,,,academic_confidence,1.0,0.03,0.45
teen_social_life_support_502,502,ok,,,homework_distraction,1.0,0.07,0.43
teen_social_life_support_502,502,ok,,,organized_activity,0.9999999999999999,0.15,0.37
teen_social_life_support_502,502,ok,,,career_clarity,1.0,0.12,0.38
teen_social_life_support_502,502,ok,,,future_optimism,1.0,0.03,0.5
teen_social_life_support_502,502,ok,,,peer_belonging,1.0,0.02,0.65
teen_social_life_support_503,503,ok,,,social_media_hours,1.0,0.12,0.48
teen_social_life_support_503,503,ok,,,posting_frequency,1.0,0.18,0.34
teen_social_life_support_503,503,ok,,,late_night_use,1.0,0.08,0.4
teen_social_life_support_503,503,ok,,,sleep_interference,1.0,0.14,0.38
teen_social_life_support_503,503,ok,,,social_comparison,1.0,0.12,0.4
teen_social_life_support_503,503,ok,,,connection_effect,1.0,0.1,0.6
teen_social_life_support_503,503,ok,,,parental_rules,1.0,0.05,0.56
teen_social_life_support_503,503,ok,,,primary_platform,1.0,0.01,0.32
teen_social_life_support_503,503,ok,,,school_effort,1.0,0.02,0.52
teen_social_life_support_503,503,ok,,,academic_confidence,1.0,0.04,0.48
teen_social_life_support_503,503,ok,,,homework_distraction,1.0,0.1,0.42
teen_social_life_support_503,503,ok,,,organized_activity,1.0,0.18,0.36
teen_social_life_support_503,503,ok,,,career_clarity,1.0,0.14,0.36
teen_social_life_support_503,503,ok,,,future_optimism,1.0,0.05,0.5
teen_social_life_support_503,503,ok,,,peer_belonging,1.0,0.04,0.45
teen_social_life_support_504,504,ok,,,social_media_hours,1.0,0.08,0.48
teen_social_life_support_504,504,ok,,,posting_frequency,1.0,0.07,0.42
teen_social_life_support_504,504,ok,,,late_night_use,1.0,0.04,0.45
teen_social_life_support_504,504,ok,,,sleep_interference,1.0,0.08,0.45
teen_social_life_support_504,504,ok,,,social_comparison,1.0,0.06,0.5
teen_social_life_support_504,504,ok,,,connection_effect,1.0,0.06,0.66
teen_social_life_support_504,504,ok,,,parental_rules,0.9999999999999999,0.03,0.82
teen_social_life_support_504,504,ok,,,primary_platform,1.0,0.01,0.32
teen_social_life_support_504,504,ok,,,school_effort,1.0,0.02,0.54
teen_social_life_support_504,504,ok,,,academic_confidence,1.0,0.03,0.48
teen_social_life_support_504,504,ok,,,homework_distraction,1.0,0.06,0.47
teen_social_life_support_504,504,ok,,,organized_activity,1.0,0.12,0.47
teen_social_life_support_504,504,ok,,,career_clarity,1.0,0.14,0.35
teen_social_life_support_504,504,ok,,,future_optimism,1.0,0.03,0.48
teen_social_life_support_504,504,ok,,,peer_belonging,1.0,0.03,0.45
teen_social_life_support_505,505,ok,,,social_media_hours,1.0,0.16,0.55
teen_social_life_support_505,505,ok,,,posting_frequency,1.0,0.17,0.35
teen_social_life_support_505,505,ok,,,late_night_use,1.0,0.1,0.4
teen_social_life_support_505,505,ok,,,sleep_interference,1.0,0.14,0.36
teen_social_life_support_505,505,ok,,,social_comparison,1.0,0.12,0.37
teen_social_life_support_505,505,ok,,,connection_effect,1.0,0.08,0.58
teen_social_life_support_505,505,ok,,,parental_rules,1.0,0.05,0.55
teen_social_life_support_505,505,ok,,,primary_platform,1.0,0.02,0.32
teen_social_life_support_505,505,ok,,,school_effort,1.0,0.02,0.56
teen_social_life_support_505,505,ok,,,academic_confidence,1.0,0.03,0.48
teen_social_life_support_505,505,ok,,,homework_distraction,1.0,0.13,0.39
teen_social_life_support_505,505,ok,,,organized_activity,1.0,0.14,0.43
teen_social_life_support_505,505,ok,,,career_clarity,1.0,0.16,0.35
teen_social_life_support_505,505,ok,,,future_optimism,1.0,0.04,0.48
teen_social_life_support_505,505,ok,,,peer_belonging,1.0,0.04,0.46
teen_social_life_support_506,506,ok,,,social_media_hours,0.9999999999999999,0.11,0.47
teen_social_life_support_506,506,ok,,,posting_frequency,0.9999999999999999,0.1,0.36
teen_social_life_support_506,506,ok,,,late_night_use,1.0,0.07,0.39
teen_social_life_support_506,506,ok,,,sleep_interference,1.0,0.06,0.46
teen_social_life_support_506,506,ok,,,social_comparison,0.9999999999999999,0.13,0.35
teen_social_life_support_506,506,ok,,,connection_effect,1.0,0.16,0.45
teen_social_life_support_506,506,ok,,,parental_rules,1.0,0.02,0.82
teen_social_life_support_506,506,ok,,,primary_platform,1.0,0.06,0.25
teen_social_life_support_506,506,ok,,,school_effort,1.0,0.02,0.58
teen_social_life_support_506,506,ok,,,academic_confidence,1.0,0.03,0.43
teen_social_life_support_506,506,ok,,,homework_distraction,1.0,0.06,0.44
teen_social_life_support_506,506,ok,,,organized_activity,1.0,0.13,0.47
teen_social_life_support_506,506,ok,,,career_clarity,1.0,0.13,0.38
teen_social_life_support_506,506,ok,,,future_optimism,1.0,0.04,0.45
teen_social_life_support_506,506,ok,,,peer_belonging,1.0,0.05,0.43
teen_social_life_support_507,507,ok,,,social_media_hours,1.0,0.08,0.52
teen_social_life_support_507,507,ok,,,posting_frequency,1.0,0.14,0.38
teen_social_life_support_507,507,ok,,,late_night_use,1.0,0.06,0.45
teen_social_life_support_507,507,ok,,,sleep_interference,1.0,0.12,0.38
teen_social_life_support_507,507,ok,,,social_comparison,1.0,0.1,0.43
teen_social_life_support_507,507,ok,,,connection_effect,1.0,0.12,0.53
teen_social_life_support_507,507,ok,,,parental_rules,1.0,0.12,0.38
teen_social_life_support_507,507,ok,,,primary_platform,1.0,0.01,0.55
teen_social_life_support_507,507,ok,,,school_effort,1.0,0.03,0.53
teen_social_life_support_507,507,ok,,,academic_confidence,1.0,0.04,0.46
teen_social_life_support_507,507,ok,,,homework_distraction,1.0,0.1,0.41
teen_social_life_support_507,507,ok,,,organized_activity,1.0,0.16,0.37
teen_social_life_support_507,507,ok,,,career_clarity,1.0,0.14,0.38
teen_social_life_support_507,507,ok,,,future_optimism,1.0,0.05,0.47
teen_social_life_support_507,507,ok,,,peer_belonging,1.0,0.04,0.44
teen_social_life_support_508,508,ok,,,social_media_hours,1.0,0.04,0.5
teen_social_life_support_508,508,ok,,,posting_frequency,1.0,0.05,0.45
teen_social_life_support_508,508,ok,,,late_night_use,1.0,0.04,0.42
teen_social_life_support_508,508,ok,,,sleep_interference,1.0,0.1,0.43
teen_social_life_support_508,508,ok,,,social_comparison,1.0,0.07,0.48
teen_social_life_support_508,508,ok,,,connection_effect,1.0,0.08,0.67
teen_social_life_support_508,508,ok,,,parental_rules,0.9999999999999999,0.1,0.43
teen_social_life_support_508,508,ok,,,primary_platform,1.0,0.01,0.7
teen_social_life_support_508,508,ok,,,school_effort,1.0,0.02,0.57
teen_social_life_support_508,508,ok,,,academic_confidence,1.0,0.03,0.45
teen_social_life_support_508,508,ok,,,homework_distraction,1.0,0.08,0.47
teen_social_life_support_508,508,ok,,,organized_activity,1.0,0.17,0.39
teen_social_life_support_508,508,ok,,,career_clarity,1.0,0.16,0.34
teen_social_life_support_508,508,ok,,,future_optimism,1.0,0.03,0.49
teen_social_life_support_508,508,ok,,,peer_belonging,1.0,0.03,0.44
teen_social_life_support_509,509,ok,,,social_media_hours,1.0,0.12,0.58
teen_social_life_support_509,509,ok,,,posting_frequency,1.0,0.13,0.34
teen_social_life_support_509,509,ok,,,late_night_use,1.0,0.1,0.38
teen_social_life_support_509,509,ok,,,sleep_interference,1.0,0.12,0.4
teen_social_life_support_509,509,ok,,,social_comparison,1.0,0.12,0.38
teen_social_life_support_509,509,ok,,,connection_effect,1.0,0.12,0.52
teen_social_life_support_509,509,ok,,,parental_rules,1.0,0.12,0.39
teen_social_life_support_509,509,ok,,,primary_platform,1.0,0.02,0.42
teen_social_life_support_509,509,ok,,,school_effort,1.0,0.02,0.52
teen_social_life_support_509,509,ok,,,academic_confidence,1.0,0.03,0.46
teen_social_life_support_509,509,ok,,,homework_distraction,1.0,0.14,0.36
teen_social_life_support_509,509,ok,,,organized_activity,1.0,0.18,0.34
teen_social_life_support_509,509,ok,,,career_clarity,1.0,0.14,0.38
teen_social_life_support_509,509,ok,,,future_optimism,1.0,0.05,0.48
teen_social_life_support_509,509,ok,,,peer_belonging,1.0,0.04,0.43
teen_social_life_support_510,510,ok,,,social_media_hours,1.0,0.04,0.54
teen_social_life_support_510,510,ok,,,posting_frequency,1.0,0.02,0.65
teen_social_life_support_510,510,ok,,,late_night_use,1.0,0.03,0.45
teen_social_life_support_510,510,ok,,,sleep_interference,1.0,0.08,0.43
teen_social_life_support_510,510,ok,,,social_comparison,1.0,0.13,0.36
teen_social_life_support_510,510,ok,,,connection_effect,1.0,0.04,0.78
teen_social_life_support_510,510,ok,,,parental_rules,1.0,0.12,0.38
teen_social_life_support_510,510,ok,,,primary_platform,1.0,0.01,0.85
teen_social_life_support_510,510,ok,,,school_effort,1.0,0.02,0.61
teen_social_life_support_510,510,ok,,,academic_confidence,1.0,0.03,0.49
teen_social_life_support_510,510,ok,,,homework_distraction,1.0,0.06,0.45
teen_social_life_support_510,510,ok,,,organized_activity,1.0,0.12,0.49
teen_social_life_support_510,510,ok,,,career_clarity,1.0,0.13,0.36
teen_social_life_support_510,510,ok,,,future_optimism,1.0,0.03,0.5
teen_social_life_support_510,510,ok,,,peer_belonging,1.0,0.03,0.58
teen_social_life_support_511,511,ok,,,social_media_hours,1.0,0.18,0.55
teen_social_life_support_511,511,ok,,,posting_frequency,1.0,0.15,0.34
teen_social_life_support_511,511,ok,,,late_night_use,1.0,0.08,0.4
teen_social_life_support_511,511,ok,,,sleep_interference,1.0,0.15,0.38
teen_social_life_support_511,511,ok,,,social_comparison,1.0,0.12,0.42
teen_social_life_support_511,511,ok,,,connection_effect,1.0,0.1,0.47
teen_social_life_support_511,511,ok,,,parental_rules,1.0000000000000002,0.1,0.4
teen_social_life_support_511,511,ok,,,primary_platform,1.0,0.01,0.55
teen_social_life_support_511,511,ok,,,school_effort,1.0,0.02,0.58
teen_social_life_support_511,511,ok,,,academic_confidence,1.0,0.03,0.45
teen_social_life_support_511,511,ok,,,homework_distraction,1.0,0.12,0.36
teen_social_life_support_511,511,ok,,,organized_activity,1.0,0.18,0.35
teen_social_life_support_511,511,ok,,,career_clarity,1.0,0.16,0.36
teen_social_life_support_511,511,ok,,,future_optimism,1.0,0.04,0.48
teen_social_life_support_511,511,ok,,,peer_belonging,1.0,0.04,0.42
teen_social_life_support_512,512,ok,,,social_media_hours,1.0,0.01,0.96
teen_social_life_support_512,512,ok,,,posting_frequency,1.0,0.01,0.94
teen_social_life_support_512,512,ok,,,late_night_use,1.0,0.01,0.85
teen_social_life_support_512,512,ok,,,sleep_interference,1.0,0.01,0.88
teen_social_life_support_512,512,ok,,,social_comparison,0.9999999999999999,0.02,0.7
teen_social_life_support_512,512,ok,,,connection_effect,1.0,0.05,0.8
teen_social_life_support_512,512,ok,,,parental_rules,1.0,0.05,0.45
teen_social_life_support_512,512,ok,,,primary_platform,1.0,0.01,0.95
teen_social_life_support_512,512,ok,,,school_effort,1.0,0.02,0.68
teen_social_life_support_512,512,ok,,,academic_confidence,1.0,0.03,0.45
teen_social_life_support_512,512,ok,,,homework_distraction,1.0,0.01,0.88
teen_social_life_support_512,512,ok,,,organized_activity,1.0,0.12,0.5
teen_social_life_support_512,512,ok,,,career_clarity,1.0,0.12,0.36
teen_social_life_support_512,512,ok,,,future_optimism,1.0,0.03,0.45
teen_social_life_support_512,512,ok,,,peer_belonging,1.0,0.04,0.47
