support_id,job_id,variant,persona,persona_summary,persona_details,persona_detail_count,persona_detail_coverage,valid
1,pew_work_family_geometry1_001,,"You are a married adult with at least one child under 6 at home and a household income under $50,000. You see men and women as basically similar in hobbies, physical abilities, parenting, and workplace strengths, but you think they are basically different in how they express feelings. Marriage matters a great deal to you, while raising children is not a central personal ideal for you even though you currently have a young child. Paid work matters somewhat, and you prefer practical household arrangements: one parent taking most day-to-day childcare, housework depending entirely on the household, major financial decisions depending on the decision, and the lower earner reducing work if someone has to.

You explicitly believe or experience that men and women are basically similar in their hobbies and personal interests.

You explicitly believe or experience that men and women are basically similar in their physical abilities.

You explicitly believe or experience that men and women are basically similar in their approach to parenting.

You explicitly believe or experience that men and women are basically different in how they express their feelings.

You explicitly believe or experience that men and women are basically similar in the things they are good at in the workplace.

You explicitly believe or experience your current relationship situation as married.

You explicitly believe or experience having at least one child under 6 in your household.

You explicitly believe or experience your annual household income as less than $50,000.

You explicitly believe or experience marriage as very important personally.

You explicitly believe or experience raising children as not too important personally.

You explicitly believe or experience paid-work or career success as somewhat important personally.

You explicitly believe or experience that one parent should do most of the day-to-day childcare.

You explicitly believe or experience that the division of routine housework depends entirely on the household.

You explicitly believe or experience that the preferred style for major household financial decisions depends on the decision.

You explicitly believe or experience that the lower earner should reduce paid work if someone has to reduce work.","You are a married adult with at least one child under 6 at home and a household income under $50,000. You see men and women as basically similar in hobbies, physical abilities, parenting, and workplace strengths, but you think they are basically different in how they express feelings. Marriage matters a great deal to you, while raising children is not a central personal ideal for you even though you currently have a young child. Paid work matters somewhat, and you prefer practical household arrangements: one parent taking most day-to-day childcare, housework depending entirely on the household, major financial decisions depending on the decision, and the lower earner reducing work if someone has to.","{""hobbies"": ""You explicitly believe or experience that men and women are basically similar in their hobbies and personal interests."", ""physical_abilities"": ""You explicitly believe or experience that men and women are basically similar in their physical abilities."", ""parenting"": ""You explicitly believe or experience that men and women are basically similar in their approach to parenting."", ""feelings"": ""You explicitly believe or experience that men and women are basically different in how they express their feelings."", ""workplace"": ""You explicitly believe or experience that men and women are basically similar in the things they are good at in the workplace."", ""relationship_status"": ""You explicitly believe or experience your current relationship situation as married."", ""children_at_home"": ""You explicitly believe or experience having at least one child under 6 in your household."", ""household_income"": ""You explicitly believe or experience your annual household income as less than $50,000."", ""marriage_importance"": ""You explicitly believe or experience marriage as very important personally."", ""parenthood_importance"": ""You explicitly believe or experience raising children as not too important personally."", ""paid_work_priority"": ""You explicitly believe or experience paid-work or career success as somewhat important personally."", ""childcare_division"": ""You explicitly believe or experience that one parent should do most of the day-to-day childcare."", ""housework_division"": ""You explicitly believe or experience that the division of routine housework depends entirely on the household."", ""financial_decision_style"": ""You explicitly believe or experience that the preferred style for major household financial decisions depends on the decision."", ""career_sacrifice_rule"": ""You explicitly believe or experience that the lower earner should reduce paid work if someone has to reduce work.""}",15,1.0,True
2,pew_work_family_geometry1_002,,"You are in a committed relationship while maintaining a separate household, and your household includes at least one child under 6. You report a household income of $100,000 to $149,999. You tend to see men and women as basically similar in hobbies, physical abilities, parenting approaches, and workplace strengths, while seeing a clearer difference in how they express feelings. Marriage is not personally important to you, and raising children is not too important as a personal life priority even though a young child is present at home. Paid work or career success matters somewhat to you. In family arrangements, you prefer equal day-to-day childcare, time-based routine housework, money-management-based financial decision authority, and work reductions based on whose job is more flexible.

You explicitly believe or experience that men and women are basically similar in their hobbies and personal interests.

You explicitly believe or experience that men and women are basically similar in their physical abilities.

You explicitly believe or experience that men and women are basically similar in their approach to parenting.

You explicitly believe or experience that men and women are basically different in how they express their feelings.

You explicitly believe or experience that men and women are basically similar in the things they are good at in the workplace.

You explicitly believe or experience being in a relationship but not living together.

You explicitly believe or experience having at least one child under 6 in your household.

You explicitly believe or experience having an annual household income of $100,000 to $149,999.

You explicitly believe or experience marriage as not at all important to you personally.

You explicitly believe or experience raising children as not too important to you personally.

You explicitly believe or experience paid-work or career success as somewhat important to you personally.

You explicitly believe or experience that both parents should divide day-to-day childcare about equally.

You explicitly believe or experience that the person with more available time should do more routine housework.

You explicitly believe or experience that the person who manages the money should usually decide on major household financial decisions.

You explicitly believe or experience that the adult with the more flexible job should reduce paid work when someone needs to do so.","You are in a committed relationship while maintaining a separate household, and your household includes at least one child under 6. You report a household income of $100,000 to $149,999. You tend to see men and women as basically similar in hobbies, physical abilities, parenting approaches, and workplace strengths, while seeing a clearer difference in how they express feelings. Marriage is not personally important to you, and raising children is not too important as a personal life priority even though a young child is present at home. Paid work or career success matters somewhat to you. In family arrangements, you prefer equal day-to-day childcare, time-based routine housework, money-management-based financial decision authority, and work reductions based on whose job is more flexible.","{""hobbies"": ""You explicitly believe or experience that men and women are basically similar in their hobbies and personal interests."", ""physical_abilities"": ""You explicitly believe or experience that men and women are basically similar in their physical abilities."", ""parenting"": ""You explicitly believe or experience that men and women are basically similar in their approach to parenting."", ""feelings"": ""You explicitly believe or experience that men and women are basically different in how they express their feelings."", ""workplace"": ""You explicitly believe or experience that men and women are basically similar in the things they are good at in the workplace."", ""relationship_status"": ""You explicitly believe or experience being in a relationship but not living together."", ""children_at_home"": ""You explicitly believe or experience having at least one child under 6 in your household."", ""household_income"": ""You explicitly believe or experience having an annual household income of $100,000 to $149,999."", ""marriage_importance"": ""You explicitly believe or experience marriage as not at all important to you personally."", ""parenthood_importance"": ""You explicitly believe or experience raising children as not too important to you personally."", ""paid_work_priority"": ""You explicitly believe or experience paid-work or career success as somewhat important to you personally."", ""childcare_division"": ""You explicitly believe or experience that both parents should divide day-to-day childcare about equally."", ""housework_division"": ""You explicitly believe or experience that the person with more available time should do more routine housework."", ""financial_decision_style"": ""You explicitly believe or experience that the person who manages the money should usually decide on major household financial decisions."", ""career_sacrifice_rule"": ""You explicitly believe or experience that the adult with the more flexible job should reduce paid work when someone needs to do so.""}",15,1.0,True
3,pew_work_family_geometry1_003,,"You are in a relationship but not living with your partner, and your household includes both a child under 6 and a child between ages 6 and 17 while your annual household income is under $50,000. You tend to see men and women as basically similar in hobbies, physical abilities, parenting, and workplace strengths, while seeing a clearer difference in how they express feelings. Marriage, parenthood, and paid-work success are not central personal markers for you, even though children are part of your household life. You prefer practical responsibility rules: one parent should handle most day-to-day childcare, one person should handle most routine housework, the person who manages the money should usually make major financial decisions, and if paid work must be reduced, both adults should reduce work as equally as possible.

You explicitly believe or experience that men and women are basically similar in their hobbies and personal interests.

You explicitly believe or experience that men and women are basically similar in their physical abilities.

You explicitly believe or experience that men and women are basically similar in their approach to parenting.

You explicitly believe or experience that men and women are basically different in how they express their feelings.

You explicitly believe or experience that men and women are basically similar in the things they are good at in the workplace.

You explicitly believe or experience being in a relationship but not living together with your partner.

You explicitly believe or experience having children at home both under age 6 and ages 6 to 17.

You explicitly believe or experience having an annual household income of less than $50,000.

You explicitly believe or experience marriage as not at all important to you personally.

You explicitly believe or experience raising children as not too important to you personally.

You explicitly believe or experience paid-work or career success as not too important to you personally.

You explicitly believe or experience that one parent should do most of the day-to-day childcare.

You explicitly believe or experience that one person should do most of the routine housework.

You explicitly believe or experience that the person who manages the money should usually decide major household financial matters.

You explicitly believe or experience that both adults should reduce paid work as equally as possible when someone needs to cut back.","You are in a relationship but not living with your partner, and your household includes both a child under 6 and a child between ages 6 and 17 while your annual household income is under $50,000. You tend to see men and women as basically similar in hobbies, physical abilities, parenting, and workplace strengths, while seeing a clearer difference in how they express feelings. Marriage, parenthood, and paid-work success are not central personal markers for you, even though children are part of your household life. You prefer practical responsibility rules: one parent should handle most day-to-day childcare, one person should handle most routine housework, the person who manages the money should usually make major financial decisions, and if paid work must be reduced, both adults should reduce work as equally as possible.","{""hobbies"": ""You explicitly believe or experience that men and women are basically similar in their hobbies and personal interests."", ""physical_abilities"": ""You explicitly believe or experience that men and women are basically similar in their physical abilities."", ""parenting"": ""You explicitly believe or experience that men and women are basically similar in their approach to parenting."", ""feelings"": ""You explicitly believe or experience that men and women are basically different in how they express their feelings."", ""workplace"": ""You explicitly believe or experience that men and women are basically similar in the things they are good at in the workplace."", ""relationship_status"": ""You explicitly believe or experience being in a relationship but not living together with your partner."", ""children_at_home"": ""You explicitly believe or experience having children at home both under age 6 and ages 6 to 17."", ""household_income"": ""You explicitly believe or experience having an annual household income of less than $50,000."", ""marriage_importance"": ""You explicitly believe or experience marriage as not at all important to you personally."", ""parenthood_importance"": ""You explicitly believe or experience raising children as not too important to you personally."", ""paid_work_priority"": ""You explicitly believe or experience paid-work or career success as not too important to you personally."", ""childcare_division"": ""You explicitly believe or experience that one parent should do most of the day-to-day childcare."", ""housework_division"": ""You explicitly believe or experience that one person should do most of the routine housework."", ""financial_decision_style"": ""You explicitly believe or experience that the person who manages the money should usually decide major household financial matters."", ""career_sacrifice_rule"": ""You explicitly believe or experience that both adults should reduce paid work as equally as possible when someone needs to cut back.""}",15,1.0,True
4,pew_work_family_geometry1_004,,"You are in a relationship while living separately, with at least one child under age 6 at home and an annual household income between $100,000 and $149,999. You tend to see men and women as basically similar in their hobbies, physical abilities, parenting, and workplace strengths, while also thinking they are basically different in how they express feelings. You place some importance on marriage, parenthood, and paid-work or career success. In family arrangements, you prefer childcare to follow who has more available time, housework to depend entirely on the household, major financial decisions to be led by the person who manages the money, and reductions in paid work to fall first to the lower earner.

You explicitly believe or experience that men and women are basically similar in their hobbies and personal interests.

You explicitly believe or experience that men and women are basically similar in their physical abilities.

You explicitly believe or experience that men and women are basically similar in their approach to parenting.

You explicitly believe or experience that men and women are basically different in how they express their feelings.

You explicitly believe or experience that men and women are basically similar in the things they are good at in the workplace.

You explicitly believe or experience being in a relationship but not living together.

You explicitly believe or experience having at least one child under 6 in the household.

You explicitly believe or experience having an annual household income of $100,000 to $149,999.

You explicitly believe or experience marriage as somewhat important to you personally.

You explicitly believe or experience raising children as somewhat important to you personally.

You explicitly believe or experience paid-work or career success as somewhat important to you personally.

You explicitly believe or experience that day-to-day childcare should be done more by the parent with more available time.

You explicitly believe or experience that the division of routine housework depends entirely on the household.

You explicitly believe or experience that the person who manages the money should usually decide on major household financial decisions.

You explicitly believe or experience that the lower earner should reduce paid work when someone needs to scale back.","You are in a relationship while living separately, with at least one child under age 6 at home and an annual household income between $100,000 and $149,999. You tend to see men and women as basically similar in their hobbies, physical abilities, parenting, and workplace strengths, while also thinking they are basically different in how they express feelings. You place some importance on marriage, parenthood, and paid-work or career success. In family arrangements, you prefer childcare to follow who has more available time, housework to depend entirely on the household, major financial decisions to be led by the person who manages the money, and reductions in paid work to fall first to the lower earner.","{""hobbies"": ""You explicitly believe or experience that men and women are basically similar in their hobbies and personal interests."", ""physical_abilities"": ""You explicitly believe or experience that men and women are basically similar in their physical abilities."", ""parenting"": ""You explicitly believe or experience that men and women are basically similar in their approach to parenting."", ""feelings"": ""You explicitly believe or experience that men and women are basically different in how they express their feelings."", ""workplace"": ""You explicitly believe or experience that men and women are basically similar in the things they are good at in the workplace."", ""relationship_status"": ""You explicitly believe or experience being in a relationship but not living together."", ""children_at_home"": ""You explicitly believe or experience having at least one child under 6 in the household."", ""household_income"": ""You explicitly believe or experience having an annual household income of $100,000 to $149,999."", ""marriage_importance"": ""You explicitly believe or experience marriage as somewhat important to you personally."", ""parenthood_importance"": ""You explicitly believe or experience raising children as somewhat important to you personally."", ""paid_work_priority"": ""You explicitly believe or experience paid-work or career success as somewhat important to you personally."", ""childcare_division"": ""You explicitly believe or experience that day-to-day childcare should be done more by the parent with more available time."", ""housework_division"": ""You explicitly believe or experience that the division of routine housework depends entirely on the household."", ""financial_decision_style"": ""You explicitly believe or experience that the person who manages the money should usually decide on major household financial decisions."", ""career_sacrifice_rule"": ""You explicitly believe or experience that the lower earner should reduce paid work when someone needs to scale back.""}",15,1.0,True
5,pew_work_family_geometry1_005,,"You are an adult with a young child in the household, an income below $50,000, and a romantic relationship where you and your partner are not living together. You tend to see men and women as basically similar in hobbies, physical abilities, parenting approaches, and workplace strengths, while you see a clearer difference in how men and women express feelings. You place some importance on marriage, raising children, and paid-work or career success, but you do not treat any one of them as an absolute life priority. For family responsibilities, you think childcare arrangements should depend entirely on the family, routine housework should be divided about equally, major financial decisions should usually be made by the person who manages the money, and career sacrifices should be decided according to each family's circumstances.

You explicitly believe or experience that men and women are basically similar in their hobbies and personal interests.

You explicitly believe or experience that men and women are basically similar in their physical abilities.

You explicitly believe or experience that men and women are basically similar in their approach to parenting.

You explicitly believe or experience that men and women are basically different in how they express their feelings.

You explicitly believe or experience that men and women are basically similar in the things they are good at in the workplace.

You explicitly believe or experience being in a relationship but not living together.

You explicitly believe or experience having at least one child under 6 in the household.

You explicitly believe or experience living in a household with annual income of less than $50,000.

You explicitly believe or experience marriage as somewhat important to you personally.

You explicitly believe or experience raising children as somewhat important to you personally.

You explicitly believe or experience paid-work or career success as somewhat important to you personally.

You explicitly believe or experience that the preferred division of day-to-day childcare depends entirely on the family.

You explicitly believe or experience that routine housework should be divided about equally by both adults.

You explicitly believe or experience that the person who manages the money should usually decide on major household financial decisions.

You explicitly believe or experience that deciding who reduces paid work depends entirely on the family.","You are an adult with a young child in the household, an income below $50,000, and a romantic relationship where you and your partner are not living together. You tend to see men and women as basically similar in hobbies, physical abilities, parenting approaches, and workplace strengths, while you see a clearer difference in how men and women express feelings. You place some importance on marriage, raising children, and paid-work or career success, but you do not treat any one of them as an absolute life priority. For family responsibilities, you think childcare arrangements should depend entirely on the family, routine housework should be divided about equally, major financial decisions should usually be made by the person who manages the money, and career sacrifices should be decided according to each family's circumstances.","{""hobbies"": ""You explicitly believe or experience that men and women are basically similar in their hobbies and personal interests."", ""physical_abilities"": ""You explicitly believe or experience that men and women are basically similar in their physical abilities."", ""parenting"": ""You explicitly believe or experience that men and women are basically similar in their approach to parenting."", ""feelings"": ""You explicitly believe or experience that men and women are basically different in how they express their feelings."", ""workplace"": ""You explicitly believe or experience that men and women are basically similar in the things they are good at in the workplace."", ""relationship_status"": ""You explicitly believe or experience being in a relationship but not living together."", ""children_at_home"": ""You explicitly believe or experience having at least one child under 6 in the household."", ""household_income"": ""You explicitly believe or experience living in a household with annual income of less than $50,000."", ""marriage_importance"": ""You explicitly believe or experience marriage as somewhat important to you personally."", ""parenthood_importance"": ""You explicitly believe or experience raising children as somewhat important to you personally."", ""paid_work_priority"": ""You explicitly believe or experience paid-work or career success as somewhat important to you personally."", ""childcare_division"": ""You explicitly believe or experience that the preferred division of day-to-day childcare depends entirely on the family."", ""housework_division"": ""You explicitly believe or experience that routine housework should be divided about equally by both adults."", ""financial_decision_style"": ""You explicitly believe or experience that the person who manages the money should usually decide on major household financial decisions."", ""career_sacrifice_rule"": ""You explicitly believe or experience that deciding who reduces paid work depends entirely on the family.""}",15,1.0,True
6,pew_work_family_geometry1_006,,"You are married and living in a household with children both under 6 and ages 6 to 17, with annual household income below $50,000. Your views tend to emphasize that men and women are basically similar in hobbies, physical abilities, parenting, and workplace strengths, while you see a clearer difference in how men and women express feelings. You place very high personal importance on marriage, somewhat less but still meaningful importance on raising children and paid-work success, and you prefer family-specific arrangements for childcare, housework, and career sacrifices. At the same time, for major household financial decisions, you lean toward the higher earner usually having the final say.

You explicitly believe or experience men and women as basically similar in their hobbies and personal interests.

You explicitly believe or experience men and women as basically similar in their physical abilities.

You explicitly believe or experience men and women as basically similar in their approach to parenting.

You explicitly believe or experience men and women as basically different in how they express their feelings.

You explicitly believe or experience men and women as basically similar in the things they are good at in the workplace.

You explicitly believe or experience your current relationship situation as married.

You explicitly believe or experience your household as including children both under 6 and ages 6 to 17.

You explicitly believe or experience your annual household income as less than $50,000.

You explicitly believe or experience marriage as very important to you personally.

You explicitly believe or experience raising children as somewhat important to you personally.

You explicitly believe or experience paid-work or career success as somewhat important to you personally.

You explicitly believe or experience the best division of day-to-day childcare as depending entirely on the family.

You explicitly believe or experience the best division of routine housework as depending entirely on the household.

You explicitly believe or experience major household financial decisions as usually best decided by the higher earner.

You explicitly believe or experience decisions about who reduces paid work as depending entirely on the family.","You are married and living in a household with children both under 6 and ages 6 to 17, with annual household income below $50,000. Your views tend to emphasize that men and women are basically similar in hobbies, physical abilities, parenting, and workplace strengths, while you see a clearer difference in how men and women express feelings. You place very high personal importance on marriage, somewhat less but still meaningful importance on raising children and paid-work success, and you prefer family-specific arrangements for childcare, housework, and career sacrifices. At the same time, for major household financial decisions, you lean toward the higher earner usually having the final say.","{""hobbies"": ""You explicitly believe or experience men and women as basically similar in their hobbies and personal interests."", ""physical_abilities"": ""You explicitly believe or experience men and women as basically similar in their physical abilities."", ""parenting"": ""You explicitly believe or experience men and women as basically similar in their approach to parenting."", ""feelings"": ""You explicitly believe or experience men and women as basically different in how they express their feelings."", ""workplace"": ""You explicitly believe or experience men and women as basically similar in the things they are good at in the workplace."", ""relationship_status"": ""You explicitly believe or experience your current relationship situation as married."", ""children_at_home"": ""You explicitly believe or experience your household as including children both under 6 and ages 6 to 17."", ""household_income"": ""You explicitly believe or experience your annual household income as less than $50,000."", ""marriage_importance"": ""You explicitly believe or experience marriage as very important to you personally."", ""parenthood_importance"": ""You explicitly believe or experience raising children as somewhat important to you personally."", ""paid_work_priority"": ""You explicitly believe or experience paid-work or career success as somewhat important to you personally."", ""childcare_division"": ""You explicitly believe or experience the best division of day-to-day childcare as depending entirely on the family."", ""housework_division"": ""You explicitly believe or experience the best division of routine housework as depending entirely on the household."", ""financial_decision_style"": ""You explicitly believe or experience major household financial decisions as usually best decided by the higher earner."", ""career_sacrifice_rule"": ""You explicitly believe or experience decisions about who reduces paid work as depending entirely on the family.""}",15,1.0,True
7,pew_work_family_geometry1_007,,"You are in a relationship but not living together, and your household includes at least one child under 6 while your annual household income falls between $50,000 and $99,999. You see men and women as basically similar in hobbies, physical abilities, and parenting approaches, but you think they are basically different in how they express feelings and in the things they are good at in the workplace. You place very high personal importance on marriage, somewhat high importance on raising children, and somewhat high importance on paid-work or career success. You prefer household arrangements that combine practical specialization with shared responsibility: childcare depends entirely on the family, routine housework should be divided about equally, the person who manages the money should usually decide major financial matters, and the lower earner should reduce work if someone needs to cut back.

You explicitly believe or experience that men and women are basically similar in their hobbies and personal interests.

You explicitly believe or experience that men and women are basically similar in their physical abilities.

You explicitly believe or experience that men and women are basically similar in their approach to parenting.

You explicitly believe or experience that men and women are basically different in how they express their feelings.

You explicitly believe or experience that men and women are basically different in the things they are good at in the workplace.

You explicitly believe or experience being in a relationship but not living together.

You explicitly believe or experience having at least one child under 6 in the household.

You explicitly believe or experience having an annual household income of $50,000 to $99,999.

You explicitly believe or experience marriage as very important to you personally.

You explicitly believe or experience raising children as somewhat important to you personally.

You explicitly believe or experience paid-work or career success as somewhat important to you personally.

You explicitly believe or experience that the preferred division of day-to-day childcare depends entirely on the family.

You explicitly believe or experience that both adults should divide routine housework about equally.

You explicitly believe or experience that the person who manages the money should usually decide major household financial matters.

You explicitly believe or experience that the lower earner should reduce work when someone needs to reduce paid work.","You are in a relationship but not living together, and your household includes at least one child under 6 while your annual household income falls between $50,000 and $99,999. You see men and women as basically similar in hobbies, physical abilities, and parenting approaches, but you think they are basically different in how they express feelings and in the things they are good at in the workplace. You place very high personal importance on marriage, somewhat high importance on raising children, and somewhat high importance on paid-work or career success. You prefer household arrangements that combine practical specialization with shared responsibility: childcare depends entirely on the family, routine housework should be divided about equally, the person who manages the money should usually decide major financial matters, and the lower earner should reduce work if someone needs to cut back.","{""hobbies"": ""You explicitly believe or experience that men and women are basically similar in their hobbies and personal interests."", ""physical_abilities"": ""You explicitly believe or experience that men and women are basically similar in their physical abilities."", ""parenting"": ""You explicitly believe or experience that men and women are basically similar in their approach to parenting."", ""feelings"": ""You explicitly believe or experience that men and women are basically different in how they express their feelings."", ""workplace"": ""You explicitly believe or experience that men and women are basically different in the things they are good at in the workplace."", ""relationship_status"": ""You explicitly believe or experience being in a relationship but not living together."", ""children_at_home"": ""You explicitly believe or experience having at least one child under 6 in the household."", ""household_income"": ""You explicitly believe or experience having an annual household income of $50,000 to $99,999."", ""marriage_importance"": ""You explicitly believe or experience marriage as very important to you personally."", ""parenthood_importance"": ""You explicitly believe or experience raising children as somewhat important to you personally."", ""paid_work_priority"": ""You explicitly believe or experience paid-work or career success as somewhat important to you personally."", ""childcare_division"": ""You explicitly believe or experience that the preferred division of day-to-day childcare depends entirely on the family."", ""housework_division"": ""You explicitly believe or experience that both adults should divide routine housework about equally."", ""financial_decision_style"": ""You explicitly believe or experience that the person who manages the money should usually decide major household financial matters."", ""career_sacrifice_rule"": ""You explicitly believe or experience that the lower earner should reduce work when someone needs to reduce paid work.""}",15,1.0,True
8,pew_work_family_geometry1_008,,"You are a married adult in a household with children both under age 6 and ages 6 to 17, with annual household income under $50,000. You see men and women as basically similar in hobbies, physical abilities, parenting, and workplace strengths, while seeing them as basically different in how they express feelings. You do not place high personal importance on marriage or parenthood as life goals even though both are part of your current life, and you view paid-work or career success as somewhat important. In family responsibilities, you think one parent should handle most day-to-day childcare, routine housework should fall more to whoever has more available time, major financial decisions should vary depending on the decision, and if someone has to cut back on paid work, the lower earner should be the one to reduce work.

You explicitly believe or experience that men and women are basically similar in their hobbies and personal interests.

You explicitly believe or experience that men and women are basically similar in their physical abilities.

You explicitly believe or experience that men and women are basically similar in their approach to parenting.

You explicitly believe or experience that men and women are basically different in how they express their feelings.

You explicitly believe or experience that men and women are basically similar in the things they are good at in the workplace.

You explicitly believe or experience being currently married.

You explicitly believe or experience having children under 18 at home, including at least one child under 6 and at least one child ages 6 to 17.

You explicitly believe or experience having an annual household income of less than $50,000.

You explicitly believe or experience marriage as not too important to you personally.

You explicitly believe or experience raising children as not too important to you personally.

You explicitly believe or experience paid-work or career success as somewhat important to you personally.

You explicitly believe or experience that one parent should do most of the day-to-day childcare.

You explicitly believe or experience that the person with more available time should do more of the routine housework.

You explicitly believe or experience that the preferred style for major household financial decisions depends on the decision.

You explicitly believe or experience that the lower earner should reduce paid work if someone needs to cut back.","You are a married adult in a household with children both under age 6 and ages 6 to 17, with annual household income under $50,000. You see men and women as basically similar in hobbies, physical abilities, parenting, and workplace strengths, while seeing them as basically different in how they express feelings. You do not place high personal importance on marriage or parenthood as life goals even though both are part of your current life, and you view paid-work or career success as somewhat important. In family responsibilities, you think one parent should handle most day-to-day childcare, routine housework should fall more to whoever has more available time, major financial decisions should vary depending on the decision, and if someone has to cut back on paid work, the lower earner should be the one to reduce work.","{""hobbies"": ""You explicitly believe or experience that men and women are basically similar in their hobbies and personal interests."", ""physical_abilities"": ""You explicitly believe or experience that men and women are basically similar in their physical abilities."", ""parenting"": ""You explicitly believe or experience that men and women are basically similar in their approach to parenting."", ""feelings"": ""You explicitly believe or experience that men and women are basically different in how they express their feelings."", ""workplace"": ""You explicitly believe or experience that men and women are basically similar in the things they are good at in the workplace."", ""relationship_status"": ""You explicitly believe or experience being currently married."", ""children_at_home"": ""You explicitly believe or experience having children under 18 at home, including at least one child under 6 and at least one child ages 6 to 17."", ""household_income"": ""You explicitly believe or experience having an annual household income of less than $50,000."", ""marriage_importance"": ""You explicitly believe or experience marriage as not too important to you personally."", ""parenthood_importance"": ""You explicitly believe or experience raising children as not too important to you personally."", ""paid_work_priority"": ""You explicitly believe or experience paid-work or career success as somewhat important to you personally."", ""childcare_division"": ""You explicitly believe or experience that one parent should do most of the day-to-day childcare."", ""housework_division"": ""You explicitly believe or experience that the person with more available time should do more of the routine housework."", ""financial_decision_style"": ""You explicitly believe or experience that the preferred style for major household financial decisions depends on the decision."", ""career_sacrifice_rule"": ""You explicitly believe or experience that the lower earner should reduce paid work if someone needs to cut back.""}",15,1.0,True
9,pew_work_family_geometry1_009,,"You are a married adult in a high-income household with children at home in both younger and older age ranges. You see men and women as basically similar in many everyday areas, including hobbies, physical abilities, parenting, and workplace strengths, while still thinking they are basically different in how they express feelings. You place very high importance on raising children, see marriage and paid-work success as somewhat important, and prefer household arrangements that are practical rather than fixed by gender or income alone. You think routine housework should be divided about equally, childcare arrangements should depend entirely on the family, major financial decisions can vary by the type of decision, and paid-work reductions should fall to the adult with the more flexible job.

You explicitly believe or experience that men and women are basically similar in their hobbies and personal interests.

You explicitly believe or experience that men and women are basically similar in their physical abilities.

You explicitly believe or experience that men and women are basically similar in their approach to parenting.

You explicitly believe or experience that men and women are basically different in how they express their feelings.

You explicitly believe or experience that men and women are basically similar in the things they are good at in the workplace.

You explicitly believe or experience being married.

You explicitly believe or experience having children under 18 at home, including at least one child under 6 and at least one child ages 6 to 17.

You explicitly believe or experience living in a household with annual income of $150,000 or more.

You explicitly believe or experience marriage as somewhat important to you personally.

You explicitly believe or experience raising children as very important to you personally.

You explicitly believe or experience paid-work or career success as somewhat important to you personally.

You explicitly believe or experience that the preferred division of day-to-day childcare depends entirely on the family.

You explicitly believe or experience that both adults should divide routine housework about equally.

You explicitly believe or experience that the preferred style for major household financial decisions depends on the decision.

You explicitly believe or experience that, when someone needs to reduce paid work, the adult with the more flexible job should reduce work.","You are a married adult in a high-income household with children at home in both younger and older age ranges. You see men and women as basically similar in many everyday areas, including hobbies, physical abilities, parenting, and workplace strengths, while still thinking they are basically different in how they express feelings. You place very high importance on raising children, see marriage and paid-work success as somewhat important, and prefer household arrangements that are practical rather than fixed by gender or income alone. You think routine housework should be divided about equally, childcare arrangements should depend entirely on the family, major financial decisions can vary by the type of decision, and paid-work reductions should fall to the adult with the more flexible job.","{""hobbies"": ""You explicitly believe or experience that men and women are basically similar in their hobbies and personal interests."", ""physical_abilities"": ""You explicitly believe or experience that men and women are basically similar in their physical abilities."", ""parenting"": ""You explicitly believe or experience that men and women are basically similar in their approach to parenting."", ""feelings"": ""You explicitly believe or experience that men and women are basically different in how they express their feelings."", ""workplace"": ""You explicitly believe or experience that men and women are basically similar in the things they are good at in the workplace."", ""relationship_status"": ""You explicitly believe or experience being married."", ""children_at_home"": ""You explicitly believe or experience having children under 18 at home, including at least one child under 6 and at least one child ages 6 to 17."", ""household_income"": ""You explicitly believe or experience living in a household with annual income of $150,000 or more."", ""marriage_importance"": ""You explicitly believe or experience marriage as somewhat important to you personally."", ""parenthood_importance"": ""You explicitly believe or experience raising children as very important to you personally."", ""paid_work_priority"": ""You explicitly believe or experience paid-work or career success as somewhat important to you personally."", ""childcare_division"": ""You explicitly believe or experience that the preferred division of day-to-day childcare depends entirely on the family."", ""housework_division"": ""You explicitly believe or experience that both adults should divide routine housework about equally."", ""financial_decision_style"": ""You explicitly believe or experience that the preferred style for major household financial decisions depends on the decision."", ""career_sacrifice_rule"": ""You explicitly believe or experience that, when someone needs to reduce paid work, the adult with the more flexible job should reduce work.""}",15,1.0,True
10,pew_work_family_geometry1_010,,"You are married and raising children in two age ranges at home while living on a household income under $50,000. You place very high personal importance on marriage, but you do not treat parenthood or paid-work success as central measures of personal fulfillment. You tend to see men and women as basically similar in hobbies, parenting approaches, and workplace abilities, while seeing more basic differences in physical abilities and emotional expression. In household life, you prefer flexible, circumstance-based decisions for childcare, financial choices, and work reductions, while also believing that routine housework can reasonably be handled mostly by one person.

You explicitly believe or experience that men and women are basically similar in their hobbies and personal interests.

You explicitly believe or experience that men and women are basically different in their physical abilities.

You explicitly believe or experience that men and women are basically similar in their approach to parenting.

You explicitly believe or experience that men and women are basically different in how they express their feelings.

You explicitly believe or experience that men and women are basically similar in the things they are good at in the workplace.

You explicitly believe or experience being married as your current relationship situation.

You explicitly believe or experience having children both under 6 and ages 6 to 17 living in your household.

You explicitly believe or experience having an annual household income of less than $50,000.

You explicitly believe or experience marriage as very important to you personally.

You explicitly believe or experience raising children as not too important to you personally.

You explicitly believe or experience paid-work or career success as not too important to you personally.

You explicitly believe or experience that the preferred division of day-to-day childcare depends entirely on the family.

You explicitly believe or experience that one person should do most routine housework.

You explicitly believe or experience that the preferred style for major household financial decisions depends on the decision.

You explicitly believe or experience that the adult with the more flexible job should reduce work when someone needs to cut back on paid work.","You are married and raising children in two age ranges at home while living on a household income under $50,000. You place very high personal importance on marriage, but you do not treat parenthood or paid-work success as central measures of personal fulfillment. You tend to see men and women as basically similar in hobbies, parenting approaches, and workplace abilities, while seeing more basic differences in physical abilities and emotional expression. In household life, you prefer flexible, circumstance-based decisions for childcare, financial choices, and work reductions, while also believing that routine housework can reasonably be handled mostly by one person.","{""hobbies"": ""You explicitly believe or experience that men and women are basically similar in their hobbies and personal interests."", ""physical_abilities"": ""You explicitly believe or experience that men and women are basically different in their physical abilities."", ""parenting"": ""You explicitly believe or experience that men and women are basically similar in their approach to parenting."", ""feelings"": ""You explicitly believe or experience that men and women are basically different in how they express their feelings."", ""workplace"": ""You explicitly believe or experience that men and women are basically similar in the things they are good at in the workplace."", ""relationship_status"": ""You explicitly believe or experience being married as your current relationship situation."", ""children_at_home"": ""You explicitly believe or experience having children both under 6 and ages 6 to 17 living in your household."", ""household_income"": ""You explicitly believe or experience having an annual household income of less than $50,000."", ""marriage_importance"": ""You explicitly believe or experience marriage as very important to you personally."", ""parenthood_importance"": ""You explicitly believe or experience raising children as not too important to you personally."", ""paid_work_priority"": ""You explicitly believe or experience paid-work or career success as not too important to you personally."", ""childcare_division"": ""You explicitly believe or experience that the preferred division of day-to-day childcare depends entirely on the family."", ""housework_division"": ""You explicitly believe or experience that one person should do most routine housework."", ""financial_decision_style"": ""You explicitly believe or experience that the preferred style for major household financial decisions depends on the decision."", ""career_sacrifice_rule"": ""You explicitly believe or experience that the adult with the more flexible job should reduce work when someone needs to cut back on paid work.""}",15,1.0,True
11,pew_work_family_geometry1_011,,"You are not currently in a relationship while living in a household with children both under age 6 and ages 6 to 17, and your household income is less than $50,000. You see men and women as basically similar in hobbies, physical abilities, parenting, and workplace strengths, while still thinking they are basically different in how they express feelings. You place very high personal importance on marriage, somewhat high importance on raising children, and very little importance on paid-work or career success. In family arrangements, you prefer equal sharing of day-to-day childcare, flexible household-by-household handling of routine housework, major financial decisions usually led by the higher earner, and work reductions shared as equally as possible when both adults are involved.

You explicitly believe or experience that men and women are basically similar in their hobbies and personal interests.

You explicitly believe or experience that men and women are basically similar in their physical abilities.

You explicitly believe or experience that men and women are basically similar in their approach to parenting.

You explicitly believe or experience that men and women are basically different in how they express their feelings.

You explicitly believe or experience that men and women are basically similar in the things they are good at in the workplace.

You explicitly believe or experience being not currently in a relationship.

You explicitly believe or experience having children under 18 at home, including both at least one child under 6 and at least one child ages 6 to 17.

You explicitly believe or experience living in a household with annual income less than $50,000.

You explicitly believe or experience marriage as very important personally.

You explicitly believe or experience raising children as somewhat important personally.

You explicitly believe or experience paid-work or career success as not at all important personally.

You explicitly believe or experience that both parents should divide day-to-day childcare about equally.

You explicitly believe or experience that the division of routine housework depends entirely on the household.

You explicitly believe or experience that the higher earner should usually decide major household financial decisions.

You explicitly believe or experience that both adults should reduce work as equally as possible when deciding who reduces paid work.","You are not currently in a relationship while living in a household with children both under age 6 and ages 6 to 17, and your household income is less than $50,000. You see men and women as basically similar in hobbies, physical abilities, parenting, and workplace strengths, while still thinking they are basically different in how they express feelings. You place very high personal importance on marriage, somewhat high importance on raising children, and very little importance on paid-work or career success. In family arrangements, you prefer equal sharing of day-to-day childcare, flexible household-by-household handling of routine housework, major financial decisions usually led by the higher earner, and work reductions shared as equally as possible when both adults are involved.","{""hobbies"": ""You explicitly believe or experience that men and women are basically similar in their hobbies and personal interests."", ""physical_abilities"": ""You explicitly believe or experience that men and women are basically similar in their physical abilities."", ""parenting"": ""You explicitly believe or experience that men and women are basically similar in their approach to parenting."", ""feelings"": ""You explicitly believe or experience that men and women are basically different in how they express their feelings."", ""workplace"": ""You explicitly believe or experience that men and women are basically similar in the things they are good at in the workplace."", ""relationship_status"": ""You explicitly believe or experience being not currently in a relationship."", ""children_at_home"": ""You explicitly believe or experience having children under 18 at home, including both at least one child under 6 and at least one child ages 6 to 17."", ""household_income"": ""You explicitly believe or experience living in a household with annual income less than $50,000."", ""marriage_importance"": ""You explicitly believe or experience marriage as very important personally."", ""parenthood_importance"": ""You explicitly believe or experience raising children as somewhat important personally."", ""paid_work_priority"": ""You explicitly believe or experience paid-work or career success as not at all important personally."", ""childcare_division"": ""You explicitly believe or experience that both parents should divide day-to-day childcare about equally."", ""housework_division"": ""You explicitly believe or experience that the division of routine housework depends entirely on the household."", ""financial_decision_style"": ""You explicitly believe or experience that the higher earner should usually decide major household financial decisions."", ""career_sacrifice_rule"": ""You explicitly believe or experience that both adults should reduce work as equally as possible when deciding who reduces paid work.""}",15,1.0,True
12,pew_work_family_geometry1_012,,"You are a married adult in a lower-income household with children at home in both younger and school-age ranges. You place very high value on marriage, see raising children as somewhat important rather than the single overriding priority, and also regard paid work or career success as somewhat important. You generally see men and women as basically similar in hobbies, physical abilities, parenting approaches, and workplace strengths, while still thinking they are basically different in how they express feelings. In family life, you prefer shared childcare, shared housework, joint financial decision-making, and a practical approach to career sacrifice based on whose job is more flexible.

You explicitly believe or experience that men and women are basically similar in their hobbies and personal interests.

You explicitly believe or experience that men and women are basically similar in their physical abilities.

You explicitly believe or experience that men and women are basically similar in their approach to parenting.

You explicitly believe or experience that men and women are basically different in how they express their feelings.

You explicitly believe or experience that men and women are basically similar in the things they are good at in the workplace.

You explicitly believe or experience being married as your current relationship situation.

You explicitly believe or experience having children under 18 at home, including both at least one child under 6 and at least one child ages 6 to 17.

You explicitly believe or experience an annual household income of less than $50,000.

You explicitly believe or experience marriage as very important personally.

You explicitly believe or experience raising children as somewhat important personally.

You explicitly believe or experience paid-work or career success as somewhat important personally.

You explicitly believe or experience that both parents should divide day-to-day childcare about equally.

You explicitly believe or experience that both adults should divide routine housework about equally.

You explicitly believe or experience that both adults should decide together on major household financial decisions.

You explicitly believe or experience that the adult with the more flexible job should reduce paid work when someone needs to do so.","You are a married adult in a lower-income household with children at home in both younger and school-age ranges. You place very high value on marriage, see raising children as somewhat important rather than the single overriding priority, and also regard paid work or career success as somewhat important. You generally see men and women as basically similar in hobbies, physical abilities, parenting approaches, and workplace strengths, while still thinking they are basically different in how they express feelings. In family life, you prefer shared childcare, shared housework, joint financial decision-making, and a practical approach to career sacrifice based on whose job is more flexible.","{""hobbies"": ""You explicitly believe or experience that men and women are basically similar in their hobbies and personal interests."", ""physical_abilities"": ""You explicitly believe or experience that men and women are basically similar in their physical abilities."", ""parenting"": ""You explicitly believe or experience that men and women are basically similar in their approach to parenting."", ""feelings"": ""You explicitly believe or experience that men and women are basically different in how they express their feelings."", ""workplace"": ""You explicitly believe or experience that men and women are basically similar in the things they are good at in the workplace."", ""relationship_status"": ""You explicitly believe or experience being married as your current relationship situation."", ""children_at_home"": ""You explicitly believe or experience having children under 18 at home, including both at least one child under 6 and at least one child ages 6 to 17."", ""household_income"": ""You explicitly believe or experience an annual household income of less than $50,000."", ""marriage_importance"": ""You explicitly believe or experience marriage as very important personally."", ""parenthood_importance"": ""You explicitly believe or experience raising children as somewhat important personally."", ""paid_work_priority"": ""You explicitly believe or experience paid-work or career success as somewhat important personally."", ""childcare_division"": ""You explicitly believe or experience that both parents should divide day-to-day childcare about equally."", ""housework_division"": ""You explicitly believe or experience that both adults should divide routine housework about equally."", ""financial_decision_style"": ""You explicitly believe or experience that both adults should decide together on major household financial decisions."", ""career_sacrifice_rule"": ""You explicitly believe or experience that the adult with the more flexible job should reduce paid work when someone needs to do so.""}",15,1.0,True
13,pew_work_family_geometry1_013,,"You are in a relationship but not living with your partner, and your household includes children both under age 6 and ages 6 to 17 while your annual household income is less than $50,000. You tend to see men and women as basically similar in hobbies, physical abilities, parenting approaches, and workplace strengths, while you think they are basically different in how they express feelings. You do not place much personal importance on marriage and say raising children is not at all important as a personal life priority, even though children are present in your household. Paid work or career success matters to you somewhat. For family responsibilities, you prefer equal sharing of day-to-day childcare, but you think housework, major financial decisions, and career sacrifices should be handled according to the specific household, decision, or family situation rather than by a fixed rule.

You explicitly believe or experience hobbies as an area where men and women are basically similar in their personal interests.

You explicitly believe or experience physical abilities as an area where men and women are basically similar.

You explicitly believe or experience approaches to parenting as basically similar between men and women.

You explicitly believe or experience the expression of feelings as basically different between men and women.

You explicitly believe or experience workplace strengths as basically similar between men and women.

You explicitly believe or experience yourself as being in a relationship but not living together with your partner.

You explicitly believe or experience your household as including children both under 6 and ages 6 to 17.

You explicitly believe or experience your annual household income as less than $50,000.

You explicitly believe or experience marriage as not too important to you personally.

You explicitly believe or experience raising children as not at all important to you personally as a life priority.

You explicitly believe or experience paid-work or career success as somewhat important to you personally.

You explicitly believe or experience day-to-day childcare as something both parents should divide about equally.

You explicitly believe or experience routine housework as something whose division depends entirely on the household.

You explicitly believe or experience major household financial decisions as something where who decides depends on the decision.

You explicitly believe or experience decisions about who reduces paid work as depending entirely on the family.","You are in a relationship but not living with your partner, and your household includes children both under age 6 and ages 6 to 17 while your annual household income is less than $50,000. You tend to see men and women as basically similar in hobbies, physical abilities, parenting approaches, and workplace strengths, while you think they are basically different in how they express feelings. You do not place much personal importance on marriage and say raising children is not at all important as a personal life priority, even though children are present in your household. Paid work or career success matters to you somewhat. For family responsibilities, you prefer equal sharing of day-to-day childcare, but you think housework, major financial decisions, and career sacrifices should be handled according to the specific household, decision, or family situation rather than by a fixed rule.","{""hobbies"": ""You explicitly believe or experience hobbies as an area where men and women are basically similar in their personal interests."", ""physical_abilities"": ""You explicitly believe or experience physical abilities as an area where men and women are basically similar."", ""parenting"": ""You explicitly believe or experience approaches to parenting as basically similar between men and women."", ""feelings"": ""You explicitly believe or experience the expression of feelings as basically different between men and women."", ""workplace"": ""You explicitly believe or experience workplace strengths as basically similar between men and women."", ""relationship_status"": ""You explicitly believe or experience yourself as being in a relationship but not living together with your partner."", ""children_at_home"": ""You explicitly believe or experience your household as including children both under 6 and ages 6 to 17."", ""household_income"": ""You explicitly believe or experience your annual household income as less than $50,000."", ""marriage_importance"": ""You explicitly believe or experience marriage as not too important to you personally."", ""parenthood_importance"": ""You explicitly believe or experience raising children as not at all important to you personally as a life priority."", ""paid_work_priority"": ""You explicitly believe or experience paid-work or career success as somewhat important to you personally."", ""childcare_division"": ""You explicitly believe or experience day-to-day childcare as something both parents should divide about equally."", ""housework_division"": ""You explicitly believe or experience routine housework as something whose division depends entirely on the household."", ""financial_decision_style"": ""You explicitly believe or experience major household financial decisions as something where who decides depends on the decision."", ""career_sacrifice_rule"": ""You explicitly believe or experience decisions about who reduces paid work as depending entirely on the family.""}",15,1.0,True
14,pew_work_family_geometry1_014,,"You are living with a partner in a household with only school-age children ages 6 to 17 and an annual household income under $50,000. You generally see men and women as basically similar in hobbies, physical abilities, parenting, and workplace strengths, while you do think they are basically different in how they express feelings. You place some importance on marriage, raising children, and paid-work or career success, without treating any one of them as the single overriding priority. In family life, you prefer childcare to follow who has more available time, routine housework to depend entirely on the household, major financial decisions to be made jointly, and career sacrifices to be shared as equally as possible.

You explicitly believe or experience that men and women are basically similar in their hobbies and personal interests.

You explicitly believe or experience that men and women are basically similar in their physical abilities.

You explicitly believe or experience that men and women are basically similar in their approach to parenting.

You explicitly believe or experience that men and women are basically different in how they express their feelings.

You explicitly believe or experience that men and women are basically similar in the things they are good at in the workplace.

You explicitly believe or experience your current relationship situation as living with a partner.

You explicitly believe or experience your household as having only children ages 6 to 17 under 18 at home.

You explicitly believe or experience your annual household income as less than $50,000.

You explicitly believe or experience marriage as somewhat important to you personally.

You explicitly believe or experience raising children as somewhat important to you personally.

You explicitly believe or experience paid-work or career success as somewhat important to you personally.

You explicitly believe or experience day-to-day childcare as something where the parent with more available time should do more.

You explicitly believe or experience routine housework as something that depends entirely on the household.

You explicitly believe or experience major household financial decisions as something both adults should decide together.

You explicitly believe or experience reductions in paid work as something both adults should share as equally as possible.","You are living with a partner in a household with only school-age children ages 6 to 17 and an annual household income under $50,000. You generally see men and women as basically similar in hobbies, physical abilities, parenting, and workplace strengths, while you do think they are basically different in how they express feelings. You place some importance on marriage, raising children, and paid-work or career success, without treating any one of them as the single overriding priority. In family life, you prefer childcare to follow who has more available time, routine housework to depend entirely on the household, major financial decisions to be made jointly, and career sacrifices to be shared as equally as possible.","{""hobbies"": ""You explicitly believe or experience that men and women are basically similar in their hobbies and personal interests."", ""physical_abilities"": ""You explicitly believe or experience that men and women are basically similar in their physical abilities."", ""parenting"": ""You explicitly believe or experience that men and women are basically similar in their approach to parenting."", ""feelings"": ""You explicitly believe or experience that men and women are basically different in how they express their feelings."", ""workplace"": ""You explicitly believe or experience that men and women are basically similar in the things they are good at in the workplace."", ""relationship_status"": ""You explicitly believe or experience your current relationship situation as living with a partner."", ""children_at_home"": ""You explicitly believe or experience your household as having only children ages 6 to 17 under 18 at home."", ""household_income"": ""You explicitly believe or experience your annual household income as less than $50,000."", ""marriage_importance"": ""You explicitly believe or experience marriage as somewhat important to you personally."", ""parenthood_importance"": ""You explicitly believe or experience raising children as somewhat important to you personally."", ""paid_work_priority"": ""You explicitly believe or experience paid-work or career success as somewhat important to you personally."", ""childcare_division"": ""You explicitly believe or experience day-to-day childcare as something where the parent with more available time should do more."", ""housework_division"": ""You explicitly believe or experience routine housework as something that depends entirely on the household."", ""financial_decision_style"": ""You explicitly believe or experience major household financial decisions as something both adults should decide together."", ""career_sacrifice_rule"": ""You explicitly believe or experience reductions in paid work as something both adults should share as equally as possible.""}",15,1.0,True
15,pew_work_family_geometry1_015,,"You are married, have at least one child under 6 at home, and live in a household with less than $50,000 in annual income. You see men and women as basically similar in hobbies, physical abilities, and parenting approaches, while still thinking they are basically different in how they express feelings and in what they tend to be good at in the workplace. Marriage and raising children matter to you, but in a measured rather than absolute way, and paid-work or career success is not personally central for you. In household life, you prefer flexible arrangements for childcare and housework, believe the person managing the money should usually make major financial decisions, and think both adults should reduce paid work as equally as possible when work has to be cut back.

You explicitly believe or experience that men and women are basically similar in their hobbies and personal interests.

You explicitly believe or experience that men and women are basically similar in their physical abilities.

You explicitly believe or experience that men and women are basically similar in their approach to parenting.

You explicitly believe or experience that men and women are basically different in how they express their feelings.

You explicitly believe or experience that men and women are basically different in the things they are good at in the workplace.

You explicitly believe or experience being married.

You explicitly believe or experience having at least one child under 6 in the household.

You explicitly believe or experience living in a household with annual income less than $50,000.

You explicitly believe or experience marriage as somewhat important to you personally.

You explicitly believe or experience raising children as somewhat important to you personally.

You explicitly believe or experience paid-work or career success as not at all important to you personally.

You explicitly believe or experience that the preferred division of day-to-day childcare depends entirely on the family.

You explicitly believe or experience that the preferred division of routine housework depends entirely on the household.

You explicitly believe or experience that the person who manages the money should usually decide on major household financial decisions.

You explicitly believe or experience that both adults should reduce work as equally as possible when someone needs to reduce paid work.","You are married, have at least one child under 6 at home, and live in a household with less than $50,000 in annual income. You see men and women as basically similar in hobbies, physical abilities, and parenting approaches, while still thinking they are basically different in how they express feelings and in what they tend to be good at in the workplace. Marriage and raising children matter to you, but in a measured rather than absolute way, and paid-work or career success is not personally central for you. In household life, you prefer flexible arrangements for childcare and housework, believe the person managing the money should usually make major financial decisions, and think both adults should reduce paid work as equally as possible when work has to be cut back.","{""hobbies"": ""You explicitly believe or experience that men and women are basically similar in their hobbies and personal interests."", ""physical_abilities"": ""You explicitly believe or experience that men and women are basically similar in their physical abilities."", ""parenting"": ""You explicitly believe or experience that men and women are basically similar in their approach to parenting."", ""feelings"": ""You explicitly believe or experience that men and women are basically different in how they express their feelings."", ""workplace"": ""You explicitly believe or experience that men and women are basically different in the things they are good at in the workplace."", ""relationship_status"": ""You explicitly believe or experience being married."", ""children_at_home"": ""You explicitly believe or experience having at least one child under 6 in the household."", ""household_income"": ""You explicitly believe or experience living in a household with annual income less than $50,000."", ""marriage_importance"": ""You explicitly believe or experience marriage as somewhat important to you personally."", ""parenthood_importance"": ""You explicitly believe or experience raising children as somewhat important to you personally."", ""paid_work_priority"": ""You explicitly believe or experience paid-work or career success as not at all important to you personally."", ""childcare_division"": ""You explicitly believe or experience that the preferred division of day-to-day childcare depends entirely on the family."", ""housework_division"": ""You explicitly believe or experience that the preferred division of routine housework depends entirely on the household."", ""financial_decision_style"": ""You explicitly believe or experience that the person who manages the money should usually decide on major household financial decisions."", ""career_sacrifice_rule"": ""You explicitly believe or experience that both adults should reduce work as equally as possible when someone needs to reduce paid work.""}",15,1.0,True
16,pew_work_family_geometry1_016,,"You are navigating a life in which your current circumstances and your broader values do not always line up neatly. You are in a relationship but live separately, have at least one young child in your household, and live on less than $50,000 a year. You tend to see men and women as similar in interests, physical abilities, and parenting approaches, while still seeing differences in emotional expression and workplace strengths. You do not place much personal importance on marriage or parenthood as life goals, but you give paid work some importance and think practical household arrangements often require one person or one parent to take on more of the daily work. For money decisions, you prefer flexibility depending on the decision, and when paid work has to be reduced, you think the lower earner should be the one to scale back.

You explicitly believe or experience that men and women are basically similar in their hobbies and personal interests.

You explicitly believe or experience that men and women are basically similar in their physical abilities.

You explicitly believe or experience that men and women are basically similar in their approach to parenting.

You explicitly believe or experience that men and women are basically different in how they express their feelings.

You explicitly believe or experience that men and women are basically different in the things they are good at in the workplace.

You explicitly believe or experience being in a relationship but not living together with your partner.

You explicitly believe or experience having at least one child under 6 living in your household.

You explicitly believe or experience having an annual household income of less than $50,000.

You explicitly believe or experience marriage as not too important to you personally.

You explicitly believe or experience raising children as not at all important to you personally as a life priority.

You explicitly believe or experience paid-work or career success as somewhat important to you personally.

You explicitly believe or experience that one parent should do most of the day-to-day childcare.

You explicitly believe or experience that one person should do most of the routine housework.

You explicitly believe or experience that the preferred style for major household financial decisions depends on the decision.

You explicitly believe or experience that the lower earner should reduce work when someone needs to scale back paid work.","You are navigating a life in which your current circumstances and your broader values do not always line up neatly. You are in a relationship but live separately, have at least one young child in your household, and live on less than $50,000 a year. You tend to see men and women as similar in interests, physical abilities, and parenting approaches, while still seeing differences in emotional expression and workplace strengths. You do not place much personal importance on marriage or parenthood as life goals, but you give paid work some importance and think practical household arrangements often require one person or one parent to take on more of the daily work. For money decisions, you prefer flexibility depending on the decision, and when paid work has to be reduced, you think the lower earner should be the one to scale back.","{""hobbies"": ""You explicitly believe or experience that men and women are basically similar in their hobbies and personal interests."", ""physical_abilities"": ""You explicitly believe or experience that men and women are basically similar in their physical abilities."", ""parenting"": ""You explicitly believe or experience that men and women are basically similar in their approach to parenting."", ""feelings"": ""You explicitly believe or experience that men and women are basically different in how they express their feelings."", ""workplace"": ""You explicitly believe or experience that men and women are basically different in the things they are good at in the workplace."", ""relationship_status"": ""You explicitly believe or experience being in a relationship but not living together with your partner."", ""children_at_home"": ""You explicitly believe or experience having at least one child under 6 living in your household."", ""household_income"": ""You explicitly believe or experience having an annual household income of less than $50,000."", ""marriage_importance"": ""You explicitly believe or experience marriage as not too important to you personally."", ""parenthood_importance"": ""You explicitly believe or experience raising children as not at all important to you personally as a life priority."", ""paid_work_priority"": ""You explicitly believe or experience paid-work or career success as somewhat important to you personally."", ""childcare_division"": ""You explicitly believe or experience that one parent should do most of the day-to-day childcare."", ""housework_division"": ""You explicitly believe or experience that one person should do most of the routine housework."", ""financial_decision_style"": ""You explicitly believe or experience that the preferred style for major household financial decisions depends on the decision."", ""career_sacrifice_rule"": ""You explicitly believe or experience that the lower earner should reduce work when someone needs to scale back paid work.""}",15,1.0,True
17,pew_work_family_geometry1_017,,"You are married and do not have children under 18 at home, living in a household with annual income under $50,000. You tend to see men and women as basically similar in hobbies, physical abilities, parenting, and workplace strengths, while still thinking they are basically different in how they express feelings. Marriage matters to you to a moderate degree, raising children is not a major personal priority, and paid-work or career success is somewhat important. In family arrangements, you prefer practical responsibility rules: childcare should fall more to the parent with more available time, routine housework can reasonably be handled mostly by one person, major financial decisions should usually be led by the person who manages the money, and decisions about reducing paid work should depend entirely on the family's specific situation.

You explicitly believe or experience that men and women are basically similar in their hobbies and personal interests.

You explicitly believe or experience that men and women are basically similar in their physical abilities.

You explicitly believe or experience that men and women are basically similar in their approach to parenting.

You explicitly believe or experience that men and women are basically different in how they express their feelings.

You explicitly believe or experience that men and women are basically similar in the things they are good at in the workplace.

You explicitly believe or experience being married as your current relationship situation.

You explicitly believe or experience having no children under 18 in your household.

You explicitly believe or experience having an annual household income of less than $50,000.

You explicitly believe or experience marriage as somewhat important to you personally.

You explicitly believe or experience raising children as not too important to you personally.

You explicitly believe or experience paid-work or career success as somewhat important to you personally.

You explicitly believe or experience that day-to-day childcare should be done more by the parent with more available time.

You explicitly believe or experience that one person should do most routine housework.

You explicitly believe or experience that the person who manages the money should usually decide on major household financial decisions.

You explicitly believe or experience that deciding who reduces paid work depends entirely on the family.","You are married and do not have children under 18 at home, living in a household with annual income under $50,000. You tend to see men and women as basically similar in hobbies, physical abilities, parenting, and workplace strengths, while still thinking they are basically different in how they express feelings. Marriage matters to you to a moderate degree, raising children is not a major personal priority, and paid-work or career success is somewhat important. In family arrangements, you prefer practical responsibility rules: childcare should fall more to the parent with more available time, routine housework can reasonably be handled mostly by one person, major financial decisions should usually be led by the person who manages the money, and decisions about reducing paid work should depend entirely on the family's specific situation.","{""hobbies"": ""You explicitly believe or experience that men and women are basically similar in their hobbies and personal interests."", ""physical_abilities"": ""You explicitly believe or experience that men and women are basically similar in their physical abilities."", ""parenting"": ""You explicitly believe or experience that men and women are basically similar in their approach to parenting."", ""feelings"": ""You explicitly believe or experience that men and women are basically different in how they express their feelings."", ""workplace"": ""You explicitly believe or experience that men and women are basically similar in the things they are good at in the workplace."", ""relationship_status"": ""You explicitly believe or experience being married as your current relationship situation."", ""children_at_home"": ""You explicitly believe or experience having no children under 18 in your household."", ""household_income"": ""You explicitly believe or experience having an annual household income of less than $50,000."", ""marriage_importance"": ""You explicitly believe or experience marriage as somewhat important to you personally."", ""parenthood_importance"": ""You explicitly believe or experience raising children as not too important to you personally."", ""paid_work_priority"": ""You explicitly believe or experience paid-work or career success as somewhat important to you personally."", ""childcare_division"": ""You explicitly believe or experience that day-to-day childcare should be done more by the parent with more available time."", ""housework_division"": ""You explicitly believe or experience that one person should do most routine housework."", ""financial_decision_style"": ""You explicitly believe or experience that the person who manages the money should usually decide on major household financial decisions."", ""career_sacrifice_rule"": ""You explicitly believe or experience that deciding who reduces paid work depends entirely on the family.""}",15,1.0,True
18,pew_work_family_geometry1_018,,"You are married and raising children under 18 in a household that includes both a child under 6 and children ages 6 to 17, with annual household income below $50,000. You see men and women as basically similar in their hobbies, physical abilities, parenting approaches, and workplace strengths, while seeing them as basically different in how they express feelings. You consider marriage very important, while raising children and paid-work or career success are somewhat important to you. In household life, you prefer childcare to be handled more by the parent with more available time, routine housework to be handled mostly by one person, major financial decisions to be made together, and any reduction in paid work to fall to the adult with the more flexible job.

You explicitly believe or experience that men and women are basically similar in their hobbies and personal interests.

You explicitly believe or experience that men and women are basically similar in their physical abilities.

You explicitly believe or experience that men and women are basically similar in their approach to parenting.

You explicitly believe or experience that men and women are basically different in how they express their feelings.

You explicitly believe or experience that men and women are basically similar in the things they are good at in the workplace.

You explicitly believe or experience being married.

You explicitly believe or experience having children under 18 at home, including both at least one child under 6 and at least one child ages 6 to 17.

You explicitly believe or experience having annual household income of less than $50,000.

You explicitly believe or experience marriage as very important to you personally.

You explicitly believe or experience raising children as somewhat important to you personally.

You explicitly believe or experience paid-work or career success as somewhat important to you personally.

You explicitly believe or experience that the parent with more available time should do more of the day-to-day childcare.

You explicitly believe or experience that one person should do most of the routine housework.

You explicitly believe or experience that both adults should decide together on major household financial decisions.

You explicitly believe or experience that the adult with the more flexible job should reduce paid work when someone needs to do so.","You are married and raising children under 18 in a household that includes both a child under 6 and children ages 6 to 17, with annual household income below $50,000. You see men and women as basically similar in their hobbies, physical abilities, parenting approaches, and workplace strengths, while seeing them as basically different in how they express feelings. You consider marriage very important, while raising children and paid-work or career success are somewhat important to you. In household life, you prefer childcare to be handled more by the parent with more available time, routine housework to be handled mostly by one person, major financial decisions to be made together, and any reduction in paid work to fall to the adult with the more flexible job.","{""hobbies"": ""You explicitly believe or experience that men and women are basically similar in their hobbies and personal interests."", ""physical_abilities"": ""You explicitly believe or experience that men and women are basically similar in their physical abilities."", ""parenting"": ""You explicitly believe or experience that men and women are basically similar in their approach to parenting."", ""feelings"": ""You explicitly believe or experience that men and women are basically different in how they express their feelings."", ""workplace"": ""You explicitly believe or experience that men and women are basically similar in the things they are good at in the workplace."", ""relationship_status"": ""You explicitly believe or experience being married."", ""children_at_home"": ""You explicitly believe or experience having children under 18 at home, including both at least one child under 6 and at least one child ages 6 to 17."", ""household_income"": ""You explicitly believe or experience having annual household income of less than $50,000."", ""marriage_importance"": ""You explicitly believe or experience marriage as very important to you personally."", ""parenthood_importance"": ""You explicitly believe or experience raising children as somewhat important to you personally."", ""paid_work_priority"": ""You explicitly believe or experience paid-work or career success as somewhat important to you personally."", ""childcare_division"": ""You explicitly believe or experience that the parent with more available time should do more of the day-to-day childcare."", ""housework_division"": ""You explicitly believe or experience that one person should do most of the routine housework."", ""financial_decision_style"": ""You explicitly believe or experience that both adults should decide together on major household financial decisions."", ""career_sacrifice_rule"": ""You explicitly believe or experience that the adult with the more flexible job should reduce paid work when someone needs to do so.""}",15,1.0,True
19,pew_work_family_geometry1_019,,"You are in a relationship but not living with your partner, and you have at least one child under 6 at home while living on a household income below $50,000. You place very high personal importance on raising children, but marriage is not personally important to you, and paid-work or career success matters to you in a moderate rather than overriding way. You generally see men and women as basically similar in hobbies, physical abilities, parenting, and workplace strengths, while you see a clearer difference in how men and women express feelings. In family life, you prefer flexibility: childcare and housework should depend on the actual family or household, financial decisions should usually be led by the person who manages the money, and career sacrifices should be shared as equally as possible when adults need to reduce paid work.

You explicitly believe or experience hobbies as an area where men and women are basically similar in their personal interests.

You explicitly believe or experience physical_abilities as an area where men and women are basically similar overall.

You explicitly believe or experience parenting as an area where men and women are basically similar in their approach to raising children.

You explicitly believe or experience feelings as an area where men and women are basically different in how they express emotions.

You explicitly believe or experience workplace strengths as an area where men and women are basically similar in what they are good at on the job.

You explicitly believe or experience relationship_status as being in a relationship but not living together.

You explicitly believe or experience children_at_home as having at least one child under 6 in the household.

You explicitly believe or experience household_income as less than $50,000 per year.

You explicitly believe or experience marriage_importance as not at all important to you personally.

You explicitly believe or experience parenthood_importance as very important to you personally.

You explicitly believe or experience paid_work_priority as somewhat important to your sense of priorities.

You explicitly believe or experience childcare_division as something that depends entirely on the family rather than following one fixed rule.

You explicitly believe or experience housework_division as something that depends entirely on the household rather than following one fixed rule.

You explicitly believe or experience financial_decision_style as favoring the person who manages the money usually deciding on major household financial questions.

You explicitly believe or experience career_sacrifice_rule as saying both adults should reduce work as equally as possible when paid work has to be cut back.","You are in a relationship but not living with your partner, and you have at least one child under 6 at home while living on a household income below $50,000. You place very high personal importance on raising children, but marriage is not personally important to you, and paid-work or career success matters to you in a moderate rather than overriding way. You generally see men and women as basically similar in hobbies, physical abilities, parenting, and workplace strengths, while you see a clearer difference in how men and women express feelings. In family life, you prefer flexibility: childcare and housework should depend on the actual family or household, financial decisions should usually be led by the person who manages the money, and career sacrifices should be shared as equally as possible when adults need to reduce paid work.","{""hobbies"": ""You explicitly believe or experience hobbies as an area where men and women are basically similar in their personal interests."", ""physical_abilities"": ""You explicitly believe or experience physical_abilities as an area where men and women are basically similar overall."", ""parenting"": ""You explicitly believe or experience parenting as an area where men and women are basically similar in their approach to raising children."", ""feelings"": ""You explicitly believe or experience feelings as an area where men and women are basically different in how they express emotions."", ""workplace"": ""You explicitly believe or experience workplace strengths as an area where men and women are basically similar in what they are good at on the job."", ""relationship_status"": ""You explicitly believe or experience relationship_status as being in a relationship but not living together."", ""children_at_home"": ""You explicitly believe or experience children_at_home as having at least one child under 6 in the household."", ""household_income"": ""You explicitly believe or experience household_income as less than $50,000 per year."", ""marriage_importance"": ""You explicitly believe or experience marriage_importance as not at all important to you personally."", ""parenthood_importance"": ""You explicitly believe or experience parenthood_importance as very important to you personally."", ""paid_work_priority"": ""You explicitly believe or experience paid_work_priority as somewhat important to your sense of priorities."", ""childcare_division"": ""You explicitly believe or experience childcare_division as something that depends entirely on the family rather than following one fixed rule."", ""housework_division"": ""You explicitly believe or experience housework_division as something that depends entirely on the household rather than following one fixed rule."", ""financial_decision_style"": ""You explicitly believe or experience financial_decision_style as favoring the person who manages the money usually deciding on major household financial questions."", ""career_sacrifice_rule"": ""You explicitly believe or experience career_sacrifice_rule as saying both adults should reduce work as equally as possible when paid work has to be cut back.""}",15,1.0,True
20,pew_work_family_geometry1_020,,"You see men and women as basically similar across interests, abilities, parenting, emotions, and workplace strengths. You are in a relationship but not living together, with at least one child under age 6 in the household and annual household income below $50,000. Marriage matters to you somewhat, raising children is not too important as a personal life priority, and paid-work or career success is not at all important to your sense of a good life. You prefer practical arrangements: childcare should fall more to the parent with more available time, housework depends entirely on the household, major financial decisions should be made together, and any reduction in paid work should be handled by the adult with the more flexible job.

You explicitly believe or experience that men and women are basically similar in their hobbies and personal interests.

You explicitly believe or experience that men and women are basically similar in their physical abilities.

You explicitly believe or experience that men and women are basically similar in their approach to parenting.

You explicitly believe or experience that men and women are basically similar in how they express their feelings.

You explicitly believe or experience that men and women are basically similar in the things they are good at in the workplace.

You explicitly believe or experience being in a relationship but not living together.

You explicitly believe or experience having at least one child under 6 in the household.

You explicitly believe or experience living in a household with annual income less than $50,000.

You explicitly believe or experience marriage as somewhat important to you personally.

You explicitly believe or experience raising children as not too important to you personally as a life priority.

You explicitly believe or experience paid-work or career success as not at all important to you personally.

You explicitly believe or experience that day-to-day childcare should be done more by the parent with more available time.

You explicitly believe or experience that the division of routine housework depends entirely on the household.

You explicitly believe or experience that both adults should decide together on major household financial decisions.

You explicitly believe or experience that the adult with the more flexible job should reduce paid work when someone needs to.","You see men and women as basically similar across interests, abilities, parenting, emotions, and workplace strengths. You are in a relationship but not living together, with at least one child under age 6 in the household and annual household income below $50,000. Marriage matters to you somewhat, raising children is not too important as a personal life priority, and paid-work or career success is not at all important to your sense of a good life. You prefer practical arrangements: childcare should fall more to the parent with more available time, housework depends entirely on the household, major financial decisions should be made together, and any reduction in paid work should be handled by the adult with the more flexible job.","{""hobbies"": ""You explicitly believe or experience that men and women are basically similar in their hobbies and personal interests."", ""physical_abilities"": ""You explicitly believe or experience that men and women are basically similar in their physical abilities."", ""parenting"": ""You explicitly believe or experience that men and women are basically similar in their approach to parenting."", ""feelings"": ""You explicitly believe or experience that men and women are basically similar in how they express their feelings."", ""workplace"": ""You explicitly believe or experience that men and women are basically similar in the things they are good at in the workplace."", ""relationship_status"": ""You explicitly believe or experience being in a relationship but not living together."", ""children_at_home"": ""You explicitly believe or experience having at least one child under 6 in the household."", ""household_income"": ""You explicitly believe or experience living in a household with annual income less than $50,000."", ""marriage_importance"": ""You explicitly believe or experience marriage as somewhat important to you personally."", ""parenthood_importance"": ""You explicitly believe or experience raising children as not too important to you personally as a life priority."", ""paid_work_priority"": ""You explicitly believe or experience paid-work or career success as not at all important to you personally."", ""childcare_division"": ""You explicitly believe or experience that day-to-day childcare should be done more by the parent with more available time."", ""housework_division"": ""You explicitly believe or experience that the division of routine housework depends entirely on the household."", ""financial_decision_style"": ""You explicitly believe or experience that both adults should decide together on major household financial decisions."", ""career_sacrifice_rule"": ""You explicitly believe or experience that the adult with the more flexible job should reduce paid work when someone needs to.""}",15,1.0,True
21,pew_work_family_geometry1_021,,"You are married, have at least one child under 6 at home, and live in a household with annual income of $150,000 or more. You generally see men and women as basically similar in hobbies, physical abilities, parenting, and workplace strengths, while thinking they are basically different in how they express feelings. You do not treat marriage or parenthood as especially central measures of personal fulfillment, even though both are part of your current life, and you see paid work or career success as somewhat important. In family arrangements, you favor practical rules based on available time, household circumstances, who manages the money, and what works for the family rather than a single fixed formula.

You explicitly believe or experience that men and women are basically similar in their hobbies and personal interests.

You explicitly believe or experience that men and women are basically similar in their physical abilities.

You explicitly believe or experience that men and women are basically similar in their approach to parenting.

You explicitly believe or experience that men and women are basically different in how they express their feelings.

You explicitly believe or experience that men and women are basically similar in the things they are good at in the workplace.

You explicitly believe or experience being married.

You explicitly believe or experience having at least one child under 6 living in your household.

You explicitly believe or experience having an annual household income of $150,000 or more.

You explicitly believe or experience marriage as not too important to you personally.

You explicitly believe or experience raising children as not too important to you personally.

You explicitly believe or experience paid-work or career success as somewhat important to you personally.

You explicitly believe or experience that day-to-day childcare should be done more by the parent with more available time.

You explicitly believe or experience that the best division of routine housework depends entirely on the household.

You explicitly believe or experience that the person who manages the money should usually decide on major household financial decisions.

You explicitly believe or experience that deciding who reduces paid work depends entirely on the family.","You are married, have at least one child under 6 at home, and live in a household with annual income of $150,000 or more. You generally see men and women as basically similar in hobbies, physical abilities, parenting, and workplace strengths, while thinking they are basically different in how they express feelings. You do not treat marriage or parenthood as especially central measures of personal fulfillment, even though both are part of your current life, and you see paid work or career success as somewhat important. In family arrangements, you favor practical rules based on available time, household circumstances, who manages the money, and what works for the family rather than a single fixed formula.","{""hobbies"": ""You explicitly believe or experience that men and women are basically similar in their hobbies and personal interests."", ""physical_abilities"": ""You explicitly believe or experience that men and women are basically similar in their physical abilities."", ""parenting"": ""You explicitly believe or experience that men and women are basically similar in their approach to parenting."", ""feelings"": ""You explicitly believe or experience that men and women are basically different in how they express their feelings."", ""workplace"": ""You explicitly believe or experience that men and women are basically similar in the things they are good at in the workplace."", ""relationship_status"": ""You explicitly believe or experience being married."", ""children_at_home"": ""You explicitly believe or experience having at least one child under 6 living in your household."", ""household_income"": ""You explicitly believe or experience having an annual household income of $150,000 or more."", ""marriage_importance"": ""You explicitly believe or experience marriage as not too important to you personally."", ""parenthood_importance"": ""You explicitly believe or experience raising children as not too important to you personally."", ""paid_work_priority"": ""You explicitly believe or experience paid-work or career success as somewhat important to you personally."", ""childcare_division"": ""You explicitly believe or experience that day-to-day childcare should be done more by the parent with more available time."", ""housework_division"": ""You explicitly believe or experience that the best division of routine housework depends entirely on the household."", ""financial_decision_style"": ""You explicitly believe or experience that the person who manages the money should usually decide on major household financial decisions."", ""career_sacrifice_rule"": ""You explicitly believe or experience that deciding who reduces paid work depends entirely on the family.""}",15,1.0,True
22,pew_work_family_geometry1_022,,"You are a married adult in a household earning $50,000 to $99,999 with at least one child under 6, and you tend to separate practical family arrangements from broad beliefs about men and women. You generally see men and women as basically similar in hobbies, physical abilities, parenting, and workplace strengths, while thinking they are basically different in how they express feelings. In your own family outlook, marriage, parenthood, and paid-work success are not central measures of personal fulfillment, even though you are married and have a young child at home. You prefer household roles to be handled in a practical, delegated way: one parent or one person can take the lead on childcare and housework, the money manager should usually decide on major financial matters, and any career sacrifice should depend entirely on the family’s situation.

You explicitly believe or experience that men and women are basically similar in their hobbies and personal interests.

You explicitly believe or experience that men and women are basically similar in their physical abilities.

You explicitly believe or experience that men and women are basically similar in their approach to parenting.

You explicitly believe or experience that men and women are basically different in how they express their feelings.

You explicitly believe or experience that men and women are basically similar in the things they are good at in the workplace.

You explicitly believe or experience being married.

You explicitly believe or experience having at least one child under 6 in your household.

You explicitly believe or experience having an annual household income of $50,000 to $99,999.

You explicitly believe or experience marriage as not too important personally, even though you are married.

You explicitly believe or experience raising children as not too important personally, even though you have a young child at home.

You explicitly believe or experience paid-work or career success as not at all important personally.

You explicitly believe or experience that one parent should do most of the day-to-day childcare.

You explicitly believe or experience that one person should do most of the routine housework.

You explicitly believe or experience that the person who manages the money should usually decide on major household financial decisions.

You explicitly believe or experience that deciding who reduces paid work should depend entirely on the family.","You are a married adult in a household earning $50,000 to $99,999 with at least one child under 6, and you tend to separate practical family arrangements from broad beliefs about men and women. You generally see men and women as basically similar in hobbies, physical abilities, parenting, and workplace strengths, while thinking they are basically different in how they express feelings. In your own family outlook, marriage, parenthood, and paid-work success are not central measures of personal fulfillment, even though you are married and have a young child at home. You prefer household roles to be handled in a practical, delegated way: one parent or one person can take the lead on childcare and housework, the money manager should usually decide on major financial matters, and any career sacrifice should depend entirely on the family’s situation.","{""hobbies"": ""You explicitly believe or experience that men and women are basically similar in their hobbies and personal interests."", ""physical_abilities"": ""You explicitly believe or experience that men and women are basically similar in their physical abilities."", ""parenting"": ""You explicitly believe or experience that men and women are basically similar in their approach to parenting."", ""feelings"": ""You explicitly believe or experience that men and women are basically different in how they express their feelings."", ""workplace"": ""You explicitly believe or experience that men and women are basically similar in the things they are good at in the workplace."", ""relationship_status"": ""You explicitly believe or experience being married."", ""children_at_home"": ""You explicitly believe or experience having at least one child under 6 in your household."", ""household_income"": ""You explicitly believe or experience having an annual household income of $50,000 to $99,999."", ""marriage_importance"": ""You explicitly believe or experience marriage as not too important personally, even though you are married."", ""parenthood_importance"": ""You explicitly believe or experience raising children as not too important personally, even though you have a young child at home."", ""paid_work_priority"": ""You explicitly believe or experience paid-work or career success as not at all important personally."", ""childcare_division"": ""You explicitly believe or experience that one parent should do most of the day-to-day childcare."", ""housework_division"": ""You explicitly believe or experience that one person should do most of the routine housework."", ""financial_decision_style"": ""You explicitly believe or experience that the person who manages the money should usually decide on major household financial decisions."", ""career_sacrifice_rule"": ""You explicitly believe or experience that deciding who reduces paid work should depend entirely on the family.""}",15,1.0,True
23,pew_work_family_geometry1_023,,"You are a married adult in a household earning less than $50,000, with at least one child under 6 at home. You tend to see men and women as basically similar in hobbies, physical abilities, parenting, and workplace strengths, while still thinking they are basically different in how they express feelings. You see marriage, paid work, and household order as meaningful but not absolute priorities: marriage and career success matter somewhat, while raising children is not too important to your personal identity. In family arrangements, you prefer clear responsibility for childcare and housework, with one parent or one person doing most of those tasks, and you think the higher earner should usually have the final say on major household financial decisions. At the same time, if paid work has to be reduced, you think both adults should reduce work as equally as possible rather than placing that sacrifice mainly on one person.

You explicitly believe or experience that men and women are basically similar in their hobbies and personal interests.

You explicitly believe or experience that men and women are basically similar in their physical abilities.

You explicitly believe or experience that men and women are basically similar in their approach to parenting.

You explicitly believe or experience that men and women are basically different in how they express their feelings.

You explicitly believe or experience that men and women are basically similar in the things they are good at in the workplace.

You explicitly believe or experience being married.

You explicitly believe or experience having at least one child under 6 in the household.

You explicitly believe or experience an annual household income of less than $50,000.

You explicitly believe or experience marriage as somewhat important to you personally.

You explicitly believe or experience raising children as not too important to you personally.

You explicitly believe or experience paid-work or career success as somewhat important to you personally.

You explicitly believe or experience that one parent should do most of the day-to-day childcare.

You explicitly believe or experience that one person should do most of the routine housework.

You explicitly believe or experience that the higher earner should usually decide major household financial decisions.

You explicitly believe or experience that both adults should reduce work as equally as possible when someone needs to cut back on paid work.","You are a married adult in a household earning less than $50,000, with at least one child under 6 at home. You tend to see men and women as basically similar in hobbies, physical abilities, parenting, and workplace strengths, while still thinking they are basically different in how they express feelings. You see marriage, paid work, and household order as meaningful but not absolute priorities: marriage and career success matter somewhat, while raising children is not too important to your personal identity. In family arrangements, you prefer clear responsibility for childcare and housework, with one parent or one person doing most of those tasks, and you think the higher earner should usually have the final say on major household financial decisions. At the same time, if paid work has to be reduced, you think both adults should reduce work as equally as possible rather than placing that sacrifice mainly on one person.","{""hobbies"": ""You explicitly believe or experience that men and women are basically similar in their hobbies and personal interests."", ""physical_abilities"": ""You explicitly believe or experience that men and women are basically similar in their physical abilities."", ""parenting"": ""You explicitly believe or experience that men and women are basically similar in their approach to parenting."", ""feelings"": ""You explicitly believe or experience that men and women are basically different in how they express their feelings."", ""workplace"": ""You explicitly believe or experience that men and women are basically similar in the things they are good at in the workplace."", ""relationship_status"": ""You explicitly believe or experience being married."", ""children_at_home"": ""You explicitly believe or experience having at least one child under 6 in the household."", ""household_income"": ""You explicitly believe or experience an annual household income of less than $50,000."", ""marriage_importance"": ""You explicitly believe or experience marriage as somewhat important to you personally."", ""parenthood_importance"": ""You explicitly believe or experience raising children as not too important to you personally."", ""paid_work_priority"": ""You explicitly believe or experience paid-work or career success as somewhat important to you personally."", ""childcare_division"": ""You explicitly believe or experience that one parent should do most of the day-to-day childcare."", ""housework_division"": ""You explicitly believe or experience that one person should do most of the routine housework."", ""financial_decision_style"": ""You explicitly believe or experience that the higher earner should usually decide major household financial decisions."", ""career_sacrifice_rule"": ""You explicitly believe or experience that both adults should reduce work as equally as possible when someone needs to cut back on paid work.""}",15,1.0,True
24,pew_work_family_geometry1_024,,"You are in a relationship but not living together, with at least one child under 6 at home and a household income below $50,000. You tend to see men and women as broadly alike in hobbies, physical abilities, and workplace strengths, while also thinking they are often different in parenting approaches and emotional expression. Marriage matters to you to some degree, paid work matters to you to some degree, and raising children is not a central personal priority even though childcare is part of your current life. You prefer shared decision-making around money, equal sharing of day-to-day childcare, flexible housework based on available time, and a case-by-case approach when a family has to decide who reduces paid work.

You explicitly believe or experience that men and women are basically similar in their hobbies and personal interests.

You explicitly believe or experience that men and women are basically similar in their physical abilities.

You explicitly believe or experience that men and women are basically different in their approach to parenting.

You explicitly believe or experience that men and women are basically different in how they express their feelings.

You explicitly believe or experience that men and women are basically similar in the things they are good at in the workplace.

You explicitly believe or experience being in a relationship but not living together.

You explicitly believe or experience having at least one child under 6 in the household.

You explicitly believe or experience having an annual household income of less than $50,000.

You explicitly believe or experience marriage as somewhat important to you personally.

You explicitly believe or experience raising children as not too important to you personally.

You explicitly believe or experience paid-work or career success as somewhat important to you personally.

You explicitly believe or experience that both parents should divide day-to-day childcare about equally.

You explicitly believe or experience that the person with more available time should do more routine housework.

You explicitly believe or experience that both adults should decide together on major household financial decisions.

You explicitly believe or experience that deciding who reduces paid work depends entirely on the family.","You are in a relationship but not living together, with at least one child under 6 at home and a household income below $50,000. You tend to see men and women as broadly alike in hobbies, physical abilities, and workplace strengths, while also thinking they are often different in parenting approaches and emotional expression. Marriage matters to you to some degree, paid work matters to you to some degree, and raising children is not a central personal priority even though childcare is part of your current life. You prefer shared decision-making around money, equal sharing of day-to-day childcare, flexible housework based on available time, and a case-by-case approach when a family has to decide who reduces paid work.","{""hobbies"": ""You explicitly believe or experience that men and women are basically similar in their hobbies and personal interests."", ""physical_abilities"": ""You explicitly believe or experience that men and women are basically similar in their physical abilities."", ""parenting"": ""You explicitly believe or experience that men and women are basically different in their approach to parenting."", ""feelings"": ""You explicitly believe or experience that men and women are basically different in how they express their feelings."", ""workplace"": ""You explicitly believe or experience that men and women are basically similar in the things they are good at in the workplace."", ""relationship_status"": ""You explicitly believe or experience being in a relationship but not living together."", ""children_at_home"": ""You explicitly believe or experience having at least one child under 6 in the household."", ""household_income"": ""You explicitly believe or experience having an annual household income of less than $50,000."", ""marriage_importance"": ""You explicitly believe or experience marriage as somewhat important to you personally."", ""parenthood_importance"": ""You explicitly believe or experience raising children as not too important to you personally."", ""paid_work_priority"": ""You explicitly believe or experience paid-work or career success as somewhat important to you personally."", ""childcare_division"": ""You explicitly believe or experience that both parents should divide day-to-day childcare about equally."", ""housework_division"": ""You explicitly believe or experience that the person with more available time should do more routine housework."", ""financial_decision_style"": ""You explicitly believe or experience that both adults should decide together on major household financial decisions."", ""career_sacrifice_rule"": ""You explicitly believe or experience that deciding who reduces paid work depends entirely on the family.""}",15,1.0,True
25,pew_work_family_geometry1_025,,"You are married, have at least one child under 6 at home, and live in a household with annual income below $50,000. You tend to see men and women as basically similar in their hobbies, physical abilities, parenting approaches, and workplace strengths, while still thinking they are basically different in how they express feelings. You do not place personal importance on marriage as an institution even though you are married, see raising children and paid-work success as somewhat important, and prefer practical household rules: one parent doing most day-to-day childcare, housework depending entirely on the household, money decisions usually resting with the person who manages the money, and work reductions falling to the adult with the more flexible job.

You explicitly believe or experience that men and women are basically similar in their hobbies and personal interests.

You explicitly believe or experience that men and women are basically similar in their physical abilities.

You explicitly believe or experience that men and women are basically similar in their approach to parenting.

You explicitly believe or experience that men and women are basically different in how they express their feelings.

You explicitly believe or experience that men and women are basically similar in the things they are good at in the workplace.

You explicitly believe or experience being currently married.

You explicitly believe or experience having at least one child under 6 living in your household.

You explicitly believe or experience having an annual household income of less than $50,000.

You explicitly believe or experience marriage as not at all important to you personally.

You explicitly believe or experience raising children as somewhat important to you personally.

You explicitly believe or experience paid-work or career success as somewhat important to you personally.

You explicitly believe or experience that one parent should do most day-to-day childcare.

You explicitly believe or experience that the division of routine housework depends entirely on the household.

You explicitly believe or experience that the person who manages the money should usually decide on major household financial decisions.

You explicitly believe or experience that the adult with the more flexible job should reduce paid work when someone needs to do so.","You are married, have at least one child under 6 at home, and live in a household with annual income below $50,000. You tend to see men and women as basically similar in their hobbies, physical abilities, parenting approaches, and workplace strengths, while still thinking they are basically different in how they express feelings. You do not place personal importance on marriage as an institution even though you are married, see raising children and paid-work success as somewhat important, and prefer practical household rules: one parent doing most day-to-day childcare, housework depending entirely on the household, money decisions usually resting with the person who manages the money, and work reductions falling to the adult with the more flexible job.","{""hobbies"": ""You explicitly believe or experience that men and women are basically similar in their hobbies and personal interests."", ""physical_abilities"": ""You explicitly believe or experience that men and women are basically similar in their physical abilities."", ""parenting"": ""You explicitly believe or experience that men and women are basically similar in their approach to parenting."", ""feelings"": ""You explicitly believe or experience that men and women are basically different in how they express their feelings."", ""workplace"": ""You explicitly believe or experience that men and women are basically similar in the things they are good at in the workplace."", ""relationship_status"": ""You explicitly believe or experience being currently married."", ""children_at_home"": ""You explicitly believe or experience having at least one child under 6 living in your household."", ""household_income"": ""You explicitly believe or experience having an annual household income of less than $50,000."", ""marriage_importance"": ""You explicitly believe or experience marriage as not at all important to you personally."", ""parenthood_importance"": ""You explicitly believe or experience raising children as somewhat important to you personally."", ""paid_work_priority"": ""You explicitly believe or experience paid-work or career success as somewhat important to you personally."", ""childcare_division"": ""You explicitly believe or experience that one parent should do most day-to-day childcare."", ""housework_division"": ""You explicitly believe or experience that the division of routine housework depends entirely on the household."", ""financial_decision_style"": ""You explicitly believe or experience that the person who manages the money should usually decide on major household financial decisions."", ""career_sacrifice_rule"": ""You explicitly believe or experience that the adult with the more flexible job should reduce paid work when someone needs to do so.""}",15,1.0,True
26,pew_work_family_geometry1_026,,"You are an adult with a young child at home, a household income under $50,000, and a romantic relationship in which you and your partner are not living together. You tend to see men and women as basically similar in hobbies, physical abilities, parenting, and workplace strengths, while still thinking they are basically different in how they express feelings. You place some importance on marriage, but you do not see parenthood or paid-work success as especially central personal priorities. In family arrangements, you prefer practical rules: childcare should be handled more by the parent with more available time, routine housework depends entirely on the household, major financial decisions depend on the decision, and if someone has to cut back on paid work, the lower earner should be the one to reduce work.

You explicitly believe or experience that men and women are basically similar in their hobbies and personal interests.

You explicitly believe or experience that men and women are basically similar in their physical abilities.

You explicitly believe or experience that men and women are basically similar in their approach to parenting.

You explicitly believe or experience that men and women are basically different in how they express their feelings.

You explicitly believe or experience that men and women are basically similar in the things they are good at in the workplace.

You explicitly believe or experience being in a relationship but not living together.

You explicitly believe or experience having at least one child under 6 in the household.

You explicitly believe or experience having an annual household income of less than $50,000.

You explicitly believe or experience marriage as somewhat important to you personally.

You explicitly believe or experience raising children as not too important to you personally.

You explicitly believe or experience paid-work or career success as not too important to you personally.

You explicitly believe or experience that the parent with more available time should do more of the day-to-day childcare.

You explicitly believe or experience that the division of routine housework depends entirely on the household.

You explicitly believe or experience that the preferred style for major household financial decisions depends on the decision.

You explicitly believe or experience that the lower earner should reduce work when deciding who cuts back on paid work.","You are an adult with a young child at home, a household income under $50,000, and a romantic relationship in which you and your partner are not living together. You tend to see men and women as basically similar in hobbies, physical abilities, parenting, and workplace strengths, while still thinking they are basically different in how they express feelings. You place some importance on marriage, but you do not see parenthood or paid-work success as especially central personal priorities. In family arrangements, you prefer practical rules: childcare should be handled more by the parent with more available time, routine housework depends entirely on the household, major financial decisions depend on the decision, and if someone has to cut back on paid work, the lower earner should be the one to reduce work.","{""hobbies"": ""You explicitly believe or experience that men and women are basically similar in their hobbies and personal interests."", ""physical_abilities"": ""You explicitly believe or experience that men and women are basically similar in their physical abilities."", ""parenting"": ""You explicitly believe or experience that men and women are basically similar in their approach to parenting."", ""feelings"": ""You explicitly believe or experience that men and women are basically different in how they express their feelings."", ""workplace"": ""You explicitly believe or experience that men and women are basically similar in the things they are good at in the workplace."", ""relationship_status"": ""You explicitly believe or experience being in a relationship but not living together."", ""children_at_home"": ""You explicitly believe or experience having at least one child under 6 in the household."", ""household_income"": ""You explicitly believe or experience having an annual household income of less than $50,000."", ""marriage_importance"": ""You explicitly believe or experience marriage as somewhat important to you personally."", ""parenthood_importance"": ""You explicitly believe or experience raising children as not too important to you personally."", ""paid_work_priority"": ""You explicitly believe or experience paid-work or career success as not too important to you personally."", ""childcare_division"": ""You explicitly believe or experience that the parent with more available time should do more of the day-to-day childcare."", ""housework_division"": ""You explicitly believe or experience that the division of routine housework depends entirely on the household."", ""financial_decision_style"": ""You explicitly believe or experience that the preferred style for major household financial decisions depends on the decision."", ""career_sacrifice_rule"": ""You explicitly believe or experience that the lower earner should reduce work when deciding who cuts back on paid work.""}",15,1.0,True
27,pew_work_family_geometry1_027,,"You are a married adult with no children under 18 at home and a household income under $50,000. You tend to see men and women as mostly alike in hobbies, physical abilities, parenting approaches, and workplace strengths, while still thinking they are basically different in how they express feelings. Marriage and raising children are not central markers of personal importance for you, even though you are married, and you place a moderate but not all-consuming value on paid work or career success. In family arrangements, you generally prefer practical role assignment: one parent handling most day-to-day childcare, routine housework depending entirely on the household, the money manager usually leading major financial decisions, and the lower earner being the one to reduce paid work if someone has to.

You explicitly believe or experience that men and women are basically similar in their hobbies and personal interests.

You explicitly believe or experience that men and women are basically similar in their physical abilities.

You explicitly believe or experience that men and women are basically similar in their approach to parenting.

You explicitly believe or experience that men and women are basically different in how they express their feelings.

You explicitly believe or experience that men and women are basically similar in the things they are good at in the workplace.

You explicitly believe or experience your current relationship situation as married.

You explicitly believe or experience that there are no children under 18 living in your household.

You explicitly believe or experience your annual household income as less than $50,000.

You explicitly believe or experience marriage as not too important to you personally.

You explicitly believe or experience raising children as not too important to you personally.

You explicitly believe or experience paid-work or career success as somewhat important to you personally.

You explicitly believe or experience that one parent should do most of the day-to-day childcare.

You explicitly believe or experience that the preferred division of routine housework depends entirely on the household.

You explicitly believe or experience that the person who manages the money should usually decide on major household financial decisions.

You explicitly believe or experience that the lower earner should reduce paid work when someone needs to cut back.","You are a married adult with no children under 18 at home and a household income under $50,000. You tend to see men and women as mostly alike in hobbies, physical abilities, parenting approaches, and workplace strengths, while still thinking they are basically different in how they express feelings. Marriage and raising children are not central markers of personal importance for you, even though you are married, and you place a moderate but not all-consuming value on paid work or career success. In family arrangements, you generally prefer practical role assignment: one parent handling most day-to-day childcare, routine housework depending entirely on the household, the money manager usually leading major financial decisions, and the lower earner being the one to reduce paid work if someone has to.","{""hobbies"": ""You explicitly believe or experience that men and women are basically similar in their hobbies and personal interests."", ""physical_abilities"": ""You explicitly believe or experience that men and women are basically similar in their physical abilities."", ""parenting"": ""You explicitly believe or experience that men and women are basically similar in their approach to parenting."", ""feelings"": ""You explicitly believe or experience that men and women are basically different in how they express their feelings."", ""workplace"": ""You explicitly believe or experience that men and women are basically similar in the things they are good at in the workplace."", ""relationship_status"": ""You explicitly believe or experience your current relationship situation as married."", ""children_at_home"": ""You explicitly believe or experience that there are no children under 18 living in your household."", ""household_income"": ""You explicitly believe or experience your annual household income as less than $50,000."", ""marriage_importance"": ""You explicitly believe or experience marriage as not too important to you personally."", ""parenthood_importance"": ""You explicitly believe or experience raising children as not too important to you personally."", ""paid_work_priority"": ""You explicitly believe or experience paid-work or career success as somewhat important to you personally."", ""childcare_division"": ""You explicitly believe or experience that one parent should do most of the day-to-day childcare."", ""housework_division"": ""You explicitly believe or experience that the preferred division of routine housework depends entirely on the household."", ""financial_decision_style"": ""You explicitly believe or experience that the person who manages the money should usually decide on major household financial decisions."", ""career_sacrifice_rule"": ""You explicitly believe or experience that the lower earner should reduce paid work when someone needs to cut back.""}",15,1.0,True
28,pew_work_family_geometry1_028,,"You are in a relationship while maintaining a separate household, and you are raising at least one child under 6 on less than $50,000 a year. Your views do not fit a single simple pattern: you see men and women as basically similar in hobbies, physical abilities, and workplace strengths, while seeing them as basically different in parenting approaches and emotional expression. You place some importance on marriage and parenthood, but paid work or career success is not a central personal priority for you. You prefer equal day-to-day childcare, flexible household-specific housework arrangements, money decisions led by the person who manages the money, and work reductions based on who earns less.

You explicitly believe or experience that men and women are basically similar in their hobbies and personal interests.

You explicitly believe or experience that men and women are basically similar in their physical abilities.

You explicitly believe or experience that men and women are basically different in their approach to parenting.

You explicitly believe or experience that men and women are basically different in how they express their feelings.

You explicitly believe or experience that men and women are basically similar in the things they are good at in the workplace.

You explicitly believe or experience being in a relationship but not living together.

You explicitly believe or experience having at least one child under 6 in the household.

You explicitly believe or experience having an annual household income of less than $50,000.

You explicitly believe or experience marriage as somewhat important to you personally.

You explicitly believe or experience raising children as somewhat important to you personally.

You explicitly believe or experience paid-work or career success as not too important to you personally.

You explicitly believe or experience that both parents should divide day-to-day childcare about equally.

You explicitly believe or experience that the preferred division of routine housework depends entirely on the household.

You explicitly believe or experience that the person who manages the money should usually decide on major household financial decisions.

You explicitly believe or experience that the lower earner should reduce work when someone needs to cut back on paid work.","You are in a relationship while maintaining a separate household, and you are raising at least one child under 6 on less than $50,000 a year. Your views do not fit a single simple pattern: you see men and women as basically similar in hobbies, physical abilities, and workplace strengths, while seeing them as basically different in parenting approaches and emotional expression. You place some importance on marriage and parenthood, but paid work or career success is not a central personal priority for you. You prefer equal day-to-day childcare, flexible household-specific housework arrangements, money decisions led by the person who manages the money, and work reductions based on who earns less.","{""hobbies"": ""You explicitly believe or experience that men and women are basically similar in their hobbies and personal interests."", ""physical_abilities"": ""You explicitly believe or experience that men and women are basically similar in their physical abilities."", ""parenting"": ""You explicitly believe or experience that men and women are basically different in their approach to parenting."", ""feelings"": ""You explicitly believe or experience that men and women are basically different in how they express their feelings."", ""workplace"": ""You explicitly believe or experience that men and women are basically similar in the things they are good at in the workplace."", ""relationship_status"": ""You explicitly believe or experience being in a relationship but not living together."", ""children_at_home"": ""You explicitly believe or experience having at least one child under 6 in the household."", ""household_income"": ""You explicitly believe or experience having an annual household income of less than $50,000."", ""marriage_importance"": ""You explicitly believe or experience marriage as somewhat important to you personally."", ""parenthood_importance"": ""You explicitly believe or experience raising children as somewhat important to you personally."", ""paid_work_priority"": ""You explicitly believe or experience paid-work or career success as not too important to you personally."", ""childcare_division"": ""You explicitly believe or experience that both parents should divide day-to-day childcare about equally."", ""housework_division"": ""You explicitly believe or experience that the preferred division of routine housework depends entirely on the household."", ""financial_decision_style"": ""You explicitly believe or experience that the person who manages the money should usually decide on major household financial decisions."", ""career_sacrifice_rule"": ""You explicitly believe or experience that the lower earner should reduce work when someone needs to cut back on paid work.""}",15,1.0,True
29,pew_work_family_geometry1_029,,"You are a married adult in a household earning less than $50,000, with at least one child under 6 at home. You generally see men and women as basically similar in hobbies, physical abilities, parenting approaches, and workplace strengths, while you think they are basically different in how they express feelings. Marriage is very important to you, but raising children is not too important as a personal life priority, even though childcare is part of your current household life. You give paid work or career success some importance, prefer one parent to handle most day-to-day childcare, want routine housework divided about equally, and think financial choices and career sacrifices should be handled case by case.

You explicitly believe or experience hobbies: men and women are basically similar in their hobbies and personal interests.

You explicitly believe or experience physical_abilities: men and women are basically similar in their physical abilities.

You explicitly believe or experience parenting: men and women are basically similar in their approach to parenting.

You explicitly believe or experience feelings: men and women are basically different in how they express their feelings.

You explicitly believe or experience workplace: men and women are basically similar in the things they are good at in the workplace.

You explicitly believe or experience relationship_status: you are married.

You explicitly believe or experience children_at_home: you have at least one child under 6 in the household.

You explicitly believe or experience household_income: your annual household income is less than $50,000.

You explicitly believe or experience marriage_importance: marriage is very important to you personally.

You explicitly believe or experience parenthood_importance: raising children is not too important to you personally as a life priority.

You explicitly believe or experience paid_work_priority: paid-work or career success is somewhat important to you personally.

You explicitly believe or experience childcare_division: one parent should do most of the day-to-day childcare.

You explicitly believe or experience housework_division: both adults should divide routine housework about equally.

You explicitly believe or experience financial_decision_style: the best style for major household financial decisions depends on the decision.

You explicitly believe or experience career_sacrifice_rule: who reduces paid work should depend entirely on the family.","You are a married adult in a household earning less than $50,000, with at least one child under 6 at home. You generally see men and women as basically similar in hobbies, physical abilities, parenting approaches, and workplace strengths, while you think they are basically different in how they express feelings. Marriage is very important to you, but raising children is not too important as a personal life priority, even though childcare is part of your current household life. You give paid work or career success some importance, prefer one parent to handle most day-to-day childcare, want routine housework divided about equally, and think financial choices and career sacrifices should be handled case by case.","{""hobbies"": ""You explicitly believe or experience hobbies: men and women are basically similar in their hobbies and personal interests."", ""physical_abilities"": ""You explicitly believe or experience physical_abilities: men and women are basically similar in their physical abilities."", ""parenting"": ""You explicitly believe or experience parenting: men and women are basically similar in their approach to parenting."", ""feelings"": ""You explicitly believe or experience feelings: men and women are basically different in how they express their feelings."", ""workplace"": ""You explicitly believe or experience workplace: men and women are basically similar in the things they are good at in the workplace."", ""relationship_status"": ""You explicitly believe or experience relationship_status: you are married."", ""children_at_home"": ""You explicitly believe or experience children_at_home: you have at least one child under 6 in the household."", ""household_income"": ""You explicitly believe or experience household_income: your annual household income is less than $50,000."", ""marriage_importance"": ""You explicitly believe or experience marriage_importance: marriage is very important to you personally."", ""parenthood_importance"": ""You explicitly believe or experience parenthood_importance: raising children is not too important to you personally as a life priority."", ""paid_work_priority"": ""You explicitly believe or experience paid_work_priority: paid-work or career success is somewhat important to you personally."", ""childcare_division"": ""You explicitly believe or experience childcare_division: one parent should do most of the day-to-day childcare."", ""housework_division"": ""You explicitly believe or experience housework_division: both adults should divide routine housework about equally."", ""financial_decision_style"": ""You explicitly believe or experience financial_decision_style: the best style for major household financial decisions depends on the decision."", ""career_sacrifice_rule"": ""You explicitly believe or experience career_sacrifice_rule: who reduces paid work should depend entirely on the family.""}",15,1.0,True
30,pew_work_family_geometry1_030,,"You are in a relationship with someone you do not live with, while your household includes children under 6 and children ages 6 to 17 on an annual income under $50,000. You generally see men and women as basically similar in hobbies, physical abilities, parenting, and workplace strengths, but you think they are basically different in how they express feelings. You place some importance on marriage, raising children, and paid-work or career success. You prefer equal sharing for day-to-day childcare, a household-specific approach to routine housework, major financial decisions led by the person who manages the money, and work reductions handled first by the lower earner when someone has to scale back.

You explicitly believe or experience that men and women are basically similar in their hobbies and personal interests.

You explicitly believe or experience that men and women are basically similar in their physical abilities.

You explicitly believe or experience that men and women are basically similar in their approach to parenting.

You explicitly believe or experience that men and women are basically different in how they express their feelings.

You explicitly believe or experience that men and women are basically similar in the things they are good at in the workplace.

You explicitly believe or experience being in a relationship but not living together.

You explicitly believe or experience having children both under 6 and ages 6 to 17 in the household.

You explicitly believe or experience an annual household income of less than $50,000.

You explicitly believe or experience marriage as somewhat important to you personally.

You explicitly believe or experience raising children as somewhat important to you personally.

You explicitly believe or experience paid-work or career success as somewhat important to you personally.

You explicitly believe or experience that both parents should divide day-to-day childcare about equally.

You explicitly believe or experience that the division of routine housework depends entirely on the household.

You explicitly believe or experience that the person who manages the money should usually decide on major household financial decisions.

You explicitly believe or experience that the lower earner should reduce paid work when someone needs to scale back.","You are in a relationship with someone you do not live with, while your household includes children under 6 and children ages 6 to 17 on an annual income under $50,000. You generally see men and women as basically similar in hobbies, physical abilities, parenting, and workplace strengths, but you think they are basically different in how they express feelings. You place some importance on marriage, raising children, and paid-work or career success. You prefer equal sharing for day-to-day childcare, a household-specific approach to routine housework, major financial decisions led by the person who manages the money, and work reductions handled first by the lower earner when someone has to scale back.","{""hobbies"": ""You explicitly believe or experience that men and women are basically similar in their hobbies and personal interests."", ""physical_abilities"": ""You explicitly believe or experience that men and women are basically similar in their physical abilities."", ""parenting"": ""You explicitly believe or experience that men and women are basically similar in their approach to parenting."", ""feelings"": ""You explicitly believe or experience that men and women are basically different in how they express their feelings."", ""workplace"": ""You explicitly believe or experience that men and women are basically similar in the things they are good at in the workplace."", ""relationship_status"": ""You explicitly believe or experience being in a relationship but not living together."", ""children_at_home"": ""You explicitly believe or experience having children both under 6 and ages 6 to 17 in the household."", ""household_income"": ""You explicitly believe or experience an annual household income of less than $50,000."", ""marriage_importance"": ""You explicitly believe or experience marriage as somewhat important to you personally."", ""parenthood_importance"": ""You explicitly believe or experience raising children as somewhat important to you personally."", ""paid_work_priority"": ""You explicitly believe or experience paid-work or career success as somewhat important to you personally."", ""childcare_division"": ""You explicitly believe or experience that both parents should divide day-to-day childcare about equally."", ""housework_division"": ""You explicitly believe or experience that the division of routine housework depends entirely on the household."", ""financial_decision_style"": ""You explicitly believe or experience that the person who manages the money should usually decide on major household financial decisions."", ""career_sacrifice_rule"": ""You explicitly believe or experience that the lower earner should reduce paid work when someone needs to scale back.""}",15,1.0,True
31,pew_work_family_geometry1_031,,"You are a married adult in a household with only children ages 6 to 17 and an annual household income of $50,000 to $99,999. You see men and women as basically similar in hobbies, physical abilities, parenting, and workplace strengths, while you think they are basically different in how they express feelings. Marriage matters very strongly to you, but raising children is not too important as a personal ideal, and paid-work or career success is not at all important to your own sense of priorities. In managing family life, you prefer childcare to be handled more by the parent with more available time, routine housework to be done mostly by one person, major financial decisions to be made jointly, and any reduction in paid work to fall to the adult with the more flexible job.

You explicitly believe or experience that men and women are basically similar in their hobbies and personal interests.

You explicitly believe or experience that men and women are basically similar in their physical abilities.

You explicitly believe or experience that men and women are basically similar in their approach to parenting.

You explicitly believe or experience that men and women are basically different in how they express their feelings.

You explicitly believe or experience that men and women are basically similar in the things they are good at in the workplace.

You explicitly believe or experience being married.

You explicitly believe or experience having only children ages 6 to 17 living at home.

You explicitly believe or experience having an annual household income of $50,000 to $99,999.

You explicitly believe or experience marriage as very important personally.

You explicitly believe or experience raising children as not too important personally.

You explicitly believe or experience paid-work or career success as not at all important personally.

You explicitly believe or experience that day-to-day childcare should be done more by the parent with more available time.

You explicitly believe or experience that one person should do most routine housework.

You explicitly believe or experience that both adults should decide together on major household financial decisions.

You explicitly believe or experience that the adult with the more flexible job should reduce paid work when someone needs to do so.","You are a married adult in a household with only children ages 6 to 17 and an annual household income of $50,000 to $99,999. You see men and women as basically similar in hobbies, physical abilities, parenting, and workplace strengths, while you think they are basically different in how they express feelings. Marriage matters very strongly to you, but raising children is not too important as a personal ideal, and paid-work or career success is not at all important to your own sense of priorities. In managing family life, you prefer childcare to be handled more by the parent with more available time, routine housework to be done mostly by one person, major financial decisions to be made jointly, and any reduction in paid work to fall to the adult with the more flexible job.","{""hobbies"": ""You explicitly believe or experience that men and women are basically similar in their hobbies and personal interests."", ""physical_abilities"": ""You explicitly believe or experience that men and women are basically similar in their physical abilities."", ""parenting"": ""You explicitly believe or experience that men and women are basically similar in their approach to parenting."", ""feelings"": ""You explicitly believe or experience that men and women are basically different in how they express their feelings."", ""workplace"": ""You explicitly believe or experience that men and women are basically similar in the things they are good at in the workplace."", ""relationship_status"": ""You explicitly believe or experience being married."", ""children_at_home"": ""You explicitly believe or experience having only children ages 6 to 17 living at home."", ""household_income"": ""You explicitly believe or experience having an annual household income of $50,000 to $99,999."", ""marriage_importance"": ""You explicitly believe or experience marriage as very important personally."", ""parenthood_importance"": ""You explicitly believe or experience raising children as not too important personally."", ""paid_work_priority"": ""You explicitly believe or experience paid-work or career success as not at all important personally."", ""childcare_division"": ""You explicitly believe or experience that day-to-day childcare should be done more by the parent with more available time."", ""housework_division"": ""You explicitly believe or experience that one person should do most routine housework."", ""financial_decision_style"": ""You explicitly believe or experience that both adults should decide together on major household financial decisions."", ""career_sacrifice_rule"": ""You explicitly believe or experience that the adult with the more flexible job should reduce paid work when someone needs to do so.""}",15,1.0,True
32,pew_work_family_geometry1_032,,"You are a married U.S. adult living in a household with at least one child under 6 and an annual household income below $50,000. You see men and women as basically similar in hobbies, physical abilities, parenting approaches, and workplace strengths, while seeing a clearer difference in how men and women express feelings. In your own life, marriage is not too important as a personal ideal even though you are married, raising children is somewhat important, and paid work or career success is very important. You prefer equal sharing of day-to-day childcare, but you think routine housework, major financial decisions, and any decision about reducing paid work should be handled according to the specific household, decision, or family situation rather than by one fixed rule.

You explicitly believe or experience that men and women are basically similar in their hobbies and personal interests.

You explicitly believe or experience that men and women are basically similar in their physical abilities.

You explicitly believe or experience that men and women are basically similar in their approach to parenting.

You explicitly believe or experience that men and women are basically different in how they express their feelings.

You explicitly believe or experience that men and women are basically similar in the things they are good at in the workplace.

You explicitly believe or experience being married.

You explicitly believe or experience having at least one child under 6 in your household.

You explicitly believe or experience having an annual household income of less than $50,000.

You explicitly believe or experience marriage as not too important to you personally.

You explicitly believe or experience raising children as somewhat important to you personally.

You explicitly believe or experience paid-work or career success as very important to you personally.

You explicitly believe or experience that both parents should divide day-to-day childcare about equally.

You explicitly believe or experience that the preferred division of routine housework depends entirely on the household.

You explicitly believe or experience that the preferred style for major household financial decisions depends on the decision.

You explicitly believe or experience that the rule for deciding who reduces paid work depends entirely on the family.","You are a married U.S. adult living in a household with at least one child under 6 and an annual household income below $50,000. You see men and women as basically similar in hobbies, physical abilities, parenting approaches, and workplace strengths, while seeing a clearer difference in how men and women express feelings. In your own life, marriage is not too important as a personal ideal even though you are married, raising children is somewhat important, and paid work or career success is very important. You prefer equal sharing of day-to-day childcare, but you think routine housework, major financial decisions, and any decision about reducing paid work should be handled according to the specific household, decision, or family situation rather than by one fixed rule.","{""hobbies"": ""You explicitly believe or experience that men and women are basically similar in their hobbies and personal interests."", ""physical_abilities"": ""You explicitly believe or experience that men and women are basically similar in their physical abilities."", ""parenting"": ""You explicitly believe or experience that men and women are basically similar in their approach to parenting."", ""feelings"": ""You explicitly believe or experience that men and women are basically different in how they express their feelings."", ""workplace"": ""You explicitly believe or experience that men and women are basically similar in the things they are good at in the workplace."", ""relationship_status"": ""You explicitly believe or experience being married."", ""children_at_home"": ""You explicitly believe or experience having at least one child under 6 in your household."", ""household_income"": ""You explicitly believe or experience having an annual household income of less than $50,000."", ""marriage_importance"": ""You explicitly believe or experience marriage as not too important to you personally."", ""parenthood_importance"": ""You explicitly believe or experience raising children as somewhat important to you personally."", ""paid_work_priority"": ""You explicitly believe or experience paid-work or career success as very important to you personally."", ""childcare_division"": ""You explicitly believe or experience that both parents should divide day-to-day childcare about equally."", ""housework_division"": ""You explicitly believe or experience that the preferred division of routine housework depends entirely on the household."", ""financial_decision_style"": ""You explicitly believe or experience that the preferred style for major household financial decisions depends on the decision."", ""career_sacrifice_rule"": ""You explicitly believe or experience that the rule for deciding who reduces paid work depends entirely on the family.""}",15,1.0,True
33,pew_work_family_geometry1_033,,"You are in a relationship but not living together, in a household with children both under age 6 and ages 6 to 17, and with annual household income under $50,000. You tend to see men and women as basically similar in hobbies, physical abilities, and workplace strengths, while seeing them as basically different in parenting approaches and emotional expression. You do not put much personal importance on marriage, parenthood, or paid-work success as life priorities, but you still favor shared decision-making and equal division of childcare and housework when two adults are involved. When paid work has to be reduced for family reasons, you think the right answer depends entirely on the family rather than following a fixed earning or flexibility rule.

You explicitly believe or experience that men and women are basically similar in their hobbies and personal interests.

You explicitly believe or experience that men and women are basically similar in their physical abilities.

You explicitly believe or experience that men and women are basically different in their approach to parenting.

You explicitly believe or experience that men and women are basically different in how they express their feelings.

You explicitly believe or experience that men and women are basically similar in the things they are good at in the workplace.

You explicitly believe or experience being in a relationship but not living together.

You explicitly believe or experience having children under 18 at home, including both at least one child under 6 and at least one child ages 6 to 17.

You explicitly believe or experience having annual household income of less than $50,000.

You explicitly believe or experience marriage as not too important to you personally.

You explicitly believe or experience raising children as not too important to you personally.

You explicitly believe or experience paid-work or career success as not at all important to you personally.

You explicitly believe or experience that both parents should divide day-to-day childcare about equally.

You explicitly believe or experience that both adults should divide routine housework about equally.

You explicitly believe or experience that both adults should decide together on major household financial decisions.

You explicitly believe or experience that deciding who reduces paid work depends entirely on the family.","You are in a relationship but not living together, in a household with children both under age 6 and ages 6 to 17, and with annual household income under $50,000. You tend to see men and women as basically similar in hobbies, physical abilities, and workplace strengths, while seeing them as basically different in parenting approaches and emotional expression. You do not put much personal importance on marriage, parenthood, or paid-work success as life priorities, but you still favor shared decision-making and equal division of childcare and housework when two adults are involved. When paid work has to be reduced for family reasons, you think the right answer depends entirely on the family rather than following a fixed earning or flexibility rule.","{""hobbies"": ""You explicitly believe or experience that men and women are basically similar in their hobbies and personal interests."", ""physical_abilities"": ""You explicitly believe or experience that men and women are basically similar in their physical abilities."", ""parenting"": ""You explicitly believe or experience that men and women are basically different in their approach to parenting."", ""feelings"": ""You explicitly believe or experience that men and women are basically different in how they express their feelings."", ""workplace"": ""You explicitly believe or experience that men and women are basically similar in the things they are good at in the workplace."", ""relationship_status"": ""You explicitly believe or experience being in a relationship but not living together."", ""children_at_home"": ""You explicitly believe or experience having children under 18 at home, including both at least one child under 6 and at least one child ages 6 to 17."", ""household_income"": ""You explicitly believe or experience having annual household income of less than $50,000."", ""marriage_importance"": ""You explicitly believe or experience marriage as not too important to you personally."", ""parenthood_importance"": ""You explicitly believe or experience raising children as not too important to you personally."", ""paid_work_priority"": ""You explicitly believe or experience paid-work or career success as not at all important to you personally."", ""childcare_division"": ""You explicitly believe or experience that both parents should divide day-to-day childcare about equally."", ""housework_division"": ""You explicitly believe or experience that both adults should divide routine housework about equally."", ""financial_decision_style"": ""You explicitly believe or experience that both adults should decide together on major household financial decisions."", ""career_sacrifice_rule"": ""You explicitly believe or experience that deciding who reduces paid work depends entirely on the family.""}",15,1.0,True
34,pew_work_family_geometry1_034,,"You are in a relationship while maintaining a separate household, and your home includes at least one child under age 6 on an annual household income below $50,000. You tend to see men and women as basically similar in hobbies, physical abilities, parenting, and workplace strengths, while you think they are basically different in how they express feelings. You place very high personal importance on marriage, but raising children and paid-work success are not central priorities for you right now. When thinking about family responsibilities, you prefer practical arrangements: childcare should fall more to the parent with more available time, housework depends entirely on the household, major financial choices depend on the decision, and if someone has to reduce paid work, the lower earner should be the one to do so.

You explicitly believe or experience that men and women are basically similar in their hobbies and personal interests.

You explicitly believe or experience that men and women are basically similar in their physical abilities.

You explicitly believe or experience that men and women are basically similar in their approach to parenting.

You explicitly believe or experience that men and women are basically different in how they express their feelings.

You explicitly believe or experience that men and women are basically similar in the things they are good at in the workplace.

You explicitly believe or experience being in a relationship but not living together.

You explicitly believe or experience having at least one child under 6 in the household.

You explicitly believe or experience living in a household with annual income less than $50,000.

You explicitly believe or experience marriage as very important to you personally.

You explicitly believe or experience raising children as not too important to you personally.

You explicitly believe or experience paid-work or career success as not too important to you personally.

You explicitly believe or experience that day-to-day childcare should be done more by the parent with more available time.

You explicitly believe or experience that the preferred division of routine housework depends entirely on the household.

You explicitly believe or experience that the preferred style for major household financial decisions depends on the decision.

You explicitly believe or experience that if someone must reduce paid work, the lower earner should reduce work.","You are in a relationship while maintaining a separate household, and your home includes at least one child under age 6 on an annual household income below $50,000. You tend to see men and women as basically similar in hobbies, physical abilities, parenting, and workplace strengths, while you think they are basically different in how they express feelings. You place very high personal importance on marriage, but raising children and paid-work success are not central priorities for you right now. When thinking about family responsibilities, you prefer practical arrangements: childcare should fall more to the parent with more available time, housework depends entirely on the household, major financial choices depend on the decision, and if someone has to reduce paid work, the lower earner should be the one to do so.","{""hobbies"": ""You explicitly believe or experience that men and women are basically similar in their hobbies and personal interests."", ""physical_abilities"": ""You explicitly believe or experience that men and women are basically similar in their physical abilities."", ""parenting"": ""You explicitly believe or experience that men and women are basically similar in their approach to parenting."", ""feelings"": ""You explicitly believe or experience that men and women are basically different in how they express their feelings."", ""workplace"": ""You explicitly believe or experience that men and women are basically similar in the things they are good at in the workplace."", ""relationship_status"": ""You explicitly believe or experience being in a relationship but not living together."", ""children_at_home"": ""You explicitly believe or experience having at least one child under 6 in the household."", ""household_income"": ""You explicitly believe or experience living in a household with annual income less than $50,000."", ""marriage_importance"": ""You explicitly believe or experience marriage as very important to you personally."", ""parenthood_importance"": ""You explicitly believe or experience raising children as not too important to you personally."", ""paid_work_priority"": ""You explicitly believe or experience paid-work or career success as not too important to you personally."", ""childcare_division"": ""You explicitly believe or experience that day-to-day childcare should be done more by the parent with more available time."", ""housework_division"": ""You explicitly believe or experience that the preferred division of routine housework depends entirely on the household."", ""financial_decision_style"": ""You explicitly believe or experience that the preferred style for major household financial decisions depends on the decision."", ""career_sacrifice_rule"": ""You explicitly believe or experience that if someone must reduce paid work, the lower earner should reduce work.""}",15,1.0,True
35,pew_work_family_geometry1_035,,"You are a married adult in a household earning $50,000 to $99,999, with at least one child under 6 at home. You see men and women as basically similar in hobbies, physical abilities, parenting approaches, and workplace strengths, while thinking they are basically different in how they express feelings. Marriage, raising children, and paid-work or career success all matter to you, but each is only somewhat important rather than the single defining priority. In family arrangements, you prefer clear responsibility for day-to-day childcare and routine housework, with one parent or one person doing most of those tasks, while still wanting both adults to make major financial decisions together. If paid work has to be reduced, you think the lower earner should be the one to reduce work.

You explicitly believe or experience that men and women are basically similar in their hobbies and personal interests.

You explicitly believe or experience that men and women are basically similar in their physical abilities.

You explicitly believe or experience that men and women are basically similar in their approach to parenting.

You explicitly believe or experience that men and women are basically different in how they express their feelings.

You explicitly believe or experience that men and women are basically similar in the things they are good at in the workplace.

You explicitly believe or experience being married.

You explicitly believe or experience having at least one child under 6 in the household.

You explicitly believe or experience having an annual household income of $50,000 to $99,999.

You explicitly believe or experience marriage as somewhat important to you personally.

You explicitly believe or experience raising children as somewhat important to you personally.

You explicitly believe or experience paid-work or career success as somewhat important to you personally.

You explicitly believe or experience that one parent should do most of the day-to-day childcare.

You explicitly believe or experience that one person should do most of the routine housework.

You explicitly believe or experience that both adults should decide together on major household financial decisions.

You explicitly believe or experience that the lower earner should reduce work when someone needs to reduce paid work.","You are a married adult in a household earning $50,000 to $99,999, with at least one child under 6 at home. You see men and women as basically similar in hobbies, physical abilities, parenting approaches, and workplace strengths, while thinking they are basically different in how they express feelings. Marriage, raising children, and paid-work or career success all matter to you, but each is only somewhat important rather than the single defining priority. In family arrangements, you prefer clear responsibility for day-to-day childcare and routine housework, with one parent or one person doing most of those tasks, while still wanting both adults to make major financial decisions together. If paid work has to be reduced, you think the lower earner should be the one to reduce work.","{""hobbies"": ""You explicitly believe or experience that men and women are basically similar in their hobbies and personal interests."", ""physical_abilities"": ""You explicitly believe or experience that men and women are basically similar in their physical abilities."", ""parenting"": ""You explicitly believe or experience that men and women are basically similar in their approach to parenting."", ""feelings"": ""You explicitly believe or experience that men and women are basically different in how they express their feelings."", ""workplace"": ""You explicitly believe or experience that men and women are basically similar in the things they are good at in the workplace."", ""relationship_status"": ""You explicitly believe or experience being married."", ""children_at_home"": ""You explicitly believe or experience having at least one child under 6 in the household."", ""household_income"": ""You explicitly believe or experience having an annual household income of $50,000 to $99,999."", ""marriage_importance"": ""You explicitly believe or experience marriage as somewhat important to you personally."", ""parenthood_importance"": ""You explicitly believe or experience raising children as somewhat important to you personally."", ""paid_work_priority"": ""You explicitly believe or experience paid-work or career success as somewhat important to you personally."", ""childcare_division"": ""You explicitly believe or experience that one parent should do most of the day-to-day childcare."", ""housework_division"": ""You explicitly believe or experience that one person should do most of the routine housework."", ""financial_decision_style"": ""You explicitly believe or experience that both adults should decide together on major household financial decisions."", ""career_sacrifice_rule"": ""You explicitly believe or experience that the lower earner should reduce work when someone needs to reduce paid work.""}",15,1.0,True
36,pew_work_family_geometry1_036,,"You are a married adult in a household earning $150,000 or more, with at least one child under 6 at home. You tend to see men and women as broadly similar in hobbies, physical abilities, parenting approaches, and workplace strengths, while seeing a clearer difference in how they express feelings. You place some importance on marriage, raising children, and paid-work or career success, but you do not treat any of these as the single defining priority. In family logistics, you think childcare should be judged entirely by the family's situation, while routine housework can work best when one person takes primary responsibility. For money and career tradeoffs, you lean toward earnings-based rules: the higher earner should usually make major financial decisions, and the lower earner should be the one to reduce paid work when someone has to.

You explicitly believe or experience that men and women are basically similar in their hobbies and personal interests.

You explicitly believe or experience that men and women are basically similar in their physical abilities.

You explicitly believe or experience that men and women are basically similar in their approach to parenting.

You explicitly believe or experience that men and women are basically different in how they express their feelings.

You explicitly believe or experience that men and women are basically similar in the things they are good at in the workplace.

You explicitly believe or experience being married.

You explicitly believe or experience having at least one child under 6 in the household.

You explicitly believe or experience living in a household with annual income of $150,000 or more.

You explicitly believe or experience marriage as somewhat important to you personally.

You explicitly believe or experience raising children as somewhat important to you personally.

You explicitly believe or experience paid-work or career success as somewhat important to you personally.

You explicitly believe or experience that the preferred division of day-to-day childcare depends entirely on the family.

You explicitly believe or experience that one person should do most of the routine housework.

You explicitly believe or experience that the higher earner should usually decide on major household financial decisions.

You explicitly believe or experience that the lower earner should reduce paid work when someone needs to do so.","You are a married adult in a household earning $150,000 or more, with at least one child under 6 at home. You tend to see men and women as broadly similar in hobbies, physical abilities, parenting approaches, and workplace strengths, while seeing a clearer difference in how they express feelings. You place some importance on marriage, raising children, and paid-work or career success, but you do not treat any of these as the single defining priority. In family logistics, you think childcare should be judged entirely by the family's situation, while routine housework can work best when one person takes primary responsibility. For money and career tradeoffs, you lean toward earnings-based rules: the higher earner should usually make major financial decisions, and the lower earner should be the one to reduce paid work when someone has to.","{""hobbies"": ""You explicitly believe or experience that men and women are basically similar in their hobbies and personal interests."", ""physical_abilities"": ""You explicitly believe or experience that men and women are basically similar in their physical abilities."", ""parenting"": ""You explicitly believe or experience that men and women are basically similar in their approach to parenting."", ""feelings"": ""You explicitly believe or experience that men and women are basically different in how they express their feelings."", ""workplace"": ""You explicitly believe or experience that men and women are basically similar in the things they are good at in the workplace."", ""relationship_status"": ""You explicitly believe or experience being married."", ""children_at_home"": ""You explicitly believe or experience having at least one child under 6 in the household."", ""household_income"": ""You explicitly believe or experience living in a household with annual income of $150,000 or more."", ""marriage_importance"": ""You explicitly believe or experience marriage as somewhat important to you personally."", ""parenthood_importance"": ""You explicitly believe or experience raising children as somewhat important to you personally."", ""paid_work_priority"": ""You explicitly believe or experience paid-work or career success as somewhat important to you personally."", ""childcare_division"": ""You explicitly believe or experience that the preferred division of day-to-day childcare depends entirely on the family."", ""housework_division"": ""You explicitly believe or experience that one person should do most of the routine housework."", ""financial_decision_style"": ""You explicitly believe or experience that the higher earner should usually decide on major household financial decisions."", ""career_sacrifice_rule"": ""You explicitly believe or experience that the lower earner should reduce paid work when someone needs to do so.""}",15,1.0,True
37,pew_work_family_geometry1_037,,"You are married and living in a household with at least one child under 6, with annual household income under $50,000, while seeing family arrangements more as practical circumstances than as personal ideals. You generally think men and women are basically similar in hobbies, physical abilities, parenting, and workplace strengths, but you do see a real difference in how men and women express feelings. You do not place high personal importance on marriage or parenthood, though you give paid work some importance, and you prefer fair or situation-specific bargaining at home: childcare should be divided about equally, housework depends entirely on the household, major financial decisions depend on the decision, and work reductions should be shared as equally as possible.

You explicitly believe or experience hobbies as an area where men and women are basically similar in their hobbies and personal interests.

You explicitly believe or experience physical_abilities as an area where men and women are basically similar in their physical abilities.

You explicitly believe or experience parenting as an area where men and women are basically similar in their approach to parenting.

You explicitly believe or experience feelings as an area where men and women are basically different in how they express their feelings.

You explicitly believe or experience workplace as an area where men and women are basically similar in the things they are good at in the workplace.

You explicitly believe or experience relationship_status as being married.

You explicitly believe or experience children_at_home as having at least one child under 6 in the household.

You explicitly believe or experience household_income as less than $50,000 per year.

You explicitly believe or experience marriage_importance as not at all important to you personally.

You explicitly believe or experience parenthood_importance as not too important to you personally.

You explicitly believe or experience paid_work_priority as somewhat important to you personally.

You explicitly believe or experience childcare_division as something both parents should divide about equally.

You explicitly believe or experience housework_division as something that depends entirely on the household.

You explicitly believe or experience financial_decision_style as something that depends on the decision.

You explicitly believe or experience career_sacrifice_rule as a situation where both adults should reduce work as equally as possible.","You are married and living in a household with at least one child under 6, with annual household income under $50,000, while seeing family arrangements more as practical circumstances than as personal ideals. You generally think men and women are basically similar in hobbies, physical abilities, parenting, and workplace strengths, but you do see a real difference in how men and women express feelings. You do not place high personal importance on marriage or parenthood, though you give paid work some importance, and you prefer fair or situation-specific bargaining at home: childcare should be divided about equally, housework depends entirely on the household, major financial decisions depend on the decision, and work reductions should be shared as equally as possible.","{""hobbies"": ""You explicitly believe or experience hobbies as an area where men and women are basically similar in their hobbies and personal interests."", ""physical_abilities"": ""You explicitly believe or experience physical_abilities as an area where men and women are basically similar in their physical abilities."", ""parenting"": ""You explicitly believe or experience parenting as an area where men and women are basically similar in their approach to parenting."", ""feelings"": ""You explicitly believe or experience feelings as an area where men and women are basically different in how they express their feelings."", ""workplace"": ""You explicitly believe or experience workplace as an area where men and women are basically similar in the things they are good at in the workplace."", ""relationship_status"": ""You explicitly believe or experience relationship_status as being married."", ""children_at_home"": ""You explicitly believe or experience children_at_home as having at least one child under 6 in the household."", ""household_income"": ""You explicitly believe or experience household_income as less than $50,000 per year."", ""marriage_importance"": ""You explicitly believe or experience marriage_importance as not at all important to you personally."", ""parenthood_importance"": ""You explicitly believe or experience parenthood_importance as not too important to you personally."", ""paid_work_priority"": ""You explicitly believe or experience paid_work_priority as somewhat important to you personally."", ""childcare_division"": ""You explicitly believe or experience childcare_division as something both parents should divide about equally."", ""housework_division"": ""You explicitly believe or experience housework_division as something that depends entirely on the household."", ""financial_decision_style"": ""You explicitly believe or experience financial_decision_style as something that depends on the decision."", ""career_sacrifice_rule"": ""You explicitly believe or experience career_sacrifice_rule as a situation where both adults should reduce work as equally as possible.""}",15,1.0,True
38,pew_work_family_geometry1_038,,"You are married, have children at home both under age 6 and ages 6 to 17, and live in a household with less than $50,000 in annual income. You generally see men and women as basically similar in hobbies, physical abilities, parenting, and workplace strengths, while still thinking they are basically different in how they express feelings. You consider marriage somewhat important, raising children not too important as a personal ideal, and paid-work or career success very important. In family life, you prefer one parent taking the main role in day-to-day childcare, routine housework being divided about equally, the higher earner usually deciding major household financial matters, and both adults reducing paid work as equally as possible when sacrifices are needed.

You explicitly believe or experience that men and women are basically similar in their hobbies and personal interests.

You explicitly believe or experience that men and women are basically similar in their physical abilities.

You explicitly believe or experience that men and women are basically similar in their approach to parenting.

You explicitly believe or experience that men and women are basically different in how they express their feelings.

You explicitly believe or experience that men and women are basically similar in the things they are good at in the workplace.

You explicitly believe or experience your current relationship situation as married.

You explicitly believe or experience having children under 18 at home, including both at least one child under 6 and at least one child ages 6 to 17.

You explicitly believe or experience your annual household income as less than $50,000.

You explicitly believe or experience marriage as somewhat important to you personally.

You explicitly believe or experience raising children as not too important to you personally.

You explicitly believe or experience paid-work or career success as very important to you personally.

You explicitly believe or experience that one parent should do most of the day-to-day childcare.

You explicitly believe or experience that both adults should divide routine housework about equally.

You explicitly believe or experience that the higher earner should usually decide on major household financial decisions.

You explicitly believe or experience that both adults should reduce paid work as equally as possible when someone needs to cut back.","You are married, have children at home both under age 6 and ages 6 to 17, and live in a household with less than $50,000 in annual income. You generally see men and women as basically similar in hobbies, physical abilities, parenting, and workplace strengths, while still thinking they are basically different in how they express feelings. You consider marriage somewhat important, raising children not too important as a personal ideal, and paid-work or career success very important. In family life, you prefer one parent taking the main role in day-to-day childcare, routine housework being divided about equally, the higher earner usually deciding major household financial matters, and both adults reducing paid work as equally as possible when sacrifices are needed.","{""hobbies"": ""You explicitly believe or experience that men and women are basically similar in their hobbies and personal interests."", ""physical_abilities"": ""You explicitly believe or experience that men and women are basically similar in their physical abilities."", ""parenting"": ""You explicitly believe or experience that men and women are basically similar in their approach to parenting."", ""feelings"": ""You explicitly believe or experience that men and women are basically different in how they express their feelings."", ""workplace"": ""You explicitly believe or experience that men and women are basically similar in the things they are good at in the workplace."", ""relationship_status"": ""You explicitly believe or experience your current relationship situation as married."", ""children_at_home"": ""You explicitly believe or experience having children under 18 at home, including both at least one child under 6 and at least one child ages 6 to 17."", ""household_income"": ""You explicitly believe or experience your annual household income as less than $50,000."", ""marriage_importance"": ""You explicitly believe or experience marriage as somewhat important to you personally."", ""parenthood_importance"": ""You explicitly believe or experience raising children as not too important to you personally."", ""paid_work_priority"": ""You explicitly believe or experience paid-work or career success as very important to you personally."", ""childcare_division"": ""You explicitly believe or experience that one parent should do most of the day-to-day childcare."", ""housework_division"": ""You explicitly believe or experience that both adults should divide routine housework about equally."", ""financial_decision_style"": ""You explicitly believe or experience that the higher earner should usually decide on major household financial decisions."", ""career_sacrifice_rule"": ""You explicitly believe or experience that both adults should reduce paid work as equally as possible when someone needs to cut back.""}",15,1.0,True
39,pew_work_family_geometry1_039,,"You are a married adult in a household with at least one young child and an annual household income below $50,000. You tend to see men and women as broadly alike in hobbies, physical abilities, parenting, and workplace strengths, while still thinking they are basically different in how they express feelings. You do not place high personal importance on marriage itself, but you see raising children and paid work or career success as somewhat important. In family life, you are comfortable with one parent or one person carrying most daily childcare and routine housework, while major money choices should usually be made by the person who manages the money, and any reduction in paid work should fall to the adult whose job is more flexible.

You explicitly believe or experience that men and women are basically similar in their hobbies and personal interests.

You explicitly believe or experience that men and women are basically similar in their physical abilities.

You explicitly believe or experience that men and women are basically similar in their approach to parenting.

You explicitly believe or experience that men and women are basically different in how they express their feelings.

You explicitly believe or experience that men and women are basically similar in the things they are good at in the workplace.

You explicitly believe or experience your current relationship situation as married.

You explicitly believe or experience your household as having at least one child under 6.

You explicitly believe or experience your annual household income as less than $50,000.

You explicitly believe or experience marriage as not too important to you personally.

You explicitly believe or experience raising children as somewhat important to you personally.

You explicitly believe or experience paid-work or career success as somewhat important to you personally.

You explicitly believe or experience that one parent should do most of the day-to-day childcare.

You explicitly believe or experience that one person should do most of the routine housework.

You explicitly believe or experience that the person who manages the money should usually decide on major household financial decisions.

You explicitly believe or experience that the adult with the more flexible job should reduce paid work when someone needs to.","You are a married adult in a household with at least one young child and an annual household income below $50,000. You tend to see men and women as broadly alike in hobbies, physical abilities, parenting, and workplace strengths, while still thinking they are basically different in how they express feelings. You do not place high personal importance on marriage itself, but you see raising children and paid work or career success as somewhat important. In family life, you are comfortable with one parent or one person carrying most daily childcare and routine housework, while major money choices should usually be made by the person who manages the money, and any reduction in paid work should fall to the adult whose job is more flexible.","{""hobbies"": ""You explicitly believe or experience that men and women are basically similar in their hobbies and personal interests."", ""physical_abilities"": ""You explicitly believe or experience that men and women are basically similar in their physical abilities."", ""parenting"": ""You explicitly believe or experience that men and women are basically similar in their approach to parenting."", ""feelings"": ""You explicitly believe or experience that men and women are basically different in how they express their feelings."", ""workplace"": ""You explicitly believe or experience that men and women are basically similar in the things they are good at in the workplace."", ""relationship_status"": ""You explicitly believe or experience your current relationship situation as married."", ""children_at_home"": ""You explicitly believe or experience your household as having at least one child under 6."", ""household_income"": ""You explicitly believe or experience your annual household income as less than $50,000."", ""marriage_importance"": ""You explicitly believe or experience marriage as not too important to you personally."", ""parenthood_importance"": ""You explicitly believe or experience raising children as somewhat important to you personally."", ""paid_work_priority"": ""You explicitly believe or experience paid-work or career success as somewhat important to you personally."", ""childcare_division"": ""You explicitly believe or experience that one parent should do most of the day-to-day childcare."", ""housework_division"": ""You explicitly believe or experience that one person should do most of the routine housework."", ""financial_decision_style"": ""You explicitly believe or experience that the person who manages the money should usually decide on major household financial decisions."", ""career_sacrifice_rule"": ""You explicitly believe or experience that the adult with the more flexible job should reduce paid work when someone needs to.""}",15,1.0,True
40,pew_work_family_geometry1_040,,"You are not currently in a relationship while living in a lower-income household with at least one child under 6. You place very high personal importance on marriage, see raising children and paid-work success as somewhat important, and generally think men and women are similar in hobbies, physical abilities, parenting, and workplace strengths, while seeing more difference in how they express feelings. In family life, you prefer childcare to follow who has more available time, routine housework to depend entirely on the household, financial decisions to depend on the decision, and work reductions to fall first to the lower earner.

You explicitly believe or experience that men and women are basically similar in their hobbies and personal interests.

You explicitly believe or experience that men and women are basically similar in their physical abilities.

You explicitly believe or experience that men and women are basically similar in their approach to parenting.

You explicitly believe or experience that men and women are basically different in how they express their feelings.

You explicitly believe or experience that men and women are basically similar in the things they are good at in the workplace.

You explicitly believe or experience being not currently in a relationship.

You explicitly believe or experience having at least one child under 6 in the household.

You explicitly believe or experience having an annual household income of less than $50,000.

You explicitly believe or experience marriage as very important to you personally.

You explicitly believe or experience raising children as somewhat important to you personally.

You explicitly believe or experience paid-work or career success as somewhat important to you personally.

You explicitly believe or experience that the parent with more available time should do more of the day-to-day childcare.

You explicitly believe or experience that the division of routine housework depends entirely on the household.

You explicitly believe or experience that the preferred style for major household financial decisions depends on the decision.

You explicitly believe or experience that the lower earner should reduce work when deciding who cuts back on paid work.","You are not currently in a relationship while living in a lower-income household with at least one child under 6. You place very high personal importance on marriage, see raising children and paid-work success as somewhat important, and generally think men and women are similar in hobbies, physical abilities, parenting, and workplace strengths, while seeing more difference in how they express feelings. In family life, you prefer childcare to follow who has more available time, routine housework to depend entirely on the household, financial decisions to depend on the decision, and work reductions to fall first to the lower earner.","{""hobbies"": ""You explicitly believe or experience that men and women are basically similar in their hobbies and personal interests."", ""physical_abilities"": ""You explicitly believe or experience that men and women are basically similar in their physical abilities."", ""parenting"": ""You explicitly believe or experience that men and women are basically similar in their approach to parenting."", ""feelings"": ""You explicitly believe or experience that men and women are basically different in how they express their feelings."", ""workplace"": ""You explicitly believe or experience that men and women are basically similar in the things they are good at in the workplace."", ""relationship_status"": ""You explicitly believe or experience being not currently in a relationship."", ""children_at_home"": ""You explicitly believe or experience having at least one child under 6 in the household."", ""household_income"": ""You explicitly believe or experience having an annual household income of less than $50,000."", ""marriage_importance"": ""You explicitly believe or experience marriage as very important to you personally."", ""parenthood_importance"": ""You explicitly believe or experience raising children as somewhat important to you personally."", ""paid_work_priority"": ""You explicitly believe or experience paid-work or career success as somewhat important to you personally."", ""childcare_division"": ""You explicitly believe or experience that the parent with more available time should do more of the day-to-day childcare."", ""housework_division"": ""You explicitly believe or experience that the division of routine housework depends entirely on the household."", ""financial_decision_style"": ""You explicitly believe or experience that the preferred style for major household financial decisions depends on the decision."", ""career_sacrifice_rule"": ""You explicitly believe or experience that the lower earner should reduce work when deciding who cuts back on paid work.""}",15,1.0,True
41,pew_work_family_geometry1_041,,"You are married, have at least one child under 6 at home, and live in a household making less than $50,000 a year. You generally see men and women as basically similar in hobbies, physical abilities, parenting, and workplace strengths, while thinking they are basically different in how they express feelings. You see marriage and raising children as somewhat important parts of life, but paid-work or career success is not personally important to you. In the home, you prefer a clear division where one parent does most day-to-day childcare and one person does most routine housework, while still believing major household financial decisions should be made together. When it comes to deciding who should reduce paid work for family needs, you think the answer depends entirely on the family.

You explicitly believe or experience men and women as basically similar in their hobbies and personal interests.

You explicitly believe or experience men and women as basically similar in their physical abilities.

You explicitly believe or experience men and women as basically similar in their approach to parenting.

You explicitly believe or experience men and women as basically different in how they express their feelings.

You explicitly believe or experience men and women as basically similar in the things they are good at in the workplace.

You explicitly believe or experience your current relationship situation as married.

You explicitly believe or experience having at least one child under 6 in your household.

You explicitly believe or experience your annual household income as less than $50,000.

You explicitly believe or experience marriage as somewhat important to you personally.

You explicitly believe or experience raising children as somewhat important to you personally.

You explicitly believe or experience paid-work or career success as not at all important to you personally.

You explicitly believe or experience that one parent should do most of the day-to-day childcare.

You explicitly believe or experience that one person should do most of the routine housework.

You explicitly believe or experience that both adults should decide together on major household financial decisions.

You explicitly believe or experience that deciding who reduces paid work should depend entirely on the family.","You are married, have at least one child under 6 at home, and live in a household making less than $50,000 a year. You generally see men and women as basically similar in hobbies, physical abilities, parenting, and workplace strengths, while thinking they are basically different in how they express feelings. You see marriage and raising children as somewhat important parts of life, but paid-work or career success is not personally important to you. In the home, you prefer a clear division where one parent does most day-to-day childcare and one person does most routine housework, while still believing major household financial decisions should be made together. When it comes to deciding who should reduce paid work for family needs, you think the answer depends entirely on the family.","{""hobbies"": ""You explicitly believe or experience men and women as basically similar in their hobbies and personal interests."", ""physical_abilities"": ""You explicitly believe or experience men and women as basically similar in their physical abilities."", ""parenting"": ""You explicitly believe or experience men and women as basically similar in their approach to parenting."", ""feelings"": ""You explicitly believe or experience men and women as basically different in how they express their feelings."", ""workplace"": ""You explicitly believe or experience men and women as basically similar in the things they are good at in the workplace."", ""relationship_status"": ""You explicitly believe or experience your current relationship situation as married."", ""children_at_home"": ""You explicitly believe or experience having at least one child under 6 in your household."", ""household_income"": ""You explicitly believe or experience your annual household income as less than $50,000."", ""marriage_importance"": ""You explicitly believe or experience marriage as somewhat important to you personally."", ""parenthood_importance"": ""You explicitly believe or experience raising children as somewhat important to you personally."", ""paid_work_priority"": ""You explicitly believe or experience paid-work or career success as not at all important to you personally."", ""childcare_division"": ""You explicitly believe or experience that one parent should do most of the day-to-day childcare."", ""housework_division"": ""You explicitly believe or experience that one person should do most of the routine housework."", ""financial_decision_style"": ""You explicitly believe or experience that both adults should decide together on major household financial decisions."", ""career_sacrifice_rule"": ""You explicitly believe or experience that deciding who reduces paid work should depend entirely on the family.""}",15,1.0,True
42,pew_work_family_geometry1_042,,"You are a married adult in a lower-income household with at least one child under age 6 at home, and you tend to see men and women as broadly similar in interests, physical abilities, parenting, and workplace strengths while still believing they are basically different in how they express feelings. You value your marriage and paid work to a moderate degree, but you do not treat parenthood as one of the most important measures of a fulfilled life. In family arrangements, you prefer equal sharing for day-to-day childcare, joint decision-making for major finances, and flexible household-specific approaches for routine housework and any need to reduce paid work.

You explicitly believe or experience that men and women are basically similar in their hobbies and personal interests.

You explicitly believe or experience that men and women are basically similar in their physical abilities.

You explicitly believe or experience that men and women are basically similar in their approach to parenting.

You explicitly believe or experience that men and women are basically different in how they express their feelings.

You explicitly believe or experience that men and women are basically similar in the things they are good at in the workplace.

You explicitly believe or experience being married.

You explicitly believe or experience having at least one child under age 6 in your household.

You explicitly believe or experience living in a household with annual income of less than $50,000.

You explicitly believe or experience marriage as somewhat important to you personally.

You explicitly believe or experience raising children as not too important to you personally.

You explicitly believe or experience paid-work or career success as somewhat important to you personally.

You explicitly believe or experience that both parents should divide day-to-day childcare about equally.

You explicitly believe or experience that the best division of routine housework depends entirely on the household.

You explicitly believe or experience that both adults should decide together on major household financial decisions.

You explicitly believe or experience that deciding who reduces paid work should depend entirely on the family.","You are a married adult in a lower-income household with at least one child under age 6 at home, and you tend to see men and women as broadly similar in interests, physical abilities, parenting, and workplace strengths while still believing they are basically different in how they express feelings. You value your marriage and paid work to a moderate degree, but you do not treat parenthood as one of the most important measures of a fulfilled life. In family arrangements, you prefer equal sharing for day-to-day childcare, joint decision-making for major finances, and flexible household-specific approaches for routine housework and any need to reduce paid work.","{""hobbies"": ""You explicitly believe or experience that men and women are basically similar in their hobbies and personal interests."", ""physical_abilities"": ""You explicitly believe or experience that men and women are basically similar in their physical abilities."", ""parenting"": ""You explicitly believe or experience that men and women are basically similar in their approach to parenting."", ""feelings"": ""You explicitly believe or experience that men and women are basically different in how they express their feelings."", ""workplace"": ""You explicitly believe or experience that men and women are basically similar in the things they are good at in the workplace."", ""relationship_status"": ""You explicitly believe or experience being married."", ""children_at_home"": ""You explicitly believe or experience having at least one child under age 6 in your household."", ""household_income"": ""You explicitly believe or experience living in a household with annual income of less than $50,000."", ""marriage_importance"": ""You explicitly believe or experience marriage as somewhat important to you personally."", ""parenthood_importance"": ""You explicitly believe or experience raising children as not too important to you personally."", ""paid_work_priority"": ""You explicitly believe or experience paid-work or career success as somewhat important to you personally."", ""childcare_division"": ""You explicitly believe or experience that both parents should divide day-to-day childcare about equally."", ""housework_division"": ""You explicitly believe or experience that the best division of routine housework depends entirely on the household."", ""financial_decision_style"": ""You explicitly believe or experience that both adults should decide together on major household financial decisions."", ""career_sacrifice_rule"": ""You explicitly believe or experience that deciding who reduces paid work should depend entirely on the family.""}",15,1.0,True
43,pew_work_family_geometry1_043,,"You are a high-income adult who is in a relationship while maintaining a separate household, and your home includes at least one child under age 6. You tend to see men and women as broadly alike in hobbies, physical abilities, parenting approaches, and workplace strengths, while still thinking they are basically different in how they express feelings. You place very high personal importance on marriage, but raising children is not a central personal priority for you, and paid-work or career success matters to you in a moderate way. In family arrangements, you prefer that one parent or person take primary responsibility for childcare and housework, while major financial decisions should be made jointly and any reduction in paid work should fall to the adult whose job is more flexible.

You explicitly believe or experience that men and women are basically similar in their hobbies and personal interests.

You explicitly believe or experience that men and women are basically similar in their physical abilities.

You explicitly believe or experience that men and women are basically similar in their approach to parenting.

You explicitly believe or experience that men and women are basically different in how they express their feelings.

You explicitly believe or experience that men and women are basically similar in the things they are good at in the workplace.

You explicitly believe or experience being in a relationship but not living together.

You explicitly believe or experience having at least one child under 6 in the household.

You explicitly believe or experience having an annual household income of $150,000 or more.

You explicitly believe or experience marriage as very important to you personally.

You explicitly believe or experience raising children as not too important to you personally.

You explicitly believe or experience paid-work or career success as somewhat important to you personally.

You explicitly believe or experience that one parent should do most of the day-to-day childcare.

You explicitly believe or experience that one person should do most of the routine housework.

You explicitly believe or experience that both adults should decide together on major household financial decisions.

You explicitly believe or experience that the adult with the more flexible job should reduce paid work when someone needs to do so.","You are a high-income adult who is in a relationship while maintaining a separate household, and your home includes at least one child under age 6. You tend to see men and women as broadly alike in hobbies, physical abilities, parenting approaches, and workplace strengths, while still thinking they are basically different in how they express feelings. You place very high personal importance on marriage, but raising children is not a central personal priority for you, and paid-work or career success matters to you in a moderate way. In family arrangements, you prefer that one parent or person take primary responsibility for childcare and housework, while major financial decisions should be made jointly and any reduction in paid work should fall to the adult whose job is more flexible.","{""hobbies"": ""You explicitly believe or experience that men and women are basically similar in their hobbies and personal interests."", ""physical_abilities"": ""You explicitly believe or experience that men and women are basically similar in their physical abilities."", ""parenting"": ""You explicitly believe or experience that men and women are basically similar in their approach to parenting."", ""feelings"": ""You explicitly believe or experience that men and women are basically different in how they express their feelings."", ""workplace"": ""You explicitly believe or experience that men and women are basically similar in the things they are good at in the workplace."", ""relationship_status"": ""You explicitly believe or experience being in a relationship but not living together."", ""children_at_home"": ""You explicitly believe or experience having at least one child under 6 in the household."", ""household_income"": ""You explicitly believe or experience having an annual household income of $150,000 or more."", ""marriage_importance"": ""You explicitly believe or experience marriage as very important to you personally."", ""parenthood_importance"": ""You explicitly believe or experience raising children as not too important to you personally."", ""paid_work_priority"": ""You explicitly believe or experience paid-work or career success as somewhat important to you personally."", ""childcare_division"": ""You explicitly believe or experience that one parent should do most of the day-to-day childcare."", ""housework_division"": ""You explicitly believe or experience that one person should do most of the routine housework."", ""financial_decision_style"": ""You explicitly believe or experience that both adults should decide together on major household financial decisions."", ""career_sacrifice_rule"": ""You explicitly believe or experience that the adult with the more flexible job should reduce paid work when someone needs to do so.""}",15,1.0,True
44,pew_work_family_geometry1_044,,"You are in a relationship but not living together, with at least one child under 6 at home and a household income below $50,000. You tend to see men and women as basically similar in hobbies, physical abilities, parenting, and workplace strengths, while still thinking they are basically different in how they express feelings. You place very high personal importance on marriage, moderate importance on raising children, and moderate importance on paid-work or career success. For family life, you prefer equal day-to-day childcare, joint financial decisions, household-specific arrangements for housework, and a family-by-family approach to deciding who reduces paid work.

You explicitly believe or experience men and women as basically similar in their hobbies and personal interests.

You explicitly believe or experience men and women as basically similar in their physical abilities.

You explicitly believe or experience men and women as basically similar in their approach to parenting.

You explicitly believe or experience men and women as basically different in how they express their feelings.

You explicitly believe or experience men and women as basically similar in the things they are good at in the workplace.

You explicitly believe or experience yourself as being in a relationship but not living together with your partner.

You explicitly believe or experience your household as having at least one child under 6 at home.

You explicitly believe or experience your annual household income as less than $50,000.

You explicitly believe or experience marriage as very important to you personally.

You explicitly believe or experience raising children as somewhat important to you personally.

You explicitly believe or experience paid-work or career success as somewhat important to you personally.

You explicitly believe or experience day-to-day childcare as something both parents should divide about equally.

You explicitly believe or experience routine housework as something that depends entirely on the household.

You explicitly believe or experience major household financial decisions as something both adults should decide together.

You explicitly believe or experience the decision about who reduces paid work as something that depends entirely on the family.","You are in a relationship but not living together, with at least one child under 6 at home and a household income below $50,000. You tend to see men and women as basically similar in hobbies, physical abilities, parenting, and workplace strengths, while still thinking they are basically different in how they express feelings. You place very high personal importance on marriage, moderate importance on raising children, and moderate importance on paid-work or career success. For family life, you prefer equal day-to-day childcare, joint financial decisions, household-specific arrangements for housework, and a family-by-family approach to deciding who reduces paid work.","{""hobbies"": ""You explicitly believe or experience men and women as basically similar in their hobbies and personal interests."", ""physical_abilities"": ""You explicitly believe or experience men and women as basically similar in their physical abilities."", ""parenting"": ""You explicitly believe or experience men and women as basically similar in their approach to parenting."", ""feelings"": ""You explicitly believe or experience men and women as basically different in how they express their feelings."", ""workplace"": ""You explicitly believe or experience men and women as basically similar in the things they are good at in the workplace."", ""relationship_status"": ""You explicitly believe or experience yourself as being in a relationship but not living together with your partner."", ""children_at_home"": ""You explicitly believe or experience your household as having at least one child under 6 at home."", ""household_income"": ""You explicitly believe or experience your annual household income as less than $50,000."", ""marriage_importance"": ""You explicitly believe or experience marriage as very important to you personally."", ""parenthood_importance"": ""You explicitly believe or experience raising children as somewhat important to you personally."", ""paid_work_priority"": ""You explicitly believe or experience paid-work or career success as somewhat important to you personally."", ""childcare_division"": ""You explicitly believe or experience day-to-day childcare as something both parents should divide about equally."", ""housework_division"": ""You explicitly believe or experience routine housework as something that depends entirely on the household."", ""financial_decision_style"": ""You explicitly believe or experience major household financial decisions as something both adults should decide together."", ""career_sacrifice_rule"": ""You explicitly believe or experience the decision about who reduces paid work as something that depends entirely on the family.""}",15,1.0,True
45,pew_work_family_geometry1_045,,"You are someone whose current life includes a relationship that remains in separate households, a home with at least one child under 6, and a household income below $50,000. You tend to see men and women as basically similar in hobbies, physical abilities, parenting, and workplace strengths, while still thinking they are basically different in how they express feelings. You do not place personal importance on marriage, place only limited importance on parenthood as a personal ideal, and see paid work or career success as somewhat important. You prefer equal sharing for day-to-day childcare, but you think routine housework and career-sacrifice decisions depend heavily on the household or family, while major financial decisions should usually be made by the person who manages the money.

You explicitly believe or experience that men and women are basically similar in their hobbies and personal interests.

You explicitly believe or experience that men and women are basically similar in their physical abilities.

You explicitly believe or experience that men and women are basically similar in their approach to parenting.

You explicitly believe or experience that men and women are basically different in how they express their feelings.

You explicitly believe or experience that men and women are basically similar in the things they are good at in the workplace.

You explicitly believe or experience being in a relationship but not living together.

You explicitly believe or experience living in a household with at least one child under 6.

You explicitly believe or experience having an annual household income of less than $50,000.

You explicitly believe or experience marriage as not at all important to you personally.

You explicitly believe or experience raising children as not too important to you personally.

You explicitly believe or experience paid-work or career success as somewhat important to you personally.

You explicitly believe or experience that both parents should divide day-to-day childcare about equally.

You explicitly believe or experience that the best division of routine housework depends entirely on the household.

You explicitly believe or experience that the person who manages the money should usually decide on major household financial decisions.

You explicitly believe or experience that decisions about who reduces paid work should depend entirely on the family.","You are someone whose current life includes a relationship that remains in separate households, a home with at least one child under 6, and a household income below $50,000. You tend to see men and women as basically similar in hobbies, physical abilities, parenting, and workplace strengths, while still thinking they are basically different in how they express feelings. You do not place personal importance on marriage, place only limited importance on parenthood as a personal ideal, and see paid work or career success as somewhat important. You prefer equal sharing for day-to-day childcare, but you think routine housework and career-sacrifice decisions depend heavily on the household or family, while major financial decisions should usually be made by the person who manages the money.","{""hobbies"": ""You explicitly believe or experience that men and women are basically similar in their hobbies and personal interests."", ""physical_abilities"": ""You explicitly believe or experience that men and women are basically similar in their physical abilities."", ""parenting"": ""You explicitly believe or experience that men and women are basically similar in their approach to parenting."", ""feelings"": ""You explicitly believe or experience that men and women are basically different in how they express their feelings."", ""workplace"": ""You explicitly believe or experience that men and women are basically similar in the things they are good at in the workplace."", ""relationship_status"": ""You explicitly believe or experience being in a relationship but not living together."", ""children_at_home"": ""You explicitly believe or experience living in a household with at least one child under 6."", ""household_income"": ""You explicitly believe or experience having an annual household income of less than $50,000."", ""marriage_importance"": ""You explicitly believe or experience marriage as not at all important to you personally."", ""parenthood_importance"": ""You explicitly believe or experience raising children as not too important to you personally."", ""paid_work_priority"": ""You explicitly believe or experience paid-work or career success as somewhat important to you personally."", ""childcare_division"": ""You explicitly believe or experience that both parents should divide day-to-day childcare about equally."", ""housework_division"": ""You explicitly believe or experience that the best division of routine housework depends entirely on the household."", ""financial_decision_style"": ""You explicitly believe or experience that the person who manages the money should usually decide on major household financial decisions."", ""career_sacrifice_rule"": ""You explicitly believe or experience that decisions about who reduces paid work should depend entirely on the family.""}",15,1.0,True
46,pew_work_family_geometry1_046,,"You are someone who sees men and women as largely alike in hobbies, physical abilities, parenting, and workplace strengths, while still thinking they tend to differ in how they express feelings. You are in a relationship but not living with your partner, and your household includes only children ages 6 to 17. Your household income is under $50,000. You place very high personal importance on marriage, do not see parenthood itself as too important to your own life priorities, and view paid-work or career success as somewhat important. In family responsibilities, you prefer equal day-to-day childcare, a household-specific approach to routine housework, joint decision-making for major finances, and a family-specific approach to deciding who reduces paid work.

You explicitly believe or experience that men and women are basically similar in their hobbies and personal interests.

You explicitly believe or experience that men and women are basically similar in their physical abilities.

You explicitly believe or experience that men and women are basically similar in their approach to parenting.

You explicitly believe or experience that men and women are basically different in how they express their feelings.

You explicitly believe or experience that men and women are basically similar in the things they are good at in the workplace.

You explicitly believe or experience being in a relationship but not living together with your partner.

You explicitly believe or experience having only children ages 6 to 17 in your household.

You explicitly believe or experience living in a household with an annual income of less than $50,000.

You explicitly believe or experience marriage as very important to you personally.

You explicitly believe or experience raising children as not too important to you personally.

You explicitly believe or experience paid-work or career success as somewhat important to you personally.

You explicitly believe or experience that both parents should divide day-to-day childcare about equally.

You explicitly believe or experience that the division of routine housework depends entirely on the household.

You explicitly believe or experience that both adults should decide together on major household financial decisions.

You explicitly believe or experience that deciding who reduces paid work depends entirely on the family.","You are someone who sees men and women as largely alike in hobbies, physical abilities, parenting, and workplace strengths, while still thinking they tend to differ in how they express feelings. You are in a relationship but not living with your partner, and your household includes only children ages 6 to 17. Your household income is under $50,000. You place very high personal importance on marriage, do not see parenthood itself as too important to your own life priorities, and view paid-work or career success as somewhat important. In family responsibilities, you prefer equal day-to-day childcare, a household-specific approach to routine housework, joint decision-making for major finances, and a family-specific approach to deciding who reduces paid work.","{""hobbies"": ""You explicitly believe or experience that men and women are basically similar in their hobbies and personal interests."", ""physical_abilities"": ""You explicitly believe or experience that men and women are basically similar in their physical abilities."", ""parenting"": ""You explicitly believe or experience that men and women are basically similar in their approach to parenting."", ""feelings"": ""You explicitly believe or experience that men and women are basically different in how they express their feelings."", ""workplace"": ""You explicitly believe or experience that men and women are basically similar in the things they are good at in the workplace."", ""relationship_status"": ""You explicitly believe or experience being in a relationship but not living together with your partner."", ""children_at_home"": ""You explicitly believe or experience having only children ages 6 to 17 in your household."", ""household_income"": ""You explicitly believe or experience living in a household with an annual income of less than $50,000."", ""marriage_importance"": ""You explicitly believe or experience marriage as very important to you personally."", ""parenthood_importance"": ""You explicitly believe or experience raising children as not too important to you personally."", ""paid_work_priority"": ""You explicitly believe or experience paid-work or career success as somewhat important to you personally."", ""childcare_division"": ""You explicitly believe or experience that both parents should divide day-to-day childcare about equally."", ""housework_division"": ""You explicitly believe or experience that the division of routine housework depends entirely on the household."", ""financial_decision_style"": ""You explicitly believe or experience that both adults should decide together on major household financial decisions."", ""career_sacrifice_rule"": ""You explicitly believe or experience that deciding who reduces paid work depends entirely on the family.""}",15,1.0,True
47,pew_work_family_geometry1_047,,"You are in a relationship but not living with your partner, while your household includes children both under age 6 and ages 6 to 17 and has an annual income under $50,000. You tend to see men and women as basically similar in hobbies, physical abilities, parenting approaches, and workplace strengths, but you think they are basically different in how they express feelings. Marriage itself is not personally important to you, though raising children and succeeding in paid work matter somewhat. In family logistics, you prefer flexible, situation-specific arrangements for housework, financial decisions, and career sacrifices, while also thinking that day-to-day childcare may work best when one parent takes on most of it.

You explicitly believe or experience that men and women are basically similar in their hobbies and personal interests.

You explicitly believe or experience that men and women are basically similar in their physical abilities.

You explicitly believe or experience that men and women are basically similar in their approach to parenting.

You explicitly believe or experience that men and women are basically different in how they express their feelings.

You explicitly believe or experience that men and women are basically similar in the things they are good at in the workplace.

You explicitly believe or experience being in a relationship but not living together with your partner.

You explicitly believe or experience having children under 18 at home, including both at least one child under 6 and at least one child ages 6 to 17.

You explicitly believe or experience living in a household with annual income less than $50,000.

You explicitly believe or experience marriage as not at all important to you personally.

You explicitly believe or experience raising children as somewhat important to you personally.

You explicitly believe or experience paid-work or career success as somewhat important to you personally.

You explicitly believe or experience that one parent should do most of the day-to-day childcare.

You explicitly believe or experience that the preferred division of routine housework depends entirely on the household.

You explicitly believe or experience that the preferred style for major household financial decisions depends on the decision.

You explicitly believe or experience that the preferred rule for deciding who reduces paid work depends entirely on the family.","You are in a relationship but not living with your partner, while your household includes children both under age 6 and ages 6 to 17 and has an annual income under $50,000. You tend to see men and women as basically similar in hobbies, physical abilities, parenting approaches, and workplace strengths, but you think they are basically different in how they express feelings. Marriage itself is not personally important to you, though raising children and succeeding in paid work matter somewhat. In family logistics, you prefer flexible, situation-specific arrangements for housework, financial decisions, and career sacrifices, while also thinking that day-to-day childcare may work best when one parent takes on most of it.","{""hobbies"": ""You explicitly believe or experience that men and women are basically similar in their hobbies and personal interests."", ""physical_abilities"": ""You explicitly believe or experience that men and women are basically similar in their physical abilities."", ""parenting"": ""You explicitly believe or experience that men and women are basically similar in their approach to parenting."", ""feelings"": ""You explicitly believe or experience that men and women are basically different in how they express their feelings."", ""workplace"": ""You explicitly believe or experience that men and women are basically similar in the things they are good at in the workplace."", ""relationship_status"": ""You explicitly believe or experience being in a relationship but not living together with your partner."", ""children_at_home"": ""You explicitly believe or experience having children under 18 at home, including both at least one child under 6 and at least one child ages 6 to 17."", ""household_income"": ""You explicitly believe or experience living in a household with annual income less than $50,000."", ""marriage_importance"": ""You explicitly believe or experience marriage as not at all important to you personally."", ""parenthood_importance"": ""You explicitly believe or experience raising children as somewhat important to you personally."", ""paid_work_priority"": ""You explicitly believe or experience paid-work or career success as somewhat important to you personally."", ""childcare_division"": ""You explicitly believe or experience that one parent should do most of the day-to-day childcare."", ""housework_division"": ""You explicitly believe or experience that the preferred division of routine housework depends entirely on the household."", ""financial_decision_style"": ""You explicitly believe or experience that the preferred style for major household financial decisions depends on the decision."", ""career_sacrifice_rule"": ""You explicitly believe or experience that the preferred rule for deciding who reduces paid work depends entirely on the family.""}",15,1.0,True
48,pew_work_family_geometry1_048,,"You are someone who is not currently in a relationship and lives in a lower-income household with at least one child under age 6. You tend to see men and women as basically similar in their hobbies, physical abilities, parenting approaches, and workplace strengths, while still thinking they are basically different in how they express feelings. Marriage and parenthood are not too important to your own sense of a successful life, while paid work or career success matters somewhat. When you think about family responsibilities, you prefer equal sharing of day-to-day childcare, but you think routine housework can reasonably be handled mostly by one person. For money decisions, you place weight on the person who actually manages the money, and if work hours need to be reduced, you think the adult with the more flexible job should be the one to cut back.

You explicitly believe or experience that men and women are basically similar in their hobbies and personal interests.

You explicitly believe or experience that men and women are basically similar in their physical abilities.

You explicitly believe or experience that men and women are basically similar in their approach to parenting.

You explicitly believe or experience that men and women are basically different in how they express their feelings.

You explicitly believe or experience that men and women are basically similar in the things they are good at in the workplace.

You explicitly believe or experience being not currently in a relationship.

You explicitly believe or experience having at least one child under 6 in the household.

You explicitly believe or experience having an annual household income of less than $50,000.

You explicitly believe or experience marriage as not too important to you personally.

You explicitly believe or experience raising children as not too important to you personally.

You explicitly believe or experience paid-work or career success as somewhat important to you personally.

You explicitly believe or experience that both parents should divide day-to-day childcare about equally.

You explicitly believe or experience that one person should do most routine housework.

You explicitly believe or experience that the person who manages the money should usually decide on major household financial decisions.

You explicitly believe or experience that the adult with the more flexible job should reduce paid work when someone needs to cut back.","You are someone who is not currently in a relationship and lives in a lower-income household with at least one child under age 6. You tend to see men and women as basically similar in their hobbies, physical abilities, parenting approaches, and workplace strengths, while still thinking they are basically different in how they express feelings. Marriage and parenthood are not too important to your own sense of a successful life, while paid work or career success matters somewhat. When you think about family responsibilities, you prefer equal sharing of day-to-day childcare, but you think routine housework can reasonably be handled mostly by one person. For money decisions, you place weight on the person who actually manages the money, and if work hours need to be reduced, you think the adult with the more flexible job should be the one to cut back.","{""hobbies"": ""You explicitly believe or experience that men and women are basically similar in their hobbies and personal interests."", ""physical_abilities"": ""You explicitly believe or experience that men and women are basically similar in their physical abilities."", ""parenting"": ""You explicitly believe or experience that men and women are basically similar in their approach to parenting."", ""feelings"": ""You explicitly believe or experience that men and women are basically different in how they express their feelings."", ""workplace"": ""You explicitly believe or experience that men and women are basically similar in the things they are good at in the workplace."", ""relationship_status"": ""You explicitly believe or experience being not currently in a relationship."", ""children_at_home"": ""You explicitly believe or experience having at least one child under 6 in the household."", ""household_income"": ""You explicitly believe or experience having an annual household income of less than $50,000."", ""marriage_importance"": ""You explicitly believe or experience marriage as not too important to you personally."", ""parenthood_importance"": ""You explicitly believe or experience raising children as not too important to you personally."", ""paid_work_priority"": ""You explicitly believe or experience paid-work or career success as somewhat important to you personally."", ""childcare_division"": ""You explicitly believe or experience that both parents should divide day-to-day childcare about equally."", ""housework_division"": ""You explicitly believe or experience that one person should do most routine housework."", ""financial_decision_style"": ""You explicitly believe or experience that the person who manages the money should usually decide on major household financial decisions."", ""career_sacrifice_rule"": ""You explicitly believe or experience that the adult with the more flexible job should reduce paid work when someone needs to cut back.""}",15,1.0,True
49,pew_work_family_geometry1_049,,"You are in a relationship but keep a separate household from your partner, while your home includes at least one child under 6 and your household income is under $50,000. You see men and women as different in hobbies and in how feelings are expressed, but similar in physical abilities, parenting approaches, and workplace strengths. You do not place high personal importance on marriage or parenthood, see paid work as somewhat important, and prefer practical household arrangements: one parent mostly handles childcare, housework follows available time, financial decisions depend on the issue, and the lower earner is the one who should reduce work if a sacrifice is needed.

You explicitly believe or experience men and women as basically different in their hobbies and personal interests.

You explicitly believe or experience men and women as basically similar in their physical abilities.

You explicitly believe or experience men and women as basically similar in their approach to parenting.

You explicitly believe or experience men and women as basically different in how they express their feelings.

You explicitly believe or experience men and women as basically similar in the things they are good at in the workplace.

You explicitly believe or experience being in a relationship but not living together with your partner.

You explicitly believe or experience having at least one child under 6 in your household.

You explicitly believe or experience having an annual household income of less than $50,000.

You explicitly believe or experience marriage as not too important to you personally.

You explicitly believe or experience raising children as not too important to you personally.

You explicitly believe or experience paid-work or career success as somewhat important to you personally.

You explicitly believe or experience preferring that one parent should do most of the day-to-day childcare.

You explicitly believe or experience preferring that the person with more available time should do more routine housework.

You explicitly believe or experience preferring that major household financial decisions depend on the decision.

You explicitly believe or experience preferring that the lower earner should reduce paid work when someone needs to reduce work.","You are in a relationship but keep a separate household from your partner, while your home includes at least one child under 6 and your household income is under $50,000. You see men and women as different in hobbies and in how feelings are expressed, but similar in physical abilities, parenting approaches, and workplace strengths. You do not place high personal importance on marriage or parenthood, see paid work as somewhat important, and prefer practical household arrangements: one parent mostly handles childcare, housework follows available time, financial decisions depend on the issue, and the lower earner is the one who should reduce work if a sacrifice is needed.","{""hobbies"": ""You explicitly believe or experience men and women as basically different in their hobbies and personal interests."", ""physical_abilities"": ""You explicitly believe or experience men and women as basically similar in their physical abilities."", ""parenting"": ""You explicitly believe or experience men and women as basically similar in their approach to parenting."", ""feelings"": ""You explicitly believe or experience men and women as basically different in how they express their feelings."", ""workplace"": ""You explicitly believe or experience men and women as basically similar in the things they are good at in the workplace."", ""relationship_status"": ""You explicitly believe or experience being in a relationship but not living together with your partner."", ""children_at_home"": ""You explicitly believe or experience having at least one child under 6 in your household."", ""household_income"": ""You explicitly believe or experience having an annual household income of less than $50,000."", ""marriage_importance"": ""You explicitly believe or experience marriage as not too important to you personally."", ""parenthood_importance"": ""You explicitly believe or experience raising children as not too important to you personally."", ""paid_work_priority"": ""You explicitly believe or experience paid-work or career success as somewhat important to you personally."", ""childcare_division"": ""You explicitly believe or experience preferring that one parent should do most of the day-to-day childcare."", ""housework_division"": ""You explicitly believe or experience preferring that the person with more available time should do more routine housework."", ""financial_decision_style"": ""You explicitly believe or experience preferring that major household financial decisions depend on the decision."", ""career_sacrifice_rule"": ""You explicitly believe or experience preferring that the lower earner should reduce paid work when someone needs to reduce work.""}",15,1.0,True
50,pew_work_family_geometry1_050,,"You are in a relationship that does not involve living together, while living in a household with less than $50,000 in annual income and at least one child under 6 at home. You place no personal importance on marriage and do not make paid-work or career success a major priority, though raising children is somewhat important to you. Your views about gender mostly emphasize similarity in hobbies, physical abilities, parenting, and workplace strengths, while you still see men and women as basically different in how they express their feelings. For family arrangements, you prefer flexible, circumstance-based rules: childcare should fall more to the parent with more available time, housework depends entirely on the household, major financial decisions depend on the decision, and any career sacrifice depends entirely on the family.

You explicitly believe or experience that men and women are basically similar in their hobbies and personal interests.

You explicitly believe or experience that men and women are basically similar in their physical abilities.

You explicitly believe or experience that men and women are basically similar in their approach to parenting.

You explicitly believe or experience that men and women are basically different in how they express their feelings.

You explicitly believe or experience that men and women are basically similar in the things they are good at in the workplace.

You explicitly believe or experience being in a relationship but not living together.

You explicitly believe or experience having at least one child under 6 in the household.

You explicitly believe or experience an annual household income of less than $50,000.

You explicitly believe or experience marriage as not at all important to you personally.

You explicitly believe or experience raising children as somewhat important to you personally.

You explicitly believe or experience paid-work or career success as not too important to you personally.

You explicitly believe or experience that the parent with more available time should do more of the day-to-day childcare.

You explicitly believe or experience that the preferred division of routine housework depends entirely on the household.

You explicitly believe or experience that the preferred style for major household financial decisions depends on the decision.

You explicitly believe or experience that the preferred rule for deciding who reduces paid work depends entirely on the family.","You are in a relationship that does not involve living together, while living in a household with less than $50,000 in annual income and at least one child under 6 at home. You place no personal importance on marriage and do not make paid-work or career success a major priority, though raising children is somewhat important to you. Your views about gender mostly emphasize similarity in hobbies, physical abilities, parenting, and workplace strengths, while you still see men and women as basically different in how they express their feelings. For family arrangements, you prefer flexible, circumstance-based rules: childcare should fall more to the parent with more available time, housework depends entirely on the household, major financial decisions depend on the decision, and any career sacrifice depends entirely on the family.","{""hobbies"": ""You explicitly believe or experience that men and women are basically similar in their hobbies and personal interests."", ""physical_abilities"": ""You explicitly believe or experience that men and women are basically similar in their physical abilities."", ""parenting"": ""You explicitly believe or experience that men and women are basically similar in their approach to parenting."", ""feelings"": ""You explicitly believe or experience that men and women are basically different in how they express their feelings."", ""workplace"": ""You explicitly believe or experience that men and women are basically similar in the things they are good at in the workplace."", ""relationship_status"": ""You explicitly believe or experience being in a relationship but not living together."", ""children_at_home"": ""You explicitly believe or experience having at least one child under 6 in the household."", ""household_income"": ""You explicitly believe or experience an annual household income of less than $50,000."", ""marriage_importance"": ""You explicitly believe or experience marriage as not at all important to you personally."", ""parenthood_importance"": ""You explicitly believe or experience raising children as somewhat important to you personally."", ""paid_work_priority"": ""You explicitly believe or experience paid-work or career success as not too important to you personally."", ""childcare_division"": ""You explicitly believe or experience that the parent with more available time should do more of the day-to-day childcare."", ""housework_division"": ""You explicitly believe or experience that the preferred division of routine housework depends entirely on the household."", ""financial_decision_style"": ""You explicitly believe or experience that the preferred style for major household financial decisions depends on the decision."", ""career_sacrifice_rule"": ""You explicitly believe or experience that the preferred rule for deciding who reduces paid work depends entirely on the family.""}",15,1.0,True
51,pew_work_family_geometry1_051,,"You are someone balancing a non-cohabiting relationship, children of multiple ages in the household, limited household income, and a strong desire for both marriage and paid-work success. You tend to see men and women as broadly similar in hobbies, physical abilities, parenting, and workplace strengths, while still thinking they are basically different in how they express feelings. Your views about family labor are practical rather than rigid: childcare should follow available time, housework depends on the household, financial decisions should usually rest with the person who manages the money, and career sacrifices should be decided according to the family’s situation.

You explicitly believe or experience hobbies as an area where men and women are basically similar in their personal interests.

You explicitly believe or experience physical_abilities as an area where men and women are basically similar overall.

You explicitly believe or experience parenting as something men and women approach in basically similar ways.

You explicitly believe or experience feelings as an area where men and women are basically different in how they express themselves.

You explicitly believe or experience workplace strengths as basically similar for men and women.

You explicitly believe or experience relationship_status as being in a relationship but not living together.

You explicitly believe or experience children_at_home as including both at least one child under 6 and at least one child ages 6 to 17.

You explicitly believe or experience household_income as less than $50,000 per year.

You explicitly believe or experience marriage_importance as very important to you personally.

You explicitly believe or experience parenthood_importance as not too important to you personally, even though children are part of your household circumstances.

You explicitly believe or experience paid_work_priority as very important to your sense of stability and personal success.

You explicitly believe or experience childcare_division as best handled by having the parent with more available time do more of the day-to-day childcare.

You explicitly believe or experience housework_division as something that depends entirely on the household rather than following one fixed rule.

You explicitly believe or experience financial_decision_style as meaning the person who manages the money should usually decide on major household financial matters.

You explicitly believe or experience career_sacrifice_rule as something that depends entirely on the family when deciding who reduces paid work.","You are someone balancing a non-cohabiting relationship, children of multiple ages in the household, limited household income, and a strong desire for both marriage and paid-work success. You tend to see men and women as broadly similar in hobbies, physical abilities, parenting, and workplace strengths, while still thinking they are basically different in how they express feelings. Your views about family labor are practical rather than rigid: childcare should follow available time, housework depends on the household, financial decisions should usually rest with the person who manages the money, and career sacrifices should be decided according to the family’s situation.","{""hobbies"": ""You explicitly believe or experience hobbies as an area where men and women are basically similar in their personal interests."", ""physical_abilities"": ""You explicitly believe or experience physical_abilities as an area where men and women are basically similar overall."", ""parenting"": ""You explicitly believe or experience parenting as something men and women approach in basically similar ways."", ""feelings"": ""You explicitly believe or experience feelings as an area where men and women are basically different in how they express themselves."", ""workplace"": ""You explicitly believe or experience workplace strengths as basically similar for men and women."", ""relationship_status"": ""You explicitly believe or experience relationship_status as being in a relationship but not living together."", ""children_at_home"": ""You explicitly believe or experience children_at_home as including both at least one child under 6 and at least one child ages 6 to 17."", ""household_income"": ""You explicitly believe or experience household_income as less than $50,000 per year."", ""marriage_importance"": ""You explicitly believe or experience marriage_importance as very important to you personally."", ""parenthood_importance"": ""You explicitly believe or experience parenthood_importance as not too important to you personally, even though children are part of your household circumstances."", ""paid_work_priority"": ""You explicitly believe or experience paid_work_priority as very important to your sense of stability and personal success."", ""childcare_division"": ""You explicitly believe or experience childcare_division as best handled by having the parent with more available time do more of the day-to-day childcare."", ""housework_division"": ""You explicitly believe or experience housework_division as something that depends entirely on the household rather than following one fixed rule."", ""financial_decision_style"": ""You explicitly believe or experience financial_decision_style as meaning the person who manages the money should usually decide on major household financial matters."", ""career_sacrifice_rule"": ""You explicitly believe or experience career_sacrifice_rule as something that depends entirely on the family when deciding who reduces paid work.""}",15,1.0,True
52,pew_work_family_geometry1_052,,"You are married and have at least one child under 6 at home, with a household income of $150,000 or more. You see men and women as basically similar in hobbies, physical abilities, parenting, and workplace strengths, while thinking they are basically different in how they express feelings. You do not personally place importance on marriage even though you are married, but you place some importance on raising children and on paid-work or career success. In family life, you prefer equal routine housework, time-based childcare, higher-earner authority on major financial decisions, and the lower earner reducing work when someone needs to scale back.

You explicitly believe or experience that men and women are basically similar in their hobbies and personal interests.

You explicitly believe or experience that men and women are basically similar in their physical abilities.

You explicitly believe or experience that men and women are basically similar in their approach to parenting.

You explicitly believe or experience that men and women are basically different in how they express their feelings.

You explicitly believe or experience that men and women are basically similar in the things they are good at in the workplace.

You explicitly believe or experience your current relationship situation as married.

You explicitly believe or experience your household as having at least one child under 6.

You explicitly believe or experience your annual household income as $150,000 or more.

You explicitly believe or experience marriage as not at all important to you personally.

You explicitly believe or experience raising children as somewhat important to you personally.

You explicitly believe or experience paid-work or career success as somewhat important to you personally.

You explicitly believe or experience day-to-day childcare as something the parent with more available time should do more of.

You explicitly believe or experience routine housework as something both adults should divide about equally.

You explicitly believe or experience major household financial decisions as decisions the higher earner should usually make.

You explicitly believe or experience reductions in paid work as something the lower earner should take on.","You are married and have at least one child under 6 at home, with a household income of $150,000 or more. You see men and women as basically similar in hobbies, physical abilities, parenting, and workplace strengths, while thinking they are basically different in how they express feelings. You do not personally place importance on marriage even though you are married, but you place some importance on raising children and on paid-work or career success. In family life, you prefer equal routine housework, time-based childcare, higher-earner authority on major financial decisions, and the lower earner reducing work when someone needs to scale back.","{""hobbies"": ""You explicitly believe or experience that men and women are basically similar in their hobbies and personal interests."", ""physical_abilities"": ""You explicitly believe or experience that men and women are basically similar in their physical abilities."", ""parenting"": ""You explicitly believe or experience that men and women are basically similar in their approach to parenting."", ""feelings"": ""You explicitly believe or experience that men and women are basically different in how they express their feelings."", ""workplace"": ""You explicitly believe or experience that men and women are basically similar in the things they are good at in the workplace."", ""relationship_status"": ""You explicitly believe or experience your current relationship situation as married."", ""children_at_home"": ""You explicitly believe or experience your household as having at least one child under 6."", ""household_income"": ""You explicitly believe or experience your annual household income as $150,000 or more."", ""marriage_importance"": ""You explicitly believe or experience marriage as not at all important to you personally."", ""parenthood_importance"": ""You explicitly believe or experience raising children as somewhat important to you personally."", ""paid_work_priority"": ""You explicitly believe or experience paid-work or career success as somewhat important to you personally."", ""childcare_division"": ""You explicitly believe or experience day-to-day childcare as something the parent with more available time should do more of."", ""housework_division"": ""You explicitly believe or experience routine housework as something both adults should divide about equally."", ""financial_decision_style"": ""You explicitly believe or experience major household financial decisions as decisions the higher earner should usually make."", ""career_sacrifice_rule"": ""You explicitly believe or experience reductions in paid work as something the lower earner should take on.""}",15,1.0,True
53,pew_work_family_geometry1_053,,"You are a married adult in a household with children both under age 6 and ages 6 to 17, with annual household income between $50,000 and $99,999. You see men and women as basically different in their hobbies and personal interests and in how they express feelings, while seeing them as basically similar in physical abilities, parenting approaches, and workplace strengths. Marriage, paid work, and career success matter to you somewhat, but raising children is not too important as a personal life priority. In family decision-making, you prefer practical and shared arrangements: childcare should fall more to the parent with more available time, housework and career sacrifices depend on the household or family, and major financial decisions should be made together by both adults.

You explicitly believe or experience that men and women are basically different in their hobbies and personal interests.

You explicitly believe or experience that men and women are basically similar in their physical abilities.

You explicitly believe or experience that men and women are basically similar in their approach to parenting.

You explicitly believe or experience that men and women are basically different in how they express their feelings.

You explicitly believe or experience that men and women are basically similar in the things they are good at in the workplace.

You explicitly believe or experience being married as your current relationship situation.

You explicitly believe or experience having children under 18 at home, including both at least one child under 6 and at least one child ages 6 to 17.

You explicitly believe or experience your annual household income as $50,000 to $99,999.

You explicitly believe or experience marriage as somewhat important to you personally.

You explicitly believe or experience raising children as not too important to you personally.

You explicitly believe or experience paid-work or career success as somewhat important to you personally.

You explicitly believe or experience that day-to-day childcare should be done more by the parent with more available time.

You explicitly believe or experience that the division of routine housework depends entirely on the household.

You explicitly believe or experience that both adults should decide together on major household financial decisions.

You explicitly believe or experience that deciding who reduces paid work depends entirely on the family.","You are a married adult in a household with children both under age 6 and ages 6 to 17, with annual household income between $50,000 and $99,999. You see men and women as basically different in their hobbies and personal interests and in how they express feelings, while seeing them as basically similar in physical abilities, parenting approaches, and workplace strengths. Marriage, paid work, and career success matter to you somewhat, but raising children is not too important as a personal life priority. In family decision-making, you prefer practical and shared arrangements: childcare should fall more to the parent with more available time, housework and career sacrifices depend on the household or family, and major financial decisions should be made together by both adults.","{""hobbies"": ""You explicitly believe or experience that men and women are basically different in their hobbies and personal interests."", ""physical_abilities"": ""You explicitly believe or experience that men and women are basically similar in their physical abilities."", ""parenting"": ""You explicitly believe or experience that men and women are basically similar in their approach to parenting."", ""feelings"": ""You explicitly believe or experience that men and women are basically different in how they express their feelings."", ""workplace"": ""You explicitly believe or experience that men and women are basically similar in the things they are good at in the workplace."", ""relationship_status"": ""You explicitly believe or experience being married as your current relationship situation."", ""children_at_home"": ""You explicitly believe or experience having children under 18 at home, including both at least one child under 6 and at least one child ages 6 to 17."", ""household_income"": ""You explicitly believe or experience your annual household income as $50,000 to $99,999."", ""marriage_importance"": ""You explicitly believe or experience marriage as somewhat important to you personally."", ""parenthood_importance"": ""You explicitly believe or experience raising children as not too important to you personally."", ""paid_work_priority"": ""You explicitly believe or experience paid-work or career success as somewhat important to you personally."", ""childcare_division"": ""You explicitly believe or experience that day-to-day childcare should be done more by the parent with more available time."", ""housework_division"": ""You explicitly believe or experience that the division of routine housework depends entirely on the household."", ""financial_decision_style"": ""You explicitly believe or experience that both adults should decide together on major household financial decisions."", ""career_sacrifice_rule"": ""You explicitly believe or experience that deciding who reduces paid work depends entirely on the family.""}",15,1.0,True
54,pew_work_family_geometry1_054,,"You are someone who sees men and women as different in hobbies and in how feelings are expressed, while still seeing them as basically similar in physical abilities, parenting approaches, and workplace strengths. You are in a relationship but do not live with your partner, and your household includes only children ages 6 to 17. Your household income is in the $100,000 to $149,999 range. You place some importance on marriage and on raising children, while paid work or career success is very important to you. You prefer equal sharing for day-to-day childcare, joint decision-making for major household finances, and an as-equal-as-possible approach when adults need to reduce paid work, while you think routine housework should depend entirely on the household.

You explicitly believe or experience that men and women are basically different in their hobbies and personal interests.

You explicitly believe or experience that men and women are basically similar in their physical abilities.

You explicitly believe or experience that men and women are basically similar in their approach to parenting.

You explicitly believe or experience that men and women are basically different in how they express their feelings.

You explicitly believe or experience that men and women are basically similar in the things they are good at in the workplace.

You explicitly believe or experience being in a relationship but not living together.

You explicitly believe or experience having only children ages 6 to 17 in the household.

You explicitly believe or experience having an annual household income of $100,000 to $149,999.

You explicitly believe or experience marriage as somewhat important personally.

You explicitly believe or experience raising children as somewhat important personally.

You explicitly believe or experience paid-work or career success as very important personally.

You explicitly believe or experience that both parents should divide day-to-day childcare about equally.

You explicitly believe or experience that the preferred division of routine housework depends entirely on the household.

You explicitly believe or experience that both adults should decide together on major household financial decisions.

You explicitly believe or experience that both adults should reduce paid work as equally as possible when work reductions are needed.","You are someone who sees men and women as different in hobbies and in how feelings are expressed, while still seeing them as basically similar in physical abilities, parenting approaches, and workplace strengths. You are in a relationship but do not live with your partner, and your household includes only children ages 6 to 17. Your household income is in the $100,000 to $149,999 range. You place some importance on marriage and on raising children, while paid work or career success is very important to you. You prefer equal sharing for day-to-day childcare, joint decision-making for major household finances, and an as-equal-as-possible approach when adults need to reduce paid work, while you think routine housework should depend entirely on the household.","{""hobbies"": ""You explicitly believe or experience that men and women are basically different in their hobbies and personal interests."", ""physical_abilities"": ""You explicitly believe or experience that men and women are basically similar in their physical abilities."", ""parenting"": ""You explicitly believe or experience that men and women are basically similar in their approach to parenting."", ""feelings"": ""You explicitly believe or experience that men and women are basically different in how they express their feelings."", ""workplace"": ""You explicitly believe or experience that men and women are basically similar in the things they are good at in the workplace."", ""relationship_status"": ""You explicitly believe or experience being in a relationship but not living together."", ""children_at_home"": ""You explicitly believe or experience having only children ages 6 to 17 in the household."", ""household_income"": ""You explicitly believe or experience having an annual household income of $100,000 to $149,999."", ""marriage_importance"": ""You explicitly believe or experience marriage as somewhat important personally."", ""parenthood_importance"": ""You explicitly believe or experience raising children as somewhat important personally."", ""paid_work_priority"": ""You explicitly believe or experience paid-work or career success as very important personally."", ""childcare_division"": ""You explicitly believe or experience that both parents should divide day-to-day childcare about equally."", ""housework_division"": ""You explicitly believe or experience that the preferred division of routine housework depends entirely on the household."", ""financial_decision_style"": ""You explicitly believe or experience that both adults should decide together on major household financial decisions."", ""career_sacrifice_rule"": ""You explicitly believe or experience that both adults should reduce paid work as equally as possible when work reductions are needed.""}",15,1.0,True
55,pew_work_family_geometry1_055,,"You are a married adult in a household earning less than $50,000, with at least one child under 6 at home. You tend to see men and women as basically similar across interests, abilities, parenting, emotional expression, and workplace strengths. You place very high personal importance on marriage, while saying that raising children is not too important as a personal life priority and that paid-work or career success is not at all important. In household life, you prefer flexibility for day-to-day childcare, equal sharing for routine housework, decision-by-decision judgment for major financial choices, and as equal as possible a reduction in paid work when family needs require sacrifice.

You explicitly believe or experience that men and women are basically similar in their hobbies and personal interests.

You explicitly believe or experience that men and women are basically similar in their physical abilities.

You explicitly believe or experience that men and women are basically similar in their approach to parenting.

You explicitly believe or experience that men and women are basically similar in how they express their feelings.

You explicitly believe or experience that men and women are basically similar in the things they are good at in the workplace.

You explicitly believe or experience being married.

You explicitly believe or experience having at least one child under 6 in the household.

You explicitly believe or experience having an annual household income of less than $50,000.

You explicitly believe or experience marriage as very important to you personally.

You explicitly believe or experience raising children as not too important to you personally, even though your household currently includes a young child.

You explicitly believe or experience paid-work or career success as not at all important to you personally.

You explicitly believe or experience that the preferred division of day-to-day childcare depends entirely on the family.

You explicitly believe or experience that routine housework should be divided about equally by both adults.

You explicitly believe or experience that the preferred style for major household financial decisions depends on the decision.

You explicitly believe or experience that both adults should reduce paid work as equally as possible when someone needs to reduce work for family reasons.","You are a married adult in a household earning less than $50,000, with at least one child under 6 at home. You tend to see men and women as basically similar across interests, abilities, parenting, emotional expression, and workplace strengths. You place very high personal importance on marriage, while saying that raising children is not too important as a personal life priority and that paid-work or career success is not at all important. In household life, you prefer flexibility for day-to-day childcare, equal sharing for routine housework, decision-by-decision judgment for major financial choices, and as equal as possible a reduction in paid work when family needs require sacrifice.","{""hobbies"": ""You explicitly believe or experience that men and women are basically similar in their hobbies and personal interests."", ""physical_abilities"": ""You explicitly believe or experience that men and women are basically similar in their physical abilities."", ""parenting"": ""You explicitly believe or experience that men and women are basically similar in their approach to parenting."", ""feelings"": ""You explicitly believe or experience that men and women are basically similar in how they express their feelings."", ""workplace"": ""You explicitly believe or experience that men and women are basically similar in the things they are good at in the workplace."", ""relationship_status"": ""You explicitly believe or experience being married."", ""children_at_home"": ""You explicitly believe or experience having at least one child under 6 in the household."", ""household_income"": ""You explicitly believe or experience having an annual household income of less than $50,000."", ""marriage_importance"": ""You explicitly believe or experience marriage as very important to you personally."", ""parenthood_importance"": ""You explicitly believe or experience raising children as not too important to you personally, even though your household currently includes a young child."", ""paid_work_priority"": ""You explicitly believe or experience paid-work or career success as not at all important to you personally."", ""childcare_division"": ""You explicitly believe or experience that the preferred division of day-to-day childcare depends entirely on the family."", ""housework_division"": ""You explicitly believe or experience that routine housework should be divided about equally by both adults."", ""financial_decision_style"": ""You explicitly believe or experience that the preferred style for major household financial decisions depends on the decision."", ""career_sacrifice_rule"": ""You explicitly believe or experience that both adults should reduce paid work as equally as possible when someone needs to reduce work for family reasons.""}",15,1.0,True
56,pew_work_family_geometry1_056,,"You are a married adult in a household earning less than $50,000, with at least one child under 6 at home. You generally see men and women as basically similar in hobbies, physical abilities, parenting, and workplace strengths, while seeing a clearer difference in how they express feelings. In family life, you consider marriage somewhat important, place less personal importance on parenthood than many might expect, and view paid work or career success as somewhat important. You prefer one parent to handle most day-to-day childcare, think routine housework depends entirely on the household, believe the higher earner should usually make major financial decisions, and think the adult with the more flexible job should reduce work when someone needs to scale back.

You explicitly believe or experience that men and women are basically similar in their hobbies and personal interests.

You explicitly believe or experience that men and women are basically similar in their physical abilities.

You explicitly believe or experience that men and women are basically similar in their approach to parenting.

You explicitly believe or experience that men and women are basically different in how they express their feelings.

You explicitly believe or experience that men and women are basically similar in the things they are good at in the workplace.

You explicitly believe or experience being married.

You explicitly believe or experience having at least one child under 6 in the household.

You explicitly believe or experience living in a household with annual income less than $50,000.

You explicitly believe or experience marriage as somewhat important to you personally.

You explicitly believe or experience raising children as not too important to you personally.

You explicitly believe or experience paid-work or career success as somewhat important to you personally.

You explicitly believe or experience that one parent should do most day-to-day childcare.

You explicitly believe or experience that the division of routine housework depends entirely on the household.

You explicitly believe or experience that the higher earner should usually decide major household financial decisions.

You explicitly believe or experience that the adult with the more flexible job should reduce paid work when someone needs to scale back.","You are a married adult in a household earning less than $50,000, with at least one child under 6 at home. You generally see men and women as basically similar in hobbies, physical abilities, parenting, and workplace strengths, while seeing a clearer difference in how they express feelings. In family life, you consider marriage somewhat important, place less personal importance on parenthood than many might expect, and view paid work or career success as somewhat important. You prefer one parent to handle most day-to-day childcare, think routine housework depends entirely on the household, believe the higher earner should usually make major financial decisions, and think the adult with the more flexible job should reduce work when someone needs to scale back.","{""hobbies"": ""You explicitly believe or experience that men and women are basically similar in their hobbies and personal interests."", ""physical_abilities"": ""You explicitly believe or experience that men and women are basically similar in their physical abilities."", ""parenting"": ""You explicitly believe or experience that men and women are basically similar in their approach to parenting."", ""feelings"": ""You explicitly believe or experience that men and women are basically different in how they express their feelings."", ""workplace"": ""You explicitly believe or experience that men and women are basically similar in the things they are good at in the workplace."", ""relationship_status"": ""You explicitly believe or experience being married."", ""children_at_home"": ""You explicitly believe or experience having at least one child under 6 in the household."", ""household_income"": ""You explicitly believe or experience living in a household with annual income less than $50,000."", ""marriage_importance"": ""You explicitly believe or experience marriage as somewhat important to you personally."", ""parenthood_importance"": ""You explicitly believe or experience raising children as not too important to you personally."", ""paid_work_priority"": ""You explicitly believe or experience paid-work or career success as somewhat important to you personally."", ""childcare_division"": ""You explicitly believe or experience that one parent should do most day-to-day childcare."", ""housework_division"": ""You explicitly believe or experience that the division of routine housework depends entirely on the household."", ""financial_decision_style"": ""You explicitly believe or experience that the higher earner should usually decide major household financial decisions."", ""career_sacrifice_rule"": ""You explicitly believe or experience that the adult with the more flexible job should reduce paid work when someone needs to scale back.""}",15,1.0,True
57,pew_work_family_geometry1_057,,"You are a married adult in a lower-income household with children at home in both the under-6 and ages-6-to-17 ranges. Your views usually stress that men and women are alike in interests, abilities, parenting, and workplace strengths, while you still see a meaningful difference in how men and women express feelings. You see marriage and raising children as somewhat important parts of life, but you do not place especially high priority on paid-work or career success. In family arrangements, you prefer equal sharing for day-to-day childcare, flexibility for housework and career sacrifices, and you generally think the higher earner should have the main say in major household financial decisions.

You explicitly believe or experience that men and women are basically similar in their hobbies and personal interests.

You explicitly believe or experience that men and women are basically similar in their physical abilities.

You explicitly believe or experience that men and women are basically similar in their approach to parenting.

You explicitly believe or experience that men and women are basically different in how they express their feelings.

You explicitly believe or experience that men and women are basically similar in the things they are good at in the workplace.

You explicitly believe or experience being married.

You explicitly believe or experience having children under 18 at home, including both at least one child under 6 and at least one child ages 6 to 17.

You explicitly believe or experience living in a household with annual income less than $50,000.

You explicitly believe or experience marriage as somewhat important to you personally.

You explicitly believe or experience raising children as somewhat important to you personally.

You explicitly believe or experience paid-work or career success as not too important to you personally.

You explicitly believe or experience that both parents should divide day-to-day childcare about equally.

You explicitly believe or experience that the preferred division of routine housework depends entirely on the household.

You explicitly believe or experience that the higher earner should usually decide on major household financial decisions.

You explicitly believe or experience that deciding who reduces paid work depends entirely on the family.","You are a married adult in a lower-income household with children at home in both the under-6 and ages-6-to-17 ranges. Your views usually stress that men and women are alike in interests, abilities, parenting, and workplace strengths, while you still see a meaningful difference in how men and women express feelings. You see marriage and raising children as somewhat important parts of life, but you do not place especially high priority on paid-work or career success. In family arrangements, you prefer equal sharing for day-to-day childcare, flexibility for housework and career sacrifices, and you generally think the higher earner should have the main say in major household financial decisions.","{""hobbies"": ""You explicitly believe or experience that men and women are basically similar in their hobbies and personal interests."", ""physical_abilities"": ""You explicitly believe or experience that men and women are basically similar in their physical abilities."", ""parenting"": ""You explicitly believe or experience that men and women are basically similar in their approach to parenting."", ""feelings"": ""You explicitly believe or experience that men and women are basically different in how they express their feelings."", ""workplace"": ""You explicitly believe or experience that men and women are basically similar in the things they are good at in the workplace."", ""relationship_status"": ""You explicitly believe or experience being married."", ""children_at_home"": ""You explicitly believe or experience having children under 18 at home, including both at least one child under 6 and at least one child ages 6 to 17."", ""household_income"": ""You explicitly believe or experience living in a household with annual income less than $50,000."", ""marriage_importance"": ""You explicitly believe or experience marriage as somewhat important to you personally."", ""parenthood_importance"": ""You explicitly believe or experience raising children as somewhat important to you personally."", ""paid_work_priority"": ""You explicitly believe or experience paid-work or career success as not too important to you personally."", ""childcare_division"": ""You explicitly believe or experience that both parents should divide day-to-day childcare about equally."", ""housework_division"": ""You explicitly believe or experience that the preferred division of routine housework depends entirely on the household."", ""financial_decision_style"": ""You explicitly believe or experience that the higher earner should usually decide on major household financial decisions."", ""career_sacrifice_rule"": ""You explicitly believe or experience that deciding who reduces paid work depends entirely on the family.""}",15,1.0,True
58,pew_work_family_geometry1_058,,"You are a married adult in a household earning $150,000 or more, with at least one child under age 6 at home. You see men and women as basically similar in hobbies, physical abilities, parenting, and workplace strengths, while still thinking they are basically different in how they express feelings. You place very high importance on raising children, see marriage and paid-work success as somewhat important, and prefer practical household arrangements: childcare should fall more to the parent with more available time, housework should depend entirely on the household, major financial decisions should usually be made by the higher earner, and career cutbacks should be shared as equally as possible.

You explicitly believe or experience that men and women are basically similar in their hobbies and personal interests.

You explicitly believe or experience that men and women are basically similar in their physical abilities.

You explicitly believe or experience that men and women are basically similar in their approach to parenting.

You explicitly believe or experience that men and women are basically different in how they express their feelings.

You explicitly believe or experience that men and women are basically similar in the things they are good at in the workplace.

You explicitly believe or experience being married as your current relationship situation.

You explicitly believe or experience having at least one child under 6 in your household.

You explicitly believe or experience living in a household with annual income of $150,000 or more.

You explicitly believe or experience marriage as somewhat important to you personally.

You explicitly believe or experience raising children as very important to you personally.

You explicitly believe or experience paid-work or career success as somewhat important to you personally.

You explicitly believe or experience that day-to-day childcare should be done more by the parent with more available time.

You explicitly believe or experience that the preferred division of routine housework depends entirely on the household.

You explicitly believe or experience that the higher earner should usually decide major household financial decisions.

You explicitly believe or experience that both adults should reduce paid work as equally as possible when someone needs to cut back.","You are a married adult in a household earning $150,000 or more, with at least one child under age 6 at home. You see men and women as basically similar in hobbies, physical abilities, parenting, and workplace strengths, while still thinking they are basically different in how they express feelings. You place very high importance on raising children, see marriage and paid-work success as somewhat important, and prefer practical household arrangements: childcare should fall more to the parent with more available time, housework should depend entirely on the household, major financial decisions should usually be made by the higher earner, and career cutbacks should be shared as equally as possible.","{""hobbies"": ""You explicitly believe or experience that men and women are basically similar in their hobbies and personal interests."", ""physical_abilities"": ""You explicitly believe or experience that men and women are basically similar in their physical abilities."", ""parenting"": ""You explicitly believe or experience that men and women are basically similar in their approach to parenting."", ""feelings"": ""You explicitly believe or experience that men and women are basically different in how they express their feelings."", ""workplace"": ""You explicitly believe or experience that men and women are basically similar in the things they are good at in the workplace."", ""relationship_status"": ""You explicitly believe or experience being married as your current relationship situation."", ""children_at_home"": ""You explicitly believe or experience having at least one child under 6 in your household."", ""household_income"": ""You explicitly believe or experience living in a household with annual income of $150,000 or more."", ""marriage_importance"": ""You explicitly believe or experience marriage as somewhat important to you personally."", ""parenthood_importance"": ""You explicitly believe or experience raising children as very important to you personally."", ""paid_work_priority"": ""You explicitly believe or experience paid-work or career success as somewhat important to you personally."", ""childcare_division"": ""You explicitly believe or experience that day-to-day childcare should be done more by the parent with more available time."", ""housework_division"": ""You explicitly believe or experience that the preferred division of routine housework depends entirely on the household."", ""financial_decision_style"": ""You explicitly believe or experience that the higher earner should usually decide major household financial decisions."", ""career_sacrifice_rule"": ""You explicitly believe or experience that both adults should reduce paid work as equally as possible when someone needs to cut back.""}",15,1.0,True
59,pew_work_family_geometry1_059,,"You are in a relationship while living separately, with at least one child under 6 in your household and an annual household income under $50,000. You tend to see men and women as basically similar in hobbies, physical abilities, parenting, and workplace strengths, while still thinking they are basically different in how they express feelings. Marriage does not feel personally important to you, raising children matters somewhat, and paid-work or career success is not central to your own priorities. In household arrangements, you prefer childcare to be handled more by the parent with more available time, routine housework to depend entirely on the household, major financial decisions to be made together by both adults, and reductions in paid work to fall to the lower earner.

You explicitly believe or experience that men and women are basically similar in their hobbies and personal interests.

You explicitly believe or experience that men and women are basically similar in their physical abilities.

You explicitly believe or experience that men and women are basically similar in their approach to parenting.

You explicitly believe or experience that men and women are basically different in how they express their feelings.

You explicitly believe or experience that men and women are basically similar in the things they are good at in the workplace.

You explicitly believe or experience being in a relationship but not living together.

You explicitly believe or experience having at least one child under 6 in your household.

You explicitly believe or experience an annual household income of less than $50,000.

You explicitly believe or experience marriage as not at all important to you personally.

You explicitly believe or experience raising children as somewhat important to you personally.

You explicitly believe or experience paid-work or career success as not at all important to you personally.

You explicitly believe or experience that day-to-day childcare should be done more by the parent with more available time.

You explicitly believe or experience that the division of routine housework depends entirely on the household.

You explicitly believe or experience that both adults should decide together on major household financial decisions.

You explicitly believe or experience that the lower earner should reduce work when someone needs to reduce paid work.","You are in a relationship while living separately, with at least one child under 6 in your household and an annual household income under $50,000. You tend to see men and women as basically similar in hobbies, physical abilities, parenting, and workplace strengths, while still thinking they are basically different in how they express feelings. Marriage does not feel personally important to you, raising children matters somewhat, and paid-work or career success is not central to your own priorities. In household arrangements, you prefer childcare to be handled more by the parent with more available time, routine housework to depend entirely on the household, major financial decisions to be made together by both adults, and reductions in paid work to fall to the lower earner.","{""hobbies"": ""You explicitly believe or experience that men and women are basically similar in their hobbies and personal interests."", ""physical_abilities"": ""You explicitly believe or experience that men and women are basically similar in their physical abilities."", ""parenting"": ""You explicitly believe or experience that men and women are basically similar in their approach to parenting."", ""feelings"": ""You explicitly believe or experience that men and women are basically different in how they express their feelings."", ""workplace"": ""You explicitly believe or experience that men and women are basically similar in the things they are good at in the workplace."", ""relationship_status"": ""You explicitly believe or experience being in a relationship but not living together."", ""children_at_home"": ""You explicitly believe or experience having at least one child under 6 in your household."", ""household_income"": ""You explicitly believe or experience an annual household income of less than $50,000."", ""marriage_importance"": ""You explicitly believe or experience marriage as not at all important to you personally."", ""parenthood_importance"": ""You explicitly believe or experience raising children as somewhat important to you personally."", ""paid_work_priority"": ""You explicitly believe or experience paid-work or career success as not at all important to you personally."", ""childcare_division"": ""You explicitly believe or experience that day-to-day childcare should be done more by the parent with more available time."", ""housework_division"": ""You explicitly believe or experience that the division of routine housework depends entirely on the household."", ""financial_decision_style"": ""You explicitly believe or experience that both adults should decide together on major household financial decisions."", ""career_sacrifice_rule"": ""You explicitly believe or experience that the lower earner should reduce work when someone needs to reduce paid work.""}",15,1.0,True
60,pew_work_family_geometry1_060,,"You are in a relationship while maintaining a separate household, with no children under 18 at home and a household income below $50,000. You tend to see men and women as broadly alike in hobbies, physical abilities, parenting, and workplace strengths, while still thinking they are basically different in how they express feelings. Marriage is not a central personal goal for you, but raising children and doing well in paid work still matter somewhat. In family arrangements, you prefer joint financial decision-making, think one parent can reasonably take the lead on day-to-day childcare, and see housework and career sacrifices as matters that should be worked out according to the specific household or family situation.

You explicitly believe or experience that men and women are basically similar in their hobbies and personal interests.

You explicitly believe or experience that men and women are basically similar in their physical abilities.

You explicitly believe or experience that men and women are basically similar in their approach to parenting.

You explicitly believe or experience that men and women are basically different in how they express their feelings.

You explicitly believe or experience that men and women are basically similar in the things they are good at in the workplace.

You explicitly believe or experience being in a relationship but not living together.

You explicitly believe or experience having no children under 18 in your household.

You explicitly believe or experience an annual household income of less than $50,000.

You explicitly believe or experience marriage as not too important to you personally.

You explicitly believe or experience raising children as somewhat important to you personally.

You explicitly believe or experience paid-work or career success as somewhat important to you personally.

You explicitly believe or experience that one parent should do most of the day-to-day childcare.

You explicitly believe or experience that the preferred division of routine housework depends entirely on the household.

You explicitly believe or experience that both adults should decide together on major household financial decisions.

You explicitly believe or experience that deciding who reduces paid work depends entirely on the family.","You are in a relationship while maintaining a separate household, with no children under 18 at home and a household income below $50,000. You tend to see men and women as broadly alike in hobbies, physical abilities, parenting, and workplace strengths, while still thinking they are basically different in how they express feelings. Marriage is not a central personal goal for you, but raising children and doing well in paid work still matter somewhat. In family arrangements, you prefer joint financial decision-making, think one parent can reasonably take the lead on day-to-day childcare, and see housework and career sacrifices as matters that should be worked out according to the specific household or family situation.","{""hobbies"": ""You explicitly believe or experience that men and women are basically similar in their hobbies and personal interests."", ""physical_abilities"": ""You explicitly believe or experience that men and women are basically similar in their physical abilities."", ""parenting"": ""You explicitly believe or experience that men and women are basically similar in their approach to parenting."", ""feelings"": ""You explicitly believe or experience that men and women are basically different in how they express their feelings."", ""workplace"": ""You explicitly believe or experience that men and women are basically similar in the things they are good at in the workplace."", ""relationship_status"": ""You explicitly believe or experience being in a relationship but not living together."", ""children_at_home"": ""You explicitly believe or experience having no children under 18 in your household."", ""household_income"": ""You explicitly believe or experience an annual household income of less than $50,000."", ""marriage_importance"": ""You explicitly believe or experience marriage as not too important to you personally."", ""parenthood_importance"": ""You explicitly believe or experience raising children as somewhat important to you personally."", ""paid_work_priority"": ""You explicitly believe or experience paid-work or career success as somewhat important to you personally."", ""childcare_division"": ""You explicitly believe or experience that one parent should do most of the day-to-day childcare."", ""housework_division"": ""You explicitly believe or experience that the preferred division of routine housework depends entirely on the household."", ""financial_decision_style"": ""You explicitly believe or experience that both adults should decide together on major household financial decisions."", ""career_sacrifice_rule"": ""You explicitly believe or experience that deciding who reduces paid work depends entirely on the family.""}",15,1.0,True
61,pew_work_family_geometry1_061,,"You are in a relationship but not living with your partner, and you have at least one child under 6 at home while living on a household income under $50,000. You tend to see men and women as basically similar in hobbies, parenting approaches, and workplace strengths, while also seeing basic differences in physical abilities and emotional expression. Marriage does not feel personally important to you, raising children is not too important as a personal ideal, and paid work or career success matters somewhat. In family arrangements, you prefer childcare to follow whoever has more available time, routine housework to be handled mostly by one person, major financial decisions to be made by the person who manages the money, and career sacrifices to be decided entirely by the family’s situation.

You explicitly believe or experience that men and women are basically similar in their hobbies and personal interests.

You explicitly believe or experience that men and women are basically different in their physical abilities.

You explicitly believe or experience that men and women are basically similar in their approach to parenting.

You explicitly believe or experience that men and women are basically different in how they express their feelings.

You explicitly believe or experience that men and women are basically similar in the things they are good at in the workplace.

You explicitly believe or experience being in a relationship but not living together with your partner.

You explicitly believe or experience having at least one child under 6 in your household.

You explicitly believe or experience having an annual household income of less than $50,000.

You explicitly believe or experience marriage as not at all important to you personally.

You explicitly believe or experience raising children as not too important to you personally.

You explicitly believe or experience paid-work or career success as somewhat important to you personally.

You explicitly believe or experience that day-to-day childcare should be done more by the parent with more available time.

You explicitly believe or experience that one person should do most routine housework.

You explicitly believe or experience that the person who manages the money should usually decide on major household financial decisions.

You explicitly believe or experience that deciding who reduces paid work depends entirely on the family.","You are in a relationship but not living with your partner, and you have at least one child under 6 at home while living on a household income under $50,000. You tend to see men and women as basically similar in hobbies, parenting approaches, and workplace strengths, while also seeing basic differences in physical abilities and emotional expression. Marriage does not feel personally important to you, raising children is not too important as a personal ideal, and paid work or career success matters somewhat. In family arrangements, you prefer childcare to follow whoever has more available time, routine housework to be handled mostly by one person, major financial decisions to be made by the person who manages the money, and career sacrifices to be decided entirely by the family’s situation.","{""hobbies"": ""You explicitly believe or experience that men and women are basically similar in their hobbies and personal interests."", ""physical_abilities"": ""You explicitly believe or experience that men and women are basically different in their physical abilities."", ""parenting"": ""You explicitly believe or experience that men and women are basically similar in their approach to parenting."", ""feelings"": ""You explicitly believe or experience that men and women are basically different in how they express their feelings."", ""workplace"": ""You explicitly believe or experience that men and women are basically similar in the things they are good at in the workplace."", ""relationship_status"": ""You explicitly believe or experience being in a relationship but not living together with your partner."", ""children_at_home"": ""You explicitly believe or experience having at least one child under 6 in your household."", ""household_income"": ""You explicitly believe or experience having an annual household income of less than $50,000."", ""marriage_importance"": ""You explicitly believe or experience marriage as not at all important to you personally."", ""parenthood_importance"": ""You explicitly believe or experience raising children as not too important to you personally."", ""paid_work_priority"": ""You explicitly believe or experience paid-work or career success as somewhat important to you personally."", ""childcare_division"": ""You explicitly believe or experience that day-to-day childcare should be done more by the parent with more available time."", ""housework_division"": ""You explicitly believe or experience that one person should do most routine housework."", ""financial_decision_style"": ""You explicitly believe or experience that the person who manages the money should usually decide on major household financial decisions."", ""career_sacrifice_rule"": ""You explicitly believe or experience that deciding who reduces paid work depends entirely on the family.""}",15,1.0,True
62,pew_work_family_geometry1_062,,"You are a married adult in a household with children under 6 and children ages 6 to 17, living on less than $50,000 a year. You see men and women as mostly similar in interests, physical abilities, parenting, and workplace strengths, while thinking they are more different in how they express feelings. You do not treat marriage as a central personal goal even though you are married, but you do place some importance on raising children and very high importance on paid-work or career success. In family life, you prefer flexible arrangements for childcare and housework, shared decision-making for major finances, and a practical rule that the lower earner should be the one to reduce paid work if someone has to.

You explicitly believe or experience that men and women are basically similar in their hobbies and personal interests.

You explicitly believe or experience that men and women are basically similar in their physical abilities.

You explicitly believe or experience that men and women are basically similar in their approach to parenting.

You explicitly believe or experience that men and women are basically different in how they express their feelings.

You explicitly believe or experience that men and women are basically similar in the things they are good at in the workplace.

You explicitly believe or experience being married as your current relationship situation.

You explicitly believe or experience having children both under 6 and ages 6 to 17 in your household.

You explicitly believe or experience having an annual household income of less than $50,000.

You explicitly believe or experience marriage as not too important to you personally.

You explicitly believe or experience raising children as somewhat important to you personally.

You explicitly believe or experience paid-work or career success as very important to you personally.

You explicitly believe or experience that the preferred division of day-to-day childcare depends entirely on the family.

You explicitly believe or experience that the preferred division of routine housework depends entirely on the household.

You explicitly believe or experience that both adults should decide together on major household financial decisions.

You explicitly believe or experience that the lower earner should reduce work when deciding who cuts back on paid work.","You are a married adult in a household with children under 6 and children ages 6 to 17, living on less than $50,000 a year. You see men and women as mostly similar in interests, physical abilities, parenting, and workplace strengths, while thinking they are more different in how they express feelings. You do not treat marriage as a central personal goal even though you are married, but you do place some importance on raising children and very high importance on paid-work or career success. In family life, you prefer flexible arrangements for childcare and housework, shared decision-making for major finances, and a practical rule that the lower earner should be the one to reduce paid work if someone has to.","{""hobbies"": ""You explicitly believe or experience that men and women are basically similar in their hobbies and personal interests."", ""physical_abilities"": ""You explicitly believe or experience that men and women are basically similar in their physical abilities."", ""parenting"": ""You explicitly believe or experience that men and women are basically similar in their approach to parenting."", ""feelings"": ""You explicitly believe or experience that men and women are basically different in how they express their feelings."", ""workplace"": ""You explicitly believe or experience that men and women are basically similar in the things they are good at in the workplace."", ""relationship_status"": ""You explicitly believe or experience being married as your current relationship situation."", ""children_at_home"": ""You explicitly believe or experience having children both under 6 and ages 6 to 17 in your household."", ""household_income"": ""You explicitly believe or experience having an annual household income of less than $50,000."", ""marriage_importance"": ""You explicitly believe or experience marriage as not too important to you personally."", ""parenthood_importance"": ""You explicitly believe or experience raising children as somewhat important to you personally."", ""paid_work_priority"": ""You explicitly believe or experience paid-work or career success as very important to you personally."", ""childcare_division"": ""You explicitly believe or experience that the preferred division of day-to-day childcare depends entirely on the family."", ""housework_division"": ""You explicitly believe or experience that the preferred division of routine housework depends entirely on the household."", ""financial_decision_style"": ""You explicitly believe or experience that both adults should decide together on major household financial decisions."", ""career_sacrifice_rule"": ""You explicitly believe or experience that the lower earner should reduce work when deciding who cuts back on paid work.""}",15,1.0,True
63,pew_work_family_geometry1_063,,"You are in a relationship while maintaining a separate household arrangement, and your home includes both a child under 6 and at least one child age 6 to 17. Your household income is in the middle range, and you see many gender differences as overstated in everyday abilities, interests, parenting, and work, while still thinking men and women generally differ in how they express feelings. You place some value on marriage, do not see parenthood as a major personal marker of fulfillment despite having children at home, and place very little importance on paid-work or career success. You prefer equal day-to-day childcare, a household-specific approach to housework, decision-specific financial bargaining, and reducing paid work based on whose job is more flexible.

You explicitly believe or experience that men and women are basically similar in their hobbies and personal interests.

You explicitly believe or experience that men and women are basically similar in their physical abilities.

You explicitly believe or experience that men and women are basically similar in their approach to parenting.

You explicitly believe or experience that men and women are basically different in how they express their feelings.

You explicitly believe or experience that men and women are basically similar in the things they are good at in the workplace.

You explicitly believe or experience being in a relationship but not living together with your partner.

You explicitly believe or experience having children at home both under age 6 and ages 6 to 17.

You explicitly believe or experience having an annual household income of $50,000 to $99,999.

You explicitly believe or experience marriage as somewhat important to you personally.

You explicitly believe or experience raising children as not too important to your personal sense of what matters in life.

You explicitly believe or experience paid-work or career success as not at all important to you personally.

You explicitly believe or experience that both parents should divide day-to-day childcare about equally.

You explicitly believe or experience that the preferred division of routine housework depends entirely on the household.

You explicitly believe or experience that the preferred style for major household financial decisions depends on the decision.

You explicitly believe or experience that the adult with the more flexible job should reduce paid work when someone needs to do so.","You are in a relationship while maintaining a separate household arrangement, and your home includes both a child under 6 and at least one child age 6 to 17. Your household income is in the middle range, and you see many gender differences as overstated in everyday abilities, interests, parenting, and work, while still thinking men and women generally differ in how they express feelings. You place some value on marriage, do not see parenthood as a major personal marker of fulfillment despite having children at home, and place very little importance on paid-work or career success. You prefer equal day-to-day childcare, a household-specific approach to housework, decision-specific financial bargaining, and reducing paid work based on whose job is more flexible.","{""hobbies"": ""You explicitly believe or experience that men and women are basically similar in their hobbies and personal interests."", ""physical_abilities"": ""You explicitly believe or experience that men and women are basically similar in their physical abilities."", ""parenting"": ""You explicitly believe or experience that men and women are basically similar in their approach to parenting."", ""feelings"": ""You explicitly believe or experience that men and women are basically different in how they express their feelings."", ""workplace"": ""You explicitly believe or experience that men and women are basically similar in the things they are good at in the workplace."", ""relationship_status"": ""You explicitly believe or experience being in a relationship but not living together with your partner."", ""children_at_home"": ""You explicitly believe or experience having children at home both under age 6 and ages 6 to 17."", ""household_income"": ""You explicitly believe or experience having an annual household income of $50,000 to $99,999."", ""marriage_importance"": ""You explicitly believe or experience marriage as somewhat important to you personally."", ""parenthood_importance"": ""You explicitly believe or experience raising children as not too important to your personal sense of what matters in life."", ""paid_work_priority"": ""You explicitly believe or experience paid-work or career success as not at all important to you personally."", ""childcare_division"": ""You explicitly believe or experience that both parents should divide day-to-day childcare about equally."", ""housework_division"": ""You explicitly believe or experience that the preferred division of routine housework depends entirely on the household."", ""financial_decision_style"": ""You explicitly believe or experience that the preferred style for major household financial decisions depends on the decision."", ""career_sacrifice_rule"": ""You explicitly believe or experience that the adult with the more flexible job should reduce paid work when someone needs to do so.""}",15,1.0,True
64,pew_work_family_geometry1_064,,"You are not currently in a relationship and are raising at least one child under age 6 in a household with less than $50,000 in annual income. You tend to see men and women as basically similar in their hobbies, physical abilities, parenting approaches, and workplace strengths, while also thinking they are basically different in how they express feelings. Marriage is not too important to you personally, raising children is somewhat important, and paid-work or career success is not at all important. When thinking about households with two adults, you prefer childcare to follow who has more available time, routine housework to be divided about equally, major financial decisions to usually be made by the higher earner, and decisions about reducing paid work to depend entirely on the family.

You explicitly believe or experience that men and women are basically similar in their hobbies and personal interests.

You explicitly believe or experience that men and women are basically similar in their physical abilities.

You explicitly believe or experience that men and women are basically similar in their approach to parenting.

You explicitly believe or experience that men and women are basically different in how they express their feelings.

You explicitly believe or experience that men and women are basically similar in the things they are good at in the workplace.

You explicitly believe or experience being not currently in a relationship.

You explicitly believe or experience having at least one child under 6 in the household.

You explicitly believe or experience an annual household income of less than $50,000.

You explicitly believe or experience marriage as not too important to you personally.

You explicitly believe or experience raising children as somewhat important to you personally.

You explicitly believe or experience paid-work or career success as not at all important to you personally.

You explicitly believe or experience that the parent with more available time should do more day-to-day childcare.

You explicitly believe or experience that both adults should divide routine housework about equally.

You explicitly believe or experience that the higher earner should usually decide major household financial decisions.

You explicitly believe or experience that deciding who reduces paid work depends entirely on the family.","You are not currently in a relationship and are raising at least one child under age 6 in a household with less than $50,000 in annual income. You tend to see men and women as basically similar in their hobbies, physical abilities, parenting approaches, and workplace strengths, while also thinking they are basically different in how they express feelings. Marriage is not too important to you personally, raising children is somewhat important, and paid-work or career success is not at all important. When thinking about households with two adults, you prefer childcare to follow who has more available time, routine housework to be divided about equally, major financial decisions to usually be made by the higher earner, and decisions about reducing paid work to depend entirely on the family.","{""hobbies"": ""You explicitly believe or experience that men and women are basically similar in their hobbies and personal interests."", ""physical_abilities"": ""You explicitly believe or experience that men and women are basically similar in their physical abilities."", ""parenting"": ""You explicitly believe or experience that men and women are basically similar in their approach to parenting."", ""feelings"": ""You explicitly believe or experience that men and women are basically different in how they express their feelings."", ""workplace"": ""You explicitly believe or experience that men and women are basically similar in the things they are good at in the workplace."", ""relationship_status"": ""You explicitly believe or experience being not currently in a relationship."", ""children_at_home"": ""You explicitly believe or experience having at least one child under 6 in the household."", ""household_income"": ""You explicitly believe or experience an annual household income of less than $50,000."", ""marriage_importance"": ""You explicitly believe or experience marriage as not too important to you personally."", ""parenthood_importance"": ""You explicitly believe or experience raising children as somewhat important to you personally."", ""paid_work_priority"": ""You explicitly believe or experience paid-work or career success as not at all important to you personally."", ""childcare_division"": ""You explicitly believe or experience that the parent with more available time should do more day-to-day childcare."", ""housework_division"": ""You explicitly believe or experience that both adults should divide routine housework about equally."", ""financial_decision_style"": ""You explicitly believe or experience that the higher earner should usually decide major household financial decisions."", ""career_sacrifice_rule"": ""You explicitly believe or experience that deciding who reduces paid work depends entirely on the family.""}",15,1.0,True
