tag,holdout,support_id,job_id,weight,rank
pew_w154_diff1_uniform_n208,hobbies,1,pew_w154_diff1_uniform_n96_001,1.5689727961620206e-06,207
pew_w154_diff1_uniform_n208,hobbies,2,pew_w154_diff1_uniform_n96_002,5.8247105531114254e-06,198
pew_w154_diff1_uniform_n208,hobbies,3,pew_w154_diff1_uniform_n96_003,0.005229894945034233,36
pew_w154_diff1_uniform_n208,hobbies,4,pew_w154_diff1_uniform_n96_004,0.0022165402072567837,55
pew_w154_diff1_uniform_n208,hobbies,5,pew_w154_diff1_uniform_n96_005,2.3519128287052574e-05,190
pew_w154_diff1_uniform_n208,hobbies,6,pew_w154_diff1_uniform_n96_006,1.8566066974003188e-05,195
pew_w154_diff1_uniform_n208,hobbies,7,pew_w154_diff1_uniform_n96_007,0.005876110666198252,33
pew_w154_diff1_uniform_n208,hobbies,8,pew_w154_diff1_uniform_n96_008,0.006467374506345997,31
pew_w154_diff1_uniform_n208,hobbies,9,pew_w154_diff1_uniform_n96_009,4.8975946375884774e-05,163
pew_w154_diff1_uniform_n208,hobbies,10,pew_w154_diff1_uniform_n96_010,2.0908219001698602e-05,191
pew_w154_diff1_uniform_n208,hobbies,11,pew_w154_diff1_uniform_n96_011,0.011845459435516072,19
pew_w154_diff1_uniform_n208,hobbies,12,pew_w154_diff1_uniform_n96_012,0.009072381991023516,26
pew_w154_diff1_uniform_n208,hobbies,13,pew_w154_diff1_uniform_n96_013,6.723005400314895e-05,148
pew_w154_diff1_uniform_n208,hobbies,14,pew_w154_diff1_uniform_n96_014,5.896105713232613e-05,157
pew_w154_diff1_uniform_n208,hobbies,15,pew_w154_diff1_uniform_n96_015,0.03936912135266647,7
pew_w154_diff1_uniform_n208,hobbies,16,pew_w154_diff1_uniform_n96_016,0.023936013321599774,11
pew_w154_diff1_uniform_n208,hobbies,17,pew_w154_diff1_uniform_n96_017,1.7099265913367519e-06,206
pew_w154_diff1_uniform_n208,hobbies,18,pew_w154_diff1_uniform_n96_018,4.7971543277654065e-06,200
pew_w154_diff1_uniform_n208,hobbies,19,pew_w154_diff1_uniform_n96_019,0.0067821322005140044,28
pew_w154_diff1_uniform_n208,hobbies,20,pew_w154_diff1_uniform_n96_020,0.0036196444779704423,46
pew_w154_diff1_uniform_n208,hobbies,21,pew_w154_diff1_uniform_n96_021,3.476358207758308e-05,181
pew_w154_diff1_uniform_n208,hobbies,22,pew_w154_diff1_uniform_n96_022,3.460986668594423e-05,182
pew_w154_diff1_uniform_n208,hobbies,23,pew_w154_diff1_uniform_n96_023,0.01051160953190528,20
pew_w154_diff1_uniform_n208,hobbies,24,pew_w154_diff1_uniform_n96_024,0.004868163632414128,40
pew_w154_diff1_uniform_n208,hobbies,25,pew_w154_diff1_uniform_n96_025,7.69354580838821e-05,141
pew_w154_diff1_uniform_n208,hobbies,26,pew_w154_diff1_uniform_n96_026,5.0284411473660146e-05,161
pew_w154_diff1_uniform_n208,hobbies,27,pew_w154_diff1_uniform_n96_027,0.01699884885770966,15
pew_w154_diff1_uniform_n208,hobbies,28,pew_w154_diff1_uniform_n96_028,0.016780966325400447,16
pew_w154_diff1_uniform_n208,hobbies,29,pew_w154_diff1_uniform_n96_029,2.7211329751653694e-05,187
pew_w154_diff1_uniform_n208,hobbies,30,pew_w154_diff1_uniform_n96_030,2.8254094794714712e-05,186
pew_w154_diff1_uniform_n208,hobbies,31,pew_w154_diff1_uniform_n96_031,0.08518297012724309,2
pew_w154_diff1_uniform_n208,hobbies,32,pew_w154_diff1_uniform_n96_032,0.04799178341669071,6
pew_w154_diff1_uniform_n208,hobbies,33,pew_w154_diff1_uniform_n96_033,2.9218024753713358e-06,202
pew_w154_diff1_uniform_n208,hobbies,34,pew_w154_diff1_uniform_n96_034,1.547888643602947e-06,208
pew_w154_diff1_uniform_n208,hobbies,35,pew_w154_diff1_uniform_n96_035,0.005491633103360488,34
pew_w154_diff1_uniform_n208,hobbies,36,pew_w154_diff1_uniform_n96_036,0.004859068011343139,41
pew_w154_diff1_uniform_n208,hobbies,37,pew_w154_diff1_uniform_n96_037,3.2049991107313527e-05,183
pew_w154_diff1_uniform_n208,hobbies,38,pew_w154_diff1_uniform_n96_038,5.910781451774168e-05,156
pew_w154_diff1_uniform_n208,hobbies,39,pew_w154_diff1_uniform_n96_039,0.0065603812266485624,30
pew_w154_diff1_uniform_n208,hobbies,40,pew_w154_diff1_uniform_n96_040,0.00519689148442637,37
pew_w154_diff1_uniform_n208,hobbies,41,pew_w154_diff1_uniform_n96_041,3.948991274288717e-05,177
pew_w154_diff1_uniform_n208,hobbies,42,pew_w154_diff1_uniform_n96_042,4.120327990145711e-05,172
pew_w154_diff1_uniform_n208,hobbies,43,pew_w154_diff1_uniform_n96_043,0.02002163710435623,14
pew_w154_diff1_uniform_n208,hobbies,44,pew_w154_diff1_uniform_n96_044,0.009212225324800618,25
pew_w154_diff1_uniform_n208,hobbies,45,pew_w154_diff1_uniform_n96_045,3.9916001874033225e-05,176
pew_w154_diff1_uniform_n208,hobbies,46,pew_w154_diff1_uniform_n96_046,2.9058249195198258e-05,185
pew_w154_diff1_uniform_n208,hobbies,47,pew_w154_diff1_uniform_n96_047,0.03700913137866326,8
pew_w154_diff1_uniform_n208,hobbies,48,pew_w154_diff1_uniform_n96_048,0.02830390931252277,10
pew_w154_diff1_uniform_n208,hobbies,49,pew_w154_diff1_uniform_n96_049,6.748618529876254e-06,197
pew_w154_diff1_uniform_n208,hobbies,50,pew_w154_diff1_uniform_n96_050,5.146521902448435e-06,199
pew_w154_diff1_uniform_n208,hobbies,51,pew_w154_diff1_uniform_n96_051,0.0046445935221457405,43
pew_w154_diff1_uniform_n208,hobbies,52,pew_w154_diff1_uniform_n96_052,0.002843119795151299,53
pew_w154_diff1_uniform_n208,hobbies,53,pew_w154_diff1_uniform_n96_053,3.58191859023231e-05,180
pew_w154_diff1_uniform_n208,hobbies,54,pew_w154_diff1_uniform_n96_054,2.0419903151285335e-05,193
pew_w154_diff1_uniform_n208,hobbies,55,pew_w154_diff1_uniform_n96_055,0.012989331154740035,17
pew_w154_diff1_uniform_n208,hobbies,56,pew_w154_diff1_uniform_n96_056,0.010022287753437997,22
pew_w154_diff1_uniform_n208,hobbies,57,pew_w154_diff1_uniform_n96_057,4.07067130855339e-05,175
pew_w154_diff1_uniform_n208,hobbies,58,pew_w154_diff1_uniform_n96_058,5.240582985196074e-05,160
pew_w154_diff1_uniform_n208,hobbies,59,pew_w154_diff1_uniform_n96_059,0.00995776840115326,23
pew_w154_diff1_uniform_n208,hobbies,60,pew_w154_diff1_uniform_n96_060,0.023834432819916915,12
pew_w154_diff1_uniform_n208,hobbies,61,pew_w154_diff1_uniform_n96_061,2.7211329751653694e-05,188
pew_w154_diff1_uniform_n208,hobbies,62,pew_w154_diff1_uniform_n96_062,2.4929280239989195e-05,189
pew_w154_diff1_uniform_n208,hobbies,63,pew_w154_diff1_uniform_n96_063,0.07464235771877656,3
pew_w154_diff1_uniform_n208,hobbies,64,pew_w154_diff1_uniform_n96_064,0.06588346937812345,5
pew_w154_diff1_uniform_n208,hobbies,65,pew_w154_diff1_uniform_n96_065,2.0243072297927086e-06,205
pew_w154_diff1_uniform_n208,hobbies,66,pew_w154_diff1_uniform_n96_066,2.817868623443976e-06,203
pew_w154_diff1_uniform_n208,hobbies,67,pew_w154_diff1_uniform_n96_067,0.0049598740169012594,39
pew_w154_diff1_uniform_n208,hobbies,68,pew_w154_diff1_uniform_n96_068,0.0021687855406616083,56
pew_w154_diff1_uniform_n208,hobbies,69,pew_w154_diff1_uniform_n96_069,4.160906801396529e-05,171
pew_w154_diff1_uniform_n208,hobbies,70,pew_w154_diff1_uniform_n96_070,3.7299566476417305e-05,178
pew_w154_diff1_uniform_n208,hobbies,71,pew_w154_diff1_uniform_n96_071,0.006112434031679713,32
pew_w154_diff1_uniform_n208,hobbies,72,pew_w154_diff1_uniform_n96_072,0.004832539607135931,42
pew_w154_diff1_uniform_n208,hobbies,73,pew_w154_diff1_uniform_n96_073,3.0045116983134457e-05,184
pew_w154_diff1_uniform_n208,hobbies,74,pew_w154_diff1_uniform_n96_074,4.3098083932678224e-05,169
pew_w154_diff1_uniform_n208,hobbies,75,pew_w154_diff1_uniform_n96_075,0.004127307718176185,45
pew_w154_diff1_uniform_n208,hobbies,76,pew_w154_diff1_uniform_n96_076,0.007753414871551228,27
pew_w154_diff1_uniform_n208,hobbies,77,pew_w154_diff1_uniform_n96_077,4.3171243660073696e-05,168
pew_w154_diff1_uniform_n208,hobbies,78,pew_w154_diff1_uniform_n96_078,4.21282468678733e-05,170
pew_w154_diff1_uniform_n208,hobbies,79,pew_w154_diff1_uniform_n96_079,0.03437715371232333,9
pew_w154_diff1_uniform_n208,hobbies,80,pew_w154_diff1_uniform_n96_080,0.022046862042640936,13
pew_w154_diff1_uniform_n208,hobbies,81,pew_w154_diff1_uniform_n96_081,2.034719199357608e-06,204
pew_w154_diff1_uniform_n208,hobbies,82,pew_w154_diff1_uniform_n96_082,4.203955953818587e-06,201
pew_w154_diff1_uniform_n208,hobbies,83,pew_w154_diff1_uniform_n96_083,0.005054439932081272,38
pew_w154_diff1_uniform_n208,hobbies,84,pew_w154_diff1_uniform_n96_084,0.0042507903604509165,44
pew_w154_diff1_uniform_n208,hobbies,85,pew_w154_diff1_uniform_n96_085,1.853882860217444e-05,196
pew_w154_diff1_uniform_n208,hobbies,86,pew_w154_diff1_uniform_n96_086,2.059602310438486e-05,192
pew_w154_diff1_uniform_n208,hobbies,87,pew_w154_diff1_uniform_n96_087,0.011905721198263376,18
pew_w154_diff1_uniform_n208,hobbies,88,pew_w154_diff1_uniform_n96_088,0.006671844617327635,29
pew_w154_diff1_uniform_n208,hobbies,89,pew_w154_diff1_uniform_n96_089,6.503768396332518e-05,149
pew_w154_diff1_uniform_n208,hobbies,90,pew_w154_diff1_uniform_n96_090,1.885828874185739e-05,194
pew_w154_diff1_uniform_n208,hobbies,91,pew_w154_diff1_uniform_n96_091,0.009516951299924673,24
pew_w154_diff1_uniform_n208,hobbies,92,pew_w154_diff1_uniform_n96_092,0.010167934130121315,21
pew_w154_diff1_uniform_n208,hobbies,93,pew_w154_diff1_uniform_n96_093,3.703771500927339e-05,179
pew_w154_diff1_uniform_n208,hobbies,94,pew_w154_diff1_uniform_n96_094,4.589951703354582e-05,166
pew_w154_diff1_uniform_n208,hobbies,95,pew_w154_diff1_uniform_n96_095,0.10050290156143293,1
pew_w154_diff1_uniform_n208,hobbies,96,pew_w154_diff1_uniform_n96_096,0.06712072437493839,4
pew_w154_diff1_uniform_n208,hobbies,97,pew_w154_diff1_uniform_repair_r1_097,5.597001645691312e-05,158
pew_w154_diff1_uniform_n208,hobbies,98,pew_w154_diff1_uniform_repair_r1_098,9.957251355857003e-05,125
pew_w154_diff1_uniform_n208,hobbies,99,pew_w154_diff1_uniform_repair_r1_099,0.0013162853833685473,71
pew_w154_diff1_uniform_n208,hobbies,100,pew_w154_diff1_uniform_repair_r1_100,0.0015953803419421616,65
pew_w154_diff1_uniform_n208,hobbies,101,pew_w154_diff1_uniform_repair_r1_101,0.0018271865505955268,59
pew_w154_diff1_uniform_n208,hobbies,102,pew_w154_diff1_uniform_repair_r1_102,0.0007882426601997908,89
pew_w154_diff1_uniform_n208,hobbies,103,pew_w154_diff1_uniform_repair_r1_103,0.00015201492896043165,94
pew_w154_diff1_uniform_n208,hobbies,104,pew_w154_diff1_uniform_repair_r1_104,0.0009673882182039417,80
pew_w154_diff1_uniform_n208,hobbies,105,pew_w154_diff1_uniform_repair_r1_105,7.078244423220227e-05,145
pew_w154_diff1_uniform_n208,hobbies,106,pew_w154_diff1_uniform_repair_r1_106,0.0034509420482508515,48
pew_w154_diff1_uniform_n208,hobbies,107,pew_w154_diff1_uniform_repair_r1_107,0.00011197369729726568,114
pew_w154_diff1_uniform_n208,hobbies,108,pew_w154_diff1_uniform_repair_r1_108,0.00010699520057107676,121
pew_w154_diff1_uniform_n208,hobbies,109,pew_w154_diff1_uniform_repair_r1_109,0.00011144990364173816,115
pew_w154_diff1_uniform_n208,hobbies,110,pew_w154_diff1_uniform_repair_r1_110,6.06598812263878e-05,153
pew_w154_diff1_uniform_n208,hobbies,111,pew_w154_diff1_uniform_repair_r1_111,0.0008742866565931393,84
pew_w154_diff1_uniform_n208,hobbies,112,pew_w154_diff1_uniform_repair_r1_112,0.00011562380441861078,110
pew_w154_diff1_uniform_n208,hobbies,113,pew_w154_diff1_uniform_repair_r1_113,0.0005647500286332652,92
pew_w154_diff1_uniform_n208,hobbies,114,pew_w154_diff1_uniform_repair_r1_114,9.280023351567631e-05,130
pew_w154_diff1_uniform_n208,hobbies,115,pew_w154_diff1_uniform_repair_r1_115,0.0001459040090866162,98
pew_w154_diff1_uniform_n208,hobbies,116,pew_w154_diff1_uniform_repair_r1_116,0.00010946513016933928,117
pew_w154_diff1_uniform_n208,hobbies,117,pew_w154_diff1_uniform_repair_r1_117,0.00010795578873038124,118
pew_w154_diff1_uniform_n208,hobbies,118,pew_w154_diff1_uniform_repair_r1_118,0.00015930521460791032,93
pew_w154_diff1_uniform_n208,hobbies,119,pew_w154_diff1_uniform_repair_r1_119,0.0009544852440561323,82
pew_w154_diff1_uniform_n208,hobbies,120,pew_w154_diff1_uniform_repair_r1_120,6.729026043194367e-05,147
pew_w154_diff1_uniform_n208,hobbies,121,pew_w154_diff1_uniform_repair_r1_121,0.0011977779930924298,78
pew_w154_diff1_uniform_n208,hobbies,122,pew_w154_diff1_uniform_repair_r1_122,0.001542750469330422,67
pew_w154_diff1_uniform_n208,hobbies,123,pew_w154_diff1_uniform_repair_r1_123,6.403494245962474e-05,150
pew_w154_diff1_uniform_n208,hobbies,124,pew_w154_diff1_uniform_repair_r1_124,0.00012066791108981555,107
pew_w154_diff1_uniform_n208,hobbies,125,pew_w154_diff1_uniform_repair_r1_125,0.0030081211093258256,51
pew_w154_diff1_uniform_n208,hobbies,126,pew_w154_diff1_uniform_repair_r1_126,0.00010952815705378801,116
pew_w154_diff1_uniform_n208,hobbies,127,pew_w154_diff1_uniform_repair_r1_127,0.0008004248286518058,88
pew_w154_diff1_uniform_n208,hobbies,128,pew_w154_diff1_uniform_repair_r1_128,0.0011815008643116887,79
pew_w154_diff1_uniform_n208,hobbies,129,pew_w154_diff1_uniform_repair_r1_129,0.00014627496217477456,97
pew_w154_diff1_uniform_n208,hobbies,130,pew_w154_diff1_uniform_repair_r1_130,0.00011475933993688432,112
pew_w154_diff1_uniform_n208,hobbies,131,pew_w154_diff1_uniform_repair_r1_131,0.0014664637952211015,68
pew_w154_diff1_uniform_n208,hobbies,132,pew_w154_diff1_uniform_repair_r1_132,0.00010404765552672507,123
pew_w154_diff1_uniform_n208,hobbies,133,pew_w154_diff1_uniform_repair_r1_133,0.002521157098379737,54
pew_w154_diff1_uniform_n208,hobbies,134,pew_w154_diff1_uniform_repair_r1_134,0.0018721240175064242,57
pew_w154_diff1_uniform_n208,hobbies,135,pew_w154_diff1_uniform_repair_r1_135,0.00013668240164093964,99
pew_w154_diff1_uniform_n208,hobbies,136,pew_w154_diff1_uniform_repair_r1_136,0.0012393788160313427,75
pew_w154_diff1_uniform_n208,hobbies,137,pew_w154_diff1_uniform_repair_r1_137,0.0013308169936144029,70
pew_w154_diff1_uniform_n208,hobbies,138,pew_w154_diff1_uniform_repair_r1_138,4.974943901518111e-05,162
pew_w154_diff1_uniform_n208,hobbies,139,pew_w154_diff1_uniform_repair_r1_139,8.253546071455865e-05,135
pew_w154_diff1_uniform_n208,hobbies,140,pew_w154_diff1_uniform_repair_r1_140,0.003217318379900205,50
pew_w154_diff1_uniform_n208,hobbies,141,pew_w154_diff1_uniform_repair_r1_141,6.921144552566897e-05,146
pew_w154_diff1_uniform_n208,hobbies,142,pew_w154_diff1_uniform_repair_r1_142,7.162479214333807e-05,144
pew_w154_diff1_uniform_n208,hobbies,143,pew_w154_diff1_uniform_repair_r1_143,9.675591680625348e-05,128
pew_w154_diff1_uniform_n208,hobbies,144,pew_w154_diff1_uniform_repair_r1_144,0.0009651862267214999,81
pew_w154_diff1_uniform_n208,hobbies,145,pew_w154_diff1_uniform_repair_r1_145,0.0016851310308934639,63
pew_w154_diff1_uniform_n208,hobbies,146,pew_w154_diff1_uniform_repair_r1_146,0.0001154333697926956,111
pew_w154_diff1_uniform_n208,hobbies,147,pew_w154_diff1_uniform_repair_r1_147,8.979326097177232e-05,131
pew_w154_diff1_uniform_n208,hobbies,148,pew_w154_diff1_uniform_repair_r1_148,0.00012063450856897789,108
pew_w154_diff1_uniform_n208,hobbies,149,pew_w154_diff1_uniform_repair_r1_149,0.0012647078767421503,74
pew_w154_diff1_uniform_n208,hobbies,150,pew_w154_diff1_uniform_repair_r1_150,0.00015068692635303993,95
pew_w154_diff1_uniform_n208,hobbies,151,pew_w154_diff1_uniform_repair_r1_151,0.001228250122368702,76
pew_w154_diff1_uniform_n208,hobbies,152,pew_w154_diff1_uniform_repair_r1_152,4.360686790904913e-05,167
pew_w154_diff1_uniform_n208,hobbies,153,pew_w154_diff1_uniform_repair_r1_153,0.00010316583588652285,124
pew_w154_diff1_uniform_n208,hobbies,154,pew_w154_diff1_uniform_repair_r1_154,0.0008214604278425512,87
pew_w154_diff1_uniform_n208,hobbies,155,pew_w154_diff1_uniform_repair_r1_155,0.0001046386767262999,122
pew_w154_diff1_uniform_n208,hobbies,156,pew_w154_diff1_uniform_repair_r1_156,0.005400594472987708,35
pew_w154_diff1_uniform_n208,hobbies,157,pew_w154_diff1_uniform_repair_r1_157,6.061321232486407e-05,154
pew_w154_diff1_uniform_n208,hobbies,158,pew_w154_diff1_uniform_repair_r1_158,7.971926764526794e-05,140
pew_w154_diff1_uniform_n208,hobbies,159,pew_w154_diff1_uniform_repair_r1_159,0.00176576886747338,60
pew_w154_diff1_uniform_n208,hobbies,160,pew_w154_diff1_uniform_repair_r1_160,0.00013375813723235158,100
pew_w154_diff1_uniform_n208,hobbies,161,pew_w154_diff1_uniform_repair_r2_161,8.187419119803657e-05,137
pew_w154_diff1_uniform_n208,hobbies,162,pew_w154_diff1_uniform_repair_r2_162,4.1077460181536276e-05,173
pew_w154_diff1_uniform_n208,hobbies,163,pew_w154_diff1_uniform_repair_r2_163,0.0033282576391280173,49
pew_w154_diff1_uniform_n208,hobbies,164,pew_w154_diff1_uniform_repair_r2_164,0.0008505136047030363,86
pew_w154_diff1_uniform_n208,hobbies,165,pew_w154_diff1_uniform_repair_r2_165,9.757400500573485e-05,127
pew_w154_diff1_uniform_n208,hobbies,166,pew_w154_diff1_uniform_repair_r2_166,8.912473320390293e-05,132
pew_w154_diff1_uniform_n208,hobbies,167,pew_w154_diff1_uniform_repair_r2_167,0.00010771856462966271,119
pew_w154_diff1_uniform_n208,hobbies,168,pew_w154_diff1_uniform_repair_r2_168,8.253382668256595e-05,136
pew_w154_diff1_uniform_n208,hobbies,169,pew_w154_diff1_uniform_repair_r2_169,8.682448028674346e-05,134
pew_w154_diff1_uniform_n208,hobbies,170,pew_w154_diff1_uniform_repair_r2_170,4.869207733725563e-05,164
pew_w154_diff1_uniform_n208,hobbies,171,pew_w154_diff1_uniform_repair_r2_171,0.0018336767543373589,58
pew_w154_diff1_uniform_n208,hobbies,172,pew_w154_diff1_uniform_repair_r2_172,7.363647942275998e-05,142
pew_w154_diff1_uniform_n208,hobbies,173,pew_w154_diff1_uniform_repair_r2_173,5.581784076347164e-05,159
pew_w154_diff1_uniform_n208,hobbies,174,pew_w154_diff1_uniform_repair_r2_174,0.0001139935961931233,113
pew_w154_diff1_uniform_n208,hobbies,175,pew_w154_diff1_uniform_repair_r2_175,0.0001243361989745746,104
pew_w154_diff1_uniform_n208,hobbies,176,pew_w154_diff1_uniform_repair_r2_176,0.003007416212742363,52
pew_w154_diff1_uniform_n208,hobbies,177,pew_w154_diff1_uniform_repair_r2_177,0.001695151058878012,62
pew_w154_diff1_uniform_n208,hobbies,178,pew_w154_diff1_uniform_repair_r2_178,6.179055979749401e-05,152
pew_w154_diff1_uniform_n208,hobbies,179,pew_w154_diff1_uniform_repair_r2_179,7.277940384543156e-05,143
pew_w154_diff1_uniform_n208,hobbies,180,pew_w154_diff1_uniform_repair_r2_180,0.00010763801689957267,120
pew_w154_diff1_uniform_n208,hobbies,181,pew_w154_diff1_uniform_repair_r2_181,0.0001274562964352735,102
pew_w154_diff1_uniform_n208,hobbies,182,pew_w154_diff1_uniform_repair_r2_182,0.00011717213640576422,109
pew_w154_diff1_uniform_n208,hobbies,183,pew_w154_diff1_uniform_repair_r2_183,6.0032894751102125e-05,155
pew_w154_diff1_uniform_n208,hobbies,184,pew_w154_diff1_uniform_repair_r2_184,0.00012405187506738368,105
pew_w154_diff1_uniform_n208,hobbies,185,pew_w154_diff1_uniform_repair_r2_185,0.0009306903140151066,83
pew_w154_diff1_uniform_n208,hobbies,186,pew_w154_diff1_uniform_repair_r2_186,0.0035230541391032184,47
pew_w154_diff1_uniform_n208,hobbies,187,pew_w154_diff1_uniform_repair_r2_187,8.108198592708451e-05,139
pew_w154_diff1_uniform_n208,hobbies,188,pew_w154_diff1_uniform_repair_r2_188,4.716748130810086e-05,165
pew_w154_diff1_uniform_n208,hobbies,189,pew_w154_diff1_uniform_repair_r2_189,8.141283858181605e-05,138
pew_w154_diff1_uniform_n208,hobbies,190,pew_w154_diff1_uniform_repair_r2_190,9.566628991280783e-05,129
pew_w154_diff1_uniform_n208,hobbies,191,pew_w154_diff1_uniform_repair_r2_191,0.001709266674363032,61
pew_w154_diff1_uniform_n208,hobbies,192,pew_w154_diff1_uniform_repair_r2_192,0.0012671646379582655,73
pew_w154_diff1_uniform_n208,hobbies,193,pew_w154_diff1_uniform_repair_r2_193,0.0012936021625346266,72
pew_w154_diff1_uniform_n208,hobbies,194,pew_w154_diff1_uniform_repair_r2_194,0.0008656098002490359,85
pew_w154_diff1_uniform_n208,hobbies,195,pew_w154_diff1_uniform_repair_r2_195,0.0012110181518038923,77
pew_w154_diff1_uniform_n208,hobbies,196,pew_w154_diff1_uniform_repair_r2_196,6.368779045871716e-05,151
pew_w154_diff1_uniform_n208,hobbies,197,pew_w154_diff1_uniform_repair_r2_197,8.767089466086006e-05,133
pew_w154_diff1_uniform_n208,hobbies,198,pew_w154_diff1_uniform_repair_r2_198,0.0006889836730100017,90
pew_w154_diff1_uniform_n208,hobbies,199,pew_w154_diff1_uniform_repair_r2_199,0.00015054985992080545,96
pew_w154_diff1_uniform_n208,hobbies,200,pew_w154_diff1_uniform_repair_r2_200,0.0016148663773667606,64
pew_w154_diff1_uniform_n208,hobbies,201,pew_w154_diff1_uniform_repair_r2_201,0.0013592501098205214,69
pew_w154_diff1_uniform_n208,hobbies,202,pew_w154_diff1_uniform_repair_r2_202,0.00012630877775775932,103
pew_w154_diff1_uniform_n208,hobbies,203,pew_w154_diff1_uniform_repair_r2_203,0.0006771319103479551,91
pew_w154_diff1_uniform_n208,hobbies,204,pew_w154_diff1_uniform_repair_r2_204,9.957251355857003e-05,126
pew_w154_diff1_uniform_n208,hobbies,205,pew_w154_diff1_uniform_repair_r2_205,0.00012173143958632554,106
pew_w154_diff1_uniform_n208,hobbies,206,pew_w154_diff1_uniform_repair_r2_206,0.0015532934619640918,66
pew_w154_diff1_uniform_n208,hobbies,207,pew_w154_diff1_uniform_repair_r2_207,4.083325366319285e-05,174
pew_w154_diff1_uniform_n208,hobbies,208,pew_w154_diff1_uniform_repair_r2_208,0.00012954548277165027,101
pew_w154_diff1_uniform_n208,physical_abilities,1,pew_w154_diff1_uniform_n96_001,6.452995166559089e-06,206
pew_w154_diff1_uniform_n208,physical_abilities,2,pew_w154_diff1_uniform_n96_002,1.0071332809699195e-05,201
pew_w154_diff1_uniform_n208,physical_abilities,3,pew_w154_diff1_uniform_n96_003,0.009982200369227617,28
pew_w154_diff1_uniform_n208,physical_abilities,4,pew_w154_diff1_uniform_n96_004,0.0037991322708802486,46
pew_w154_diff1_uniform_n208,physical_abilities,5,pew_w154_diff1_uniform_n96_005,2.2084213370245718e-05,186
pew_w154_diff1_uniform_n208,physical_abilities,6,pew_w154_diff1_uniform_n96_006,2.109101061991509e-05,188
pew_w154_diff1_uniform_n208,physical_abilities,7,pew_w154_diff1_uniform_n96_007,0.011157370288908595,26
pew_w154_diff1_uniform_n208,physical_abilities,8,pew_w154_diff1_uniform_n96_008,0.01511743297162277,17
pew_w154_diff1_uniform_n208,physical_abilities,9,pew_w154_diff1_uniform_n96_009,1.5151306368817805e-05,195
pew_w154_diff1_uniform_n208,physical_abilities,10,pew_w154_diff1_uniform_n96_010,6.41984447453201e-06,207
pew_w154_diff1_uniform_n208,physical_abilities,11,pew_w154_diff1_uniform_n96_011,0.005496945309668854,40
pew_w154_diff1_uniform_n208,physical_abilities,12,pew_w154_diff1_uniform_n96_012,0.004209263802901121,44
pew_w154_diff1_uniform_n208,physical_abilities,13,pew_w154_diff1_uniform_n96_013,4.474764786993402e-05,153
pew_w154_diff1_uniform_n208,physical_abilities,14,pew_w154_diff1_uniform_n96_014,3.520667606930131e-05,167
pew_w154_diff1_uniform_n208,physical_abilities,15,pew_w154_diff1_uniform_n96_015,0.025921575796861267,11
pew_w154_diff1_uniform_n208,physical_abilities,16,pew_w154_diff1_uniform_n96_016,0.01511743297162277,18
pew_w154_diff1_uniform_n208,physical_abilities,17,pew_w154_diff1_uniform_n96_017,1.4844723230809544e-05,196
pew_w154_diff1_uniform_n208,physical_abilities,18,pew_w154_diff1_uniform_n96_018,2.0667709767423868e-05,190
pew_w154_diff1_uniform_n208,physical_abilities,19,pew_w154_diff1_uniform_n96_019,0.015686728615205776,16
pew_w154_diff1_uniform_n208,physical_abilities,20,pew_w154_diff1_uniform_n96_020,0.008629945416953923,36
pew_w154_diff1_uniform_n208,physical_abilities,21,pew_w154_diff1_uniform_n96_021,3.596943435058771e-05,166
pew_w154_diff1_uniform_n208,physical_abilities,22,pew_w154_diff1_uniform_n96_022,3.6739240103895806e-05,165
pew_w154_diff1_uniform_n208,physical_abilities,23,pew_w154_diff1_uniform_n96_023,0.029007863068883224,10
pew_w154_diff1_uniform_n208,physical_abilities,24,pew_w154_diff1_uniform_n96_024,0.012628531129012282,22
pew_w154_diff1_uniform_n208,physical_abilities,25,pew_w154_diff1_uniform_n96_025,3.4182903473137645e-05,168
pew_w154_diff1_uniform_n208,physical_abilities,26,pew_w154_diff1_uniform_n96_026,2.505624213440408e-05,182
pew_w154_diff1_uniform_n208,physical_abilities,27,pew_w154_diff1_uniform_n96_027,0.009145250131968902,34
pew_w154_diff1_uniform_n208,physical_abilities,28,pew_w154_diff1_uniform_n96_028,0.009451044590035733,31
pew_w154_diff1_uniform_n208,physical_abilities,29,pew_w154_diff1_uniform_n96_029,2.616097606264471e-05,178
pew_w154_diff1_uniform_n208,physical_abilities,30,pew_w154_diff1_uniform_n96_030,2.2314338621178715e-05,185
pew_w154_diff1_uniform_n208,physical_abilities,31,pew_w154_diff1_uniform_n96_031,0.07029384925111379,2
pew_w154_diff1_uniform_n208,physical_abilities,32,pew_w154_diff1_uniform_n96_032,0.038135245748954445,8
pew_w154_diff1_uniform_n208,physical_abilities,33,pew_w154_diff1_uniform_n96_033,8.182922563708378e-06,203
pew_w154_diff1_uniform_n208,physical_abilities,34,pew_w154_diff1_uniform_n96_034,6.1890285099239735e-06,208
pew_w154_diff1_uniform_n208,physical_abilities,35,pew_w154_diff1_uniform_n96_035,0.00936043082804168,32
pew_w154_diff1_uniform_n208,physical_abilities,36,pew_w154_diff1_uniform_n96_036,0.011681378580453872,25
pew_w154_diff1_uniform_n208,physical_abilities,37,pew_w154_diff1_uniform_n96_037,2.879292593201138e-05,175
pew_w154_diff1_uniform_n208,physical_abilities,38,pew_w154_diff1_uniform_n96_038,4.9178776394351264e-05,143
pew_w154_diff1_uniform_n208,physical_abilities,39,pew_w154_diff1_uniform_n96_039,0.011812780679722912,23
pew_w154_diff1_uniform_n208,physical_abilities,40,pew_w154_diff1_uniform_n96_040,0.010730452789342431,27
pew_w154_diff1_uniform_n208,physical_abilities,41,pew_w154_diff1_uniform_n96_041,1.2054993139522394e-05,200
pew_w154_diff1_uniform_n208,physical_abilities,42,pew_w154_diff1_uniform_n96_042,1.2697149509036953e-05,199
pew_w154_diff1_uniform_n208,physical_abilities,43,pew_w154_diff1_uniform_n96_043,0.009302652951991721,33
pew_w154_diff1_uniform_n208,physical_abilities,44,pew_w154_diff1_uniform_n96_044,0.004257551851140088,43
pew_w154_diff1_uniform_n208,physical_abilities,45,pew_w154_diff1_uniform_n96_045,2.975213963387755e-05,174
pew_w154_diff1_uniform_n208,physical_abilities,46,pew_w154_diff1_uniform_n96_046,1.8868303541235976e-05,193
pew_w154_diff1_uniform_n208,physical_abilities,47,pew_w154_diff1_uniform_n96_047,0.024074144088631486,12
pew_w154_diff1_uniform_n208,physical_abilities,48,pew_w154_diff1_uniform_n96_048,0.019161772881951433,15
pew_w154_diff1_uniform_n208,physical_abilities,49,pew_w154_diff1_uniform_n96_049,2.3328157529504433e-05,183
pew_w154_diff1_uniform_n208,physical_abilities,50,pew_w154_diff1_uniform_n96_050,2.0986413093126284e-05,189
pew_w154_diff1_uniform_n208,physical_abilities,51,pew_w154_diff1_uniform_n96_051,0.009952558270377927,29
pew_w154_diff1_uniform_n208,physical_abilities,52,pew_w154_diff1_uniform_n96_052,0.006298925613998783,38
pew_w154_diff1_uniform_n208,physical_abilities,53,pew_w154_diff1_uniform_n96_053,3.7484515610361904e-05,162
pew_w154_diff1_uniform_n208,physical_abilities,54,pew_w154_diff1_uniform_n96_054,2.7693097342111497e-05,176
pew_w154_diff1_uniform_n208,physical_abilities,55,pew_w154_diff1_uniform_n96_055,0.03812662182826081,9
pew_w154_diff1_uniform_n208,physical_abilities,56,pew_w154_diff1_uniform_n96_056,0.038135245748954445,7
pew_w154_diff1_uniform_n208,physical_abilities,57,pew_w154_diff1_uniform_n96_057,2.149226328944086e-05,187
pew_w154_diff1_uniform_n208,physical_abilities,58,pew_w154_diff1_uniform_n96_058,2.5141039373627228e-05,181
pew_w154_diff1_uniform_n208,physical_abilities,59,pew_w154_diff1_uniform_n96_059,0.005323322282431812,41
pew_w154_diff1_uniform_n208,physical_abilities,60,pew_w154_diff1_uniform_n96_060,0.013608683171817425,19
pew_w154_diff1_uniform_n208,physical_abilities,61,pew_w154_diff1_uniform_n96_061,2.616097606264471e-05,179
pew_w154_diff1_uniform_n208,physical_abilities,62,pew_w154_diff1_uniform_n96_062,1.9722378846164707e-05,192
pew_w154_diff1_uniform_n208,physical_abilities,63,pew_w154_diff1_uniform_n96_063,0.060167533078990906,3
pew_w154_diff1_uniform_n208,physical_abilities,64,pew_w154_diff1_uniform_n96_064,0.055592651569186774,5
pew_w154_diff1_uniform_n208,physical_abilities,65,pew_w154_diff1_uniform_n96_065,7.204309548254848e-06,205
pew_w154_diff1_uniform_n208,physical_abilities,66,pew_w154_diff1_uniform_n96_066,7.785110356715652e-06,204
pew_w154_diff1_uniform_n208,physical_abilities,67,pew_w154_diff1_uniform_n96_067,0.009089781389668662,35
pew_w154_diff1_uniform_n208,physical_abilities,68,pew_w154_diff1_uniform_n96_068,0.003723938935833591,47
pew_w154_diff1_uniform_n208,physical_abilities,69,pew_w154_diff1_uniform_n96_069,3.7072301853499214e-05,164
pew_w154_diff1_uniform_n208,physical_abilities,70,pew_w154_diff1_uniform_n96_070,3.3973321538568925e-05,169
pew_w154_diff1_uniform_n208,physical_abilities,71,pew_w154_diff1_uniform_n96_071,0.0117427610234925,24
pew_w154_diff1_uniform_n208,physical_abilities,72,pew_w154_diff1_uniform_n96_072,0.00782674026969934,37
pew_w154_diff1_uniform_n208,physical_abilities,73,pew_w154_diff1_uniform_n96_073,8.733839302896108e-06,202
pew_w154_diff1_uniform_n208,physical_abilities,74,pew_w154_diff1_uniform_n96_074,1.3796146243652355e-05,197
pew_w154_diff1_uniform_n208,physical_abilities,75,pew_w154_diff1_uniform_n96_075,0.0025363130577599037,49
pew_w154_diff1_uniform_n208,physical_abilities,76,pew_w154_diff1_uniform_n96_076,0.0035929193284189066,48
pew_w154_diff1_uniform_n208,physical_abilities,77,pew_w154_diff1_uniform_n96_077,3.269130605961012e-05,170
pew_w154_diff1_uniform_n208,physical_abilities,78,pew_w154_diff1_uniform_n96_078,2.53023166275179e-05,180
pew_w154_diff1_uniform_n208,physical_abilities,79,pew_w154_diff1_uniform_n96_079,0.02244555102968718,13
pew_w154_diff1_uniform_n208,physical_abilities,80,pew_w154_diff1_uniform_n96_080,0.013341916727568109,20
pew_w154_diff1_uniform_n208,physical_abilities,81,pew_w154_diff1_uniform_n96_081,1.5878760919570987e-05,194
pew_w154_diff1_uniform_n208,physical_abilities,82,pew_w154_diff1_uniform_n96_082,2.0342899522114702e-05,191
pew_w154_diff1_uniform_n208,physical_abilities,83,pew_w154_diff1_uniform_n96_083,0.013031006249356977,21
pew_w154_diff1_uniform_n208,physical_abilities,84,pew_w154_diff1_uniform_n96_084,0.009844501660167718,30
pew_w154_diff1_uniform_n208,physical_abilities,85,pew_w154_diff1_uniform_n96_085,2.3190998301576692e-05,184
pew_w154_diff1_uniform_n208,physical_abilities,86,pew_w154_diff1_uniform_n96_086,2.729810300136621e-05,177
pew_w154_diff1_uniform_n208,physical_abilities,87,pew_w154_diff1_uniform_n96_087,0.03877353943791653,6
pew_w154_diff1_uniform_n208,physical_abilities,88,pew_w154_diff1_uniform_n96_088,0.020534887337458497,14
pew_w154_diff1_uniform_n208,physical_abilities,89,pew_w154_diff1_uniform_n96_089,3.0752855781581585e-05,172
pew_w154_diff1_uniform_n208,physical_abilities,90,pew_w154_diff1_uniform_n96_090,1.2772986875265605e-05,198
pew_w154_diff1_uniform_n208,physical_abilities,91,pew_w154_diff1_uniform_n96_091,0.005252624733755707,42
pew_w154_diff1_uniform_n208,physical_abilities,92,pew_w154_diff1_uniform_n96_092,0.005667916363049426,39
pew_w154_diff1_uniform_n208,physical_abilities,93,pew_w154_diff1_uniform_n96_093,2.989837870149816e-05,173
pew_w154_diff1_uniform_n208,physical_abilities,94,pew_w154_diff1_uniform_n96_094,3.246034310955002e-05,171
pew_w154_diff1_uniform_n208,physical_abilities,95,pew_w154_diff1_uniform_n96_095,0.0874955501297623,1
pew_w154_diff1_uniform_n208,physical_abilities,96,pew_w154_diff1_uniform_n96_096,0.056275067867508646,4
pew_w154_diff1_uniform_n208,physical_abilities,97,pew_w154_diff1_uniform_repair_r1_097,4.600387331342538e-05,151
pew_w154_diff1_uniform_n208,physical_abilities,98,pew_w154_diff1_uniform_repair_r1_098,8.160869885115007e-05,99
pew_w154_diff1_uniform_n208,physical_abilities,99,pew_w154_diff1_uniform_repair_r1_099,0.0016648735664858457,69
pew_w154_diff1_uniform_n208,physical_abilities,100,pew_w154_diff1_uniform_repair_r1_100,0.0021267030422081304,59
pew_w154_diff1_uniform_n208,physical_abilities,101,pew_w154_diff1_uniform_repair_r1_101,0.001146143750370346,80
pew_w154_diff1_uniform_n208,physical_abilities,102,pew_w154_diff1_uniform_repair_r1_102,0.0008506113274926026,88
pew_w154_diff1_uniform_n208,physical_abilities,103,pew_w154_diff1_uniform_repair_r1_103,7.354703397138806e-05,107
pew_w154_diff1_uniform_n208,physical_abilities,104,pew_w154_diff1_uniform_repair_r1_104,0.0010910494666523573,82
pew_w154_diff1_uniform_n208,physical_abilities,105,pew_w154_diff1_uniform_repair_r1_105,6.43897135101826e-05,118
pew_w154_diff1_uniform_n208,physical_abilities,106,pew_w154_diff1_uniform_repair_r1_106,0.0021609950569519355,58
pew_w154_diff1_uniform_n208,physical_abilities,107,pew_w154_diff1_uniform_repair_r1_107,4.741663569317427e-05,147
pew_w154_diff1_uniform_n208,physical_abilities,108,pew_w154_diff1_uniform_repair_r1_108,8.530525387682294e-05,95
pew_w154_diff1_uniform_n208,physical_abilities,109,pew_w154_diff1_uniform_repair_r1_109,8.837477964809546e-05,94
pew_w154_diff1_uniform_n208,physical_abilities,110,pew_w154_diff1_uniform_repair_r1_110,4.6998952469330965e-05,149
pew_w154_diff1_uniform_n208,physical_abilities,111,pew_w154_diff1_uniform_repair_r1_111,0.0009515210279640765,84
pew_w154_diff1_uniform_n208,physical_abilities,112,pew_w154_diff1_uniform_repair_r1_112,4.6681174797932255e-05,150
pew_w154_diff1_uniform_n208,physical_abilities,113,pew_w154_diff1_uniform_repair_r1_113,0.0005227750756321277,92
pew_w154_diff1_uniform_n208,physical_abilities,114,pew_w154_diff1_uniform_repair_r1_114,5.2286809845226836e-05,138
pew_w154_diff1_uniform_n208,physical_abilities,115,pew_w154_diff1_uniform_repair_r1_115,6.015922242631283e-05,125
pew_w154_diff1_uniform_n208,physical_abilities,116,pew_w154_diff1_uniform_repair_r1_116,5.965408983040727e-05,127
pew_w154_diff1_uniform_n208,physical_abilities,117,pew_w154_diff1_uniform_repair_r1_117,7.947720604788337e-05,102
pew_w154_diff1_uniform_n208,physical_abilities,118,pew_w154_diff1_uniform_repair_r1_118,7.947720604788337e-05,101
pew_w154_diff1_uniform_n208,physical_abilities,119,pew_w154_diff1_uniform_repair_r1_119,0.0011462334588708055,79
pew_w154_diff1_uniform_n208,physical_abilities,120,pew_w154_diff1_uniform_repair_r1_120,5.1899430799386485e-05,140
pew_w154_diff1_uniform_n208,physical_abilities,121,pew_w154_diff1_uniform_repair_r1_121,0.001663631870728368,71
pew_w154_diff1_uniform_n208,physical_abilities,122,pew_w154_diff1_uniform_repair_r1_122,0.002226338389582354,56
pew_w154_diff1_uniform_n208,physical_abilities,123,pew_w154_diff1_uniform_repair_r1_123,5.793405400828712e-05,129
pew_w154_diff1_uniform_n208,physical_abilities,124,pew_w154_diff1_uniform_repair_r1_124,5.573568002878262e-05,131
pew_w154_diff1_uniform_n208,physical_abilities,125,pew_w154_diff1_uniform_repair_r1_125,0.002062703906800628,60
pew_w154_diff1_uniform_n208,physical_abilities,126,pew_w154_diff1_uniform_repair_r1_126,5.462845081597093e-05,133
pew_w154_diff1_uniform_n208,physical_abilities,127,pew_w154_diff1_uniform_repair_r1_127,0.0008973486000240061,86
pew_w154_diff1_uniform_n208,physical_abilities,128,pew_w154_diff1_uniform_repair_r1_128,0.0014181917209369066,75
pew_w154_diff1_uniform_n208,physical_abilities,129,pew_w154_diff1_uniform_repair_r1_129,6.155091087487187e-05,123
pew_w154_diff1_uniform_n208,physical_abilities,130,pew_w154_diff1_uniform_repair_r1_130,4.736083532949166e-05,148
pew_w154_diff1_uniform_n208,physical_abilities,131,pew_w154_diff1_uniform_repair_r1_131,0.0018495565595557171,66
pew_w154_diff1_uniform_n208,physical_abilities,132,pew_w154_diff1_uniform_repair_r1_132,7.59442307560827e-05,105
pew_w154_diff1_uniform_n208,physical_abilities,133,pew_w154_diff1_uniform_repair_r1_133,0.0018674695875543195,65
pew_w154_diff1_uniform_n208,physical_abilities,134,pew_w154_diff1_uniform_repair_r1_134,0.001346400319086904,77
pew_w154_diff1_uniform_n208,physical_abilities,135,pew_w154_diff1_uniform_repair_r1_135,6.162603405292156e-05,122
pew_w154_diff1_uniform_n208,physical_abilities,136,pew_w154_diff1_uniform_repair_r1_136,0.0015632612209268409,74
pew_w154_diff1_uniform_n208,physical_abilities,137,pew_w154_diff1_uniform_repair_r1_137,0.0016519066338897674,72
pew_w154_diff1_uniform_n208,physical_abilities,138,pew_w154_diff1_uniform_repair_r1_138,4.059296875710515e-05,160
pew_w154_diff1_uniform_n208,physical_abilities,139,pew_w154_diff1_uniform_repair_r1_139,4.3517655312930124e-05,154
pew_w154_diff1_uniform_n208,physical_abilities,140,pew_w154_diff1_uniform_repair_r1_140,0.002187397261675163,57
pew_w154_diff1_uniform_n208,physical_abilities,141,pew_w154_diff1_uniform_repair_r1_141,5.1996458080597354e-05,139
pew_w154_diff1_uniform_n208,physical_abilities,142,pew_w154_diff1_uniform_repair_r1_142,6.23086187874657e-05,120
pew_w154_diff1_uniform_n208,physical_abilities,143,pew_w154_diff1_uniform_repair_r1_143,8.115170507520521e-05,100
pew_w154_diff1_uniform_n208,physical_abilities,144,pew_w154_diff1_uniform_repair_r1_144,0.0011376696179943957,81
pew_w154_diff1_uniform_n208,physical_abilities,145,pew_w154_diff1_uniform_repair_r1_145,0.0023036840487322833,54
pew_w154_diff1_uniform_n208,physical_abilities,146,pew_w154_diff1_uniform_repair_r1_146,5.250684410411712e-05,136
pew_w154_diff1_uniform_n208,physical_abilities,147,pew_w154_diff1_uniform_repair_r1_147,4.343101117870498e-05,157
pew_w154_diff1_uniform_n208,physical_abilities,148,pew_w154_diff1_uniform_repair_r1_148,6.593800593667794e-05,117
pew_w154_diff1_uniform_n208,physical_abilities,149,pew_w154_diff1_uniform_repair_r1_149,0.0016647198103770064,70
pew_w154_diff1_uniform_n208,physical_abilities,150,pew_w154_diff1_uniform_repair_r1_150,6.646588324837407e-05,115
pew_w154_diff1_uniform_n208,physical_abilities,151,pew_w154_diff1_uniform_repair_r1_151,0.001733660015566102,67
pew_w154_diff1_uniform_n208,physical_abilities,152,pew_w154_diff1_uniform_repair_r1_152,3.738172692822316e-05,163
pew_w154_diff1_uniform_n208,physical_abilities,153,pew_w154_diff1_uniform_repair_r1_153,4.0192705057528105e-05,161
pew_w154_diff1_uniform_n208,physical_abilities,154,pew_w154_diff1_uniform_repair_r1_154,0.0008735017292716734,87
pew_w154_diff1_uniform_n208,physical_abilities,155,pew_w154_diff1_uniform_repair_r1_155,7.747906696316335e-05,103
pew_w154_diff1_uniform_n208,physical_abilities,156,pew_w154_diff1_uniform_repair_r1_156,0.004197369367451593,45
pew_w154_diff1_uniform_n208,physical_abilities,157,pew_w154_diff1_uniform_repair_r1_157,5.8987757254624616e-05,128
pew_w154_diff1_uniform_n208,physical_abilities,158,pew_w154_diff1_uniform_repair_r1_158,7.032047042698773e-05,110
pew_w154_diff1_uniform_n208,physical_abilities,159,pew_w154_diff1_uniform_repair_r1_159,0.0023236819628218988,52
pew_w154_diff1_uniform_n208,physical_abilities,160,pew_w154_diff1_uniform_repair_r1_160,5.610234646507698e-05,130
pew_w154_diff1_uniform_n208,physical_abilities,161,pew_w154_diff1_uniform_repair_r2_161,7.062176687855953e-05,109
pew_w154_diff1_uniform_n208,physical_abilities,162,pew_w154_diff1_uniform_repair_r2_162,4.3472998402080994e-05,155
pew_w154_diff1_uniform_n208,physical_abilities,163,pew_w154_diff1_uniform_repair_r2_163,0.0023123275063018983,53
pew_w154_diff1_uniform_n208,physical_abilities,164,pew_w154_diff1_uniform_repair_r2_164,0.0009869172018409401,83
pew_w154_diff1_uniform_n208,physical_abilities,165,pew_w154_diff1_uniform_repair_r2_165,8.397131134576984e-05,96
pew_w154_diff1_uniform_n208,physical_abilities,166,pew_w154_diff1_uniform_repair_r2_166,7.468316130606379e-05,106
pew_w154_diff1_uniform_n208,physical_abilities,167,pew_w154_diff1_uniform_repair_r2_167,4.767526009974171e-05,146
pew_w154_diff1_uniform_n208,physical_abilities,168,pew_w154_diff1_uniform_repair_r2_168,7.086743557655749e-05,108
pew_w154_diff1_uniform_n208,physical_abilities,169,pew_w154_diff1_uniform_repair_r2_169,4.347007789054466e-05,156
pew_w154_diff1_uniform_n208,physical_abilities,170,pew_w154_diff1_uniform_repair_r2_170,4.0841646997431926e-05,159
pew_w154_diff1_uniform_n208,physical_abilities,171,pew_w154_diff1_uniform_repair_r2_171,0.002280336071548555,55
pew_w154_diff1_uniform_n208,physical_abilities,172,pew_w154_diff1_uniform_repair_r2_172,6.638107309600157e-05,116
pew_w154_diff1_uniform_n208,physical_abilities,173,pew_w154_diff1_uniform_repair_r2_173,4.316200568056303e-05,158
pew_w154_diff1_uniform_n208,physical_abilities,174,pew_w154_diff1_uniform_repair_r2_174,5.0184086123737806e-05,142
pew_w154_diff1_uniform_n208,physical_abilities,175,pew_w154_diff1_uniform_repair_r2_175,6.662161102300949e-05,114
pew_w154_diff1_uniform_n208,physical_abilities,176,pew_w154_diff1_uniform_repair_r2_176,0.002060220125643279,61
pew_w154_diff1_uniform_n208,physical_abilities,177,pew_w154_diff1_uniform_repair_r2_177,0.0020574547120609547,62
pew_w154_diff1_uniform_n208,physical_abilities,178,pew_w154_diff1_uniform_repair_r2_178,4.819778450561825e-05,145
pew_w154_diff1_uniform_n208,physical_abilities,179,pew_w154_diff1_uniform_repair_r2_179,6.76886982614439e-05,111
pew_w154_diff1_uniform_n208,physical_abilities,180,pew_w154_diff1_uniform_repair_r2_180,5.334838508962761e-05,135
pew_w154_diff1_uniform_n208,physical_abilities,181,pew_w154_diff1_uniform_repair_r2_181,5.087626949373381e-05,141
pew_w154_diff1_uniform_n208,physical_abilities,182,pew_w154_diff1_uniform_repair_r2_182,6.37535511558054e-05,119
pew_w154_diff1_uniform_n208,physical_abilities,183,pew_w154_diff1_uniform_repair_r2_183,4.595209593493604e-05,152
pew_w154_diff1_uniform_n208,physical_abilities,184,pew_w154_diff1_uniform_repair_r2_184,9.71493890319167e-05,93
pew_w154_diff1_uniform_n208,physical_abilities,185,pew_w154_diff1_uniform_repair_r2_185,0.0011613902468901958,78
pew_w154_diff1_uniform_n208,physical_abilities,186,pew_w154_diff1_uniform_repair_r2_186,0.00239363264735036,51
pew_w154_diff1_uniform_n208,physical_abilities,187,pew_w154_diff1_uniform_repair_r2_187,6.108186550250907e-05,124
pew_w154_diff1_uniform_n208,physical_abilities,188,pew_w154_diff1_uniform_repair_r2_188,5.2341275782995045e-05,137
pew_w154_diff1_uniform_n208,physical_abilities,189,pew_w154_diff1_uniform_repair_r2_189,6.206537670950774e-05,121
pew_w154_diff1_uniform_n208,physical_abilities,190,pew_w154_diff1_uniform_repair_r2_190,8.356672375154701e-05,97
pew_w154_diff1_uniform_n208,physical_abilities,191,pew_w154_diff1_uniform_repair_r2_191,0.0024162958686340806,50
pew_w154_diff1_uniform_n208,physical_abilities,192,pew_w154_diff1_uniform_repair_r2_192,0.0016038245434362162,73
pew_w154_diff1_uniform_n208,physical_abilities,193,pew_w154_diff1_uniform_repair_r2_193,0.0017294906012426967,68
pew_w154_diff1_uniform_n208,physical_abilities,194,pew_w154_diff1_uniform_repair_r2_194,0.0009244506617418831,85
pew_w154_diff1_uniform_n208,physical_abilities,195,pew_w154_diff1_uniform_repair_r2_195,0.0014010768187068237,76
pew_w154_diff1_uniform_n208,physical_abilities,196,pew_w154_diff1_uniform_repair_r2_196,5.991948807517984e-05,126
pew_w154_diff1_uniform_n208,physical_abilities,197,pew_w154_diff1_uniform_repair_r2_197,6.699431380039619e-05,113
pew_w154_diff1_uniform_n208,physical_abilities,198,pew_w154_diff1_uniform_repair_r2_198,0.0006995091088577955,90
pew_w154_diff1_uniform_n208,physical_abilities,199,pew_w154_diff1_uniform_repair_r2_199,7.717351065967323e-05,104
pew_w154_diff1_uniform_n208,physical_abilities,200,pew_w154_diff1_uniform_repair_r2_200,0.0020501292362563196,63
pew_w154_diff1_uniform_n208,physical_abilities,201,pew_w154_diff1_uniform_repair_r2_201,0.0008241675191969292,89
pew_w154_diff1_uniform_n208,physical_abilities,202,pew_w154_diff1_uniform_repair_r2_202,6.699431380039619e-05,112
pew_w154_diff1_uniform_n208,physical_abilities,203,pew_w154_diff1_uniform_repair_r2_203,0.0006652829390643531,91
pew_w154_diff1_uniform_n208,physical_abilities,204,pew_w154_diff1_uniform_repair_r2_204,8.160869885115007e-05,98
pew_w154_diff1_uniform_n208,physical_abilities,205,pew_w154_diff1_uniform_repair_r2_205,5.480767281308201e-05,132
pew_w154_diff1_uniform_n208,physical_abilities,206,pew_w154_diff1_uniform_repair_r2_206,0.002033545429523645,64
pew_w154_diff1_uniform_n208,physical_abilities,207,pew_w154_diff1_uniform_repair_r2_207,4.8603139355140216e-05,144
pew_w154_diff1_uniform_n208,physical_abilities,208,pew_w154_diff1_uniform_repair_r2_208,5.446873570555611e-05,134
pew_w154_diff1_uniform_n208,parenting,1,pew_w154_diff1_uniform_n96_001,6.518950360107313e-07,207
pew_w154_diff1_uniform_n208,parenting,2,pew_w154_diff1_uniform_n96_002,2.4997354189687134e-06,201
pew_w154_diff1_uniform_n208,parenting,3,pew_w154_diff1_uniform_n96_003,0.006362988206211977,32
pew_w154_diff1_uniform_n208,parenting,4,pew_w154_diff1_uniform_n96_004,0.00245258221632434,54
pew_w154_diff1_uniform_n208,parenting,5,pew_w154_diff1_uniform_n96_005,1.6817409745658084e-06,202
pew_w154_diff1_uniform_n208,parenting,6,pew_w154_diff1_uniform_n96_006,1.1298605098095523e-06,204
pew_w154_diff1_uniform_n208,parenting,7,pew_w154_diff1_uniform_n96_007,0.004296108607943978,42
pew_w154_diff1_uniform_n208,parenting,8,pew_w154_diff1_uniform_n96_008,0.004004949177408315,46
pew_w154_diff1_uniform_n208,parenting,9,pew_w154_diff1_uniform_n96_009,4.801352406593014e-05,156
pew_w154_diff1_uniform_n208,parenting,10,pew_w154_diff1_uniform_n96_010,1.8154117698040722e-05,189
pew_w154_diff1_uniform_n208,parenting,11,pew_w154_diff1_uniform_n96_011,0.01433048912027623,19
pew_w154_diff1_uniform_n208,parenting,12,pew_w154_diff1_uniform_n96_012,0.011063245127010074,24
pew_w154_diff1_uniform_n208,parenting,13,pew_w154_diff1_uniform_n96_013,7.118052535869464e-05,140
pew_w154_diff1_uniform_n208,parenting,14,pew_w154_diff1_uniform_n96_014,5.430651813318508e-05,153
pew_w154_diff1_uniform_n208,parenting,15,pew_w154_diff1_uniform_n96_015,0.029774360643255757,8
pew_w154_diff1_uniform_n208,parenting,16,pew_w154_diff1_uniform_n96_016,0.017114502003165093,15
pew_w154_diff1_uniform_n208,parenting,17,pew_w154_diff1_uniform_n96_017,9.44979211405839e-06,197
pew_w154_diff1_uniform_n208,parenting,18,pew_w154_diff1_uniform_n96_018,1.790083695608953e-05,190
pew_w154_diff1_uniform_n208,parenting,19,pew_w154_diff1_uniform_n96_019,0.011323358856699982,22
pew_w154_diff1_uniform_n208,parenting,20,pew_w154_diff1_uniform_n96_020,0.005673977174847784,36
pew_w154_diff1_uniform_n208,parenting,21,pew_w154_diff1_uniform_n96_021,2.756090475304523e-05,183
pew_w154_diff1_uniform_n208,parenting,22,pew_w154_diff1_uniform_n96_022,2.6894836413314393e-05,184
pew_w154_diff1_uniform_n208,parenting,23,pew_w154_diff1_uniform_n96_023,0.00930835295199106,26
pew_w154_diff1_uniform_n208,parenting,24,pew_w154_diff1_uniform_n96_024,0.004171574529769865,44
pew_w154_diff1_uniform_n208,parenting,25,pew_w154_diff1_uniform_n96_025,7.805751563928001e-05,133
pew_w154_diff1_uniform_n208,parenting,26,pew_w154_diff1_uniform_n96_026,5.6614031459531944e-05,150
pew_w154_diff1_uniform_n208,parenting,27,pew_w154_diff1_uniform_n96_027,0.028960304446263904,10
pew_w154_diff1_uniform_n208,parenting,28,pew_w154_diff1_uniform_n96_028,0.028252034986034076,11
pew_w154_diff1_uniform_n208,parenting,29,pew_w154_diff1_uniform_n96_029,3.996061777967635e-05,167
pew_w154_diff1_uniform_n208,parenting,30,pew_w154_diff1_uniform_n96_030,3.453850680065726e-05,174
pew_w154_diff1_uniform_n208,parenting,31,pew_w154_diff1_uniform_n96_031,0.08439365568063173,2
pew_w154_diff1_uniform_n208,parenting,32,pew_w154_diff1_uniform_n96_032,0.04468916219724487,6
pew_w154_diff1_uniform_n208,parenting,33,pew_w154_diff1_uniform_n96_033,1.2062215906511993e-06,203
pew_w154_diff1_uniform_n208,parenting,34,pew_w154_diff1_uniform_n96_034,5.736094184435815e-07,208
pew_w154_diff1_uniform_n208,parenting,35,pew_w154_diff1_uniform_n96_035,0.006588803732859579,31
pew_w154_diff1_uniform_n208,parenting,36,pew_w154_diff1_uniform_n96_036,0.005889959836238259,35
pew_w154_diff1_uniform_n208,parenting,37,pew_w154_diff1_uniform_n96_037,3.853454002788767e-06,200
pew_w154_diff1_uniform_n208,parenting,38,pew_w154_diff1_uniform_n96_038,1.351842987056445e-05,194
pew_w154_diff1_uniform_n208,parenting,39,pew_w154_diff1_uniform_n96_039,0.0047021611767701236,39
pew_w154_diff1_uniform_n208,parenting,40,pew_w154_diff1_uniform_n96_040,0.0033814909348369904,48
pew_w154_diff1_uniform_n208,parenting,41,pew_w154_diff1_uniform_n96_041,3.856389038235714e-05,171
pew_w154_diff1_uniform_n208,parenting,42,pew_w154_diff1_uniform_n96_042,3.7401354916200375e-05,172
pew_w154_diff1_uniform_n208,parenting,43,pew_w154_diff1_uniform_n96_043,0.026275997667567514,13
pew_w154_diff1_uniform_n208,parenting,44,pew_w154_diff1_uniform_n96_044,0.011206396875448518,23
pew_w154_diff1_uniform_n208,parenting,45,pew_w154_diff1_uniform_n96_045,4.491870033995802e-05,160
pew_w154_diff1_uniform_n208,parenting,46,pew_w154_diff1_uniform_n96_046,2.3233988628217312e-05,187
pew_w154_diff1_uniform_n208,parenting,47,pew_w154_diff1_uniform_n96_047,0.029124792236241582,9
pew_w154_diff1_uniform_n208,parenting,48,pew_w154_diff1_uniform_n96_048,0.020467514670720298,14
pew_w154_diff1_uniform_n208,parenting,49,pew_w154_diff1_uniform_n96_049,2.4891218711228974e-05,186
pew_w154_diff1_uniform_n208,parenting,50,pew_w154_diff1_uniform_n96_050,1.7756732784730977e-05,191
pew_w154_diff1_uniform_n208,parenting,51,pew_w154_diff1_uniform_n96_051,0.007138884609747603,30
pew_w154_diff1_uniform_n208,parenting,52,pew_w154_diff1_uniform_n96_052,0.004010116199383041,45
pew_w154_diff1_uniform_n208,parenting,53,pew_w154_diff1_uniform_n96_053,2.9189593516148617e-05,181
pew_w154_diff1_uniform_n208,parenting,54,pew_w154_diff1_uniform_n96_054,1.4838274027440744e-05,192
pew_w154_diff1_uniform_n208,parenting,55,pew_w154_diff1_uniform_n96_055,0.0116905402617145,21
pew_w154_diff1_uniform_n208,parenting,56,pew_w154_diff1_uniform_n96_056,0.008301877799447379,28
pew_w154_diff1_uniform_n208,parenting,57,pew_w154_diff1_uniform_n96_057,4.6541895818769994e-05,157
pew_w154_diff1_uniform_n208,parenting,58,pew_w154_diff1_uniform_n96_058,5.7456470160635766e-05,148
pew_w154_diff1_uniform_n208,parenting,59,pew_w154_diff1_uniform_n96_059,0.01468459704262969,18
pew_w154_diff1_uniform_n208,parenting,60,pew_w154_diff1_uniform_n96_060,0.0416125388718763,7
pew_w154_diff1_uniform_n208,parenting,61,pew_w154_diff1_uniform_n96_061,3.996061777967635e-05,166
pew_w154_diff1_uniform_n208,parenting,62,pew_w154_diff1_uniform_n96_062,3.049920776023459e-05,178
pew_w154_diff1_uniform_n208,parenting,63,pew_w154_diff1_uniform_n96_063,0.07396485088530833,3
pew_w154_diff1_uniform_n208,parenting,64,pew_w154_diff1_uniform_n96_064,0.06123266423092439,5
pew_w154_diff1_uniform_n208,parenting,65,pew_w154_diff1_uniform_n96_065,8.442724840060016e-07,206
pew_w154_diff1_uniform_n208,parenting,66,pew_w154_diff1_uniform_n96_066,1.1204465065385698e-06,205
pew_w154_diff1_uniform_n208,parenting,67,pew_w154_diff1_uniform_n96_067,0.005922234346931801,34
pew_w154_diff1_uniform_n208,parenting,68,pew_w154_diff1_uniform_n96_068,0.0024457149202594002,55
pew_w154_diff1_uniform_n208,parenting,69,pew_w154_diff1_uniform_n96_069,5.533527782190235e-06,198
pew_w154_diff1_uniform_n208,parenting,70,pew_w154_diff1_uniform_n96_070,4.603197229078057e-06,199
pew_w154_diff1_uniform_n208,parenting,71,pew_w154_diff1_uniform_n96_071,0.004332341710855632,41
pew_w154_diff1_uniform_n208,parenting,72,pew_w154_diff1_uniform_n96_072,0.0035297196473284055,47
pew_w154_diff1_uniform_n208,parenting,73,pew_w154_diff1_uniform_n96_073,2.8944362872732614e-05,182
pew_w154_diff1_uniform_n208,parenting,74,pew_w154_diff1_uniform_n96_074,3.981922647057792e-05,168
pew_w154_diff1_uniform_n208,parenting,75,pew_w154_diff1_uniform_n96_075,0.004793712421989855,38
pew_w154_diff1_uniform_n208,parenting,76,pew_w154_diff1_uniform_n96_076,0.00905919336240314,27
pew_w154_diff1_uniform_n208,parenting,77,pew_w154_diff1_uniform_n96_077,5.004462629083201e-05,155
pew_w154_diff1_uniform_n208,parenting,78,pew_w154_diff1_uniform_n96_078,3.638106965960763e-05,173
pew_w154_diff1_uniform_n208,parenting,79,pew_w154_diff1_uniform_n96_079,0.026466878859708637,12
pew_w154_diff1_uniform_n208,parenting,80,pew_w154_diff1_uniform_n96_080,0.017018765735420202,16
pew_w154_diff1_uniform_n208,parenting,81,pew_w154_diff1_uniform_n96_081,1.0889268656219025e-05,195
pew_w154_diff1_uniform_n208,parenting,82,pew_w154_diff1_uniform_n96_082,1.9409136116826794e-05,188
pew_w154_diff1_uniform_n208,parenting,83,pew_w154_diff1_uniform_n96_083,0.007938968720028085,29
pew_w154_diff1_uniform_n208,parenting,84,pew_w154_diff1_uniform_n96_084,0.0062425651691942734,33
pew_w154_diff1_uniform_n208,parenting,85,pew_w154_diff1_uniform_n96_085,1.0837106048689932e-05,196
pew_w154_diff1_uniform_n208,parenting,86,pew_w154_diff1_uniform_n96_086,1.361535811229365e-05,193
pew_w154_diff1_uniform_n208,parenting,87,pew_w154_diff1_uniform_n96_087,0.010869163585637725,25
pew_w154_diff1_uniform_n208,parenting,88,pew_w154_diff1_uniform_n96_088,0.005527286625346486,37
pew_w154_diff1_uniform_n208,parenting,89,pew_w154_diff1_uniform_n96_089,6.824721275543985e-05,141
pew_w154_diff1_uniform_n208,parenting,90,pew_w154_diff1_uniform_n96_090,2.9900891774553574e-05,180
pew_w154_diff1_uniform_n208,parenting,91,pew_w154_diff1_uniform_n96_091,0.014191439859462661,20
pew_w154_diff1_uniform_n208,parenting,92,pew_w154_diff1_uniform_n96_092,0.015143625283825683,17
pew_w154_diff1_uniform_n208,parenting,93,pew_w154_diff1_uniform_n96_093,4.619645269658086e-05,158
pew_w154_diff1_uniform_n208,parenting,94,pew_w154_diff1_uniform_n96_094,5.1433277453418564e-05,154
pew_w154_diff1_uniform_n208,parenting,95,pew_w154_diff1_uniform_n96_095,0.0960609541477381,1
pew_w154_diff1_uniform_n208,parenting,96,pew_w154_diff1_uniform_n96_096,0.06176422866977324,4
pew_w154_diff1_uniform_n208,parenting,97,pew_w154_diff1_uniform_repair_r1_097,4.6045921550031723e-05,159
pew_w154_diff1_uniform_n208,parenting,98,pew_w154_diff1_uniform_repair_r1_098,8.01088581101308e-05,132
pew_w154_diff1_uniform_n208,parenting,99,pew_w154_diff1_uniform_repair_r1_099,0.0009973481920139556,77
pew_w154_diff1_uniform_n208,parenting,100,pew_w154_diff1_uniform_repair_r1_100,0.0013658593082323106,67
pew_w154_diff1_uniform_n208,parenting,101,pew_w154_diff1_uniform_repair_r1_101,0.0021616370339477293,57
pew_w154_diff1_uniform_n208,parenting,102,pew_w154_diff1_uniform_repair_r1_102,0.0007227268511209788,89
pew_w154_diff1_uniform_n208,parenting,103,pew_w154_diff1_uniform_repair_r1_103,0.00012115920902535822,99
pew_w154_diff1_uniform_n208,parenting,104,pew_w154_diff1_uniform_repair_r1_104,0.0009746222339336473,78
pew_w154_diff1_uniform_n208,parenting,105,pew_w154_diff1_uniform_repair_r1_105,8.273764557370982e-05,128
pew_w154_diff1_uniform_n208,parenting,106,pew_w154_diff1_uniform_repair_r1_106,0.004287028906411001,43
pew_w154_diff1_uniform_n208,parenting,107,pew_w154_diff1_uniform_repair_r1_107,0.00010055212169076626,113
pew_w154_diff1_uniform_n208,parenting,108,pew_w154_diff1_uniform_repair_r1_108,8.761229784252588e-05,125
pew_w154_diff1_uniform_n208,parenting,109,pew_w154_diff1_uniform_repair_r1_109,8.62035780424605e-05,126
pew_w154_diff1_uniform_n208,parenting,110,pew_w154_diff1_uniform_repair_r1_110,2.6736127246340515e-05,185
pew_w154_diff1_uniform_n208,parenting,111,pew_w154_diff1_uniform_repair_r1_111,0.000831478510131509,84
pew_w154_diff1_uniform_n208,parenting,112,pew_w154_diff1_uniform_repair_r1_112,0.00010426667364596607,109
pew_w154_diff1_uniform_n208,parenting,113,pew_w154_diff1_uniform_repair_r1_113,0.0004177049138363448,92
pew_w154_diff1_uniform_n208,parenting,114,pew_w154_diff1_uniform_repair_r1_114,8.601312443227086e-05,127
pew_w154_diff1_uniform_n208,parenting,115,pew_w154_diff1_uniform_repair_r1_115,0.0001253611603187043,97
pew_w154_diff1_uniform_n208,parenting,116,pew_w154_diff1_uniform_repair_r1_116,9.884278847391952e-05,115
pew_w154_diff1_uniform_n208,parenting,117,pew_w154_diff1_uniform_repair_r1_117,5.8503236775771094e-05,146
pew_w154_diff1_uniform_n208,parenting,118,pew_w154_diff1_uniform_repair_r1_118,0.00012781059575832238,96
pew_w154_diff1_uniform_n208,parenting,119,pew_w154_diff1_uniform_repair_r1_119,0.0007415092459400488,88
pew_w154_diff1_uniform_n208,parenting,120,pew_w154_diff1_uniform_repair_r1_120,3.071610900095796e-05,177
pew_w154_diff1_uniform_n208,parenting,121,pew_w154_diff1_uniform_repair_r1_121,0.0014527615090831475,64
pew_w154_diff1_uniform_n208,parenting,122,pew_w154_diff1_uniform_repair_r1_122,0.0013404594967697512,68
pew_w154_diff1_uniform_n208,parenting,123,pew_w154_diff1_uniform_repair_r1_123,7.446798056945084e-05,137
pew_w154_diff1_uniform_n208,parenting,124,pew_w154_diff1_uniform_repair_r1_124,0.00012220487749921898,98
pew_w154_diff1_uniform_n208,parenting,125,pew_w154_diff1_uniform_repair_r1_125,0.0025290425058249154,52
pew_w154_diff1_uniform_n208,parenting,126,pew_w154_diff1_uniform_repair_r1_126,0.0001103101223277334,106
pew_w154_diff1_uniform_n208,parenting,127,pew_w154_diff1_uniform_repair_r1_127,0.0008152433608655048,85
pew_w154_diff1_uniform_n208,parenting,128,pew_w154_diff1_uniform_repair_r1_128,0.0009150649576470769,81
pew_w154_diff1_uniform_n208,parenting,129,pew_w154_diff1_uniform_repair_r1_129,0.00012822121337362474,95
pew_w154_diff1_uniform_n208,parenting,130,pew_w154_diff1_uniform_repair_r1_130,0.0001024062428205974,111
pew_w154_diff1_uniform_n208,parenting,131,pew_w154_diff1_uniform_repair_r1_131,0.0010743329063131104,74
pew_w154_diff1_uniform_n208,parenting,132,pew_w154_diff1_uniform_repair_r1_132,5.631259500458923e-05,151
pew_w154_diff1_uniform_n208,parenting,133,pew_w154_diff1_uniform_repair_r1_133,0.0023675014116789836,56
pew_w154_diff1_uniform_n208,parenting,134,pew_w154_diff1_uniform_repair_r1_134,0.0016064063919698154,59
pew_w154_diff1_uniform_n208,parenting,135,pew_w154_diff1_uniform_repair_r1_135,0.00013459117097294577,94
pew_w154_diff1_uniform_n208,parenting,136,pew_w154_diff1_uniform_repair_r1_136,0.001427291119925673,65
pew_w154_diff1_uniform_n208,parenting,137,pew_w154_diff1_uniform_repair_r1_137,0.0010088894523932112,76
pew_w154_diff1_uniform_n208,parenting,138,pew_w154_diff1_uniform_repair_r1_138,3.404513977673643e-05,175
pew_w154_diff1_uniform_n208,parenting,139,pew_w154_diff1_uniform_repair_r1_139,8.856896571474585e-05,123
pew_w154_diff1_uniform_n208,parenting,140,pew_w154_diff1_uniform_repair_r1_140,0.0030487937874651696,49
pew_w154_diff1_uniform_n208,parenting,141,pew_w154_diff1_uniform_repair_r1_141,3.0933790184650504e-05,176
pew_w154_diff1_uniform_n208,parenting,142,pew_w154_diff1_uniform_repair_r1_142,8.222640008115753e-05,129
pew_w154_diff1_uniform_n208,parenting,143,pew_w154_diff1_uniform_repair_r1_143,7.386468805380501e-05,138
pew_w154_diff1_uniform_n208,parenting,144,pew_w154_diff1_uniform_repair_r1_144,0.0007501677303377374,87
pew_w154_diff1_uniform_n208,parenting,145,pew_w154_diff1_uniform_repair_r1_145,0.0012165896816359102,70
pew_w154_diff1_uniform_n208,parenting,146,pew_w154_diff1_uniform_repair_r1_146,0.00011652395795187406,104
pew_w154_diff1_uniform_n208,parenting,147,pew_w154_diff1_uniform_repair_r1_147,9.373296174990452e-05,120
pew_w154_diff1_uniform_n208,parenting,148,pew_w154_diff1_uniform_repair_r1_148,0.00010652139158216503,108
pew_w154_diff1_uniform_n208,parenting,149,pew_w154_diff1_uniform_repair_r1_149,0.0015468704126727559,61
pew_w154_diff1_uniform_n208,parenting,150,pew_w154_diff1_uniform_repair_r1_150,0.00014670616125949228,93
pew_w154_diff1_uniform_n208,parenting,151,pew_w154_diff1_uniform_repair_r1_151,0.001075724697654637,73
pew_w154_diff1_uniform_n208,parenting,152,pew_w154_diff1_uniform_repair_r1_152,2.9926298905324487e-05,179
pew_w154_diff1_uniform_n208,parenting,153,pew_w154_diff1_uniform_repair_r1_153,9.841679730925189e-05,116
pew_w154_diff1_uniform_n208,parenting,154,pew_w154_diff1_uniform_repair_r1_154,0.0007649815295895396,86
pew_w154_diff1_uniform_n208,parenting,155,pew_w154_diff1_uniform_repair_r1_155,5.723516493066752e-05,149
pew_w154_diff1_uniform_n208,parenting,156,pew_w154_diff1_uniform_repair_r1_156,0.00460674896697962,40
pew_w154_diff1_uniform_n208,parenting,157,pew_w154_diff1_uniform_repair_r1_157,7.649067396195934e-05,135
pew_w154_diff1_uniform_n208,parenting,158,pew_w154_diff1_uniform_repair_r1_158,6.31629410017853e-05,142
pew_w154_diff1_uniform_n208,parenting,159,pew_w154_diff1_uniform_repair_r1_159,0.0016132917008012326,58
pew_w154_diff1_uniform_n208,parenting,160,pew_w154_diff1_uniform_repair_r1_160,0.00011770346454712311,103
pew_w154_diff1_uniform_n208,parenting,161,pew_w154_diff1_uniform_repair_r2_161,6.222723184006078e-05,144
pew_w154_diff1_uniform_n208,parenting,162,pew_w154_diff1_uniform_repair_r2_162,5.57476543397219e-05,152
pew_w154_diff1_uniform_n208,parenting,163,pew_w154_diff1_uniform_repair_r2_163,0.0027953070106040575,51
pew_w154_diff1_uniform_n208,parenting,164,pew_w154_diff1_uniform_repair_r2_164,0.0008867125135438165,82
pew_w154_diff1_uniform_n208,parenting,165,pew_w154_diff1_uniform_repair_r2_165,8.206912844103541e-05,130
pew_w154_diff1_uniform_n208,parenting,166,pew_w154_diff1_uniform_repair_r2_166,7.325968485322473e-05,139
pew_w154_diff1_uniform_n208,parenting,167,pew_w154_diff1_uniform_repair_r2_167,9.574414406967174e-05,119
pew_w154_diff1_uniform_n208,parenting,168,pew_w154_diff1_uniform_repair_r2_168,6.177450822565429e-05,145
pew_w154_diff1_uniform_n208,parenting,169,pew_w154_diff1_uniform_repair_r2_169,9.201855222348573e-05,121
pew_w154_diff1_uniform_n208,parenting,170,pew_w154_diff1_uniform_repair_r2_170,4.190608550872047e-05,164
pew_w154_diff1_uniform_n208,parenting,171,pew_w154_diff1_uniform_repair_r2_171,0.0014845200653079323,63
pew_w154_diff1_uniform_n208,parenting,172,pew_w154_diff1_uniform_repair_r2_172,8.852569273306194e-05,124
pew_w154_diff1_uniform_n208,parenting,173,pew_w154_diff1_uniform_repair_r2_173,4.049756184923609e-05,165
pew_w154_diff1_uniform_n208,parenting,174,pew_w154_diff1_uniform_repair_r2_174,0.00010121086790744646,112
pew_w154_diff1_uniform_n208,parenting,175,pew_w154_diff1_uniform_repair_r2_175,9.775686432560976e-05,117
pew_w154_diff1_uniform_n208,parenting,176,pew_w154_diff1_uniform_repair_r2_176,0.0025056650526932905,53
pew_w154_diff1_uniform_n208,parenting,177,pew_w154_diff1_uniform_repair_r2_177,0.0013085213746653424,69
pew_w154_diff1_uniform_n208,parenting,178,pew_w154_diff1_uniform_repair_r2_178,4.342349335486256e-05,163
pew_w154_diff1_uniform_n208,parenting,179,pew_w154_diff1_uniform_repair_r2_179,8.891628569902462e-05,122
pew_w154_diff1_uniform_n208,parenting,180,pew_w154_diff1_uniform_repair_r2_180,0.00011023546074168411,107
pew_w154_diff1_uniform_n208,parenting,181,pew_w154_diff1_uniform_repair_r2_181,0.000113267880521865,105
pew_w154_diff1_uniform_n208,parenting,182,pew_w154_diff1_uniform_repair_r2_182,0.00010423601309720549,110
pew_w154_diff1_uniform_n208,parenting,183,pew_w154_diff1_uniform_repair_r2_183,4.361946106366784e-05,162
pew_w154_diff1_uniform_n208,parenting,184,pew_w154_diff1_uniform_repair_r2_184,9.592515938622124e-05,118
pew_w154_diff1_uniform_n208,parenting,185,pew_w154_diff1_uniform_repair_r2_185,0.0010354048163568501,75
pew_w154_diff1_uniform_n208,parenting,186,pew_w154_diff1_uniform_repair_r2_186,0.0028753988002859815,50
pew_w154_diff1_uniform_n208,parenting,187,pew_w154_diff1_uniform_repair_r2_187,3.946125797762095e-05,169
pew_w154_diff1_uniform_n208,parenting,188,pew_w154_diff1_uniform_repair_r2_188,6.26555623780607e-05,143
pew_w154_diff1_uniform_n208,parenting,189,pew_w154_diff1_uniform_repair_r2_189,3.878195761882059e-05,170
pew_w154_diff1_uniform_n208,parenting,190,pew_w154_diff1_uniform_repair_r2_190,7.729556418745588e-05,134
pew_w154_diff1_uniform_n208,parenting,191,pew_w154_diff1_uniform_repair_r2_191,0.001530292798999723,62
pew_w154_diff1_uniform_n208,parenting,192,pew_w154_diff1_uniform_repair_r2_192,0.0009658759771626602,79
pew_w154_diff1_uniform_n208,parenting,193,pew_w154_diff1_uniform_repair_r2_193,0.0011254339759628335,72
pew_w154_diff1_uniform_n208,parenting,194,pew_w154_diff1_uniform_repair_r2_194,0.0008501061355377328,83
pew_w154_diff1_uniform_n208,parenting,195,pew_w154_diff1_uniform_repair_r2_195,0.0009546078882082768,80
pew_w154_diff1_uniform_n208,parenting,196,pew_w154_diff1_uniform_repair_r2_196,7.462255254277079e-05,136
pew_w154_diff1_uniform_n208,parenting,197,pew_w154_diff1_uniform_repair_r2_197,4.453650294390876e-05,161
pew_w154_diff1_uniform_n208,parenting,198,pew_w154_diff1_uniform_repair_r2_198,0.0005607425589170461,91
pew_w154_diff1_uniform_n208,parenting,199,pew_w154_diff1_uniform_repair_r2_199,0.00011882852813219987,101
pew_w154_diff1_uniform_n208,parenting,200,pew_w154_diff1_uniform_repair_r2_200,0.0012051631771144284,71
pew_w154_diff1_uniform_n208,parenting,201,pew_w154_diff1_uniform_repair_r2_201,0.0015755824755122956,60
pew_w154_diff1_uniform_n208,parenting,202,pew_w154_diff1_uniform_repair_r2_202,9.960806205505761e-05,114
pew_w154_diff1_uniform_n208,parenting,203,pew_w154_diff1_uniform_repair_r2_203,0.0005653962472343685,90
pew_w154_diff1_uniform_n208,parenting,204,pew_w154_diff1_uniform_repair_r2_204,8.01088581101308e-05,131
pew_w154_diff1_uniform_n208,parenting,205,pew_w154_diff1_uniform_repair_r2_205,0.00011815765062109018,102
pew_w154_diff1_uniform_n208,parenting,206,pew_w154_diff1_uniform_repair_r2_206,0.001400870935066716,66
pew_w154_diff1_uniform_n208,parenting,207,pew_w154_diff1_uniform_repair_r2_207,5.786385478184278e-05,147
pew_w154_diff1_uniform_n208,parenting,208,pew_w154_diff1_uniform_repair_r2_208,0.00012035277863018587,100
pew_w154_diff1_uniform_n208,feelings,1,pew_w154_diff1_uniform_n96_001,0.00014043215184619145,206
pew_w154_diff1_uniform_n208,feelings,2,pew_w154_diff1_uniform_n96_002,0.00022662028963328268,198
pew_w154_diff1_uniform_n208,feelings,3,pew_w154_diff1_uniform_n96_003,0.00017647699279767538,201
pew_w154_diff1_uniform_n208,feelings,4,pew_w154_diff1_uniform_n96_004,0.00014853217537617104,204
pew_w154_diff1_uniform_n208,feelings,5,pew_w154_diff1_uniform_n96_005,0.0015197892404443087,143
pew_w154_diff1_uniform_n208,feelings,6,pew_w154_diff1_uniform_n96_006,0.00089537754842891,175
pew_w154_diff1_uniform_n208,feelings,7,pew_w154_diff1_uniform_n96_007,0.0013774195288630165,147
pew_w154_diff1_uniform_n208,feelings,8,pew_w154_diff1_uniform_n96_008,0.0009948139850217684,165
pew_w154_diff1_uniform_n208,feelings,9,pew_w154_diff1_uniform_n96_009,0.0020036183207472794,114
pew_w154_diff1_uniform_n208,feelings,10,pew_w154_diff1_uniform_n96_010,0.0012492933841688452,157
pew_w154_diff1_uniform_n208,feelings,11,pew_w154_diff1_uniform_n96_011,0.002324382182307429,92
pew_w154_diff1_uniform_n208,feelings,12,pew_w154_diff1_uniform_n96_012,0.0016365196969485931,130
pew_w154_diff1_uniform_n208,feelings,13,pew_w154_diff1_uniform_n96_013,0.009772150811526605,18
pew_w154_diff1_uniform_n208,feelings,14,pew_w154_diff1_uniform_n96_014,0.007448185833795851,28
pew_w154_diff1_uniform_n208,feelings,15,pew_w154_diff1_uniform_n96_015,0.012148351067221093,14
pew_w154_diff1_uniform_n208,feelings,16,pew_w154_diff1_uniform_n96_016,0.008841211760821581,21
pew_w154_diff1_uniform_n208,feelings,17,pew_w154_diff1_uniform_n96_017,0.0004049155296615108,195
pew_w154_diff1_uniform_n208,feelings,18,pew_w154_diff1_uniform_n96_018,0.0004886690161716901,190
pew_w154_diff1_uniform_n208,feelings,19,pew_w154_diff1_uniform_n96_019,0.0005929552553652533,186
pew_w154_diff1_uniform_n208,feelings,20,pew_w154_diff1_uniform_n96_020,0.0003283109123911502,196
pew_w154_diff1_uniform_n208,feelings,21,pew_w154_diff1_uniform_n96_021,0.0036233481716507103,56
pew_w154_diff1_uniform_n208,feelings,22,pew_w154_diff1_uniform_n96_022,0.002650729964185039,77
pew_w154_diff1_uniform_n208,feelings,23,pew_w154_diff1_uniform_n96_023,0.0034953808275837678,58
pew_w154_diff1_uniform_n208,feelings,24,pew_w154_diff1_uniform_n96_024,0.0023556689073950692,91
pew_w154_diff1_uniform_n208,feelings,25,pew_w154_diff1_uniform_n96_025,0.006050055249591327,33
pew_w154_diff1_uniform_n208,feelings,26,pew_w154_diff1_uniform_n96_026,0.004426296862012878,51
pew_w154_diff1_uniform_n208,feelings,27,pew_w154_diff1_uniform_n96_027,0.006296144759052728,31
pew_w154_diff1_uniform_n208,feelings,28,pew_w154_diff1_uniform_n96_028,0.004447807946351732,50
pew_w154_diff1_uniform_n208,feelings,29,pew_w154_diff1_uniform_n96_029,0.04420707158653216,4
pew_w154_diff1_uniform_n208,feelings,30,pew_w154_diff1_uniform_n96_030,0.029216241424971198,11
pew_w154_diff1_uniform_n208,feelings,31,pew_w154_diff1_uniform_n96_031,0.047456665363806994,2
pew_w154_diff1_uniform_n208,feelings,32,pew_w154_diff1_uniform_n96_032,0.03244320478745364,8
pew_w154_diff1_uniform_n208,feelings,33,pew_w154_diff1_uniform_n96_033,0.00018744143559400785,199
pew_w154_diff1_uniform_n208,feelings,34,pew_w154_diff1_uniform_n96_034,0.0001319422071747306,207
pew_w154_diff1_uniform_n208,feelings,35,pew_w154_diff1_uniform_n96_035,0.00023104880909238616,197
pew_w154_diff1_uniform_n208,feelings,36,pew_w154_diff1_uniform_n96_036,7.817790815689351e-05,208
pew_w154_diff1_uniform_n208,feelings,37,pew_w154_diff1_uniform_n96_037,0.001590262322370282,136
pew_w154_diff1_uniform_n208,feelings,38,pew_w154_diff1_uniform_n96_038,0.0013418520162847235,150
pew_w154_diff1_uniform_n208,feelings,39,pew_w154_diff1_uniform_n96_039,0.001705364458058219,127
pew_w154_diff1_uniform_n208,feelings,40,pew_w154_diff1_uniform_n96_040,0.001049608130018063,163
pew_w154_diff1_uniform_n208,feelings,41,pew_w154_diff1_uniform_n96_041,0.0019614592213744305,116
pew_w154_diff1_uniform_n208,feelings,42,pew_w154_diff1_uniform_n96_042,0.0017171544807200753,126
pew_w154_diff1_uniform_n208,feelings,43,pew_w154_diff1_uniform_n96_043,0.002078101755269629,110
pew_w154_diff1_uniform_n208,feelings,44,pew_w154_diff1_uniform_n96_044,0.0016318679518009447,131
pew_w154_diff1_uniform_n208,feelings,45,pew_w154_diff1_uniform_n96_045,0.011652468670184738,15
pew_w154_diff1_uniform_n208,feelings,46,pew_w154_diff1_uniform_n96_046,0.00945698252743005,19
pew_w154_diff1_uniform_n208,feelings,47,pew_w154_diff1_uniform_n96_047,0.01128581575238964,17
pew_w154_diff1_uniform_n208,feelings,48,pew_w154_diff1_uniform_n96_048,0.00894143888167568,20
pew_w154_diff1_uniform_n208,feelings,49,pew_w154_diff1_uniform_n96_049,0.0006732330788438427,184
pew_w154_diff1_uniform_n208,feelings,50,pew_w154_diff1_uniform_n96_050,0.0005021284657615956,188
pew_w154_diff1_uniform_n208,feelings,51,pew_w154_diff1_uniform_n96_051,0.0005893030483470124,187
pew_w154_diff1_uniform_n208,feelings,52,pew_w154_diff1_uniform_n96_052,0.0004654105219073515,192
pew_w154_diff1_uniform_n208,feelings,53,pew_w154_diff1_uniform_n96_053,0.0034400929182693673,61
pew_w154_diff1_uniform_n208,feelings,54,pew_w154_diff1_uniform_n96_054,0.0021599095447052854,107
pew_w154_diff1_uniform_n208,feelings,55,pew_w154_diff1_uniform_n96_055,0.003681544356215647,55
pew_w154_diff1_uniform_n208,feelings,56,pew_w154_diff1_uniform_n96_056,0.0023875519483063383,87
pew_w154_diff1_uniform_n208,feelings,57,pew_w154_diff1_uniform_n96_057,0.005622974306873053,36
pew_w154_diff1_uniform_n208,feelings,58,pew_w154_diff1_uniform_n96_058,0.004878618839124807,45
pew_w154_diff1_uniform_n208,feelings,59,pew_w154_diff1_uniform_n96_059,0.006616323183899761,29
pew_w154_diff1_uniform_n208,feelings,60,pew_w154_diff1_uniform_n96_060,0.00498198465536144,44
pew_w154_diff1_uniform_n208,feelings,61,pew_w154_diff1_uniform_n96_061,0.04420707158653216,3
pew_w154_diff1_uniform_n208,feelings,62,pew_w154_diff1_uniform_n96_062,0.030767618475606436,10
pew_w154_diff1_uniform_n208,feelings,63,pew_w154_diff1_uniform_n96_063,0.043984961303175585,5
pew_w154_diff1_uniform_n208,feelings,64,pew_w154_diff1_uniform_n96_064,0.03892144283295622,7
pew_w154_diff1_uniform_n208,feelings,65,pew_w154_diff1_uniform_n96_065,0.00015558861444741825,203
pew_w154_diff1_uniform_n208,feelings,66,pew_w154_diff1_uniform_n96_066,0.00017147917339066095,202
pew_w154_diff1_uniform_n208,feelings,67,pew_w154_diff1_uniform_n96_067,0.00017845199697118913,200
pew_w154_diff1_uniform_n208,feelings,68,pew_w154_diff1_uniform_n96_068,0.00014727699306120706,205
pew_w154_diff1_uniform_n208,feelings,69,pew_w154_diff1_uniform_n96_069,0.0015983549203466298,134
pew_w154_diff1_uniform_n208,feelings,70,pew_w154_diff1_uniform_n96_070,0.0010594456933632908,162
pew_w154_diff1_uniform_n208,feelings,71,pew_w154_diff1_uniform_n96_071,0.0014674510774236836,145
pew_w154_diff1_uniform_n208,feelings,72,pew_w154_diff1_uniform_n96_072,0.0015443056908578108,141
pew_w154_diff1_uniform_n208,feelings,73,pew_w154_diff1_uniform_n96_073,0.0018880259457386944,119
pew_w154_diff1_uniform_n208,feelings,74,pew_w154_diff1_uniform_n96_074,0.0016903400991159468,128
pew_w154_diff1_uniform_n208,feelings,75,pew_w154_diff1_uniform_n96_075,0.0017509349015916657,124
pew_w154_diff1_uniform_n208,feelings,76,pew_w154_diff1_uniform_n96_076,0.0018348370690312627,120
pew_w154_diff1_uniform_n208,feelings,77,pew_w154_diff1_uniform_n96_077,0.01149867168986868,16
pew_w154_diff1_uniform_n208,feelings,78,pew_w154_diff1_uniform_n96_078,0.007714783294890817,26
pew_w154_diff1_uniform_n208,feelings,79,pew_w154_diff1_uniform_n96_079,0.012276525512877036,13
pew_w154_diff1_uniform_n208,feelings,80,pew_w154_diff1_uniform_n96_080,0.008549859892566748,22
pew_w154_diff1_uniform_n208,feelings,81,pew_w154_diff1_uniform_n96_081,0.0004262620043876682,194
pew_w154_diff1_uniform_n208,feelings,82,pew_w154_diff1_uniform_n96_082,0.0004619243940455132,193
pew_w154_diff1_uniform_n208,feelings,83,pew_w154_diff1_uniform_n96_083,0.0004891917390049108,189
pew_w154_diff1_uniform_n208,feelings,84,pew_w154_diff1_uniform_n96_084,0.0004654105219073515,191
pew_w154_diff1_uniform_n208,feelings,85,pew_w154_diff1_uniform_n96_085,0.0030264488044158314,66
pew_w154_diff1_uniform_n208,feelings,86,pew_w154_diff1_uniform_n96_086,0.0022576066071235404,100
pew_w154_diff1_uniform_n208,feelings,87,pew_w154_diff1_uniform_n96_087,0.003207840525965438,64
pew_w154_diff1_uniform_n208,feelings,88,pew_w154_diff1_uniform_n96_088,0.0023715762124120266,88
pew_w154_diff1_uniform_n208,feelings,89,pew_w154_diff1_uniform_n96_089,0.00563341206386971,35
pew_w154_diff1_uniform_n208,feelings,90,pew_w154_diff1_uniform_n96_090,0.0035480294733348573,57
pew_w154_diff1_uniform_n208,feelings,91,pew_w154_diff1_uniform_n96_091,0.006063669939776758,32
pew_w154_diff1_uniform_n208,feelings,92,pew_w154_diff1_uniform_n96_092,0.005012350921210492,42
pew_w154_diff1_uniform_n208,feelings,93,pew_w154_diff1_uniform_n96_093,0.03079971225519694,9
pew_w154_diff1_uniform_n208,feelings,94,pew_w154_diff1_uniform_n96_094,0.019478882884860136,12
pew_w154_diff1_uniform_n208,feelings,95,pew_w154_diff1_uniform_n96_095,0.054814958017259906,1
pew_w154_diff1_uniform_n208,feelings,96,pew_w154_diff1_uniform_n96_096,0.03930946672238057,6
pew_w154_diff1_uniform_n208,feelings,97,pew_w154_diff1_uniform_repair_r1_097,0.0008731962037798448,176
pew_w154_diff1_uniform_n208,feelings,98,pew_w154_diff1_uniform_repair_r1_098,0.0023952206904927944,85
pew_w154_diff1_uniform_n208,feelings,99,pew_w154_diff1_uniform_repair_r1_099,0.0017414340005247077,125
pew_w154_diff1_uniform_n208,feelings,100,pew_w154_diff1_uniform_repair_r1_100,0.0028689208592824673,73
pew_w154_diff1_uniform_n208,feelings,101,pew_w154_diff1_uniform_repair_r1_101,0.0029867098476688567,68
pew_w154_diff1_uniform_n208,feelings,102,pew_w154_diff1_uniform_repair_r1_102,0.0008637703626701606,177
pew_w154_diff1_uniform_n208,feelings,103,pew_w154_diff1_uniform_repair_r1_103,0.004468355083092034,49
pew_w154_diff1_uniform_n208,feelings,104,pew_w154_diff1_uniform_repair_r1_104,0.0007567169084684538,182
pew_w154_diff1_uniform_n208,feelings,105,pew_w154_diff1_uniform_repair_r1_105,0.0012999465881189615,152
pew_w154_diff1_uniform_n208,feelings,106,pew_w154_diff1_uniform_repair_r1_106,0.003958017161448686,52
pew_w154_diff1_uniform_n208,feelings,107,pew_w154_diff1_uniform_repair_r1_107,0.002362032894796637,90
pew_w154_diff1_uniform_n208,feelings,108,pew_w154_diff1_uniform_repair_r1_108,0.002571521549285471,80
pew_w154_diff1_uniform_n208,feelings,109,pew_w154_diff1_uniform_repair_r1_109,0.002700135770560576,76
pew_w154_diff1_uniform_n208,feelings,110,pew_w154_diff1_uniform_repair_r1_110,0.001477915671116135,144
pew_w154_diff1_uniform_n208,feelings,111,pew_w154_diff1_uniform_repair_r1_111,0.0009805480563170074,168
pew_w154_diff1_uniform_n208,feelings,112,pew_w154_diff1_uniform_repair_r1_112,0.002310667907826952,95
pew_w154_diff1_uniform_n208,feelings,113,pew_w154_diff1_uniform_repair_r1_113,0.0006790820245663362,183
pew_w154_diff1_uniform_n208,feelings,114,pew_w154_diff1_uniform_repair_r1_114,0.007816180277934843,25
pew_w154_diff1_uniform_n208,feelings,115,pew_w154_diff1_uniform_repair_r1_115,0.0023165968015599644,93
pew_w154_diff1_uniform_n208,feelings,116,pew_w154_diff1_uniform_repair_r1_116,0.007854786607045623,24
pew_w154_diff1_uniform_n208,feelings,117,pew_w154_diff1_uniform_repair_r1_117,0.0022255654163954824,101
pew_w154_diff1_uniform_n208,feelings,118,pew_w154_diff1_uniform_repair_r1_118,0.005960609441870938,34
pew_w154_diff1_uniform_n208,feelings,119,pew_w154_diff1_uniform_repair_r1_119,0.001584111585949049,138
pew_w154_diff1_uniform_n208,feelings,120,pew_w154_diff1_uniform_repair_r1_120,0.0015687326685041437,139
pew_w154_diff1_uniform_n208,feelings,121,pew_w154_diff1_uniform_repair_r1_121,0.0010429592754802454,164
pew_w154_diff1_uniform_n208,feelings,122,pew_w154_diff1_uniform_repair_r1_122,0.0022828723997356305,99
pew_w154_diff1_uniform_n208,feelings,123,pew_w154_diff1_uniform_repair_r1_123,0.0013144827841997844,151
pew_w154_diff1_uniform_n208,feelings,124,pew_w154_diff1_uniform_repair_r1_124,0.0030247792464595333,67
pew_w154_diff1_uniform_n208,feelings,125,pew_w154_diff1_uniform_repair_r1_125,0.0045991443699720256,46
pew_w154_diff1_uniform_n208,feelings,126,pew_w154_diff1_uniform_repair_r1_126,0.0031164549604706295,65
pew_w154_diff1_uniform_n208,feelings,127,pew_w154_diff1_uniform_repair_r1_127,0.0012742585247678127,153
pew_w154_diff1_uniform_n208,feelings,128,pew_w154_diff1_uniform_repair_r1_128,0.0015841384065293845,137
pew_w154_diff1_uniform_n208,feelings,129,pew_w154_diff1_uniform_repair_r1_129,0.002543379375355667,82
pew_w154_diff1_uniform_n208,feelings,130,pew_w154_diff1_uniform_repair_r1_130,0.0022999602753443742,97
pew_w154_diff1_uniform_n208,feelings,131,pew_w154_diff1_uniform_repair_r1_131,0.0016112141007706563,133
pew_w154_diff1_uniform_n208,feelings,132,pew_w154_diff1_uniform_repair_r1_132,0.002013263356343725,112
pew_w154_diff1_uniform_n208,feelings,133,pew_w154_diff1_uniform_repair_r1_133,0.006508870317004305,30
pew_w154_diff1_uniform_n208,feelings,134,pew_w154_diff1_uniform_repair_r1_134,0.003933869852286799,53
pew_w154_diff1_uniform_n208,feelings,135,pew_w154_diff1_uniform_repair_r1_135,0.003482721049726737,60
pew_w154_diff1_uniform_n208,feelings,136,pew_w154_diff1_uniform_repair_r1_136,0.0012360230721816356,158
pew_w154_diff1_uniform_n208,feelings,137,pew_w154_diff1_uniform_repair_r1_137,0.001787016748974749,123
pew_w154_diff1_uniform_n208,feelings,138,pew_w154_diff1_uniform_repair_r1_138,0.0008415965774352869,179
pew_w154_diff1_uniform_n208,feelings,139,pew_w154_diff1_uniform_repair_r1_139,0.0027369335407919494,75
pew_w154_diff1_uniform_n208,feelings,140,pew_w154_diff1_uniform_repair_r1_140,0.00843965318934914,23
pew_w154_diff1_uniform_n208,feelings,141,pew_w154_diff1_uniform_repair_r1_141,0.001592786949800209,135
pew_w154_diff1_uniform_n208,feelings,142,pew_w154_diff1_uniform_repair_r1_142,0.0013547511930393995,149
pew_w154_diff1_uniform_n208,feelings,143,pew_w154_diff1_uniform_repair_r1_143,0.002609486949824379,79
pew_w154_diff1_uniform_n208,feelings,144,pew_w154_diff1_uniform_repair_r1_144,0.0016257810509641662,132
pew_w154_diff1_uniform_n208,feelings,145,pew_w154_diff1_uniform_repair_r1_145,0.001453002221202431,146
pew_w154_diff1_uniform_n208,feelings,146,pew_w154_diff1_uniform_repair_r1_146,0.0032494690605137043,63
pew_w154_diff1_uniform_n208,feelings,147,pew_w154_diff1_uniform_repair_r1_147,0.0032919800060616515,62
pew_w154_diff1_uniform_n208,feelings,148,pew_w154_diff1_uniform_repair_r1_148,0.005533286520304748,37
pew_w154_diff1_uniform_n208,feelings,149,pew_w154_diff1_uniform_repair_r1_149,0.001117527778136049,160
pew_w154_diff1_uniform_n208,feelings,150,pew_w154_diff1_uniform_repair_r1_150,0.003482721049726737,59
pew_w154_diff1_uniform_n208,feelings,151,pew_w154_diff1_uniform_repair_r1_151,0.0021776040889972597,105
pew_w154_diff1_uniform_n208,feelings,152,pew_w154_diff1_uniform_repair_r1_152,0.0007922367110866058,180
pew_w154_diff1_uniform_n208,feelings,153,pew_w154_diff1_uniform_repair_r1_153,0.0021540231353088103,108
pew_w154_diff1_uniform_n208,feelings,154,pew_w154_diff1_uniform_repair_r1_154,0.0009496035237726536,170
pew_w154_diff1_uniform_n208,feelings,155,pew_w154_diff1_uniform_repair_r1_155,0.00219893780508484,104
pew_w154_diff1_uniform_n208,feelings,156,pew_w154_diff1_uniform_repair_r1_156,0.005474791672504223,39
pew_w154_diff1_uniform_n208,feelings,157,pew_w154_diff1_uniform_repair_r1_157,0.0012297738027170321,159
pew_w154_diff1_uniform_n208,feelings,158,pew_w154_diff1_uniform_repair_r1_158,0.0022024793903187407,103
pew_w154_diff1_uniform_n208,feelings,159,pew_w154_diff1_uniform_repair_r1_159,0.002837749708258641,74
pew_w154_diff1_uniform_n208,feelings,160,pew_w154_diff1_uniform_repair_r1_160,0.002438938135743057,83
pew_w154_diff1_uniform_n208,feelings,161,pew_w154_diff1_uniform_repair_r2_161,0.0023079234618330656,96
pew_w154_diff1_uniform_n208,feelings,162,pew_w154_diff1_uniform_repair_r2_162,0.0011073251818093778,161
pew_w154_diff1_uniform_n208,feelings,163,pew_w154_diff1_uniform_repair_r2_163,0.005527282248308099,38
pew_w154_diff1_uniform_n208,feelings,164,pew_w154_diff1_uniform_repair_r2_164,0.0012556398046258217,155
pew_w154_diff1_uniform_n208,feelings,165,pew_w154_diff1_uniform_repair_r2_165,0.0021513099468331545,109
pew_w154_diff1_uniform_n208,feelings,166,pew_w154_diff1_uniform_repair_r2_166,0.0022928020314892496,98
pew_w154_diff1_uniform_n208,feelings,167,pew_w154_diff1_uniform_repair_r2_167,0.002166750178232818,106
pew_w154_diff1_uniform_n208,feelings,168,pew_w154_diff1_uniform_repair_r2_168,0.002224226249674167,102
pew_w154_diff1_uniform_n208,feelings,169,pew_w154_diff1_uniform_repair_r2_169,0.0029542973971568506,70
pew_w154_diff1_uniform_n208,feelings,170,pew_w154_diff1_uniform_repair_r2_170,0.0007841849551202378,181
pew_w154_diff1_uniform_n208,feelings,171,pew_w154_diff1_uniform_repair_r2_171,0.001684820460446148,129
pew_w154_diff1_uniform_n208,feelings,172,pew_w154_diff1_uniform_repair_r2_172,0.0012713413406987089,154
pew_w154_diff1_uniform_n208,feelings,173,pew_w154_diff1_uniform_repair_r2_173,0.0009034967744445504,173
pew_w154_diff1_uniform_n208,feelings,174,pew_w154_diff1_uniform_repair_r2_174,0.0020379261510514047,111
pew_w154_diff1_uniform_n208,feelings,175,pew_w154_diff1_uniform_repair_r2_175,0.004517188261308109,47
pew_w154_diff1_uniform_n208,feelings,176,pew_w154_diff1_uniform_repair_r2_176,0.005455507454345284,40
pew_w154_diff1_uniform_n208,feelings,177,pew_w154_diff1_uniform_repair_r2_177,0.0019011714136298924,118
pew_w154_diff1_uniform_n208,feelings,178,pew_w154_diff1_uniform_repair_r2_178,0.0009311295337040229,171
pew_w154_diff1_uniform_n208,feelings,179,pew_w154_diff1_uniform_repair_r2_179,0.0013623546583093637,148
pew_w154_diff1_uniform_n208,feelings,180,pew_w154_diff1_uniform_repair_r2_180,0.0029201556698209208,71
pew_w154_diff1_uniform_n208,feelings,181,pew_w154_diff1_uniform_repair_r2_181,0.0023710370844496243,89
pew_w154_diff1_uniform_n208,feelings,182,pew_w154_diff1_uniform_repair_r2_182,0.007540695328023743,27
pew_w154_diff1_uniform_n208,feelings,183,pew_w154_diff1_uniform_repair_r2_183,0.0008990659905565436,174
pew_w154_diff1_uniform_n208,feelings,184,pew_w154_diff1_uniform_repair_r2_184,0.002880181205750891,72
pew_w154_diff1_uniform_n208,feelings,185,pew_w154_diff1_uniform_repair_r2_185,0.0009896748798569734,166
pew_w154_diff1_uniform_n208,feelings,186,pew_w154_diff1_uniform_repair_r2_186,0.005373875902437872,41
pew_w154_diff1_uniform_n208,feelings,187,pew_w154_diff1_uniform_repair_r2_187,0.0019132727342115116,117
pew_w154_diff1_uniform_n208,feelings,188,pew_w154_diff1_uniform_repair_r2_188,0.0009891750887636172,167
pew_w154_diff1_uniform_n208,feelings,189,pew_w154_diff1_uniform_repair_r2_189,0.0018257477095260455,122
pew_w154_diff1_uniform_n208,feelings,190,pew_w154_diff1_uniform_repair_r2_190,0.002005051594720492,113
pew_w154_diff1_uniform_n208,feelings,191,pew_w154_diff1_uniform_repair_r2_191,0.0025614110300317045,81
pew_w154_diff1_uniform_n208,feelings,192,pew_w154_diff1_uniform_repair_r2_192,0.001520760173952693,142
pew_w154_diff1_uniform_n208,feelings,193,pew_w154_diff1_uniform_repair_r2_193,0.002426586452169828,84
pew_w154_diff1_uniform_n208,feelings,194,pew_w154_diff1_uniform_repair_r2_194,0.0009183631184689854,172
pew_w154_diff1_uniform_n208,feelings,195,pew_w154_diff1_uniform_repair_r2_195,0.0019711050664454536,115
pew_w154_diff1_uniform_n208,feelings,196,pew_w154_diff1_uniform_repair_r2_196,0.001251889719188939,156
pew_w154_diff1_uniform_n208,feelings,197,pew_w154_diff1_uniform_repair_r2_197,0.0018343478816241268,121
pew_w154_diff1_uniform_n208,feelings,198,pew_w154_diff1_uniform_repair_r2_198,0.000672203324501829,185
pew_w154_diff1_uniform_n208,feelings,199,pew_w154_diff1_uniform_repair_r2_199,0.005012241584508566,43
pew_w154_diff1_uniform_n208,feelings,200,pew_w154_diff1_uniform_repair_r2_200,0.0015563595832637598,140
pew_w154_diff1_uniform_n208,feelings,201,pew_w154_diff1_uniform_repair_r2_201,0.0029542973971568506,69
pew_w154_diff1_uniform_n208,feelings,202,pew_w154_diff1_uniform_repair_r2_202,0.004468593526843957,48
pew_w154_diff1_uniform_n208,feelings,203,pew_w154_diff1_uniform_repair_r2_203,0.0008502454134391084,178
pew_w154_diff1_uniform_n208,feelings,204,pew_w154_diff1_uniform_repair_r2_204,0.0023952206904927944,86
pew_w154_diff1_uniform_n208,feelings,205,pew_w154_diff1_uniform_repair_r2_205,0.0039145929648962885,54
pew_w154_diff1_uniform_n208,feelings,206,pew_w154_diff1_uniform_repair_r2_206,0.002612918158188334,78
pew_w154_diff1_uniform_n208,feelings,207,pew_w154_diff1_uniform_repair_r2_207,0.00095618354800898,169
pew_w154_diff1_uniform_n208,feelings,208,pew_w154_diff1_uniform_repair_r2_208,0.002315900339557565,94
pew_w154_diff1_uniform_n208,workplace,1,pew_w154_diff1_uniform_n96_001,1.7443470645060536e-07,208
pew_w154_diff1_uniform_n208,workplace,2,pew_w154_diff1_uniform_n96_002,1.7934243355042441e-06,203
pew_w154_diff1_uniform_n208,workplace,3,pew_w154_diff1_uniform_n96_003,0.0032103666321283554,51
pew_w154_diff1_uniform_n208,workplace,4,pew_w154_diff1_uniform_n96_004,0.002746166595250951,54
pew_w154_diff1_uniform_n208,workplace,5,pew_w154_diff1_uniform_n96_005,8.54931838403484e-06,200
pew_w154_diff1_uniform_n208,workplace,6,pew_w154_diff1_uniform_n96_006,1.010111030086007e-05,199
pew_w154_diff1_uniform_n208,workplace,7,pew_w154_diff1_uniform_n96_007,0.0043511502622386854,39
pew_w154_diff1_uniform_n208,workplace,8,pew_w154_diff1_uniform_n96_008,0.007822074461734283,29
pew_w154_diff1_uniform_n208,workplace,9,pew_w154_diff1_uniform_n96_009,2.8756619258291056e-05,185
pew_w154_diff1_uniform_n208,workplace,10,pew_w154_diff1_uniform_n96_010,1.2322359262306485e-05,197
pew_w154_diff1_uniform_n208,workplace,11,pew_w154_diff1_uniform_n96_011,0.008843899217258935,27
pew_w154_diff1_uniform_n208,workplace,12,pew_w154_diff1_uniform_n96_012,0.010683345630601216,20
pew_w154_diff1_uniform_n208,workplace,13,pew_w154_diff1_uniform_n96_013,8.887014863222973e-05,146
pew_w154_diff1_uniform_n208,workplace,14,pew_w154_diff1_uniform_n96_014,8.736392433931464e-05,147
pew_w154_diff1_uniform_n208,workplace,15,pew_w154_diff1_uniform_n96_015,0.025986406621827645,10
pew_w154_diff1_uniform_n208,workplace,16,pew_w154_diff1_uniform_n96_016,0.026434152985716355,9
pew_w154_diff1_uniform_n208,workplace,17,pew_w154_diff1_uniform_n96_017,2.760571916783388e-06,202
pew_w154_diff1_uniform_n208,workplace,18,pew_w154_diff1_uniform_n96_018,1.37519828954414e-05,193
pew_w154_diff1_uniform_n208,workplace,19,pew_w154_diff1_uniform_n96_019,0.005981016967041664,32
pew_w154_diff1_uniform_n208,workplace,20,pew_w154_diff1_uniform_n96_020,0.005140411071476985,36
pew_w154_diff1_uniform_n208,workplace,21,pew_w154_diff1_uniform_n96_021,3.6583130085017524e-05,180
pew_w154_diff1_uniform_n208,workplace,22,pew_w154_diff1_uniform_n96_022,4.781179134207902e-05,167
pew_w154_diff1_uniform_n208,workplace,23,pew_w154_diff1_uniform_n96_023,0.009099699505519249,25
pew_w154_diff1_uniform_n208,workplace,24,pew_w154_diff1_uniform_n96_024,0.007111267386312677,30
pew_w154_diff1_uniform_n208,workplace,25,pew_w154_diff1_uniform_n96_025,7.080163921478068e-05,154
pew_w154_diff1_uniform_n208,workplace,26,pew_w154_diff1_uniform_n96_026,6.194116571182434e-05,160
pew_w154_diff1_uniform_n208,workplace,27,pew_w154_diff1_uniform_n96_027,0.01416379228066314,16
pew_w154_diff1_uniform_n208,workplace,28,pew_w154_diff1_uniform_n96_028,0.02276205452072476,14
pew_w154_diff1_uniform_n208,workplace,29,pew_w154_diff1_uniform_n96_029,4.274579479453302e-05,170
pew_w154_diff1_uniform_n208,workplace,30,pew_w154_diff1_uniform_n96_030,4.232852831579731e-05,171
pew_w154_diff1_uniform_n208,workplace,31,pew_w154_diff1_uniform_n96_031,0.06586591991331739,5
pew_w154_diff1_uniform_n208,workplace,32,pew_w154_diff1_uniform_n96_032,0.06735751565047197,4
pew_w154_diff1_uniform_n208,workplace,33,pew_w154_diff1_uniform_n96_033,3.808025052799418e-07,206
pew_w154_diff1_uniform_n208,workplace,34,pew_w154_diff1_uniform_n96_034,3.842344719178257e-07,205
pew_w154_diff1_uniform_n208,workplace,35,pew_w154_diff1_uniform_n96_035,0.003276759312387606,50
pew_w154_diff1_uniform_n208,workplace,36,pew_w154_diff1_uniform_n96_036,0.0006359449176767986,92
pew_w154_diff1_uniform_n208,workplace,37,pew_w154_diff1_uniform_n96_037,1.563653795694271e-05,192
pew_w154_diff1_uniform_n208,workplace,38,pew_w154_diff1_uniform_n96_038,5.984414202776266e-05,164
pew_w154_diff1_uniform_n208,workplace,39,pew_w154_diff1_uniform_n96_039,0.0045249641778002895,37
pew_w154_diff1_uniform_n208,workplace,40,pew_w154_diff1_uniform_n96_040,0.005909471858725394,33
pew_w154_diff1_uniform_n208,workplace,41,pew_w154_diff1_uniform_n96_041,2.0904414304485015e-05,191
pew_w154_diff1_uniform_n208,workplace,42,pew_w154_diff1_uniform_n96_042,3.702166178916411e-05,179
pew_w154_diff1_uniform_n208,workplace,43,pew_w154_diff1_uniform_n96_043,0.013359461045730922,17
pew_w154_diff1_uniform_n208,workplace,44,pew_w154_diff1_uniform_n96_044,0.010683145228958257,21
pew_w154_diff1_uniform_n208,workplace,45,pew_w154_diff1_uniform_n96_045,5.395218945864995e-05,165
pew_w154_diff1_uniform_n208,workplace,46,pew_w154_diff1_uniform_n96_046,3.987425849940402e-05,172
pew_w154_diff1_uniform_n208,workplace,47,pew_w154_diff1_uniform_n96_047,0.025400828970766533,11
pew_w154_diff1_uniform_n208,workplace,48,pew_w154_diff1_uniform_n96_048,0.033158197117862415,7
pew_w154_diff1_uniform_n208,workplace,49,pew_w154_diff1_uniform_n96_049,1.1296070103888125e-05,198
pew_w154_diff1_uniform_n208,workplace,50,pew_w154_diff1_uniform_n96_050,1.3496575481094418e-05,194
pew_w154_diff1_uniform_n208,workplace,51,pew_w154_diff1_uniform_n96_051,0.004105191964388144,42
pew_w154_diff1_uniform_n208,workplace,52,pew_w154_diff1_uniform_n96_052,0.003985167509005086,43
pew_w154_diff1_uniform_n208,workplace,53,pew_w154_diff1_uniform_n96_053,3.8213675280822e-05,175
pew_w154_diff1_uniform_n208,workplace,54,pew_w154_diff1_uniform_n96_054,3.277730773888119e-05,184
pew_w154_diff1_uniform_n208,workplace,55,pew_w154_diff1_uniform_n96_055,0.010801234658960586,19
pew_w154_diff1_uniform_n208,workplace,56,pew_w154_diff1_uniform_n96_056,0.01492439371320591,15
pew_w154_diff1_uniform_n208,workplace,57,pew_w154_diff1_uniform_n96_057,3.9548905026616774e-05,173
pew_w154_diff1_uniform_n208,workplace,58,pew_w154_diff1_uniform_n96_058,6.323042270811125e-05,159
pew_w154_diff1_uniform_n208,workplace,59,pew_w154_diff1_uniform_n96_059,0.009019244493762476,26
pew_w154_diff1_uniform_n208,workplace,60,pew_w154_diff1_uniform_n96_060,0.03187209496309553,8
pew_w154_diff1_uniform_n208,workplace,61,pew_w154_diff1_uniform_n96_061,4.274579479453302e-05,169
pew_w154_diff1_uniform_n208,workplace,62,pew_w154_diff1_uniform_n96_062,3.4703343110578045e-05,182
pew_w154_diff1_uniform_n208,workplace,63,pew_w154_diff1_uniform_n96_063,0.059062929492023825,6
pew_w154_diff1_uniform_n208,workplace,64,pew_w154_diff1_uniform_n96_064,0.09253635003068841,2
pew_w154_diff1_uniform_n208,workplace,65,pew_w154_diff1_uniform_n96_065,2.414216771788746e-07,207
pew_w154_diff1_uniform_n208,workplace,66,pew_w154_diff1_uniform_n96_066,7.791671535629362e-07,204
pew_w154_diff1_uniform_n208,workplace,67,pew_w154_diff1_uniform_n96_067,0.003540163791724673,46
pew_w154_diff1_uniform_n208,workplace,68,pew_w154_diff1_uniform_n96_068,0.002746166595250951,53
pew_w154_diff1_uniform_n208,workplace,69,pew_w154_diff1_uniform_n96_069,2.203280627061017e-05,190
pew_w154_diff1_uniform_n208,workplace,70,pew_w154_diff1_uniform_n96_070,2.657188699391357e-05,188
pew_w154_diff1_uniform_n208,workplace,71,pew_w154_diff1_uniform_n96_071,0.004328034230201869,40
pew_w154_diff1_uniform_n208,workplace,72,pew_w154_diff1_uniform_n96_072,0.005263534734119206,34
pew_w154_diff1_uniform_n208,workplace,73,pew_w154_diff1_uniform_n96_073,1.2495413927467946e-05,196
pew_w154_diff1_uniform_n208,workplace,74,pew_w154_diff1_uniform_n96_074,3.884938476875048e-05,174
pew_w154_diff1_uniform_n208,workplace,75,pew_w154_diff1_uniform_n96_075,0.0036813262935145594,44
pew_w154_diff1_uniform_n208,workplace,76,pew_w154_diff1_uniform_n96_076,0.009127829258896901,24
pew_w154_diff1_uniform_n208,workplace,77,pew_w154_diff1_uniform_n96_077,6.10501056979603e-05,162
pew_w154_diff1_uniform_n208,workplace,78,pew_w154_diff1_uniform_n96_078,6.062489441616155e-05,163
pew_w154_diff1_uniform_n208,workplace,79,pew_w154_diff1_uniform_n96_079,0.023887866990064947,12
pew_w154_diff1_uniform_n208,workplace,80,pew_w154_diff1_uniform_n96_080,0.02365539446675905,13
pew_w154_diff1_uniform_n208,workplace,81,pew_w154_diff1_uniform_n96_081,3.393750485630556e-06,201
pew_w154_diff1_uniform_n208,workplace,82,pew_w154_diff1_uniform_n96_082,1.3390759360937251e-05,195
pew_w154_diff1_uniform_n208,workplace,83,pew_w154_diff1_uniform_n96_083,0.004410552102565699,38
pew_w154_diff1_uniform_n208,workplace,84,pew_w154_diff1_uniform_n96_084,0.00625552885998551,31
pew_w154_diff1_uniform_n208,workplace,85,pew_w154_diff1_uniform_n96_085,2.2866232394351664e-05,189
pew_w154_diff1_uniform_n208,workplace,86,pew_w154_diff1_uniform_n96_086,3.307988742039849e-05,183
pew_w154_diff1_uniform_n208,workplace,87,pew_w154_diff1_uniform_n96_087,0.009905366884502647,22
pew_w154_diff1_uniform_n208,workplace,88,pew_w154_diff1_uniform_n96_088,0.009477866279500766,23
pew_w154_diff1_uniform_n208,workplace,89,pew_w154_diff1_uniform_n96_089,6.117337164708459e-05,161
pew_w154_diff1_uniform_n208,workplace,90,pew_w154_diff1_uniform_n96_090,2.8553428881682402e-05,186
pew_w154_diff1_uniform_n208,workplace,91,pew_w154_diff1_uniform_n96_091,0.008647219448915708,28
pew_w154_diff1_uniform_n208,workplace,92,pew_w154_diff1_uniform_n96_092,0.013239868806752719,18
pew_w154_diff1_uniform_n208,workplace,93,pew_w154_diff1_uniform_n96_093,4.991793363128356e-05,166
pew_w154_diff1_uniform_n208,workplace,94,pew_w154_diff1_uniform_n96_094,7.317556508066015e-05,153
pew_w154_diff1_uniform_n208,workplace,95,pew_w154_diff1_uniform_n96_095,0.07437938705752588,3
pew_w154_diff1_uniform_n208,workplace,96,pew_w154_diff1_uniform_n96_096,0.09253635003068841,1
pew_w154_diff1_uniform_n208,workplace,97,pew_w154_diff1_uniform_repair_r1_097,3.7917852433835056e-05,177
pew_w154_diff1_uniform_n208,workplace,98,pew_w154_diff1_uniform_repair_r1_098,0.0001370648528614347,117
pew_w154_diff1_uniform_n208,workplace,99,pew_w154_diff1_uniform_repair_r1_099,0.0017282205101206063,72
pew_w154_diff1_uniform_n208,workplace,100,pew_w154_diff1_uniform_repair_r1_100,0.001815248151163768,66
pew_w154_diff1_uniform_n208,workplace,101,pew_w154_diff1_uniform_repair_r1_101,0.002445079850728489,56
pew_w154_diff1_uniform_n208,workplace,102,pew_w154_diff1_uniform_repair_r1_102,0.000949177894273683,86
pew_w154_diff1_uniform_n208,workplace,103,pew_w154_diff1_uniform_repair_r1_103,0.00017119830292009497,97
pew_w154_diff1_uniform_n208,workplace,104,pew_w154_diff1_uniform_repair_r1_104,0.0010913735829207124,84
pew_w154_diff1_uniform_n208,workplace,105,pew_w154_diff1_uniform_repair_r1_105,0.00011901062757007067,124
pew_w154_diff1_uniform_n208,workplace,106,pew_w154_diff1_uniform_repair_r1_106,0.0034496898163877635,47
pew_w154_diff1_uniform_n208,workplace,107,pew_w154_diff1_uniform_repair_r1_107,0.00015997235442100923,104
pew_w154_diff1_uniform_n208,workplace,108,pew_w154_diff1_uniform_repair_r1_108,0.0001247016846134254,122
pew_w154_diff1_uniform_n208,workplace,109,pew_w154_diff1_uniform_repair_r1_109,0.00012656810436471042,119
pew_w154_diff1_uniform_n208,workplace,110,pew_w154_diff1_uniform_repair_r1_110,6.908924136556682e-05,156
pew_w154_diff1_uniform_n208,workplace,111,pew_w154_diff1_uniform_repair_r1_111,0.0009180469805456671,89
pew_w154_diff1_uniform_n208,workplace,112,pew_w154_diff1_uniform_repair_r1_112,0.00015941422011826964,105
pew_w154_diff1_uniform_n208,workplace,113,pew_w154_diff1_uniform_repair_r1_113,0.0008011154447968451,91
pew_w154_diff1_uniform_n208,workplace,114,pew_w154_diff1_uniform_repair_r1_114,9.594897869401659e-05,144
pew_w154_diff1_uniform_n208,workplace,115,pew_w154_diff1_uniform_repair_r1_115,0.00016090597471942974,103
pew_w154_diff1_uniform_n208,workplace,116,pew_w154_diff1_uniform_repair_r1_116,0.00011456444575981984,131
pew_w154_diff1_uniform_n208,workplace,117,pew_w154_diff1_uniform_repair_r1_117,0.00011757199646757758,127
pew_w154_diff1_uniform_n208,workplace,118,pew_w154_diff1_uniform_repair_r1_118,0.00018221926131153994,93
pew_w154_diff1_uniform_n208,workplace,119,pew_w154_diff1_uniform_repair_r1_119,0.0012284937753189425,81
pew_w154_diff1_uniform_n208,workplace,120,pew_w154_diff1_uniform_repair_r1_120,7.800749593123435e-05,152
pew_w154_diff1_uniform_n208,workplace,121,pew_w154_diff1_uniform_repair_r1_121,0.0018063824755142164,67
pew_w154_diff1_uniform_n208,workplace,122,pew_w154_diff1_uniform_repair_r1_122,0.0020319328033203926,60
pew_w154_diff1_uniform_n208,workplace,123,pew_w154_diff1_uniform_repair_r1_123,8.129525963628903e-05,148
pew_w154_diff1_uniform_n208,workplace,124,pew_w154_diff1_uniform_repair_r1_124,0.00016743324212953892,100
pew_w154_diff1_uniform_n208,workplace,125,pew_w154_diff1_uniform_repair_r1_125,0.00359237285646094,45
pew_w154_diff1_uniform_n208,workplace,126,pew_w154_diff1_uniform_repair_r1_126,0.00014729064494879883,112
pew_w154_diff1_uniform_n208,workplace,127,pew_w154_diff1_uniform_repair_r1_127,0.0011024513092097537,83
pew_w154_diff1_uniform_n208,workplace,128,pew_w154_diff1_uniform_repair_r1_128,0.0015431291152457572,76
pew_w154_diff1_uniform_n208,workplace,129,pew_w154_diff1_uniform_repair_r1_129,0.00016882282336011487,99
pew_w154_diff1_uniform_n208,workplace,130,pew_w154_diff1_uniform_repair_r1_130,0.00015793014685127845,107
pew_w154_diff1_uniform_n208,workplace,131,pew_w154_diff1_uniform_repair_r1_131,0.0018885721683960066,63
pew_w154_diff1_uniform_n208,workplace,132,pew_w154_diff1_uniform_repair_r1_132,0.00011264108214090945,133
pew_w154_diff1_uniform_n208,workplace,133,pew_w154_diff1_uniform_repair_r1_133,0.002676304403132411,55
pew_w154_diff1_uniform_n208,workplace,134,pew_w154_diff1_uniform_repair_r1_134,0.0019445016633428455,62
pew_w154_diff1_uniform_n208,workplace,135,pew_w154_diff1_uniform_repair_r1_135,0.00014960764724164185,110
pew_w154_diff1_uniform_n208,workplace,136,pew_w154_diff1_uniform_repair_r1_136,0.0017784485139649446,69
pew_w154_diff1_uniform_n208,workplace,137,pew_w154_diff1_uniform_repair_r1_137,0.001754775568081376,71
pew_w154_diff1_uniform_n208,workplace,138,pew_w154_diff1_uniform_repair_r1_138,4.497651723113826e-05,168
pew_w154_diff1_uniform_n208,workplace,139,pew_w154_diff1_uniform_repair_r1_139,0.00011057096865206789,137
pew_w154_diff1_uniform_n208,workplace,140,pew_w154_diff1_uniform_repair_r1_140,0.0033439503897564177,48
pew_w154_diff1_uniform_n208,workplace,141,pew_w154_diff1_uniform_repair_r1_141,7.819609786819279e-05,151
pew_w154_diff1_uniform_n208,workplace,142,pew_w154_diff1_uniform_repair_r1_142,9.174022662037101e-05,145
pew_w154_diff1_uniform_n208,workplace,143,pew_w154_diff1_uniform_repair_r1_143,0.00011241877044682253,134
pew_w154_diff1_uniform_n208,workplace,144,pew_w154_diff1_uniform_repair_r1_144,0.0012558605046995098,80
pew_w154_diff1_uniform_n208,workplace,145,pew_w154_diff1_uniform_repair_r1_145,0.0021430401646967572,58
pew_w154_diff1_uniform_n208,workplace,146,pew_w154_diff1_uniform_repair_r1_146,0.00015470670463960492,108
pew_w154_diff1_uniform_n208,workplace,147,pew_w154_diff1_uniform_repair_r1_147,0.00011616327166261846,128
pew_w154_diff1_uniform_n208,workplace,148,pew_w154_diff1_uniform_repair_r1_148,0.0001261650916155172,120
pew_w154_diff1_uniform_n208,workplace,149,pew_w154_diff1_uniform_repair_r1_149,0.001421120151983054,77
pew_w154_diff1_uniform_n208,workplace,150,pew_w154_diff1_uniform_repair_r1_150,0.0001654827676826903,101
pew_w154_diff1_uniform_n208,workplace,151,pew_w154_diff1_uniform_repair_r1_151,0.0016867206635143355,74
pew_w154_diff1_uniform_n208,workplace,152,pew_w154_diff1_uniform_repair_r1_152,3.781587483245695e-05,178
pew_w154_diff1_uniform_n208,workplace,153,pew_w154_diff1_uniform_repair_r1_153,0.00014240649846067124,115
pew_w154_diff1_uniform_n208,workplace,154,pew_w154_diff1_uniform_repair_r1_154,0.000973196889016691,85
pew_w154_diff1_uniform_n208,workplace,155,pew_w154_diff1_uniform_repair_r1_155,0.0001181318480956726,125
pew_w154_diff1_uniform_n208,workplace,156,pew_w154_diff1_uniform_repair_r1_156,0.005230645218651596,35
pew_w154_diff1_uniform_n208,workplace,157,pew_w154_diff1_uniform_repair_r1_157,0.00010430376554330302,140
pew_w154_diff1_uniform_n208,workplace,158,pew_w154_diff1_uniform_repair_r1_158,0.00011004337889637645,138
pew_w154_diff1_uniform_n208,workplace,159,pew_w154_diff1_uniform_repair_r1_159,0.00196758867843222,61
pew_w154_diff1_uniform_n208,workplace,160,pew_w154_diff1_uniform_repair_r1_160,0.0001489808507403808,111
pew_w154_diff1_uniform_n208,workplace,161,pew_w154_diff1_uniform_repair_r2_161,0.00011217089472468936,136
pew_w154_diff1_uniform_n208,workplace,162,pew_w154_diff1_uniform_repair_r2_162,6.760683792436492e-05,157
pew_w154_diff1_uniform_n208,workplace,163,pew_w154_diff1_uniform_repair_r2_163,0.0032931710426945533,49
pew_w154_diff1_uniform_n208,workplace,164,pew_w154_diff1_uniform_repair_r2_164,0.0012155462651147382,82
pew_w154_diff1_uniform_n208,workplace,165,pew_w154_diff1_uniform_repair_r2_165,0.00011760925395417889,126
pew_w154_diff1_uniform_n208,workplace,166,pew_w154_diff1_uniform_repair_r2_166,0.000123156434212157,123
pew_w154_diff1_uniform_n208,workplace,167,pew_w154_diff1_uniform_repair_r2_167,0.00015169130591064745,109
pew_w154_diff1_uniform_n208,workplace,168,pew_w154_diff1_uniform_repair_r2_168,0.00011230724748170419,135
pew_w154_diff1_uniform_n208,workplace,169,pew_w154_diff1_uniform_repair_r2_169,0.0001135738363068833,132
pew_w154_diff1_uniform_n208,workplace,170,pew_w154_diff1_uniform_repair_r2_170,2.805384243816476e-05,187
pew_w154_diff1_uniform_n208,workplace,171,pew_w154_diff1_uniform_repair_r2_171,0.002224924012833797,57
pew_w154_diff1_uniform_n208,workplace,172,pew_w154_diff1_uniform_repair_r2_172,9.594917053127572e-05,143
pew_w154_diff1_uniform_n208,workplace,173,pew_w154_diff1_uniform_repair_r2_173,3.480025184915075e-05,181
pew_w154_diff1_uniform_n208,workplace,174,pew_w154_diff1_uniform_repair_r2_174,0.00016401139116522883,102
pew_w154_diff1_uniform_n208,workplace,175,pew_w154_diff1_uniform_repair_r2_175,0.00017214677848324955,95
pew_w154_diff1_uniform_n208,workplace,176,pew_w154_diff1_uniform_repair_r2_176,0.0029870129268492803,52
pew_w154_diff1_uniform_n208,workplace,177,pew_w154_diff1_uniform_repair_r2_177,0.0017260306080944263,73
pew_w154_diff1_uniform_n208,workplace,178,pew_w154_diff1_uniform_repair_r2_178,6.449219014237796e-05,158
pew_w154_diff1_uniform_n208,workplace,179,pew_w154_diff1_uniform_repair_r2_179,0.00010192272281732035,142
pew_w154_diff1_uniform_n208,workplace,180,pew_w154_diff1_uniform_repair_r2_180,0.00014706728914163841,113
pew_w154_diff1_uniform_n208,workplace,181,pew_w154_diff1_uniform_repair_r2_181,0.0001792204317270188,94
pew_w154_diff1_uniform_n208,workplace,182,pew_w154_diff1_uniform_repair_r2_182,0.00012507563741070987,121
pew_w154_diff1_uniform_n208,workplace,183,pew_w154_diff1_uniform_repair_r2_183,3.816156569355091e-05,176
pew_w154_diff1_uniform_n208,workplace,184,pew_w154_diff1_uniform_repair_r2_184,0.00014034252639785722,116
pew_w154_diff1_uniform_n208,workplace,185,pew_w154_diff1_uniform_repair_r2_185,0.0012903434084795978,79
pew_w154_diff1_uniform_n208,workplace,186,pew_w154_diff1_uniform_repair_r2_186,0.004210032263622122,41
pew_w154_diff1_uniform_n208,workplace,187,pew_w154_diff1_uniform_repair_r2_187,8.081148904629231e-05,149
pew_w154_diff1_uniform_n208,workplace,188,pew_w154_diff1_uniform_repair_r2_188,7.905838479440271e-05,150
pew_w154_diff1_uniform_n208,workplace,189,pew_w154_diff1_uniform_repair_r2_189,0.00010412688053686697,141
pew_w154_diff1_uniform_n208,workplace,190,pew_w154_diff1_uniform_repair_r2_190,0.00011578679374131331,129
pew_w154_diff1_uniform_n208,workplace,191,pew_w154_diff1_uniform_repair_r2_191,0.0018471986231824728,65
pew_w154_diff1_uniform_n208,workplace,192,pew_w154_diff1_uniform_repair_r2_192,0.0016656685410618493,75
pew_w154_diff1_uniform_n208,workplace,193,pew_w154_diff1_uniform_repair_r2_193,0.0017817824343456885,68
pew_w154_diff1_uniform_n208,workplace,194,pew_w154_diff1_uniform_repair_r2_194,0.0009205259251959362,88
pew_w154_diff1_uniform_n208,workplace,195,pew_w154_diff1_uniform_repair_r2_195,0.0012953172404476306,78
pew_w154_diff1_uniform_n208,workplace,196,pew_w154_diff1_uniform_repair_r2_196,0.00010475182572229451,139
pew_w154_diff1_uniform_n208,workplace,197,pew_w154_diff1_uniform_repair_r2_197,0.00011457756099717243,130
pew_w154_diff1_uniform_n208,workplace,198,pew_w154_diff1_uniform_repair_r2_198,0.0009391484109934447,87
pew_w154_diff1_uniform_n208,workplace,199,pew_w154_diff1_uniform_repair_r2_199,0.0001709442847435979,98
pew_w154_diff1_uniform_n208,workplace,200,pew_w154_diff1_uniform_repair_r2_200,0.002035141905530278,59
pew_w154_diff1_uniform_n208,workplace,201,pew_w154_diff1_uniform_repair_r2_201,0.0018537356943063568,64
pew_w154_diff1_uniform_n208,workplace,202,pew_w154_diff1_uniform_repair_r2_202,0.00017153406271932066,96
pew_w154_diff1_uniform_n208,workplace,203,pew_w154_diff1_uniform_repair_r2_203,0.000881572968499487,90
pew_w154_diff1_uniform_n208,workplace,204,pew_w154_diff1_uniform_repair_r2_204,0.0001370648528614347,118
pew_w154_diff1_uniform_n208,workplace,205,pew_w154_diff1_uniform_repair_r2_205,0.00015941086572969601,106
pew_w154_diff1_uniform_n208,workplace,206,pew_w154_diff1_uniform_repair_r2_206,0.0017552001537751137,70
pew_w154_diff1_uniform_n208,workplace,207,pew_w154_diff1_uniform_repair_r2_207,7.03572832004205e-05,155
pew_w154_diff1_uniform_n208,workplace,208,pew_w154_diff1_uniform_repair_r2_208,0.00014520798919097594,114
