support_id,job_id,item,option_index,option_code,option_label,probability
1,pew_work_family_detailed_001,hobbies,0,1,Men and women are basically similar,0.67
1,pew_work_family_detailed_001,hobbies,1,2,Men and women are basically different,0.33
1,pew_work_family_detailed_001,physical_abilities,0,1,Men and women are basically similar,0.27
1,pew_work_family_detailed_001,physical_abilities,1,2,Men and women are basically different,0.73
1,pew_work_family_detailed_001,parenting,0,1,Men and women are basically similar,0.62
1,pew_work_family_detailed_001,parenting,1,2,Men and women are basically different,0.38
1,pew_work_family_detailed_001,feelings,0,1,Men and women are basically similar,0.31
1,pew_work_family_detailed_001,feelings,1,2,Men and women are basically different,0.69
1,pew_work_family_detailed_001,workplace,0,1,Men and women are basically similar,0.66
1,pew_work_family_detailed_001,workplace,1,2,Men and women are basically different,0.34
1,pew_work_family_detailed_001,relationship_status,0,1,Married,0.05
1,pew_work_family_detailed_001,relationship_status,1,2,Living with a partner,0.04
1,pew_work_family_detailed_001,relationship_status,2,3,In a relationship but not living together,0.06
1,pew_work_family_detailed_001,relationship_status,3,4,Not currently in a relationship,0.85
1,pew_work_family_detailed_001,children_at_home,0,1,No children under 18,0.88
1,pew_work_family_detailed_001,children_at_home,1,2,At least one child under 6,0.03
1,pew_work_family_detailed_001,children_at_home,2,3,Only children ages 6 to 17,0.06
1,pew_work_family_detailed_001,children_at_home,3,4,Children both under 6 and ages 6 to 17,0.03
1,pew_work_family_detailed_001,household_income,0,1,"Less than $50,000",0.78
1,pew_work_family_detailed_001,household_income,1,2,"$50,000 to $99,999",0.14
1,pew_work_family_detailed_001,household_income,2,3,"$100,000 to $149,999",0.05
1,pew_work_family_detailed_001,household_income,3,4,"$150,000 or more",0.03
1,pew_work_family_detailed_001,marriage_importance,0,1,Not at all important,0.74
1,pew_work_family_detailed_001,marriage_importance,1,2,Not too important,0.15
1,pew_work_family_detailed_001,marriage_importance,2,3,Somewhat important,0.08
1,pew_work_family_detailed_001,marriage_importance,3,4,Very important,0.03
1,pew_work_family_detailed_001,parenthood_importance,0,1,Not at all important,0.76
1,pew_work_family_detailed_001,parenthood_importance,1,2,Not too important,0.13
1,pew_work_family_detailed_001,parenthood_importance,2,3,Somewhat important,0.08
1,pew_work_family_detailed_001,parenthood_importance,3,4,Very important,0.03
1,pew_work_family_detailed_001,paid_work_priority,0,1,Not at all important,0.08
1,pew_work_family_detailed_001,paid_work_priority,1,2,Not too important,0.18
1,pew_work_family_detailed_001,paid_work_priority,2,3,Somewhat important,0.56
1,pew_work_family_detailed_001,paid_work_priority,3,4,Very important,0.18
1,pew_work_family_detailed_001,childcare_division,0,1,One parent should do most of it,0.06
1,pew_work_family_detailed_001,childcare_division,1,2,Both parents should divide it about equally,0.62
1,pew_work_family_detailed_001,childcare_division,2,3,The parent with more available time should do more,0.18
1,pew_work_family_detailed_001,childcare_division,3,4,It depends entirely on the family,0.14
1,pew_work_family_detailed_001,housework_division,0,1,One person should do most of it,0.05
1,pew_work_family_detailed_001,housework_division,1,2,Both adults should divide it about equally,0.64
1,pew_work_family_detailed_001,housework_division,2,3,The person with more available time should do more,0.19
1,pew_work_family_detailed_001,housework_division,3,4,It depends entirely on the household,0.12
1,pew_work_family_detailed_001,financial_decision_style,0,1,The higher earner should usually decide,0.05
1,pew_work_family_detailed_001,financial_decision_style,1,2,The person who manages the money should usually decide,0.52
1,pew_work_family_detailed_001,financial_decision_style,2,3,Both adults should decide together,0.28
1,pew_work_family_detailed_001,financial_decision_style,3,4,It depends on the decision,0.15
1,pew_work_family_detailed_001,career_sacrifice_rule,0,1,The lower earner should reduce work,0.09
1,pew_work_family_detailed_001,career_sacrifice_rule,1,2,The adult with the more flexible job should reduce work,0.22
1,pew_work_family_detailed_001,career_sacrifice_rule,2,3,Both adults should reduce work as equally as possible,0.24
1,pew_work_family_detailed_001,career_sacrifice_rule,3,4,It depends entirely on the family,0.45
2,pew_work_family_detailed_002,hobbies,0,1,Men and women are basically similar,0.72
2,pew_work_family_detailed_002,hobbies,1,2,Men and women are basically different,0.28
2,pew_work_family_detailed_002,physical_abilities,0,1,Men and women are basically similar,0.22
2,pew_work_family_detailed_002,physical_abilities,1,2,Men and women are basically different,0.78
2,pew_work_family_detailed_002,parenting,0,1,Men and women are basically similar,0.69
2,pew_work_family_detailed_002,parenting,1,2,Men and women are basically different,0.31
2,pew_work_family_detailed_002,feelings,0,1,Men and women are basically similar,0.27
2,pew_work_family_detailed_002,feelings,1,2,Men and women are basically different,0.73
2,pew_work_family_detailed_002,workplace,0,1,Men and women are basically similar,0.76
2,pew_work_family_detailed_002,workplace,1,2,Men and women are basically different,0.24
2,pew_work_family_detailed_002,relationship_status,0,1,Married,0.03
2,pew_work_family_detailed_002,relationship_status,1,2,Living with a partner,0.02
2,pew_work_family_detailed_002,relationship_status,2,3,In a relationship but not living together,0.08
2,pew_work_family_detailed_002,relationship_status,3,4,Not currently in a relationship,0.87
2,pew_work_family_detailed_002,children_at_home,0,1,No children under 18,0.04
2,pew_work_family_detailed_002,children_at_home,1,2,At least one child under 6,0.82
2,pew_work_family_detailed_002,children_at_home,2,3,Only children ages 6 to 17,0.07
2,pew_work_family_detailed_002,children_at_home,3,4,Children both under 6 and ages 6 to 17,0.07
2,pew_work_family_detailed_002,household_income,0,1,"Less than $50,000",0.02
2,pew_work_family_detailed_002,household_income,1,2,"$50,000 to $99,999",0.05
2,pew_work_family_detailed_002,household_income,2,3,"$100,000 to $149,999",0.13
2,pew_work_family_detailed_002,household_income,3,4,"$150,000 or more",0.8
2,pew_work_family_detailed_002,marriage_importance,0,1,Not at all important,0.2
2,pew_work_family_detailed_002,marriage_importance,1,2,Not too important,0.51
2,pew_work_family_detailed_002,marriage_importance,2,3,Somewhat important,0.22
2,pew_work_family_detailed_002,marriage_importance,3,4,Very important,0.07
2,pew_work_family_detailed_002,parenthood_importance,0,1,Not at all important,0.18
2,pew_work_family_detailed_002,parenthood_importance,1,2,Not too important,0.47
2,pew_work_family_detailed_002,parenthood_importance,2,3,Somewhat important,0.26
2,pew_work_family_detailed_002,parenthood_importance,3,4,Very important,0.09
2,pew_work_family_detailed_002,paid_work_priority,0,1,Not at all important,0.02
2,pew_work_family_detailed_002,paid_work_priority,1,2,Not too important,0.05
2,pew_work_family_detailed_002,paid_work_priority,2,3,Somewhat important,0.19
2,pew_work_family_detailed_002,paid_work_priority,3,4,Very important,0.74
2,pew_work_family_detailed_002,childcare_division,0,1,One parent should do most of it,0.05
2,pew_work_family_detailed_002,childcare_division,1,2,Both parents should divide it about equally,0.26
2,pew_work_family_detailed_002,childcare_division,2,3,The parent with more available time should do more,0.25
2,pew_work_family_detailed_002,childcare_division,3,4,It depends entirely on the family,0.44
2,pew_work_family_detailed_002,housework_division,0,1,One person should do most of it,0.04
2,pew_work_family_detailed_002,housework_division,1,2,Both adults should divide it about equally,0.58
2,pew_work_family_detailed_002,housework_division,2,3,The person with more available time should do more,0.21
2,pew_work_family_detailed_002,housework_division,3,4,It depends entirely on the household,0.17
2,pew_work_family_detailed_002,financial_decision_style,0,1,The higher earner should usually decide,0.07
2,pew_work_family_detailed_002,financial_decision_style,1,2,The person who manages the money should usually decide,0.15
2,pew_work_family_detailed_002,financial_decision_style,2,3,Both adults should decide together,0.32
2,pew_work_family_detailed_002,financial_decision_style,3,4,It depends on the decision,0.46
2,pew_work_family_detailed_002,career_sacrifice_rule,0,1,The lower earner should reduce work,0.45
2,pew_work_family_detailed_002,career_sacrifice_rule,1,2,The adult with the more flexible job should reduce work,0.28
2,pew_work_family_detailed_002,career_sacrifice_rule,2,3,Both adults should reduce work as equally as possible,0.16
2,pew_work_family_detailed_002,career_sacrifice_rule,3,4,It depends entirely on the family,0.11
3,pew_work_family_detailed_003,hobbies,0,1,Men and women are basically similar,0.25
3,pew_work_family_detailed_003,hobbies,1,2,Men and women are basically different,0.75
3,pew_work_family_detailed_003,physical_abilities,0,1,Men and women are basically similar,0.15
3,pew_work_family_detailed_003,physical_abilities,1,2,Men and women are basically different,0.85
3,pew_work_family_detailed_003,parenting,0,1,Men and women are basically similar,0.72
3,pew_work_family_detailed_003,parenting,1,2,Men and women are basically different,0.28
3,pew_work_family_detailed_003,feelings,0,1,Men and women are basically similar,0.22
3,pew_work_family_detailed_003,feelings,1,2,Men and women are basically different,0.78
3,pew_work_family_detailed_003,workplace,0,1,Men and women are basically similar,0.8
3,pew_work_family_detailed_003,workplace,1,2,Men and women are basically different,0.2
3,pew_work_family_detailed_003,relationship_status,0,1,Married,0.88
3,pew_work_family_detailed_003,relationship_status,1,2,Living with a partner,0.04
3,pew_work_family_detailed_003,relationship_status,2,3,In a relationship but not living together,0.03
3,pew_work_family_detailed_003,relationship_status,3,4,Not currently in a relationship,0.05
3,pew_work_family_detailed_003,children_at_home,0,1,No children under 18,0.9
3,pew_work_family_detailed_003,children_at_home,1,2,At least one child under 6,0.03
3,pew_work_family_detailed_003,children_at_home,2,3,Only children ages 6 to 17,0.05
3,pew_work_family_detailed_003,children_at_home,3,4,Children both under 6 and ages 6 to 17,0.02
3,pew_work_family_detailed_003,household_income,0,1,"Less than $50,000",0.12
3,pew_work_family_detailed_003,household_income,1,2,"$50,000 to $99,999",0.65
3,pew_work_family_detailed_003,household_income,2,3,"$100,000 to $149,999",0.15
3,pew_work_family_detailed_003,household_income,3,4,"$150,000 or more",0.08
3,pew_work_family_detailed_003,marriage_importance,0,1,Not at all important,0.18
3,pew_work_family_detailed_003,marriage_importance,1,2,Not too important,0.43
3,pew_work_family_detailed_003,marriage_importance,2,3,Somewhat important,0.28
3,pew_work_family_detailed_003,marriage_importance,3,4,Very important,0.11
3,pew_work_family_detailed_003,parenthood_importance,0,1,Not at all important,0.02
3,pew_work_family_detailed_003,parenthood_importance,1,2,Not too important,0.05
3,pew_work_family_detailed_003,parenthood_importance,2,3,Somewhat important,0.25
3,pew_work_family_detailed_003,parenthood_importance,3,4,Very important,0.68
3,pew_work_family_detailed_003,paid_work_priority,0,1,Not at all important,0.17
3,pew_work_family_detailed_003,paid_work_priority,1,2,Not too important,0.46
3,pew_work_family_detailed_003,paid_work_priority,2,3,Somewhat important,0.28
3,pew_work_family_detailed_003,paid_work_priority,3,4,Very important,0.09
3,pew_work_family_detailed_003,childcare_division,0,1,One parent should do most of it,0.48
3,pew_work_family_detailed_003,childcare_division,1,2,Both parents should divide it about equally,0.18
3,pew_work_family_detailed_003,childcare_division,2,3,The parent with more available time should do more,0.22
3,pew_work_family_detailed_003,childcare_division,3,4,It depends entirely on the family,0.12
3,pew_work_family_detailed_003,housework_division,0,1,One person should do most of it,0.08
3,pew_work_family_detailed_003,housework_division,1,2,Both adults should divide it about equally,0.62
3,pew_work_family_detailed_003,housework_division,2,3,The person with more available time should do more,0.18
3,pew_work_family_detailed_003,housework_division,3,4,It depends entirely on the household,0.12
3,pew_work_family_detailed_003,financial_decision_style,0,1,The higher earner should usually decide,0.06
3,pew_work_family_detailed_003,financial_decision_style,1,2,The person who manages the money should usually decide,0.52
3,pew_work_family_detailed_003,financial_decision_style,2,3,Both adults should decide together,0.28
3,pew_work_family_detailed_003,financial_decision_style,3,4,It depends on the decision,0.14
3,pew_work_family_detailed_003,career_sacrifice_rule,0,1,The lower earner should reduce work,0.08
3,pew_work_family_detailed_003,career_sacrifice_rule,1,2,The adult with the more flexible job should reduce work,0.2
3,pew_work_family_detailed_003,career_sacrifice_rule,2,3,Both adults should reduce work as equally as possible,0.55
3,pew_work_family_detailed_003,career_sacrifice_rule,3,4,It depends entirely on the family,0.17
4,pew_work_family_detailed_004,hobbies,0,1,Men and women are basically similar,0.31
4,pew_work_family_detailed_004,hobbies,1,2,Men and women are basically different,0.69
4,pew_work_family_detailed_004,physical_abilities,0,1,Men and women are basically similar,0.66
4,pew_work_family_detailed_004,physical_abilities,1,2,Men and women are basically different,0.34
4,pew_work_family_detailed_004,parenting,0,1,Men and women are basically similar,0.64
4,pew_work_family_detailed_004,parenting,1,2,Men and women are basically different,0.36
4,pew_work_family_detailed_004,feelings,0,1,Men and women are basically similar,0.24
4,pew_work_family_detailed_004,feelings,1,2,Men and women are basically different,0.76
4,pew_work_family_detailed_004,workplace,0,1,Men and women are basically similar,0.35
4,pew_work_family_detailed_004,workplace,1,2,Men and women are basically different,0.65
4,pew_work_family_detailed_004,relationship_status,0,1,Married,0.83
4,pew_work_family_detailed_004,relationship_status,1,2,Living with a partner,0.06
4,pew_work_family_detailed_004,relationship_status,2,3,In a relationship but not living together,0.05
4,pew_work_family_detailed_004,relationship_status,3,4,Not currently in a relationship,0.06
4,pew_work_family_detailed_004,children_at_home,0,1,No children under 18,0.86
4,pew_work_family_detailed_004,children_at_home,1,2,At least one child under 6,0.04
4,pew_work_family_detailed_004,children_at_home,2,3,Only children ages 6 to 17,0.06
4,pew_work_family_detailed_004,children_at_home,3,4,Children both under 6 and ages 6 to 17,0.04
4,pew_work_family_detailed_004,household_income,0,1,"Less than $50,000",0.13
4,pew_work_family_detailed_004,household_income,1,2,"$50,000 to $99,999",0.6
4,pew_work_family_detailed_004,household_income,2,3,"$100,000 to $149,999",0.17
4,pew_work_family_detailed_004,household_income,3,4,"$150,000 or more",0.1
4,pew_work_family_detailed_004,marriage_importance,0,1,Not at all important,0.02
4,pew_work_family_detailed_004,marriage_importance,1,2,Not too important,0.04
4,pew_work_family_detailed_004,marriage_importance,2,3,Somewhat important,0.16
4,pew_work_family_detailed_004,marriage_importance,3,4,Very important,0.78
4,pew_work_family_detailed_004,parenthood_importance,0,1,Not at all important,0.02
4,pew_work_family_detailed_004,parenthood_importance,1,2,Not too important,0.03
4,pew_work_family_detailed_004,parenthood_importance,2,3,Somewhat important,0.15
4,pew_work_family_detailed_004,parenthood_importance,3,4,Very important,0.8
4,pew_work_family_detailed_004,paid_work_priority,0,1,Not at all important,0.02
4,pew_work_family_detailed_004,paid_work_priority,1,2,Not too important,0.04
4,pew_work_family_detailed_004,paid_work_priority,2,3,Somewhat important,0.17
4,pew_work_family_detailed_004,paid_work_priority,3,4,Very important,0.77
4,pew_work_family_detailed_004,childcare_division,0,1,One parent should do most of it,0.07
4,pew_work_family_detailed_004,childcare_division,1,2,Both parents should divide it about equally,0.62
4,pew_work_family_detailed_004,childcare_division,2,3,The parent with more available time should do more,0.18
4,pew_work_family_detailed_004,childcare_division,3,4,It depends entirely on the family,0.13
4,pew_work_family_detailed_004,housework_division,0,1,One person should do most of it,0.06
4,pew_work_family_detailed_004,housework_division,1,2,Both adults should divide it about equally,0.66
4,pew_work_family_detailed_004,housework_division,2,3,The person with more available time should do more,0.17
4,pew_work_family_detailed_004,housework_division,3,4,It depends entirely on the household,0.11
4,pew_work_family_detailed_004,financial_decision_style,0,1,The higher earner should usually decide,0.04
4,pew_work_family_detailed_004,financial_decision_style,1,2,The person who manages the money should usually decide,0.14
4,pew_work_family_detailed_004,financial_decision_style,2,3,Both adults should decide together,0.31
4,pew_work_family_detailed_004,financial_decision_style,3,4,It depends on the decision,0.51
4,pew_work_family_detailed_004,career_sacrifice_rule,0,1,The lower earner should reduce work,0.11
4,pew_work_family_detailed_004,career_sacrifice_rule,1,2,The adult with the more flexible job should reduce work,0.2
4,pew_work_family_detailed_004,career_sacrifice_rule,2,3,Both adults should reduce work as equally as possible,0.54
4,pew_work_family_detailed_004,career_sacrifice_rule,3,4,It depends entirely on the family,0.15
5,pew_work_family_detailed_005,hobbies,0,1,Men and women are basically similar,0.78
5,pew_work_family_detailed_005,hobbies,1,2,Men and women are basically different,0.22
5,pew_work_family_detailed_005,physical_abilities,0,1,Men and women are basically similar,0.24
5,pew_work_family_detailed_005,physical_abilities,1,2,Men and women are basically different,0.76
5,pew_work_family_detailed_005,parenting,0,1,Men and women are basically similar,0.74
5,pew_work_family_detailed_005,parenting,1,2,Men and women are basically different,0.26
5,pew_work_family_detailed_005,feelings,0,1,Men and women are basically similar,0.69
5,pew_work_family_detailed_005,feelings,1,2,Men and women are basically different,0.31
5,pew_work_family_detailed_005,workplace,0,1,Men and women are basically similar,0.8
5,pew_work_family_detailed_005,workplace,1,2,Men and women are basically different,0.2
5,pew_work_family_detailed_005,relationship_status,0,1,Married,0.82
5,pew_work_family_detailed_005,relationship_status,1,2,Living with a partner,0.06
5,pew_work_family_detailed_005,relationship_status,2,3,In a relationship but not living together,0.04
5,pew_work_family_detailed_005,relationship_status,3,4,Not currently in a relationship,0.08
5,pew_work_family_detailed_005,children_at_home,0,1,No children under 18,0.86
5,pew_work_family_detailed_005,children_at_home,1,2,At least one child under 6,0.04
5,pew_work_family_detailed_005,children_at_home,2,3,Only children ages 6 to 17,0.07
5,pew_work_family_detailed_005,children_at_home,3,4,Children both under 6 and ages 6 to 17,0.03
5,pew_work_family_detailed_005,household_income,0,1,"Less than $50,000",0.2
5,pew_work_family_detailed_005,household_income,1,2,"$50,000 to $99,999",0.55
5,pew_work_family_detailed_005,household_income,2,3,"$100,000 to $149,999",0.16
5,pew_work_family_detailed_005,household_income,3,4,"$150,000 or more",0.09
5,pew_work_family_detailed_005,marriage_importance,0,1,Not at all important,0.2
5,pew_work_family_detailed_005,marriage_importance,1,2,Not too important,0.43
5,pew_work_family_detailed_005,marriage_importance,2,3,Somewhat important,0.28
5,pew_work_family_detailed_005,marriage_importance,3,4,Very important,0.09
5,pew_work_family_detailed_005,parenthood_importance,0,1,Not at all important,0.12
5,pew_work_family_detailed_005,parenthood_importance,1,2,Not too important,0.22
5,pew_work_family_detailed_005,parenthood_importance,2,3,Somewhat important,0.46
5,pew_work_family_detailed_005,parenthood_importance,3,4,Very important,0.2
5,pew_work_family_detailed_005,paid_work_priority,0,1,Not at all important,0.08
5,pew_work_family_detailed_005,paid_work_priority,1,2,Not too important,0.23
5,pew_work_family_detailed_005,paid_work_priority,2,3,Somewhat important,0.5
5,pew_work_family_detailed_005,paid_work_priority,3,4,Very important,0.19
5,pew_work_family_detailed_005,childcare_division,0,1,One parent should do most of it,0.04
5,pew_work_family_detailed_005,childcare_division,1,2,Both parents should divide it about equally,0.26
5,pew_work_family_detailed_005,childcare_division,2,3,The parent with more available time should do more,0.22
5,pew_work_family_detailed_005,childcare_division,3,4,It depends entirely on the family,0.48
5,pew_work_family_detailed_005,housework_division,0,1,One person should do most of it,0.03
5,pew_work_family_detailed_005,housework_division,1,2,Both adults should divide it about equally,0.57
5,pew_work_family_detailed_005,housework_division,2,3,The person with more available time should do more,0.24
5,pew_work_family_detailed_005,housework_division,3,4,It depends entirely on the household,0.16
5,pew_work_family_detailed_005,financial_decision_style,0,1,The higher earner should usually decide,0.03
5,pew_work_family_detailed_005,financial_decision_style,1,2,The person who manages the money should usually decide,0.13
5,pew_work_family_detailed_005,financial_decision_style,2,3,Both adults should decide together,0.34
5,pew_work_family_detailed_005,financial_decision_style,3,4,It depends on the decision,0.5
5,pew_work_family_detailed_005,career_sacrifice_rule,0,1,The lower earner should reduce work,0.11
5,pew_work_family_detailed_005,career_sacrifice_rule,1,2,The adult with the more flexible job should reduce work,0.25
5,pew_work_family_detailed_005,career_sacrifice_rule,2,3,Both adults should reduce work as equally as possible,0.21
5,pew_work_family_detailed_005,career_sacrifice_rule,3,4,It depends entirely on the family,0.43
6,pew_work_family_detailed_006,hobbies,0,1,Men and women are basically similar,0.24
6,pew_work_family_detailed_006,hobbies,1,2,Men and women are basically different,0.76
6,pew_work_family_detailed_006,physical_abilities,0,1,Men and women are basically similar,0.12
6,pew_work_family_detailed_006,physical_abilities,1,2,Men and women are basically different,0.88
6,pew_work_family_detailed_006,parenting,0,1,Men and women are basically similar,0.68
6,pew_work_family_detailed_006,parenting,1,2,Men and women are basically different,0.32
6,pew_work_family_detailed_006,feelings,0,1,Men and women are basically similar,0.26
6,pew_work_family_detailed_006,feelings,1,2,Men and women are basically different,0.74
6,pew_work_family_detailed_006,workplace,0,1,Men and women are basically similar,0.38
6,pew_work_family_detailed_006,workplace,1,2,Men and women are basically different,0.62
6,pew_work_family_detailed_006,relationship_status,0,1,Married,0.86
6,pew_work_family_detailed_006,relationship_status,1,2,Living with a partner,0.04
6,pew_work_family_detailed_006,relationship_status,2,3,In a relationship but not living together,0.04
6,pew_work_family_detailed_006,relationship_status,3,4,Not currently in a relationship,0.06
6,pew_work_family_detailed_006,children_at_home,0,1,No children under 18,0.82
6,pew_work_family_detailed_006,children_at_home,1,2,At least one child under 6,0.04
6,pew_work_family_detailed_006,children_at_home,2,3,Only children ages 6 to 17,0.1
6,pew_work_family_detailed_006,children_at_home,3,4,Children both under 6 and ages 6 to 17,0.04
6,pew_work_family_detailed_006,household_income,0,1,"Less than $50,000",0.06
6,pew_work_family_detailed_006,household_income,1,2,"$50,000 to $99,999",0.18
6,pew_work_family_detailed_006,household_income,2,3,"$100,000 to $149,999",0.6
6,pew_work_family_detailed_006,household_income,3,4,"$150,000 or more",0.16
6,pew_work_family_detailed_006,marriage_importance,0,1,Not at all important,0.02
6,pew_work_family_detailed_006,marriage_importance,1,2,Not too important,0.04
6,pew_work_family_detailed_006,marriage_importance,2,3,Somewhat important,0.17
6,pew_work_family_detailed_006,marriage_importance,3,4,Very important,0.77
6,pew_work_family_detailed_006,parenthood_importance,0,1,Not at all important,0.02
6,pew_work_family_detailed_006,parenthood_importance,1,2,Not too important,0.05
6,pew_work_family_detailed_006,parenthood_importance,2,3,Somewhat important,0.18
6,pew_work_family_detailed_006,parenthood_importance,3,4,Very important,0.75
6,pew_work_family_detailed_006,paid_work_priority,0,1,Not at all important,0.02
6,pew_work_family_detailed_006,paid_work_priority,1,2,Not too important,0.05
6,pew_work_family_detailed_006,paid_work_priority,2,3,Somewhat important,0.22
6,pew_work_family_detailed_006,paid_work_priority,3,4,Very important,0.71
6,pew_work_family_detailed_006,childcare_division,0,1,One parent should do most of it,0.48
6,pew_work_family_detailed_006,childcare_division,1,2,Both parents should divide it about equally,0.24
6,pew_work_family_detailed_006,childcare_division,2,3,The parent with more available time should do more,0.16
6,pew_work_family_detailed_006,childcare_division,3,4,It depends entirely on the family,0.12
6,pew_work_family_detailed_006,housework_division,0,1,One person should do most of it,0.46
6,pew_work_family_detailed_006,housework_division,1,2,Both adults should divide it about equally,0.25
6,pew_work_family_detailed_006,housework_division,2,3,The person with more available time should do more,0.17
6,pew_work_family_detailed_006,housework_division,3,4,It depends entirely on the household,0.12
6,pew_work_family_detailed_006,financial_decision_style,0,1,The higher earner should usually decide,0.06
6,pew_work_family_detailed_006,financial_decision_style,1,2,The person who manages the money should usually decide,0.15
6,pew_work_family_detailed_006,financial_decision_style,2,3,Both adults should decide together,0.32
6,pew_work_family_detailed_006,financial_decision_style,3,4,It depends on the decision,0.47
6,pew_work_family_detailed_006,career_sacrifice_rule,0,1,The lower earner should reduce work,0.09
6,pew_work_family_detailed_006,career_sacrifice_rule,1,2,The adult with the more flexible job should reduce work,0.24
6,pew_work_family_detailed_006,career_sacrifice_rule,2,3,Both adults should reduce work as equally as possible,0.51
6,pew_work_family_detailed_006,career_sacrifice_rule,3,4,It depends entirely on the family,0.16
7,pew_work_family_detailed_007,hobbies,0,1,Men and women are basically similar,0.72
7,pew_work_family_detailed_007,hobbies,1,2,Men and women are basically different,0.28
7,pew_work_family_detailed_007,physical_abilities,0,1,Men and women are basically similar,0.25
7,pew_work_family_detailed_007,physical_abilities,1,2,Men and women are basically different,0.75
7,pew_work_family_detailed_007,parenting,0,1,Men and women are basically similar,0.32
7,pew_work_family_detailed_007,parenting,1,2,Men and women are basically different,0.68
7,pew_work_family_detailed_007,feelings,0,1,Men and women are basically similar,0.22
7,pew_work_family_detailed_007,feelings,1,2,Men and women are basically different,0.78
7,pew_work_family_detailed_007,workplace,0,1,Men and women are basically similar,0.79
7,pew_work_family_detailed_007,workplace,1,2,Men and women are basically different,0.21
7,pew_work_family_detailed_007,relationship_status,0,1,Married,0.82
7,pew_work_family_detailed_007,relationship_status,1,2,Living with a partner,0.06
7,pew_work_family_detailed_007,relationship_status,2,3,In a relationship but not living together,0.04
7,pew_work_family_detailed_007,relationship_status,3,4,Not currently in a relationship,0.08
7,pew_work_family_detailed_007,children_at_home,0,1,No children under 18,0.86
7,pew_work_family_detailed_007,children_at_home,1,2,At least one child under 6,0.04
7,pew_work_family_detailed_007,children_at_home,2,3,Only children ages 6 to 17,0.07
7,pew_work_family_detailed_007,children_at_home,3,4,Children both under 6 and ages 6 to 17,0.03
7,pew_work_family_detailed_007,household_income,0,1,"Less than $50,000",0.68
7,pew_work_family_detailed_007,household_income,1,2,"$50,000 to $99,999",0.2
7,pew_work_family_detailed_007,household_income,2,3,"$100,000 to $149,999",0.08
7,pew_work_family_detailed_007,household_income,3,4,"$150,000 or more",0.04
7,pew_work_family_detailed_007,marriage_importance,0,1,Not at all important,0.56
7,pew_work_family_detailed_007,marriage_importance,1,2,Not too important,0.25
7,pew_work_family_detailed_007,marriage_importance,2,3,Somewhat important,0.14
7,pew_work_family_detailed_007,marriage_importance,3,4,Very important,0.05
7,pew_work_family_detailed_007,parenthood_importance,0,1,Not at all important,0.12
7,pew_work_family_detailed_007,parenthood_importance,1,2,Not too important,0.18
7,pew_work_family_detailed_007,parenthood_importance,2,3,Somewhat important,0.49
7,pew_work_family_detailed_007,parenthood_importance,3,4,Very important,0.21
7,pew_work_family_detailed_007,paid_work_priority,0,1,Not at all important,0.08
7,pew_work_family_detailed_007,paid_work_priority,1,2,Not too important,0.21
7,pew_work_family_detailed_007,paid_work_priority,2,3,Somewhat important,0.52
7,pew_work_family_detailed_007,paid_work_priority,3,4,Very important,0.19
7,pew_work_family_detailed_007,childcare_division,0,1,One parent should do most of it,0.46
7,pew_work_family_detailed_007,childcare_division,1,2,Both parents should divide it about equally,0.27
7,pew_work_family_detailed_007,childcare_division,2,3,The parent with more available time should do more,0.17
7,pew_work_family_detailed_007,childcare_division,3,4,It depends entirely on the family,0.1
7,pew_work_family_detailed_007,housework_division,0,1,One person should do most of it,0.08
7,pew_work_family_detailed_007,housework_division,1,2,Both adults should divide it about equally,0.3
7,pew_work_family_detailed_007,housework_division,2,3,The person with more available time should do more,0.47
7,pew_work_family_detailed_007,housework_division,3,4,It depends entirely on the household,0.15
7,pew_work_family_detailed_007,financial_decision_style,0,1,The higher earner should usually decide,0.43
7,pew_work_family_detailed_007,financial_decision_style,1,2,The person who manages the money should usually decide,0.2
7,pew_work_family_detailed_007,financial_decision_style,2,3,Both adults should decide together,0.27
7,pew_work_family_detailed_007,financial_decision_style,3,4,It depends on the decision,0.1
7,pew_work_family_detailed_007,career_sacrifice_rule,0,1,The lower earner should reduce work,0.16
7,pew_work_family_detailed_007,career_sacrifice_rule,1,2,The adult with the more flexible job should reduce work,0.51
7,pew_work_family_detailed_007,career_sacrifice_rule,2,3,Both adults should reduce work as equally as possible,0.22
7,pew_work_family_detailed_007,career_sacrifice_rule,3,4,It depends entirely on the family,0.11
8,pew_work_family_detailed_008,hobbies,0,1,Men and women are basically similar,0.22
8,pew_work_family_detailed_008,hobbies,1,2,Men and women are basically different,0.78
8,pew_work_family_detailed_008,physical_abilities,0,1,Men and women are basically similar,0.74
8,pew_work_family_detailed_008,physical_abilities,1,2,Men and women are basically different,0.26
8,pew_work_family_detailed_008,parenting,0,1,Men and women are basically similar,0.34
8,pew_work_family_detailed_008,parenting,1,2,Men and women are basically different,0.66
8,pew_work_family_detailed_008,feelings,0,1,Men and women are basically similar,0.18
8,pew_work_family_detailed_008,feelings,1,2,Men and women are basically different,0.82
8,pew_work_family_detailed_008,workplace,0,1,Men and women are basically similar,0.81
8,pew_work_family_detailed_008,workplace,1,2,Men and women are basically different,0.19
8,pew_work_family_detailed_008,relationship_status,0,1,Married,0.86
8,pew_work_family_detailed_008,relationship_status,1,2,Living with a partner,0.05
8,pew_work_family_detailed_008,relationship_status,2,3,In a relationship but not living together,0.04
8,pew_work_family_detailed_008,relationship_status,3,4,Not currently in a relationship,0.05
8,pew_work_family_detailed_008,children_at_home,0,1,No children under 18,0.88
8,pew_work_family_detailed_008,children_at_home,1,2,At least one child under 6,0.04
8,pew_work_family_detailed_008,children_at_home,2,3,Only children ages 6 to 17,0.05
8,pew_work_family_detailed_008,children_at_home,3,4,Children both under 6 and ages 6 to 17,0.03
8,pew_work_family_detailed_008,household_income,0,1,"Less than $50,000",0.06
8,pew_work_family_detailed_008,household_income,1,2,"$50,000 to $99,999",0.18
8,pew_work_family_detailed_008,household_income,2,3,"$100,000 to $149,999",0.58
8,pew_work_family_detailed_008,household_income,3,4,"$150,000 or more",0.18
8,pew_work_family_detailed_008,marriage_importance,0,1,Not at all important,0.45
8,pew_work_family_detailed_008,marriage_importance,1,2,Not too important,0.31
8,pew_work_family_detailed_008,marriage_importance,2,3,Somewhat important,0.17
8,pew_work_family_detailed_008,marriage_importance,3,4,Very important,0.07
8,pew_work_family_detailed_008,parenthood_importance,0,1,Not at all important,0.12
8,pew_work_family_detailed_008,parenthood_importance,1,2,Not too important,0.23
8,pew_work_family_detailed_008,parenthood_importance,2,3,Somewhat important,0.43
8,pew_work_family_detailed_008,parenthood_importance,3,4,Very important,0.22
8,pew_work_family_detailed_008,paid_work_priority,0,1,Not at all important,0.02
8,pew_work_family_detailed_008,paid_work_priority,1,2,Not too important,0.05
8,pew_work_family_detailed_008,paid_work_priority,2,3,Somewhat important,0.18
8,pew_work_family_detailed_008,paid_work_priority,3,4,Very important,0.75
8,pew_work_family_detailed_008,childcare_division,0,1,One parent should do most of it,0.07
8,pew_work_family_detailed_008,childcare_division,1,2,Both parents should divide it about equally,0.25
8,pew_work_family_detailed_008,childcare_division,2,3,The parent with more available time should do more,0.47
8,pew_work_family_detailed_008,childcare_division,3,4,It depends entirely on the family,0.21
8,pew_work_family_detailed_008,housework_division,0,1,One person should do most of it,0.03
8,pew_work_family_detailed_008,housework_division,1,2,Both adults should divide it about equally,0.64
8,pew_work_family_detailed_008,housework_division,2,3,The person with more available time should do more,0.22
8,pew_work_family_detailed_008,housework_division,3,4,It depends entirely on the household,0.11
8,pew_work_family_detailed_008,financial_decision_style,0,1,The higher earner should usually decide,0.04
8,pew_work_family_detailed_008,financial_decision_style,1,2,The person who manages the money should usually decide,0.11
8,pew_work_family_detailed_008,financial_decision_style,2,3,Both adults should decide together,0.36
8,pew_work_family_detailed_008,financial_decision_style,3,4,It depends on the decision,0.49
8,pew_work_family_detailed_008,career_sacrifice_rule,0,1,The lower earner should reduce work,0.13
8,pew_work_family_detailed_008,career_sacrifice_rule,1,2,The adult with the more flexible job should reduce work,0.5
8,pew_work_family_detailed_008,career_sacrifice_rule,2,3,Both adults should reduce work as equally as possible,0.25
8,pew_work_family_detailed_008,career_sacrifice_rule,3,4,It depends entirely on the family,0.12
9,pew_work_family_detailed_009,hobbies,0,1,Men and women are basically similar,0.62
9,pew_work_family_detailed_009,hobbies,1,2,Men and women are basically different,0.38
9,pew_work_family_detailed_009,physical_abilities,0,1,Men and women are basically similar,0.31
9,pew_work_family_detailed_009,physical_abilities,1,2,Men and women are basically different,0.69
9,pew_work_family_detailed_009,parenting,0,1,Men and women are basically similar,0.35
9,pew_work_family_detailed_009,parenting,1,2,Men and women are basically different,0.65
9,pew_work_family_detailed_009,feelings,0,1,Men and women are basically similar,0.27
9,pew_work_family_detailed_009,feelings,1,2,Men and women are basically different,0.73
9,pew_work_family_detailed_009,workplace,0,1,Men and women are basically similar,0.58
9,pew_work_family_detailed_009,workplace,1,2,Men and women are basically different,0.42
9,pew_work_family_detailed_009,relationship_status,0,1,Married,0.82
9,pew_work_family_detailed_009,relationship_status,1,2,Living with a partner,0.06
9,pew_work_family_detailed_009,relationship_status,2,3,In a relationship but not living together,0.05
9,pew_work_family_detailed_009,relationship_status,3,4,Not currently in a relationship,0.07
9,pew_work_family_detailed_009,children_at_home,0,1,No children under 18,0.86
9,pew_work_family_detailed_009,children_at_home,1,2,At least one child under 6,0.04
9,pew_work_family_detailed_009,children_at_home,2,3,Only children ages 6 to 17,0.06
9,pew_work_family_detailed_009,children_at_home,3,4,Children both under 6 and ages 6 to 17,0.04
9,pew_work_family_detailed_009,household_income,0,1,"Less than $50,000",0.16
9,pew_work_family_detailed_009,household_income,1,2,"$50,000 to $99,999",0.56
9,pew_work_family_detailed_009,household_income,2,3,"$100,000 to $149,999",0.18
9,pew_work_family_detailed_009,household_income,3,4,"$150,000 or more",0.1
9,pew_work_family_detailed_009,marriage_importance,0,1,Not at all important,0.05
9,pew_work_family_detailed_009,marriage_importance,1,2,Not too important,0.14
9,pew_work_family_detailed_009,marriage_importance,2,3,Somewhat important,0.53
9,pew_work_family_detailed_009,marriage_importance,3,4,Very important,0.28
9,pew_work_family_detailed_009,parenthood_importance,0,1,Not at all important,0.06
9,pew_work_family_detailed_009,parenthood_importance,1,2,Not too important,0.17
9,pew_work_family_detailed_009,parenthood_importance,2,3,Somewhat important,0.5
9,pew_work_family_detailed_009,parenthood_importance,3,4,Very important,0.27
9,pew_work_family_detailed_009,paid_work_priority,0,1,Not at all important,0.02
9,pew_work_family_detailed_009,paid_work_priority,1,2,Not too important,0.05
9,pew_work_family_detailed_009,paid_work_priority,2,3,Somewhat important,0.22
9,pew_work_family_detailed_009,paid_work_priority,3,4,Very important,0.71
9,pew_work_family_detailed_009,childcare_division,0,1,One parent should do most of it,0.46
9,pew_work_family_detailed_009,childcare_division,1,2,Both parents should divide it about equally,0.26
9,pew_work_family_detailed_009,childcare_division,2,3,The parent with more available time should do more,0.17
9,pew_work_family_detailed_009,childcare_division,3,4,It depends entirely on the family,0.11
9,pew_work_family_detailed_009,housework_division,0,1,One person should do most of it,0.08
9,pew_work_family_detailed_009,housework_division,1,2,Both adults should divide it about equally,0.24
9,pew_work_family_detailed_009,housework_division,2,3,The person with more available time should do more,0.2
9,pew_work_family_detailed_009,housework_division,3,4,It depends entirely on the household,0.48
9,pew_work_family_detailed_009,financial_decision_style,0,1,The higher earner should usually decide,0.44
9,pew_work_family_detailed_009,financial_decision_style,1,2,The person who manages the money should usually decide,0.18
9,pew_work_family_detailed_009,financial_decision_style,2,3,Both adults should decide together,0.27
9,pew_work_family_detailed_009,financial_decision_style,3,4,It depends on the decision,0.11
9,pew_work_family_detailed_009,career_sacrifice_rule,0,1,The lower earner should reduce work,0.13
9,pew_work_family_detailed_009,career_sacrifice_rule,1,2,The adult with the more flexible job should reduce work,0.19
9,pew_work_family_detailed_009,career_sacrifice_rule,2,3,Both adults should reduce work as equally as possible,0.55
9,pew_work_family_detailed_009,career_sacrifice_rule,3,4,It depends entirely on the family,0.13
10,pew_work_family_detailed_010,hobbies,0,1,Men and women are basically similar,0.22
10,pew_work_family_detailed_010,hobbies,1,2,Men and women are basically different,0.78
10,pew_work_family_detailed_010,physical_abilities,0,1,Men and women are basically similar,0.72
10,pew_work_family_detailed_010,physical_abilities,1,2,Men and women are basically different,0.28
10,pew_work_family_detailed_010,parenting,0,1,Men and women are basically similar,0.69
10,pew_work_family_detailed_010,parenting,1,2,Men and women are basically different,0.31
10,pew_work_family_detailed_010,feelings,0,1,Men and women are basically similar,0.25
10,pew_work_family_detailed_010,feelings,1,2,Men and women are basically different,0.75
10,pew_work_family_detailed_010,workplace,0,1,Men and women are basically similar,0.81
10,pew_work_family_detailed_010,workplace,1,2,Men and women are basically different,0.19
10,pew_work_family_detailed_010,relationship_status,0,1,Married,0.91
10,pew_work_family_detailed_010,relationship_status,1,2,Living with a partner,0.03
10,pew_work_family_detailed_010,relationship_status,2,3,In a relationship but not living together,0.03
10,pew_work_family_detailed_010,relationship_status,3,4,Not currently in a relationship,0.03
10,pew_work_family_detailed_010,children_at_home,0,1,No children under 18,0.03
10,pew_work_family_detailed_010,children_at_home,1,2,At least one child under 6,0.02
10,pew_work_family_detailed_010,children_at_home,2,3,Only children ages 6 to 17,0.9
10,pew_work_family_detailed_010,children_at_home,3,4,Children both under 6 and ages 6 to 17,0.05
10,pew_work_family_detailed_010,household_income,0,1,"Less than $50,000",0.02
10,pew_work_family_detailed_010,household_income,1,2,"$50,000 to $99,999",0.03
10,pew_work_family_detailed_010,household_income,2,3,"$100,000 to $149,999",0.1
10,pew_work_family_detailed_010,household_income,3,4,"$150,000 or more",0.85
10,pew_work_family_detailed_010,marriage_importance,0,1,Not at all important,0.7
10,pew_work_family_detailed_010,marriage_importance,1,2,Not too important,0.15
10,pew_work_family_detailed_010,marriage_importance,2,3,Somewhat important,0.1
10,pew_work_family_detailed_010,marriage_importance,3,4,Very important,0.05
10,pew_work_family_detailed_010,parenthood_importance,0,1,Not at all important,0.02
10,pew_work_family_detailed_010,parenthood_importance,1,2,Not too important,0.03
10,pew_work_family_detailed_010,parenthood_importance,2,3,Somewhat important,0.15
10,pew_work_family_detailed_010,parenthood_importance,3,4,Very important,0.8
10,pew_work_family_detailed_010,paid_work_priority,0,1,Not at all important,0.02
10,pew_work_family_detailed_010,paid_work_priority,1,2,Not too important,0.04
10,pew_work_family_detailed_010,paid_work_priority,2,3,Somewhat important,0.16
10,pew_work_family_detailed_010,paid_work_priority,3,4,Very important,0.78
10,pew_work_family_detailed_010,childcare_division,0,1,One parent should do most of it,0.45
10,pew_work_family_detailed_010,childcare_division,1,2,Both parents should divide it about equally,0.25
10,pew_work_family_detailed_010,childcare_division,2,3,The parent with more available time should do more,0.18
10,pew_work_family_detailed_010,childcare_division,3,4,It depends entirely on the family,0.12
10,pew_work_family_detailed_010,housework_division,0,1,One person should do most of it,0.09
10,pew_work_family_detailed_010,housework_division,1,2,Both adults should divide it about equally,0.27
10,pew_work_family_detailed_010,housework_division,2,3,The person with more available time should do more,0.23
10,pew_work_family_detailed_010,housework_division,3,4,It depends entirely on the household,0.41
10,pew_work_family_detailed_010,financial_decision_style,0,1,The higher earner should usually decide,0.43
10,pew_work_family_detailed_010,financial_decision_style,1,2,The person who manages the money should usually decide,0.17
10,pew_work_family_detailed_010,financial_decision_style,2,3,Both adults should decide together,0.3
10,pew_work_family_detailed_010,financial_decision_style,3,4,It depends on the decision,0.1
10,pew_work_family_detailed_010,career_sacrifice_rule,0,1,The lower earner should reduce work,0.08
10,pew_work_family_detailed_010,career_sacrifice_rule,1,2,The adult with the more flexible job should reduce work,0.2
10,pew_work_family_detailed_010,career_sacrifice_rule,2,3,Both adults should reduce work as equally as possible,0.58
10,pew_work_family_detailed_010,career_sacrifice_rule,3,4,It depends entirely on the family,0.14
11,pew_work_family_detailed_011,hobbies,0,1,Men and women are basically similar,0.27
11,pew_work_family_detailed_011,hobbies,1,2,Men and women are basically different,0.73
11,pew_work_family_detailed_011,physical_abilities,0,1,Men and women are basically similar,0.68
11,pew_work_family_detailed_011,physical_abilities,1,2,Men and women are basically different,0.32
11,pew_work_family_detailed_011,parenting,0,1,Men and women are basically similar,0.34
11,pew_work_family_detailed_011,parenting,1,2,Men and women are basically different,0.66
11,pew_work_family_detailed_011,feelings,0,1,Men and women are basically similar,0.25
11,pew_work_family_detailed_011,feelings,1,2,Men and women are basically different,0.75
11,pew_work_family_detailed_011,workplace,0,1,Men and women are basically similar,0.71
11,pew_work_family_detailed_011,workplace,1,2,Men and women are basically different,0.29
11,pew_work_family_detailed_011,relationship_status,0,1,Married,0.1
11,pew_work_family_detailed_011,relationship_status,1,2,Living with a partner,0.05
11,pew_work_family_detailed_011,relationship_status,2,3,In a relationship but not living together,0.13
11,pew_work_family_detailed_011,relationship_status,3,4,Not currently in a relationship,0.72
11,pew_work_family_detailed_011,children_at_home,0,1,No children under 18,0.82
11,pew_work_family_detailed_011,children_at_home,1,2,At least one child under 6,0.04
11,pew_work_family_detailed_011,children_at_home,2,3,Only children ages 6 to 17,0.1
11,pew_work_family_detailed_011,children_at_home,3,4,Children both under 6 and ages 6 to 17,0.04
11,pew_work_family_detailed_011,household_income,0,1,"Less than $50,000",0.2
11,pew_work_family_detailed_011,household_income,1,2,"$50,000 to $99,999",0.55
11,pew_work_family_detailed_011,household_income,2,3,"$100,000 to $149,999",0.17
11,pew_work_family_detailed_011,household_income,3,4,"$150,000 or more",0.08
11,pew_work_family_detailed_011,marriage_importance,0,1,Not at all important,0.08
11,pew_work_family_detailed_011,marriage_importance,1,2,Not too important,0.22
11,pew_work_family_detailed_011,marriage_importance,2,3,Somewhat important,0.52
11,pew_work_family_detailed_011,marriage_importance,3,4,Very important,0.18
11,pew_work_family_detailed_011,parenthood_importance,0,1,Not at all important,0.22
11,pew_work_family_detailed_011,parenthood_importance,1,2,Not too important,0.45
11,pew_work_family_detailed_011,parenthood_importance,2,3,Somewhat important,0.23
11,pew_work_family_detailed_011,parenthood_importance,3,4,Very important,0.1
11,pew_work_family_detailed_011,paid_work_priority,0,1,Not at all important,0.06
11,pew_work_family_detailed_011,paid_work_priority,1,2,Not too important,0.18
11,pew_work_family_detailed_011,paid_work_priority,2,3,Somewhat important,0.55
11,pew_work_family_detailed_011,paid_work_priority,3,4,Very important,0.21
11,pew_work_family_detailed_011,childcare_division,0,1,One parent should do most of it,0.05
11,pew_work_family_detailed_011,childcare_division,1,2,Both parents should divide it about equally,0.28
11,pew_work_family_detailed_011,childcare_division,2,3,The parent with more available time should do more,0.47
11,pew_work_family_detailed_011,childcare_division,3,4,It depends entirely on the family,0.2
11,pew_work_family_detailed_011,housework_division,0,1,One person should do most of it,0.04
11,pew_work_family_detailed_011,housework_division,1,2,Both adults should divide it about equally,0.58
11,pew_work_family_detailed_011,housework_division,2,3,The person with more available time should do more,0.25
11,pew_work_family_detailed_011,housework_division,3,4,It depends entirely on the household,0.13
11,pew_work_family_detailed_011,financial_decision_style,0,1,The higher earner should usually decide,0.05
11,pew_work_family_detailed_011,financial_decision_style,1,2,The person who manages the money should usually decide,0.43
11,pew_work_family_detailed_011,financial_decision_style,2,3,Both adults should decide together,0.32
11,pew_work_family_detailed_011,financial_decision_style,3,4,It depends on the decision,0.2
11,pew_work_family_detailed_011,career_sacrifice_rule,0,1,The lower earner should reduce work,0.12
11,pew_work_family_detailed_011,career_sacrifice_rule,1,2,The adult with the more flexible job should reduce work,0.46
11,pew_work_family_detailed_011,career_sacrifice_rule,2,3,Both adults should reduce work as equally as possible,0.25
11,pew_work_family_detailed_011,career_sacrifice_rule,3,4,It depends entirely on the family,0.17
12,pew_work_family_detailed_012,hobbies,0,1,Men and women are basically similar,0.28
12,pew_work_family_detailed_012,hobbies,1,2,Men and women are basically different,0.72
12,pew_work_family_detailed_012,physical_abilities,0,1,Men and women are basically similar,0.68
12,pew_work_family_detailed_012,physical_abilities,1,2,Men and women are basically different,0.32
12,pew_work_family_detailed_012,parenting,0,1,Men and women are basically similar,0.66
12,pew_work_family_detailed_012,parenting,1,2,Men and women are basically different,0.34
12,pew_work_family_detailed_012,feelings,0,1,Men and women are basically similar,0.3
12,pew_work_family_detailed_012,feelings,1,2,Men and women are basically different,0.7
12,pew_work_family_detailed_012,workplace,0,1,Men and women are basically similar,0.74
12,pew_work_family_detailed_012,workplace,1,2,Men and women are basically different,0.26
12,pew_work_family_detailed_012,relationship_status,0,1,Married,0.82
12,pew_work_family_detailed_012,relationship_status,1,2,Living with a partner,0.06
12,pew_work_family_detailed_012,relationship_status,2,3,In a relationship but not living together,0.04
12,pew_work_family_detailed_012,relationship_status,3,4,Not currently in a relationship,0.08
12,pew_work_family_detailed_012,children_at_home,0,1,No children under 18,0.85
12,pew_work_family_detailed_012,children_at_home,1,2,At least one child under 6,0.04
12,pew_work_family_detailed_012,children_at_home,2,3,Only children ages 6 to 17,0.07
12,pew_work_family_detailed_012,children_at_home,3,4,Children both under 6 and ages 6 to 17,0.04
12,pew_work_family_detailed_012,household_income,0,1,"Less than $50,000",0.72
12,pew_work_family_detailed_012,household_income,1,2,"$50,000 to $99,999",0.18
12,pew_work_family_detailed_012,household_income,2,3,"$100,000 to $149,999",0.06
12,pew_work_family_detailed_012,household_income,3,4,"$150,000 or more",0.04
12,pew_work_family_detailed_012,marriage_importance,0,1,Not at all important,0.03
12,pew_work_family_detailed_012,marriage_importance,1,2,Not too important,0.06
12,pew_work_family_detailed_012,marriage_importance,2,3,Somewhat important,0.16
12,pew_work_family_detailed_012,marriage_importance,3,4,Very important,0.75
12,pew_work_family_detailed_012,parenthood_importance,0,1,Not at all important,0.02
12,pew_work_family_detailed_012,parenthood_importance,1,2,Not too important,0.05
12,pew_work_family_detailed_012,parenthood_importance,2,3,Somewhat important,0.18
12,pew_work_family_detailed_012,parenthood_importance,3,4,Very important,0.75
12,pew_work_family_detailed_012,paid_work_priority,0,1,Not at all important,0.08
12,pew_work_family_detailed_012,paid_work_priority,1,2,Not too important,0.18
12,pew_work_family_detailed_012,paid_work_priority,2,3,Somewhat important,0.54
12,pew_work_family_detailed_012,paid_work_priority,3,4,Very important,0.2
12,pew_work_family_detailed_012,childcare_division,0,1,One parent should do most of it,0.08
12,pew_work_family_detailed_012,childcare_division,1,2,Both parents should divide it about equally,0.25
12,pew_work_family_detailed_012,childcare_division,2,3,The parent with more available time should do more,0.47
12,pew_work_family_detailed_012,childcare_division,3,4,It depends entirely on the family,0.2
12,pew_work_family_detailed_012,housework_division,0,1,One person should do most of it,0.05
12,pew_work_family_detailed_012,housework_division,1,2,Both adults should divide it about equally,0.64
12,pew_work_family_detailed_012,housework_division,2,3,The person with more available time should do more,0.2
12,pew_work_family_detailed_012,housework_division,3,4,It depends entirely on the household,0.11
12,pew_work_family_detailed_012,financial_decision_style,0,1,The higher earner should usually decide,0.06
12,pew_work_family_detailed_012,financial_decision_style,1,2,The person who manages the money should usually decide,0.45
12,pew_work_family_detailed_012,financial_decision_style,2,3,Both adults should decide together,0.34
12,pew_work_family_detailed_012,financial_decision_style,3,4,It depends on the decision,0.15
12,pew_work_family_detailed_012,career_sacrifice_rule,0,1,The lower earner should reduce work,0.5
12,pew_work_family_detailed_012,career_sacrifice_rule,1,2,The adult with the more flexible job should reduce work,0.24
12,pew_work_family_detailed_012,career_sacrifice_rule,2,3,Both adults should reduce work as equally as possible,0.14
12,pew_work_family_detailed_012,career_sacrifice_rule,3,4,It depends entirely on the family,0.12
13,pew_work_family_detailed_013,hobbies,0,1,Men and women are basically similar,0.3
13,pew_work_family_detailed_013,hobbies,1,2,Men and women are basically different,0.7
13,pew_work_family_detailed_013,physical_abilities,0,1,Men and women are basically similar,0.18
13,pew_work_family_detailed_013,physical_abilities,1,2,Men and women are basically different,0.82
13,pew_work_family_detailed_013,parenting,0,1,Men and women are basically similar,0.34
13,pew_work_family_detailed_013,parenting,1,2,Men and women are basically different,0.66
13,pew_work_family_detailed_013,feelings,0,1,Men and women are basically similar,0.64
13,pew_work_family_detailed_013,feelings,1,2,Men and women are basically different,0.36
13,pew_work_family_detailed_013,workplace,0,1,Men and women are basically similar,0.73
13,pew_work_family_detailed_013,workplace,1,2,Men and women are basically different,0.27
13,pew_work_family_detailed_013,relationship_status,0,1,Married,0.86
13,pew_work_family_detailed_013,relationship_status,1,2,Living with a partner,0.04
13,pew_work_family_detailed_013,relationship_status,2,3,In a relationship but not living together,0.03
13,pew_work_family_detailed_013,relationship_status,3,4,Not currently in a relationship,0.07
13,pew_work_family_detailed_013,children_at_home,0,1,No children under 18,0.05
13,pew_work_family_detailed_013,children_at_home,1,2,At least one child under 6,0.04
13,pew_work_family_detailed_013,children_at_home,2,3,Only children ages 6 to 17,0.86
13,pew_work_family_detailed_013,children_at_home,3,4,Children both under 6 and ages 6 to 17,0.05
13,pew_work_family_detailed_013,household_income,0,1,"Less than $50,000",0.04
13,pew_work_family_detailed_013,household_income,1,2,"$50,000 to $99,999",0.16
13,pew_work_family_detailed_013,household_income,2,3,"$100,000 to $149,999",0.68
13,pew_work_family_detailed_013,household_income,3,4,"$150,000 or more",0.12
13,pew_work_family_detailed_013,marriage_importance,0,1,Not at all important,0.7
13,pew_work_family_detailed_013,marriage_importance,1,2,Not too important,0.15
13,pew_work_family_detailed_013,marriage_importance,2,3,Somewhat important,0.1
13,pew_work_family_detailed_013,marriage_importance,3,4,Very important,0.05
13,pew_work_family_detailed_013,parenthood_importance,0,1,Not at all important,0.03
13,pew_work_family_detailed_013,parenthood_importance,1,2,Not too important,0.05
13,pew_work_family_detailed_013,parenthood_importance,2,3,Somewhat important,0.17
13,pew_work_family_detailed_013,parenthood_importance,3,4,Very important,0.75
13,pew_work_family_detailed_013,paid_work_priority,0,1,Not at all important,0.02
13,pew_work_family_detailed_013,paid_work_priority,1,2,Not too important,0.05
13,pew_work_family_detailed_013,paid_work_priority,2,3,Somewhat important,0.18
13,pew_work_family_detailed_013,paid_work_priority,3,4,Very important,0.75
13,pew_work_family_detailed_013,childcare_division,0,1,One parent should do most of it,0.46
13,pew_work_family_detailed_013,childcare_division,1,2,Both parents should divide it about equally,0.24
13,pew_work_family_detailed_013,childcare_division,2,3,The parent with more available time should do more,0.15
13,pew_work_family_detailed_013,childcare_division,3,4,It depends entirely on the family,0.15
13,pew_work_family_detailed_013,housework_division,0,1,One person should do most of it,0.08
13,pew_work_family_detailed_013,housework_division,1,2,Both adults should divide it about equally,0.22
13,pew_work_family_detailed_013,housework_division,2,3,The person with more available time should do more,0.25
13,pew_work_family_detailed_013,housework_division,3,4,It depends entirely on the household,0.45
13,pew_work_family_detailed_013,financial_decision_style,0,1,The higher earner should usually decide,0.05
13,pew_work_family_detailed_013,financial_decision_style,1,2,The person who manages the money should usually decide,0.12
13,pew_work_family_detailed_013,financial_decision_style,2,3,Both adults should decide together,0.33
13,pew_work_family_detailed_013,financial_decision_style,3,4,It depends on the decision,0.5
13,pew_work_family_detailed_013,career_sacrifice_rule,0,1,The lower earner should reduce work,0.07
13,pew_work_family_detailed_013,career_sacrifice_rule,1,2,The adult with the more flexible job should reduce work,0.16
13,pew_work_family_detailed_013,career_sacrifice_rule,2,3,Both adults should reduce work as equally as possible,0.57
13,pew_work_family_detailed_013,career_sacrifice_rule,3,4,It depends entirely on the family,0.2
14,pew_work_family_detailed_014,hobbies,0,1,Men and women are basically similar,0.76
14,pew_work_family_detailed_014,hobbies,1,2,Men and women are basically different,0.24
14,pew_work_family_detailed_014,physical_abilities,0,1,Men and women are basically similar,0.21
14,pew_work_family_detailed_014,physical_abilities,1,2,Men and women are basically different,0.79
14,pew_work_family_detailed_014,parenting,0,1,Men and women are basically similar,0.72
14,pew_work_family_detailed_014,parenting,1,2,Men and women are basically different,0.28
14,pew_work_family_detailed_014,feelings,0,1,Men and women are basically similar,0.31
14,pew_work_family_detailed_014,feelings,1,2,Men and women are basically different,0.69
14,pew_work_family_detailed_014,workplace,0,1,Men and women are basically similar,0.81
14,pew_work_family_detailed_014,workplace,1,2,Men and women are basically different,0.19
14,pew_work_family_detailed_014,relationship_status,0,1,Married,0.08
14,pew_work_family_detailed_014,relationship_status,1,2,Living with a partner,0.03
14,pew_work_family_detailed_014,relationship_status,2,3,In a relationship but not living together,0.1
14,pew_work_family_detailed_014,relationship_status,3,4,Not currently in a relationship,0.79
14,pew_work_family_detailed_014,children_at_home,0,1,No children under 18,0.06
14,pew_work_family_detailed_014,children_at_home,1,2,At least one child under 6,0.03
14,pew_work_family_detailed_014,children_at_home,2,3,Only children ages 6 to 17,0.86
14,pew_work_family_detailed_014,children_at_home,3,4,Children both under 6 and ages 6 to 17,0.05
14,pew_work_family_detailed_014,household_income,0,1,"Less than $50,000",0.04
14,pew_work_family_detailed_014,household_income,1,2,"$50,000 to $99,999",0.16
14,pew_work_family_detailed_014,household_income,2,3,"$100,000 to $149,999",0.66
14,pew_work_family_detailed_014,household_income,3,4,"$150,000 or more",0.14
14,pew_work_family_detailed_014,marriage_importance,0,1,Not at all important,0.1
14,pew_work_family_detailed_014,marriage_importance,1,2,Not too important,0.2
14,pew_work_family_detailed_014,marriage_importance,2,3,Somewhat important,0.51
14,pew_work_family_detailed_014,marriage_importance,3,4,Very important,0.19
14,pew_work_family_detailed_014,parenthood_importance,0,1,Not at all important,0.06
14,pew_work_family_detailed_014,parenthood_importance,1,2,Not too important,0.17
14,pew_work_family_detailed_014,parenthood_importance,2,3,Somewhat important,0.48
14,pew_work_family_detailed_014,parenthood_importance,3,4,Very important,0.29
14,pew_work_family_detailed_014,paid_work_priority,0,1,Not at all important,0.02
14,pew_work_family_detailed_014,paid_work_priority,1,2,Not too important,0.05
14,pew_work_family_detailed_014,paid_work_priority,2,3,Somewhat important,0.18
14,pew_work_family_detailed_014,paid_work_priority,3,4,Very important,0.75
14,pew_work_family_detailed_014,childcare_division,0,1,One parent should do most of it,0.04
14,pew_work_family_detailed_014,childcare_division,1,2,Both parents should divide it about equally,0.63
14,pew_work_family_detailed_014,childcare_division,2,3,The parent with more available time should do more,0.19
14,pew_work_family_detailed_014,childcare_division,3,4,It depends entirely on the family,0.14
14,pew_work_family_detailed_014,housework_division,0,1,One person should do most of it,0.03
14,pew_work_family_detailed_014,housework_division,1,2,Both adults should divide it about equally,0.27
14,pew_work_family_detailed_014,housework_division,2,3,The person with more available time should do more,0.19
14,pew_work_family_detailed_014,housework_division,3,4,It depends entirely on the household,0.51
14,pew_work_family_detailed_014,financial_decision_style,0,1,The higher earner should usually decide,0.08
14,pew_work_family_detailed_014,financial_decision_style,1,2,The person who manages the money should usually decide,0.52
14,pew_work_family_detailed_014,financial_decision_style,2,3,Both adults should decide together,0.27
14,pew_work_family_detailed_014,financial_decision_style,3,4,It depends on the decision,0.13
14,pew_work_family_detailed_014,career_sacrifice_rule,0,1,The lower earner should reduce work,0.47
14,pew_work_family_detailed_014,career_sacrifice_rule,1,2,The adult with the more flexible job should reduce work,0.24
14,pew_work_family_detailed_014,career_sacrifice_rule,2,3,Both adults should reduce work as equally as possible,0.16
14,pew_work_family_detailed_014,career_sacrifice_rule,3,4,It depends entirely on the family,0.13
15,pew_work_family_detailed_015,hobbies,0,1,Men and women are basically similar,0.22
15,pew_work_family_detailed_015,hobbies,1,2,Men and women are basically different,0.78
15,pew_work_family_detailed_015,physical_abilities,0,1,Men and women are basically similar,0.14
15,pew_work_family_detailed_015,physical_abilities,1,2,Men and women are basically different,0.86
15,pew_work_family_detailed_015,parenting,0,1,Men and women are basically similar,0.69
15,pew_work_family_detailed_015,parenting,1,2,Men and women are basically different,0.31
15,pew_work_family_detailed_015,feelings,0,1,Men and women are basically similar,0.25
15,pew_work_family_detailed_015,feelings,1,2,Men and women are basically different,0.75
15,pew_work_family_detailed_015,workplace,0,1,Men and women are basically similar,0.77
15,pew_work_family_detailed_015,workplace,1,2,Men and women are basically different,0.23
15,pew_work_family_detailed_015,relationship_status,0,1,Married,0.91
15,pew_work_family_detailed_015,relationship_status,1,2,Living with a partner,0.03
15,pew_work_family_detailed_015,relationship_status,2,3,In a relationship but not living together,0.03
15,pew_work_family_detailed_015,relationship_status,3,4,Not currently in a relationship,0.03
15,pew_work_family_detailed_015,children_at_home,0,1,No children under 18,0.03
15,pew_work_family_detailed_015,children_at_home,1,2,At least one child under 6,0.03
15,pew_work_family_detailed_015,children_at_home,2,3,Only children ages 6 to 17,0.91
15,pew_work_family_detailed_015,children_at_home,3,4,Children both under 6 and ages 6 to 17,0.03
15,pew_work_family_detailed_015,household_income,0,1,"Less than $50,000",0.02
15,pew_work_family_detailed_015,household_income,1,2,"$50,000 to $99,999",0.05
15,pew_work_family_detailed_015,household_income,2,3,"$100,000 to $149,999",0.13
15,pew_work_family_detailed_015,household_income,3,4,"$150,000 or more",0.8
15,pew_work_family_detailed_015,marriage_importance,0,1,Not at all important,0.06
15,pew_work_family_detailed_015,marriage_importance,1,2,Not too important,0.14
15,pew_work_family_detailed_015,marriage_importance,2,3,Somewhat important,0.55
15,pew_work_family_detailed_015,marriage_importance,3,4,Very important,0.25
15,pew_work_family_detailed_015,parenthood_importance,0,1,Not at all important,0.01
15,pew_work_family_detailed_015,parenthood_importance,1,2,Not too important,0.02
15,pew_work_family_detailed_015,parenthood_importance,2,3,Somewhat important,0.12
15,pew_work_family_detailed_015,parenthood_importance,3,4,Very important,0.85
15,pew_work_family_detailed_015,paid_work_priority,0,1,Not at all important,0.62
15,pew_work_family_detailed_015,paid_work_priority,1,2,Not too important,0.22
15,pew_work_family_detailed_015,paid_work_priority,2,3,Somewhat important,0.11
15,pew_work_family_detailed_015,paid_work_priority,3,4,Very important,0.05
15,pew_work_family_detailed_015,childcare_division,0,1,One parent should do most of it,0.05
15,pew_work_family_detailed_015,childcare_division,1,2,Both parents should divide it about equally,0.72
15,pew_work_family_detailed_015,childcare_division,2,3,The parent with more available time should do more,0.13
15,pew_work_family_detailed_015,childcare_division,3,4,It depends entirely on the family,0.1
15,pew_work_family_detailed_015,housework_division,0,1,One person should do most of it,0.07
15,pew_work_family_detailed_015,housework_division,1,2,Both adults should divide it about equally,0.26
15,pew_work_family_detailed_015,housework_division,2,3,The person with more available time should do more,0.18
15,pew_work_family_detailed_015,housework_division,3,4,It depends entirely on the household,0.49
15,pew_work_family_detailed_015,financial_decision_style,0,1,The higher earner should usually decide,0.05
15,pew_work_family_detailed_015,financial_decision_style,1,2,The person who manages the money should usually decide,0.13
15,pew_work_family_detailed_015,financial_decision_style,2,3,Both adults should decide together,0.34
15,pew_work_family_detailed_015,financial_decision_style,3,4,It depends on the decision,0.48
15,pew_work_family_detailed_015,career_sacrifice_rule,0,1,The lower earner should reduce work,0.5
15,pew_work_family_detailed_015,career_sacrifice_rule,1,2,The adult with the more flexible job should reduce work,0.23
15,pew_work_family_detailed_015,career_sacrifice_rule,2,3,Both adults should reduce work as equally as possible,0.16
15,pew_work_family_detailed_015,career_sacrifice_rule,3,4,It depends entirely on the family,0.11
16,pew_work_family_detailed_016,hobbies,0,1,Men and women are basically similar,0.72
16,pew_work_family_detailed_016,hobbies,1,2,Men and women are basically different,0.28
16,pew_work_family_detailed_016,physical_abilities,0,1,Men and women are basically similar,0.18
16,pew_work_family_detailed_016,physical_abilities,1,2,Men and women are basically different,0.82
16,pew_work_family_detailed_016,parenting,0,1,Men and women are basically similar,0.34
16,pew_work_family_detailed_016,parenting,1,2,Men and women are basically different,0.66
16,pew_work_family_detailed_016,feelings,0,1,Men and women are basically similar,0.24
16,pew_work_family_detailed_016,feelings,1,2,Men and women are basically different,0.76
16,pew_work_family_detailed_016,workplace,0,1,Men and women are basically similar,0.69
16,pew_work_family_detailed_016,workplace,1,2,Men and women are basically different,0.31
16,pew_work_family_detailed_016,relationship_status,0,1,Married,0.91
16,pew_work_family_detailed_016,relationship_status,1,2,Living with a partner,0.03
16,pew_work_family_detailed_016,relationship_status,2,3,In a relationship but not living together,0.02
16,pew_work_family_detailed_016,relationship_status,3,4,Not currently in a relationship,0.04
16,pew_work_family_detailed_016,children_at_home,0,1,No children under 18,0.04
16,pew_work_family_detailed_016,children_at_home,1,2,At least one child under 6,0.03
16,pew_work_family_detailed_016,children_at_home,2,3,Only children ages 6 to 17,0.89
16,pew_work_family_detailed_016,children_at_home,3,4,Children both under 6 and ages 6 to 17,0.04
16,pew_work_family_detailed_016,household_income,0,1,"Less than $50,000",0.03
16,pew_work_family_detailed_016,household_income,1,2,"$50,000 to $99,999",0.1
16,pew_work_family_detailed_016,household_income,2,3,"$100,000 to $149,999",0.78
16,pew_work_family_detailed_016,household_income,3,4,"$150,000 or more",0.09
16,pew_work_family_detailed_016,marriage_importance,0,1,Not at all important,0.02
16,pew_work_family_detailed_016,marriage_importance,1,2,Not too important,0.05
16,pew_work_family_detailed_016,marriage_importance,2,3,Somewhat important,0.17
16,pew_work_family_detailed_016,marriage_importance,3,4,Very important,0.76
16,pew_work_family_detailed_016,parenthood_importance,0,1,Not at all important,0.13
16,pew_work_family_detailed_016,parenthood_importance,1,2,Not too important,0.55
16,pew_work_family_detailed_016,parenthood_importance,2,3,Somewhat important,0.23
16,pew_work_family_detailed_016,parenthood_importance,3,4,Very important,0.09
16,pew_work_family_detailed_016,paid_work_priority,0,1,Not at all important,0.02
16,pew_work_family_detailed_016,paid_work_priority,1,2,Not too important,0.04
16,pew_work_family_detailed_016,paid_work_priority,2,3,Somewhat important,0.18
16,pew_work_family_detailed_016,paid_work_priority,3,4,Very important,0.76
16,pew_work_family_detailed_016,childcare_division,0,1,One parent should do most of it,0.06
16,pew_work_family_detailed_016,childcare_division,1,2,Both parents should divide it about equally,0.25
16,pew_work_family_detailed_016,childcare_division,2,3,The parent with more available time should do more,0.23
16,pew_work_family_detailed_016,childcare_division,3,4,It depends entirely on the family,0.46
16,pew_work_family_detailed_016,housework_division,0,1,One person should do most of it,0.05
16,pew_work_family_detailed_016,housework_division,1,2,Both adults should divide it about equally,0.24
16,pew_work_family_detailed_016,housework_division,2,3,The person with more available time should do more,0.25
16,pew_work_family_detailed_016,housework_division,3,4,It depends entirely on the household,0.46
16,pew_work_family_detailed_016,financial_decision_style,0,1,The higher earner should usually decide,0.47
16,pew_work_family_detailed_016,financial_decision_style,1,2,The person who manages the money should usually decide,0.16
16,pew_work_family_detailed_016,financial_decision_style,2,3,Both adults should decide together,0.26
16,pew_work_family_detailed_016,financial_decision_style,3,4,It depends on the decision,0.11
16,pew_work_family_detailed_016,career_sacrifice_rule,0,1,The lower earner should reduce work,0.18
16,pew_work_family_detailed_016,career_sacrifice_rule,1,2,The adult with the more flexible job should reduce work,0.5
16,pew_work_family_detailed_016,career_sacrifice_rule,2,3,Both adults should reduce work as equally as possible,0.15
16,pew_work_family_detailed_016,career_sacrifice_rule,3,4,It depends entirely on the family,0.17
17,pew_work_family_detailed_017,hobbies,0,1,Men and women are basically similar,0.28
17,pew_work_family_detailed_017,hobbies,1,2,Men and women are basically different,0.72
17,pew_work_family_detailed_017,physical_abilities,0,1,Men and women are basically similar,0.7
17,pew_work_family_detailed_017,physical_abilities,1,2,Men and women are basically different,0.3
17,pew_work_family_detailed_017,parenting,0,1,Men and women are basically similar,0.35
17,pew_work_family_detailed_017,parenting,1,2,Men and women are basically different,0.65
17,pew_work_family_detailed_017,feelings,0,1,Men and women are basically similar,0.25
17,pew_work_family_detailed_017,feelings,1,2,Men and women are basically different,0.75
17,pew_work_family_detailed_017,workplace,0,1,Men and women are basically similar,0.78
17,pew_work_family_detailed_017,workplace,1,2,Men and women are basically different,0.22
17,pew_work_family_detailed_017,relationship_status,0,1,Married,0.82
17,pew_work_family_detailed_017,relationship_status,1,2,Living with a partner,0.05
17,pew_work_family_detailed_017,relationship_status,2,3,In a relationship but not living together,0.04
17,pew_work_family_detailed_017,relationship_status,3,4,Not currently in a relationship,0.09
17,pew_work_family_detailed_017,children_at_home,0,1,No children under 18,0.86
17,pew_work_family_detailed_017,children_at_home,1,2,At least one child under 6,0.03
17,pew_work_family_detailed_017,children_at_home,2,3,Only children ages 6 to 17,0.08
17,pew_work_family_detailed_017,children_at_home,3,4,Children both under 6 and ages 6 to 17,0.03
17,pew_work_family_detailed_017,household_income,0,1,"Less than $50,000",0.18
17,pew_work_family_detailed_017,household_income,1,2,"$50,000 to $99,999",0.55
17,pew_work_family_detailed_017,household_income,2,3,"$100,000 to $149,999",0.17
17,pew_work_family_detailed_017,household_income,3,4,"$150,000 or more",0.1
17,pew_work_family_detailed_017,marriage_importance,0,1,Not at all important,0.5
17,pew_work_family_detailed_017,marriage_importance,1,2,Not too important,0.25
17,pew_work_family_detailed_017,marriage_importance,2,3,Somewhat important,0.16
17,pew_work_family_detailed_017,marriage_importance,3,4,Very important,0.09
17,pew_work_family_detailed_017,parenthood_importance,0,1,Not at all important,0.12
17,pew_work_family_detailed_017,parenthood_importance,1,2,Not too important,0.21
17,pew_work_family_detailed_017,parenthood_importance,2,3,Somewhat important,0.48
17,pew_work_family_detailed_017,parenthood_importance,3,4,Very important,0.19
17,pew_work_family_detailed_017,paid_work_priority,0,1,Not at all important,0.1
17,pew_work_family_detailed_017,paid_work_priority,1,2,Not too important,0.22
17,pew_work_family_detailed_017,paid_work_priority,2,3,Somewhat important,0.5
17,pew_work_family_detailed_017,paid_work_priority,3,4,Very important,0.18
17,pew_work_family_detailed_017,childcare_division,0,1,One parent should do most of it,0.08
17,pew_work_family_detailed_017,childcare_division,1,2,Both parents should divide it about equally,0.28
17,pew_work_family_detailed_017,childcare_division,2,3,The parent with more available time should do more,0.45
17,pew_work_family_detailed_017,childcare_division,3,4,It depends entirely on the family,0.19
17,pew_work_family_detailed_017,housework_division,0,1,One person should do most of it,0.06
17,pew_work_family_detailed_017,housework_division,1,2,Both adults should divide it about equally,0.58
17,pew_work_family_detailed_017,housework_division,2,3,The person with more available time should do more,0.23
17,pew_work_family_detailed_017,housework_division,3,4,It depends entirely on the household,0.13
17,pew_work_family_detailed_017,financial_decision_style,0,1,The higher earner should usually decide,0.05
17,pew_work_family_detailed_017,financial_decision_style,1,2,The person who manages the money should usually decide,0.43
17,pew_work_family_detailed_017,financial_decision_style,2,3,Both adults should decide together,0.32
17,pew_work_family_detailed_017,financial_decision_style,3,4,It depends on the decision,0.2
17,pew_work_family_detailed_017,career_sacrifice_rule,0,1,The lower earner should reduce work,0.08
17,pew_work_family_detailed_017,career_sacrifice_rule,1,2,The adult with the more flexible job should reduce work,0.48
17,pew_work_family_detailed_017,career_sacrifice_rule,2,3,Both adults should reduce work as equally as possible,0.27
17,pew_work_family_detailed_017,career_sacrifice_rule,3,4,It depends entirely on the family,0.17
18,pew_work_family_detailed_018,hobbies,0,1,Men and women are basically similar,0.22
18,pew_work_family_detailed_018,hobbies,1,2,Men and women are basically different,0.78
18,pew_work_family_detailed_018,physical_abilities,0,1,Men and women are basically similar,0.12
18,pew_work_family_detailed_018,physical_abilities,1,2,Men and women are basically different,0.88
18,pew_work_family_detailed_018,parenting,0,1,Men and women are basically similar,0.28
18,pew_work_family_detailed_018,parenting,1,2,Men and women are basically different,0.72
18,pew_work_family_detailed_018,feelings,0,1,Men and women are basically similar,0.18
18,pew_work_family_detailed_018,feelings,1,2,Men and women are basically different,0.82
18,pew_work_family_detailed_018,workplace,0,1,Men and women are basically similar,0.73
18,pew_work_family_detailed_018,workplace,1,2,Men and women are basically different,0.27
18,pew_work_family_detailed_018,relationship_status,0,1,Married,0.08
18,pew_work_family_detailed_018,relationship_status,1,2,Living with a partner,0.82
18,pew_work_family_detailed_018,relationship_status,2,3,In a relationship but not living together,0.06
18,pew_work_family_detailed_018,relationship_status,3,4,Not currently in a relationship,0.04
18,pew_work_family_detailed_018,children_at_home,0,1,No children under 18,0.9
18,pew_work_family_detailed_018,children_at_home,1,2,At least one child under 6,0.03
18,pew_work_family_detailed_018,children_at_home,2,3,Only children ages 6 to 17,0.05
18,pew_work_family_detailed_018,children_at_home,3,4,Children both under 6 and ages 6 to 17,0.02
18,pew_work_family_detailed_018,household_income,0,1,"Less than $50,000",0.76
18,pew_work_family_detailed_018,household_income,1,2,"$50,000 to $99,999",0.17
18,pew_work_family_detailed_018,household_income,2,3,"$100,000 to $149,999",0.05
18,pew_work_family_detailed_018,household_income,3,4,"$150,000 or more",0.02
18,pew_work_family_detailed_018,marriage_importance,0,1,Not at all important,0.05
18,pew_work_family_detailed_018,marriage_importance,1,2,Not too important,0.16
18,pew_work_family_detailed_018,marriage_importance,2,3,Somewhat important,0.57
18,pew_work_family_detailed_018,marriage_importance,3,4,Very important,0.22
18,pew_work_family_detailed_018,parenthood_importance,0,1,Not at all important,0.02
18,pew_work_family_detailed_018,parenthood_importance,1,2,Not too important,0.04
18,pew_work_family_detailed_018,parenthood_importance,2,3,Somewhat important,0.17
18,pew_work_family_detailed_018,parenthood_importance,3,4,Very important,0.77
18,pew_work_family_detailed_018,paid_work_priority,0,1,Not at all important,0.02
18,pew_work_family_detailed_018,paid_work_priority,1,2,Not too important,0.05
18,pew_work_family_detailed_018,paid_work_priority,2,3,Somewhat important,0.2
18,pew_work_family_detailed_018,paid_work_priority,3,4,Very important,0.73
18,pew_work_family_detailed_018,childcare_division,0,1,One parent should do most of it,0.46
18,pew_work_family_detailed_018,childcare_division,1,2,Both parents should divide it about equally,0.24
18,pew_work_family_detailed_018,childcare_division,2,3,The parent with more available time should do more,0.18
18,pew_work_family_detailed_018,childcare_division,3,4,It depends entirely on the family,0.12
18,pew_work_family_detailed_018,housework_division,0,1,One person should do most of it,0.06
18,pew_work_family_detailed_018,housework_division,1,2,Both adults should divide it about equally,0.62
18,pew_work_family_detailed_018,housework_division,2,3,The person with more available time should do more,0.2
18,pew_work_family_detailed_018,housework_division,3,4,It depends entirely on the household,0.12
18,pew_work_family_detailed_018,financial_decision_style,0,1,The higher earner should usually decide,0.48
18,pew_work_family_detailed_018,financial_decision_style,1,2,The person who manages the money should usually decide,0.17
18,pew_work_family_detailed_018,financial_decision_style,2,3,Both adults should decide together,0.25
18,pew_work_family_detailed_018,financial_decision_style,3,4,It depends on the decision,0.1
18,pew_work_family_detailed_018,career_sacrifice_rule,0,1,The lower earner should reduce work,0.11
18,pew_work_family_detailed_018,career_sacrifice_rule,1,2,The adult with the more flexible job should reduce work,0.25
18,pew_work_family_detailed_018,career_sacrifice_rule,2,3,Both adults should reduce work as equally as possible,0.5
18,pew_work_family_detailed_018,career_sacrifice_rule,3,4,It depends entirely on the family,0.14
19,pew_work_family_detailed_019,hobbies,0,1,Men and women are basically similar,0.74
19,pew_work_family_detailed_019,hobbies,1,2,Men and women are basically different,0.26
19,pew_work_family_detailed_019,physical_abilities,0,1,Men and women are basically similar,0.65
19,pew_work_family_detailed_019,physical_abilities,1,2,Men and women are basically different,0.35
19,pew_work_family_detailed_019,parenting,0,1,Men and women are basically similar,0.3
19,pew_work_family_detailed_019,parenting,1,2,Men and women are basically different,0.7
19,pew_work_family_detailed_019,feelings,0,1,Men and women are basically similar,0.25
19,pew_work_family_detailed_019,feelings,1,2,Men and women are basically different,0.75
19,pew_work_family_detailed_019,workplace,0,1,Men and women are basically similar,0.78
19,pew_work_family_detailed_019,workplace,1,2,Men and women are basically different,0.22
19,pew_work_family_detailed_019,relationship_status,0,1,Married,0.03
19,pew_work_family_detailed_019,relationship_status,1,2,Living with a partner,0.02
19,pew_work_family_detailed_019,relationship_status,2,3,In a relationship but not living together,0.05
19,pew_work_family_detailed_019,relationship_status,3,4,Not currently in a relationship,0.9
19,pew_work_family_detailed_019,children_at_home,0,1,No children under 18,0.03
19,pew_work_family_detailed_019,children_at_home,1,2,At least one child under 6,0.02
19,pew_work_family_detailed_019,children_at_home,2,3,Only children ages 6 to 17,0.92
19,pew_work_family_detailed_019,children_at_home,3,4,Children both under 6 and ages 6 to 17,0.03
19,pew_work_family_detailed_019,household_income,0,1,"Less than $50,000",0.04
19,pew_work_family_detailed_019,household_income,1,2,"$50,000 to $99,999",0.12
19,pew_work_family_detailed_019,household_income,2,3,"$100,000 to $149,999",0.74
19,pew_work_family_detailed_019,household_income,3,4,"$150,000 or more",0.1
19,pew_work_family_detailed_019,marriage_importance,0,1,Not at all important,0.03
19,pew_work_family_detailed_019,marriage_importance,1,2,Not too important,0.04
19,pew_work_family_detailed_019,marriage_importance,2,3,Somewhat important,0.18
19,pew_work_family_detailed_019,marriage_importance,3,4,Very important,0.75
19,pew_work_family_detailed_019,parenthood_importance,0,1,Not at all important,0.05
19,pew_work_family_detailed_019,parenthood_importance,1,2,Not too important,0.15
19,pew_work_family_detailed_019,parenthood_importance,2,3,Somewhat important,0.55
19,pew_work_family_detailed_019,parenthood_importance,3,4,Very important,0.25
19,pew_work_family_detailed_019,paid_work_priority,0,1,Not at all important,0.05
19,pew_work_family_detailed_019,paid_work_priority,1,2,Not too important,0.14
19,pew_work_family_detailed_019,paid_work_priority,2,3,Somewhat important,0.56
19,pew_work_family_detailed_019,paid_work_priority,3,4,Very important,0.25
19,pew_work_family_detailed_019,childcare_division,0,1,One parent should do most of it,0.08
19,pew_work_family_detailed_019,childcare_division,1,2,Both parents should divide it about equally,0.62
19,pew_work_family_detailed_019,childcare_division,2,3,The parent with more available time should do more,0.2
19,pew_work_family_detailed_019,childcare_division,3,4,It depends entirely on the family,0.1
19,pew_work_family_detailed_019,housework_division,0,1,One person should do most of it,0.06
19,pew_work_family_detailed_019,housework_division,1,2,Both adults should divide it about equally,0.66
19,pew_work_family_detailed_019,housework_division,2,3,The person with more available time should do more,0.18
19,pew_work_family_detailed_019,housework_division,3,4,It depends entirely on the household,0.1
19,pew_work_family_detailed_019,financial_decision_style,0,1,The higher earner should usually decide,0.46
19,pew_work_family_detailed_019,financial_decision_style,1,2,The person who manages the money should usually decide,0.16
19,pew_work_family_detailed_019,financial_decision_style,2,3,Both adults should decide together,0.28
19,pew_work_family_detailed_019,financial_decision_style,3,4,It depends on the decision,0.1
19,pew_work_family_detailed_019,career_sacrifice_rule,0,1,The lower earner should reduce work,0.12
19,pew_work_family_detailed_019,career_sacrifice_rule,1,2,The adult with the more flexible job should reduce work,0.22
19,pew_work_family_detailed_019,career_sacrifice_rule,2,3,Both adults should reduce work as equally as possible,0.52
19,pew_work_family_detailed_019,career_sacrifice_rule,3,4,It depends entirely on the family,0.14
20,pew_work_family_detailed_020,hobbies,0,1,Men and women are basically similar,0.68
20,pew_work_family_detailed_020,hobbies,1,2,Men and women are basically different,0.32
20,pew_work_family_detailed_020,physical_abilities,0,1,Men and women are basically similar,0.24
20,pew_work_family_detailed_020,physical_abilities,1,2,Men and women are basically different,0.76
20,pew_work_family_detailed_020,parenting,0,1,Men and women are basically similar,0.3
20,pew_work_family_detailed_020,parenting,1,2,Men and women are basically different,0.7
20,pew_work_family_detailed_020,feelings,0,1,Men and women are basically similar,0.22
20,pew_work_family_detailed_020,feelings,1,2,Men and women are basically different,0.78
20,pew_work_family_detailed_020,workplace,0,1,Men and women are basically similar,0.35
20,pew_work_family_detailed_020,workplace,1,2,Men and women are basically different,0.65
20,pew_work_family_detailed_020,relationship_status,0,1,Married,0.86
20,pew_work_family_detailed_020,relationship_status,1,2,Living with a partner,0.04
20,pew_work_family_detailed_020,relationship_status,2,3,In a relationship but not living together,0.03
20,pew_work_family_detailed_020,relationship_status,3,4,Not currently in a relationship,0.07
20,pew_work_family_detailed_020,children_at_home,0,1,No children under 18,0.88
20,pew_work_family_detailed_020,children_at_home,1,2,At least one child under 6,0.03
20,pew_work_family_detailed_020,children_at_home,2,3,Only children ages 6 to 17,0.06
20,pew_work_family_detailed_020,children_at_home,3,4,Children both under 6 and ages 6 to 17,0.03
20,pew_work_family_detailed_020,household_income,0,1,"Less than $50,000",0.22
20,pew_work_family_detailed_020,household_income,1,2,"$50,000 to $99,999",0.49
20,pew_work_family_detailed_020,household_income,2,3,"$100,000 to $149,999",0.18
20,pew_work_family_detailed_020,household_income,3,4,"$150,000 or more",0.11
20,pew_work_family_detailed_020,marriage_importance,0,1,Not at all important,0.06
20,pew_work_family_detailed_020,marriage_importance,1,2,Not too important,0.16
20,pew_work_family_detailed_020,marriage_importance,2,3,Somewhat important,0.56
20,pew_work_family_detailed_020,marriage_importance,3,4,Very important,0.22
20,pew_work_family_detailed_020,parenthood_importance,0,1,Not at all important,0.03
20,pew_work_family_detailed_020,parenthood_importance,1,2,Not too important,0.05
20,pew_work_family_detailed_020,parenthood_importance,2,3,Somewhat important,0.17
20,pew_work_family_detailed_020,parenthood_importance,3,4,Very important,0.75
20,pew_work_family_detailed_020,paid_work_priority,0,1,Not at all important,0.02
20,pew_work_family_detailed_020,paid_work_priority,1,2,Not too important,0.05
20,pew_work_family_detailed_020,paid_work_priority,2,3,Somewhat important,0.21
20,pew_work_family_detailed_020,paid_work_priority,3,4,Very important,0.72
20,pew_work_family_detailed_020,childcare_division,0,1,One parent should do most of it,0.05
20,pew_work_family_detailed_020,childcare_division,1,2,Both parents should divide it about equally,0.68
20,pew_work_family_detailed_020,childcare_division,2,3,The parent with more available time should do more,0.17
20,pew_work_family_detailed_020,childcare_division,3,4,It depends entirely on the family,0.1
20,pew_work_family_detailed_020,housework_division,0,1,One person should do most of it,0.06
20,pew_work_family_detailed_020,housework_division,1,2,Both adults should divide it about equally,0.31
20,pew_work_family_detailed_020,housework_division,2,3,The person with more available time should do more,0.49
20,pew_work_family_detailed_020,housework_division,3,4,It depends entirely on the household,0.14
20,pew_work_family_detailed_020,financial_decision_style,0,1,The higher earner should usually decide,0.04
20,pew_work_family_detailed_020,financial_decision_style,1,2,The person who manages the money should usually decide,0.08
20,pew_work_family_detailed_020,financial_decision_style,2,3,Both adults should decide together,0.76
20,pew_work_family_detailed_020,financial_decision_style,3,4,It depends on the decision,0.12
20,pew_work_family_detailed_020,career_sacrifice_rule,0,1,The lower earner should reduce work,0.46
20,pew_work_family_detailed_020,career_sacrifice_rule,1,2,The adult with the more flexible job should reduce work,0.28
20,pew_work_family_detailed_020,career_sacrifice_rule,2,3,Both adults should reduce work as equally as possible,0.16
20,pew_work_family_detailed_020,career_sacrifice_rule,3,4,It depends entirely on the family,0.1
21,pew_work_family_detailed_021,hobbies,0,1,Men and women are basically similar,0.25
21,pew_work_family_detailed_021,hobbies,1,2,Men and women are basically different,0.75
21,pew_work_family_detailed_021,physical_abilities,0,1,Men and women are basically similar,0.78
21,pew_work_family_detailed_021,physical_abilities,1,2,Men and women are basically different,0.22
21,pew_work_family_detailed_021,parenting,0,1,Men and women are basically similar,0.3
21,pew_work_family_detailed_021,parenting,1,2,Men and women are basically different,0.7
21,pew_work_family_detailed_021,feelings,0,1,Men and women are basically similar,0.2
21,pew_work_family_detailed_021,feelings,1,2,Men and women are basically different,0.8
21,pew_work_family_detailed_021,workplace,0,1,Men and women are basically similar,0.35
21,pew_work_family_detailed_021,workplace,1,2,Men and women are basically different,0.65
21,pew_work_family_detailed_021,relationship_status,0,1,Married,0.04
21,pew_work_family_detailed_021,relationship_status,1,2,Living with a partner,0.02
21,pew_work_family_detailed_021,relationship_status,2,3,In a relationship but not living together,0.08
21,pew_work_family_detailed_021,relationship_status,3,4,Not currently in a relationship,0.86
21,pew_work_family_detailed_021,children_at_home,0,1,No children under 18,0.88
21,pew_work_family_detailed_021,children_at_home,1,2,At least one child under 6,0.03
21,pew_work_family_detailed_021,children_at_home,2,3,Only children ages 6 to 17,0.06
21,pew_work_family_detailed_021,children_at_home,3,4,Children both under 6 and ages 6 to 17,0.03
21,pew_work_family_detailed_021,household_income,0,1,"Less than $50,000",0.03
21,pew_work_family_detailed_021,household_income,1,2,"$50,000 to $99,999",0.07
21,pew_work_family_detailed_021,household_income,2,3,"$100,000 to $149,999",0.15
21,pew_work_family_detailed_021,household_income,3,4,"$150,000 or more",0.75
21,pew_work_family_detailed_021,marriage_importance,0,1,Not at all important,0.18
21,pew_work_family_detailed_021,marriage_importance,1,2,Not too important,0.46
21,pew_work_family_detailed_021,marriage_importance,2,3,Somewhat important,0.26
21,pew_work_family_detailed_021,marriage_importance,3,4,Very important,0.1
21,pew_work_family_detailed_021,parenthood_importance,0,1,Not at all important,0.03
21,pew_work_family_detailed_021,parenthood_importance,1,2,Not too important,0.05
21,pew_work_family_detailed_021,parenthood_importance,2,3,Somewhat important,0.2
21,pew_work_family_detailed_021,parenthood_importance,3,4,Very important,0.72
21,pew_work_family_detailed_021,paid_work_priority,0,1,Not at all important,0.02
21,pew_work_family_detailed_021,paid_work_priority,1,2,Not too important,0.04
21,pew_work_family_detailed_021,paid_work_priority,2,3,Somewhat important,0.18
21,pew_work_family_detailed_021,paid_work_priority,3,4,Very important,0.76
21,pew_work_family_detailed_021,childcare_division,0,1,One parent should do most of it,0.04
21,pew_work_family_detailed_021,childcare_division,1,2,Both parents should divide it about equally,0.24
21,pew_work_family_detailed_021,childcare_division,2,3,The parent with more available time should do more,0.27
21,pew_work_family_detailed_021,childcare_division,3,4,It depends entirely on the family,0.45
21,pew_work_family_detailed_021,housework_division,0,1,One person should do most of it,0.03
21,pew_work_family_detailed_021,housework_division,1,2,Both adults should divide it about equally,0.31
21,pew_work_family_detailed_021,housework_division,2,3,The person with more available time should do more,0.49
21,pew_work_family_detailed_021,housework_division,3,4,It depends entirely on the household,0.17
21,pew_work_family_detailed_021,financial_decision_style,0,1,The higher earner should usually decide,0.03
21,pew_work_family_detailed_021,financial_decision_style,1,2,The person who manages the money should usually decide,0.12
21,pew_work_family_detailed_021,financial_decision_style,2,3,Both adults should decide together,0.65
21,pew_work_family_detailed_021,financial_decision_style,3,4,It depends on the decision,0.2
21,pew_work_family_detailed_021,career_sacrifice_rule,0,1,The lower earner should reduce work,0.16
21,pew_work_family_detailed_021,career_sacrifice_rule,1,2,The adult with the more flexible job should reduce work,0.45
21,pew_work_family_detailed_021,career_sacrifice_rule,2,3,Both adults should reduce work as equally as possible,0.25
21,pew_work_family_detailed_021,career_sacrifice_rule,3,4,It depends entirely on the family,0.14
22,pew_work_family_detailed_022,hobbies,0,1,Men and women are basically similar,0.22
22,pew_work_family_detailed_022,hobbies,1,2,Men and women are basically different,0.78
22,pew_work_family_detailed_022,physical_abilities,0,1,Men and women are basically similar,0.14
22,pew_work_family_detailed_022,physical_abilities,1,2,Men and women are basically different,0.86
22,pew_work_family_detailed_022,parenting,0,1,Men and women are basically similar,0.32
22,pew_work_family_detailed_022,parenting,1,2,Men and women are basically different,0.68
22,pew_work_family_detailed_022,feelings,0,1,Men and women are basically similar,0.67
22,pew_work_family_detailed_022,feelings,1,2,Men and women are basically different,0.33
22,pew_work_family_detailed_022,workplace,0,1,Men and women are basically similar,0.74
22,pew_work_family_detailed_022,workplace,1,2,Men and women are basically different,0.26
22,pew_work_family_detailed_022,relationship_status,0,1,Married,0.04
22,pew_work_family_detailed_022,relationship_status,1,2,Living with a partner,0.02
22,pew_work_family_detailed_022,relationship_status,2,3,In a relationship but not living together,0.08
22,pew_work_family_detailed_022,relationship_status,3,4,Not currently in a relationship,0.86
22,pew_work_family_detailed_022,children_at_home,0,1,No children under 18,0.91
22,pew_work_family_detailed_022,children_at_home,1,2,At least one child under 6,0.02
22,pew_work_family_detailed_022,children_at_home,2,3,Only children ages 6 to 17,0.05
22,pew_work_family_detailed_022,children_at_home,3,4,Children both under 6 and ages 6 to 17,0.02
22,pew_work_family_detailed_022,household_income,0,1,"Less than $50,000",0.72
22,pew_work_family_detailed_022,household_income,1,2,"$50,000 to $99,999",0.18
22,pew_work_family_detailed_022,household_income,2,3,"$100,000 to $149,999",0.06
22,pew_work_family_detailed_022,household_income,3,4,"$150,000 or more",0.04
22,pew_work_family_detailed_022,marriage_importance,0,1,Not at all important,0.28
22,pew_work_family_detailed_022,marriage_importance,1,2,Not too important,0.43
22,pew_work_family_detailed_022,marriage_importance,2,3,Somewhat important,0.2
22,pew_work_family_detailed_022,marriage_importance,3,4,Very important,0.09
22,pew_work_family_detailed_022,parenthood_importance,0,1,Not at all important,0.62
22,pew_work_family_detailed_022,parenthood_importance,1,2,Not too important,0.22
22,pew_work_family_detailed_022,parenthood_importance,2,3,Somewhat important,0.1
22,pew_work_family_detailed_022,parenthood_importance,3,4,Very important,0.06
22,pew_work_family_detailed_022,paid_work_priority,0,1,Not at all important,0.08
22,pew_work_family_detailed_022,paid_work_priority,1,2,Not too important,0.2
22,pew_work_family_detailed_022,paid_work_priority,2,3,Somewhat important,0.52
22,pew_work_family_detailed_022,paid_work_priority,3,4,Very important,0.2
22,pew_work_family_detailed_022,childcare_division,0,1,One parent should do most of it,0.04
22,pew_work_family_detailed_022,childcare_division,1,2,Both parents should divide it about equally,0.28
22,pew_work_family_detailed_022,childcare_division,2,3,The parent with more available time should do more,0.24
22,pew_work_family_detailed_022,childcare_division,3,4,It depends entirely on the family,0.44
22,pew_work_family_detailed_022,housework_division,0,1,One person should do most of it,0.04
22,pew_work_family_detailed_022,housework_division,1,2,Both adults should divide it about equally,0.29
22,pew_work_family_detailed_022,housework_division,2,3,The person with more available time should do more,0.48
22,pew_work_family_detailed_022,housework_division,3,4,It depends entirely on the household,0.19
22,pew_work_family_detailed_022,financial_decision_style,0,1,The higher earner should usually decide,0.03
22,pew_work_family_detailed_022,financial_decision_style,1,2,The person who manages the money should usually decide,0.11
22,pew_work_family_detailed_022,financial_decision_style,2,3,Both adults should decide together,0.34
22,pew_work_family_detailed_022,financial_decision_style,3,4,It depends on the decision,0.52
22,pew_work_family_detailed_022,career_sacrifice_rule,0,1,The lower earner should reduce work,0.18
22,pew_work_family_detailed_022,career_sacrifice_rule,1,2,The adult with the more flexible job should reduce work,0.46
22,pew_work_family_detailed_022,career_sacrifice_rule,2,3,Both adults should reduce work as equally as possible,0.22
22,pew_work_family_detailed_022,career_sacrifice_rule,3,4,It depends entirely on the family,0.14
23,pew_work_family_detailed_023,hobbies,0,1,Men and women are basically similar,0.18
23,pew_work_family_detailed_023,hobbies,1,2,Men and women are basically different,0.82
23,pew_work_family_detailed_023,physical_abilities,0,1,Men and women are basically similar,0.14
23,pew_work_family_detailed_023,physical_abilities,1,2,Men and women are basically different,0.86
23,pew_work_family_detailed_023,parenting,0,1,Men and women are basically similar,0.22
23,pew_work_family_detailed_023,parenting,1,2,Men and women are basically different,0.78
23,pew_work_family_detailed_023,feelings,0,1,Men and women are basically similar,0.17
23,pew_work_family_detailed_023,feelings,1,2,Men and women are basically different,0.83
23,pew_work_family_detailed_023,workplace,0,1,Men and women are basically similar,0.28
23,pew_work_family_detailed_023,workplace,1,2,Men and women are basically different,0.72
23,pew_work_family_detailed_023,relationship_status,0,1,Married,0.05
23,pew_work_family_detailed_023,relationship_status,1,2,Living with a partner,0.08
23,pew_work_family_detailed_023,relationship_status,2,3,In a relationship but not living together,0.84
23,pew_work_family_detailed_023,relationship_status,3,4,Not currently in a relationship,0.03
23,pew_work_family_detailed_023,children_at_home,0,1,No children under 18,0.88
23,pew_work_family_detailed_023,children_at_home,1,2,At least one child under 6,0.03
23,pew_work_family_detailed_023,children_at_home,2,3,Only children ages 6 to 17,0.07
23,pew_work_family_detailed_023,children_at_home,3,4,Children both under 6 and ages 6 to 17,0.02
23,pew_work_family_detailed_023,household_income,0,1,"Less than $50,000",0.02
23,pew_work_family_detailed_023,household_income,1,2,"$50,000 to $99,999",0.05
23,pew_work_family_detailed_023,household_income,2,3,"$100,000 to $149,999",0.18
23,pew_work_family_detailed_023,household_income,3,4,"$150,000 or more",0.75
23,pew_work_family_detailed_023,marriage_importance,0,1,Not at all important,0.02
23,pew_work_family_detailed_023,marriage_importance,1,2,Not too important,0.03
23,pew_work_family_detailed_023,marriage_importance,2,3,Somewhat important,0.15
23,pew_work_family_detailed_023,marriage_importance,3,4,Very important,0.8
23,pew_work_family_detailed_023,parenthood_importance,0,1,Not at all important,0.76
23,pew_work_family_detailed_023,parenthood_importance,1,2,Not too important,0.14
23,pew_work_family_detailed_023,parenthood_importance,2,3,Somewhat important,0.06
23,pew_work_family_detailed_023,parenthood_importance,3,4,Very important,0.04
23,pew_work_family_detailed_023,paid_work_priority,0,1,Not at all important,0.06
23,pew_work_family_detailed_023,paid_work_priority,1,2,Not too important,0.16
23,pew_work_family_detailed_023,paid_work_priority,2,3,Somewhat important,0.56
23,pew_work_family_detailed_023,paid_work_priority,3,4,Very important,0.22
23,pew_work_family_detailed_023,childcare_division,0,1,One parent should do most of it,0.49
23,pew_work_family_detailed_023,childcare_division,1,2,Both parents should divide it about equally,0.22
23,pew_work_family_detailed_023,childcare_division,2,3,The parent with more available time should do more,0.14
23,pew_work_family_detailed_023,childcare_division,3,4,It depends entirely on the family,0.15
23,pew_work_family_detailed_023,housework_division,0,1,One person should do most of it,0.08
23,pew_work_family_detailed_023,housework_division,1,2,Both adults should divide it about equally,0.25
23,pew_work_family_detailed_023,housework_division,2,3,The person with more available time should do more,0.52
23,pew_work_family_detailed_023,housework_division,3,4,It depends entirely on the household,0.15
23,pew_work_family_detailed_023,financial_decision_style,0,1,The higher earner should usually decide,0.06
23,pew_work_family_detailed_023,financial_decision_style,1,2,The person who manages the money should usually decide,0.14
23,pew_work_family_detailed_023,financial_decision_style,2,3,Both adults should decide together,0.34
23,pew_work_family_detailed_023,financial_decision_style,3,4,It depends on the decision,0.46
23,pew_work_family_detailed_023,career_sacrifice_rule,0,1,The lower earner should reduce work,0.12
23,pew_work_family_detailed_023,career_sacrifice_rule,1,2,The adult with the more flexible job should reduce work,0.2
23,pew_work_family_detailed_023,career_sacrifice_rule,2,3,Both adults should reduce work as equally as possible,0.23
23,pew_work_family_detailed_023,career_sacrifice_rule,3,4,It depends entirely on the family,0.45
24,pew_work_family_detailed_024,hobbies,0,1,Men and women are basically similar,0.18
24,pew_work_family_detailed_024,hobbies,1,2,Men and women are basically different,0.82
24,pew_work_family_detailed_024,physical_abilities,0,1,Men and women are basically similar,0.12
24,pew_work_family_detailed_024,physical_abilities,1,2,Men and women are basically different,0.88
24,pew_work_family_detailed_024,parenting,0,1,Men and women are basically similar,0.22
24,pew_work_family_detailed_024,parenting,1,2,Men and women are basically different,0.78
24,pew_work_family_detailed_024,feelings,0,1,Men and women are basically similar,0.16
24,pew_work_family_detailed_024,feelings,1,2,Men and women are basically different,0.84
24,pew_work_family_detailed_024,workplace,0,1,Men and women are basically similar,0.28
24,pew_work_family_detailed_024,workplace,1,2,Men and women are basically different,0.72
24,pew_work_family_detailed_024,relationship_status,0,1,Married,0.91
24,pew_work_family_detailed_024,relationship_status,1,2,Living with a partner,0.03
24,pew_work_family_detailed_024,relationship_status,2,3,In a relationship but not living together,0.03
24,pew_work_family_detailed_024,relationship_status,3,4,Not currently in a relationship,0.03
24,pew_work_family_detailed_024,children_at_home,0,1,No children under 18,0.04
24,pew_work_family_detailed_024,children_at_home,1,2,At least one child under 6,0.84
24,pew_work_family_detailed_024,children_at_home,2,3,Only children ages 6 to 17,0.04
24,pew_work_family_detailed_024,children_at_home,3,4,Children both under 6 and ages 6 to 17,0.08
24,pew_work_family_detailed_024,household_income,0,1,"Less than $50,000",0.08
24,pew_work_family_detailed_024,household_income,1,2,"$50,000 to $99,999",0.78
24,pew_work_family_detailed_024,household_income,2,3,"$100,000 to $149,999",0.09
24,pew_work_family_detailed_024,household_income,3,4,"$150,000 or more",0.05
24,pew_work_family_detailed_024,marriage_importance,0,1,Not at all important,0.06
24,pew_work_family_detailed_024,marriage_importance,1,2,Not too important,0.15
24,pew_work_family_detailed_024,marriage_importance,2,3,Somewhat important,0.59
24,pew_work_family_detailed_024,marriage_importance,3,4,Very important,0.2
24,pew_work_family_detailed_024,parenthood_importance,0,1,Not at all important,0.01
24,pew_work_family_detailed_024,parenthood_importance,1,2,Not too important,0.03
24,pew_work_family_detailed_024,parenthood_importance,2,3,Somewhat important,0.14
24,pew_work_family_detailed_024,parenthood_importance,3,4,Very important,0.82
24,pew_work_family_detailed_024,paid_work_priority,0,1,Not at all important,0.19
24,pew_work_family_detailed_024,paid_work_priority,1,2,Not too important,0.55
24,pew_work_family_detailed_024,paid_work_priority,2,3,Somewhat important,0.2
24,pew_work_family_detailed_024,paid_work_priority,3,4,Very important,0.06
24,pew_work_family_detailed_024,childcare_division,0,1,One parent should do most of it,0.07
24,pew_work_family_detailed_024,childcare_division,1,2,Both parents should divide it about equally,0.24
24,pew_work_family_detailed_024,childcare_division,2,3,The parent with more available time should do more,0.19
24,pew_work_family_detailed_024,childcare_division,3,4,It depends entirely on the family,0.5
24,pew_work_family_detailed_024,housework_division,0,1,One person should do most of it,0.05
24,pew_work_family_detailed_024,housework_division,1,2,Both adults should divide it about equally,0.65
24,pew_work_family_detailed_024,housework_division,2,3,The person with more available time should do more,0.18
24,pew_work_family_detailed_024,housework_division,3,4,It depends entirely on the household,0.12
24,pew_work_family_detailed_024,financial_decision_style,0,1,The higher earner should usually decide,0.03
24,pew_work_family_detailed_024,financial_decision_style,1,2,The person who manages the money should usually decide,0.08
24,pew_work_family_detailed_024,financial_decision_style,2,3,Both adults should decide together,0.76
24,pew_work_family_detailed_024,financial_decision_style,3,4,It depends on the decision,0.13
24,pew_work_family_detailed_024,career_sacrifice_rule,0,1,The lower earner should reduce work,0.49
24,pew_work_family_detailed_024,career_sacrifice_rule,1,2,The adult with the more flexible job should reduce work,0.22
24,pew_work_family_detailed_024,career_sacrifice_rule,2,3,Both adults should reduce work as equally as possible,0.1
24,pew_work_family_detailed_024,career_sacrifice_rule,3,4,It depends entirely on the family,0.19
25,pew_work_family_detailed_025,hobbies,0,1,Men and women are basically similar,0.25
25,pew_work_family_detailed_025,hobbies,1,2,Men and women are basically different,0.75
25,pew_work_family_detailed_025,physical_abilities,0,1,Men and women are basically similar,0.18
25,pew_work_family_detailed_025,physical_abilities,1,2,Men and women are basically different,0.82
25,pew_work_family_detailed_025,parenting,0,1,Men and women are basically similar,0.68
25,pew_work_family_detailed_025,parenting,1,2,Men and women are basically different,0.32
25,pew_work_family_detailed_025,feelings,0,1,Men and women are basically similar,0.22
25,pew_work_family_detailed_025,feelings,1,2,Men and women are basically different,0.78
25,pew_work_family_detailed_025,workplace,0,1,Men and women are basically similar,0.35
25,pew_work_family_detailed_025,workplace,1,2,Men and women are basically different,0.65
25,pew_work_family_detailed_025,relationship_status,0,1,Married,0.88
25,pew_work_family_detailed_025,relationship_status,1,2,Living with a partner,0.04
25,pew_work_family_detailed_025,relationship_status,2,3,In a relationship but not living together,0.03
25,pew_work_family_detailed_025,relationship_status,3,4,Not currently in a relationship,0.05
25,pew_work_family_detailed_025,children_at_home,0,1,No children under 18,0.91
25,pew_work_family_detailed_025,children_at_home,1,2,At least one child under 6,0.02
25,pew_work_family_detailed_025,children_at_home,2,3,Only children ages 6 to 17,0.05
25,pew_work_family_detailed_025,children_at_home,3,4,Children both under 6 and ages 6 to 17,0.02
25,pew_work_family_detailed_025,household_income,0,1,"Less than $50,000",0.72
25,pew_work_family_detailed_025,household_income,1,2,"$50,000 to $99,999",0.18
25,pew_work_family_detailed_025,household_income,2,3,"$100,000 to $149,999",0.06
25,pew_work_family_detailed_025,household_income,3,4,"$150,000 or more",0.04
25,pew_work_family_detailed_025,marriage_importance,0,1,Not at all important,0.55
25,pew_work_family_detailed_025,marriage_importance,1,2,Not too important,0.25
25,pew_work_family_detailed_025,marriage_importance,2,3,Somewhat important,0.14
25,pew_work_family_detailed_025,marriage_importance,3,4,Very important,0.06
25,pew_work_family_detailed_025,parenthood_importance,0,1,Not at all important,0.22
25,pew_work_family_detailed_025,parenthood_importance,1,2,Not too important,0.44
25,pew_work_family_detailed_025,parenthood_importance,2,3,Somewhat important,0.25
25,pew_work_family_detailed_025,parenthood_importance,3,4,Very important,0.09
25,pew_work_family_detailed_025,paid_work_priority,0,1,Not at all important,0.1
25,pew_work_family_detailed_025,paid_work_priority,1,2,Not too important,0.22
25,pew_work_family_detailed_025,paid_work_priority,2,3,Somewhat important,0.5
25,pew_work_family_detailed_025,paid_work_priority,3,4,Very important,0.18
25,pew_work_family_detailed_025,childcare_division,0,1,One parent should do most of it,0.06
25,pew_work_family_detailed_025,childcare_division,1,2,Both parents should divide it about equally,0.58
25,pew_work_family_detailed_025,childcare_division,2,3,The parent with more available time should do more,0.18
25,pew_work_family_detailed_025,childcare_division,3,4,It depends entirely on the family,0.18
25,pew_work_family_detailed_025,housework_division,0,1,One person should do most of it,0.05
25,pew_work_family_detailed_025,housework_division,1,2,Both adults should divide it about equally,0.28
25,pew_work_family_detailed_025,housework_division,2,3,The person with more available time should do more,0.25
25,pew_work_family_detailed_025,housework_division,3,4,It depends entirely on the household,0.42
25,pew_work_family_detailed_025,financial_decision_style,0,1,The higher earner should usually decide,0.04
25,pew_work_family_detailed_025,financial_decision_style,1,2,The person who manages the money should usually decide,0.12
25,pew_work_family_detailed_025,financial_decision_style,2,3,Both adults should decide together,0.7
25,pew_work_family_detailed_025,financial_decision_style,3,4,It depends on the decision,0.14
25,pew_work_family_detailed_025,career_sacrifice_rule,0,1,The lower earner should reduce work,0.14
25,pew_work_family_detailed_025,career_sacrifice_rule,1,2,The adult with the more flexible job should reduce work,0.22
25,pew_work_family_detailed_025,career_sacrifice_rule,2,3,Both adults should reduce work as equally as possible,0.24
25,pew_work_family_detailed_025,career_sacrifice_rule,3,4,It depends entirely on the family,0.4
26,pew_work_family_detailed_026,hobbies,0,1,Men and women are basically similar,0.24
26,pew_work_family_detailed_026,hobbies,1,2,Men and women are basically different,0.76
26,pew_work_family_detailed_026,physical_abilities,0,1,Men and women are basically similar,0.13
26,pew_work_family_detailed_026,physical_abilities,1,2,Men and women are basically different,0.87
26,pew_work_family_detailed_026,parenting,0,1,Men and women are basically similar,0.3
26,pew_work_family_detailed_026,parenting,1,2,Men and women are basically different,0.7
26,pew_work_family_detailed_026,feelings,0,1,Men and women are basically similar,0.22
26,pew_work_family_detailed_026,feelings,1,2,Men and women are basically different,0.78
26,pew_work_family_detailed_026,workplace,0,1,Men and women are basically similar,0.72
26,pew_work_family_detailed_026,workplace,1,2,Men and women are basically different,0.28
26,pew_work_family_detailed_026,relationship_status,0,1,Married,0.86
26,pew_work_family_detailed_026,relationship_status,1,2,Living with a partner,0.05
26,pew_work_family_detailed_026,relationship_status,2,3,In a relationship but not living together,0.04
26,pew_work_family_detailed_026,relationship_status,3,4,Not currently in a relationship,0.05
26,pew_work_family_detailed_026,children_at_home,0,1,No children under 18,0.88
26,pew_work_family_detailed_026,children_at_home,1,2,At least one child under 6,0.04
26,pew_work_family_detailed_026,children_at_home,2,3,Only children ages 6 to 17,0.05
26,pew_work_family_detailed_026,children_at_home,3,4,Children both under 6 and ages 6 to 17,0.03
26,pew_work_family_detailed_026,household_income,0,1,"Less than $50,000",0.7
26,pew_work_family_detailed_026,household_income,1,2,"$50,000 to $99,999",0.2
26,pew_work_family_detailed_026,household_income,2,3,"$100,000 to $149,999",0.06
26,pew_work_family_detailed_026,household_income,3,4,"$150,000 or more",0.04
26,pew_work_family_detailed_026,marriage_importance,0,1,Not at all important,0.07
26,pew_work_family_detailed_026,marriage_importance,1,2,Not too important,0.16
26,pew_work_family_detailed_026,marriage_importance,2,3,Somewhat important,0.57
26,pew_work_family_detailed_026,marriage_importance,3,4,Very important,0.2
26,pew_work_family_detailed_026,parenthood_importance,0,1,Not at all important,0.76
26,pew_work_family_detailed_026,parenthood_importance,1,2,Not too important,0.13
26,pew_work_family_detailed_026,parenthood_importance,2,3,Somewhat important,0.07
26,pew_work_family_detailed_026,parenthood_importance,3,4,Very important,0.04
26,pew_work_family_detailed_026,paid_work_priority,0,1,Not at all important,0.02
26,pew_work_family_detailed_026,paid_work_priority,1,2,Not too important,0.05
26,pew_work_family_detailed_026,paid_work_priority,2,3,Somewhat important,0.2
26,pew_work_family_detailed_026,paid_work_priority,3,4,Very important,0.73
26,pew_work_family_detailed_026,childcare_division,0,1,One parent should do most of it,0.05
26,pew_work_family_detailed_026,childcare_division,1,2,Both parents should divide it about equally,0.62
26,pew_work_family_detailed_026,childcare_division,2,3,The parent with more available time should do more,0.19
26,pew_work_family_detailed_026,childcare_division,3,4,It depends entirely on the family,0.14
26,pew_work_family_detailed_026,housework_division,0,1,One person should do most of it,0.04
26,pew_work_family_detailed_026,housework_division,1,2,Both adults should divide it about equally,0.28
26,pew_work_family_detailed_026,housework_division,2,3,The person with more available time should do more,0.5
26,pew_work_family_detailed_026,housework_division,3,4,It depends entirely on the household,0.18
26,pew_work_family_detailed_026,financial_decision_style,0,1,The higher earner should usually decide,0.03
26,pew_work_family_detailed_026,financial_decision_style,1,2,The person who manages the money should usually decide,0.13
26,pew_work_family_detailed_026,financial_decision_style,2,3,Both adults should decide together,0.36
26,pew_work_family_detailed_026,financial_decision_style,3,4,It depends on the decision,0.48
26,pew_work_family_detailed_026,career_sacrifice_rule,0,1,The lower earner should reduce work,0.11
26,pew_work_family_detailed_026,career_sacrifice_rule,1,2,The adult with the more flexible job should reduce work,0.24
26,pew_work_family_detailed_026,career_sacrifice_rule,2,3,Both adults should reduce work as equally as possible,0.23
26,pew_work_family_detailed_026,career_sacrifice_rule,3,4,It depends entirely on the family,0.42
27,pew_work_family_detailed_027,hobbies,0,1,Men and women are basically similar,0.74
27,pew_work_family_detailed_027,hobbies,1,2,Men and women are basically different,0.26
27,pew_work_family_detailed_027,physical_abilities,0,1,Men and women are basically similar,0.28
27,pew_work_family_detailed_027,physical_abilities,1,2,Men and women are basically different,0.72
27,pew_work_family_detailed_027,parenting,0,1,Men and women are basically similar,0.34
27,pew_work_family_detailed_027,parenting,1,2,Men and women are basically different,0.66
27,pew_work_family_detailed_027,feelings,0,1,Men and women are basically similar,0.68
27,pew_work_family_detailed_027,feelings,1,2,Men and women are basically different,0.32
27,pew_work_family_detailed_027,workplace,0,1,Men and women are basically similar,0.77
27,pew_work_family_detailed_027,workplace,1,2,Men and women are basically different,0.23
27,pew_work_family_detailed_027,relationship_status,0,1,Married,0.05
27,pew_work_family_detailed_027,relationship_status,1,2,Living with a partner,0.03
27,pew_work_family_detailed_027,relationship_status,2,3,In a relationship but not living together,0.12
27,pew_work_family_detailed_027,relationship_status,3,4,Not currently in a relationship,0.8
27,pew_work_family_detailed_027,children_at_home,0,1,No children under 18,0.86
27,pew_work_family_detailed_027,children_at_home,1,2,At least one child under 6,0.04
27,pew_work_family_detailed_027,children_at_home,2,3,Only children ages 6 to 17,0.06
27,pew_work_family_detailed_027,children_at_home,3,4,Children both under 6 and ages 6 to 17,0.04
27,pew_work_family_detailed_027,household_income,0,1,"Less than $50,000",0.18
27,pew_work_family_detailed_027,household_income,1,2,"$50,000 to $99,999",0.56
27,pew_work_family_detailed_027,household_income,2,3,"$100,000 to $149,999",0.18
27,pew_work_family_detailed_027,household_income,3,4,"$150,000 or more",0.08
27,pew_work_family_detailed_027,marriage_importance,0,1,Not at all important,0.03
27,pew_work_family_detailed_027,marriage_importance,1,2,Not too important,0.05
27,pew_work_family_detailed_027,marriage_importance,2,3,Somewhat important,0.17
27,pew_work_family_detailed_027,marriage_importance,3,4,Very important,0.75
27,pew_work_family_detailed_027,parenthood_importance,0,1,Not at all important,0.02
27,pew_work_family_detailed_027,parenthood_importance,1,2,Not too important,0.04
27,pew_work_family_detailed_027,parenthood_importance,2,3,Somewhat important,0.16
27,pew_work_family_detailed_027,parenthood_importance,3,4,Very important,0.78
27,pew_work_family_detailed_027,paid_work_priority,0,1,Not at all important,0.05
27,pew_work_family_detailed_027,paid_work_priority,1,2,Not too important,0.14
27,pew_work_family_detailed_027,paid_work_priority,2,3,Somewhat important,0.52
27,pew_work_family_detailed_027,paid_work_priority,3,4,Very important,0.29
27,pew_work_family_detailed_027,childcare_division,0,1,One parent should do most of it,0.04
27,pew_work_family_detailed_027,childcare_division,1,2,Both parents should divide it about equally,0.62
27,pew_work_family_detailed_027,childcare_division,2,3,The parent with more available time should do more,0.18
27,pew_work_family_detailed_027,childcare_division,3,4,It depends entirely on the family,0.16
27,pew_work_family_detailed_027,housework_division,0,1,One person should do most of it,0.03
27,pew_work_family_detailed_027,housework_division,1,2,Both adults should divide it about equally,0.64
27,pew_work_family_detailed_027,housework_division,2,3,The person with more available time should do more,0.19
27,pew_work_family_detailed_027,housework_division,3,4,It depends entirely on the household,0.14
27,pew_work_family_detailed_027,financial_decision_style,0,1,The higher earner should usually decide,0.02
27,pew_work_family_detailed_027,financial_decision_style,1,2,The person who manages the money should usually decide,0.08
27,pew_work_family_detailed_027,financial_decision_style,2,3,Both adults should decide together,0.72
27,pew_work_family_detailed_027,financial_decision_style,3,4,It depends on the decision,0.18
27,pew_work_family_detailed_027,career_sacrifice_rule,0,1,The lower earner should reduce work,0.09
27,pew_work_family_detailed_027,career_sacrifice_rule,1,2,The adult with the more flexible job should reduce work,0.25
27,pew_work_family_detailed_027,career_sacrifice_rule,2,3,Both adults should reduce work as equally as possible,0.23
27,pew_work_family_detailed_027,career_sacrifice_rule,3,4,It depends entirely on the family,0.43
28,pew_work_family_detailed_028,hobbies,0,1,Men and women are basically similar,0.25
28,pew_work_family_detailed_028,hobbies,1,2,Men and women are basically different,0.75
28,pew_work_family_detailed_028,physical_abilities,0,1,Men and women are basically similar,0.18
28,pew_work_family_detailed_028,physical_abilities,1,2,Men and women are basically different,0.82
28,pew_work_family_detailed_028,parenting,0,1,Men and women are basically similar,0.72
28,pew_work_family_detailed_028,parenting,1,2,Men and women are basically different,0.28
28,pew_work_family_detailed_028,feelings,0,1,Men and women are basically similar,0.62
28,pew_work_family_detailed_028,feelings,1,2,Men and women are basically different,0.38
28,pew_work_family_detailed_028,workplace,0,1,Men and women are basically similar,0.78
28,pew_work_family_detailed_028,workplace,1,2,Men and women are basically different,0.22
28,pew_work_family_detailed_028,relationship_status,0,1,Married,0.05
28,pew_work_family_detailed_028,relationship_status,1,2,Living with a partner,0.02
28,pew_work_family_detailed_028,relationship_status,2,3,In a relationship but not living together,0.08
28,pew_work_family_detailed_028,relationship_status,3,4,Not currently in a relationship,0.85
28,pew_work_family_detailed_028,children_at_home,0,1,No children under 18,0.88
28,pew_work_family_detailed_028,children_at_home,1,2,At least one child under 6,0.03
28,pew_work_family_detailed_028,children_at_home,2,3,Only children ages 6 to 17,0.07
28,pew_work_family_detailed_028,children_at_home,3,4,Children both under 6 and ages 6 to 17,0.02
28,pew_work_family_detailed_028,household_income,0,1,"Less than $50,000",0.04
28,pew_work_family_detailed_028,household_income,1,2,"$50,000 to $99,999",0.08
28,pew_work_family_detailed_028,household_income,2,3,"$100,000 to $149,999",0.12
28,pew_work_family_detailed_028,household_income,3,4,"$150,000 or more",0.76
28,pew_work_family_detailed_028,marriage_importance,0,1,Not at all important,0.08
28,pew_work_family_detailed_028,marriage_importance,1,2,Not too important,0.17
28,pew_work_family_detailed_028,marriage_importance,2,3,Somewhat important,0.53
28,pew_work_family_detailed_028,marriage_importance,3,4,Very important,0.22
28,pew_work_family_detailed_028,parenthood_importance,0,1,Not at all important,0.02
28,pew_work_family_detailed_028,parenthood_importance,1,2,Not too important,0.05
28,pew_work_family_detailed_028,parenthood_importance,2,3,Somewhat important,0.18
28,pew_work_family_detailed_028,parenthood_importance,3,4,Very important,0.75
28,pew_work_family_detailed_028,paid_work_priority,0,1,Not at all important,0.05
28,pew_work_family_detailed_028,paid_work_priority,1,2,Not too important,0.15
28,pew_work_family_detailed_028,paid_work_priority,2,3,Somewhat important,0.55
28,pew_work_family_detailed_028,paid_work_priority,3,4,Very important,0.25
28,pew_work_family_detailed_028,childcare_division,0,1,One parent should do most of it,0.42
28,pew_work_family_detailed_028,childcare_division,1,2,Both parents should divide it about equally,0.22
28,pew_work_family_detailed_028,childcare_division,2,3,The parent with more available time should do more,0.16
28,pew_work_family_detailed_028,childcare_division,3,4,It depends entirely on the family,0.2
28,pew_work_family_detailed_028,housework_division,0,1,One person should do most of it,0.06
28,pew_work_family_detailed_028,housework_division,1,2,Both adults should divide it about equally,0.58
28,pew_work_family_detailed_028,housework_division,2,3,The person with more available time should do more,0.18
28,pew_work_family_detailed_028,housework_division,3,4,It depends entirely on the household,0.18
28,pew_work_family_detailed_028,financial_decision_style,0,1,The higher earner should usually decide,0.06
28,pew_work_family_detailed_028,financial_decision_style,1,2,The person who manages the money should usually decide,0.49
28,pew_work_family_detailed_028,financial_decision_style,2,3,Both adults should decide together,0.31
28,pew_work_family_detailed_028,financial_decision_style,3,4,It depends on the decision,0.14
28,pew_work_family_detailed_028,career_sacrifice_rule,0,1,The lower earner should reduce work,0.1
28,pew_work_family_detailed_028,career_sacrifice_rule,1,2,The adult with the more flexible job should reduce work,0.22
28,pew_work_family_detailed_028,career_sacrifice_rule,2,3,Both adults should reduce work as equally as possible,0.18
28,pew_work_family_detailed_028,career_sacrifice_rule,3,4,It depends entirely on the family,0.5
29,pew_work_family_detailed_029,hobbies,0,1,Men and women are basically similar,0.73
29,pew_work_family_detailed_029,hobbies,1,2,Men and women are basically different,0.27
29,pew_work_family_detailed_029,physical_abilities,0,1,Men and women are basically similar,0.24
29,pew_work_family_detailed_029,physical_abilities,1,2,Men and women are basically different,0.76
29,pew_work_family_detailed_029,parenting,0,1,Men and women are basically similar,0.7
29,pew_work_family_detailed_029,parenting,1,2,Men and women are basically different,0.3
29,pew_work_family_detailed_029,feelings,0,1,Men and women are basically similar,0.29
29,pew_work_family_detailed_029,feelings,1,2,Men and women are basically different,0.71
29,pew_work_family_detailed_029,workplace,0,1,Men and women are basically similar,0.34
29,pew_work_family_detailed_029,workplace,1,2,Men and women are basically different,0.66
29,pew_work_family_detailed_029,relationship_status,0,1,Married,0.04
29,pew_work_family_detailed_029,relationship_status,1,2,Living with a partner,0.02
29,pew_work_family_detailed_029,relationship_status,2,3,In a relationship but not living together,0.08
29,pew_work_family_detailed_029,relationship_status,3,4,Not currently in a relationship,0.86
29,pew_work_family_detailed_029,children_at_home,0,1,No children under 18,0.03
29,pew_work_family_detailed_029,children_at_home,1,2,At least one child under 6,0.82
29,pew_work_family_detailed_029,children_at_home,2,3,Only children ages 6 to 17,0.05
29,pew_work_family_detailed_029,children_at_home,3,4,Children both under 6 and ages 6 to 17,0.1
29,pew_work_family_detailed_029,household_income,0,1,"Less than $50,000",0.02
29,pew_work_family_detailed_029,household_income,1,2,"$50,000 to $99,999",0.04
29,pew_work_family_detailed_029,household_income,2,3,"$100,000 to $149,999",0.11
29,pew_work_family_detailed_029,household_income,3,4,"$150,000 or more",0.83
29,pew_work_family_detailed_029,marriage_importance,0,1,Not at all important,0.02
29,pew_work_family_detailed_029,marriage_importance,1,2,Not too important,0.04
29,pew_work_family_detailed_029,marriage_importance,2,3,Somewhat important,0.16
29,pew_work_family_detailed_029,marriage_importance,3,4,Very important,0.78
29,pew_work_family_detailed_029,parenthood_importance,0,1,Not at all important,0.04
29,pew_work_family_detailed_029,parenthood_importance,1,2,Not too important,0.11
29,pew_work_family_detailed_029,parenthood_importance,2,3,Somewhat important,0.58
29,pew_work_family_detailed_029,parenthood_importance,3,4,Very important,0.27
29,pew_work_family_detailed_029,paid_work_priority,0,1,Not at all important,0.04
29,pew_work_family_detailed_029,paid_work_priority,1,2,Not too important,0.13
29,pew_work_family_detailed_029,paid_work_priority,2,3,Somewhat important,0.61
29,pew_work_family_detailed_029,paid_work_priority,3,4,Very important,0.22
29,pew_work_family_detailed_029,childcare_division,0,1,One parent should do most of it,0.06
29,pew_work_family_detailed_029,childcare_division,1,2,Both parents should divide it about equally,0.28
29,pew_work_family_detailed_029,childcare_division,2,3,The parent with more available time should do more,0.52
29,pew_work_family_detailed_029,childcare_division,3,4,It depends entirely on the family,0.14
29,pew_work_family_detailed_029,housework_division,0,1,One person should do most of it,0.05
29,pew_work_family_detailed_029,housework_division,1,2,Both adults should divide it about equally,0.31
29,pew_work_family_detailed_029,housework_division,2,3,The person with more available time should do more,0.5
29,pew_work_family_detailed_029,housework_division,3,4,It depends entirely on the household,0.14
29,pew_work_family_detailed_029,financial_decision_style,0,1,The higher earner should usually decide,0.47
29,pew_work_family_detailed_029,financial_decision_style,1,2,The person who manages the money should usually decide,0.17
29,pew_work_family_detailed_029,financial_decision_style,2,3,Both adults should decide together,0.24
29,pew_work_family_detailed_029,financial_decision_style,3,4,It depends on the decision,0.12
29,pew_work_family_detailed_029,career_sacrifice_rule,0,1,The lower earner should reduce work,0.17
29,pew_work_family_detailed_029,career_sacrifice_rule,1,2,The adult with the more flexible job should reduce work,0.54
29,pew_work_family_detailed_029,career_sacrifice_rule,2,3,Both adults should reduce work as equally as possible,0.18
29,pew_work_family_detailed_029,career_sacrifice_rule,3,4,It depends entirely on the family,0.11
30,pew_work_family_detailed_030,hobbies,0,1,Men and women are basically similar,0.22
30,pew_work_family_detailed_030,hobbies,1,2,Men and women are basically different,0.78
30,pew_work_family_detailed_030,physical_abilities,0,1,Men and women are basically similar,0.18
30,pew_work_family_detailed_030,physical_abilities,1,2,Men and women are basically different,0.82
30,pew_work_family_detailed_030,parenting,0,1,Men and women are basically similar,0.24
30,pew_work_family_detailed_030,parenting,1,2,Men and women are basically different,0.76
30,pew_work_family_detailed_030,feelings,0,1,Men and women are basically similar,0.2
30,pew_work_family_detailed_030,feelings,1,2,Men and women are basically different,0.8
30,pew_work_family_detailed_030,workplace,0,1,Men and women are basically similar,0.74
30,pew_work_family_detailed_030,workplace,1,2,Men and women are basically different,0.26
30,pew_work_family_detailed_030,relationship_status,0,1,Married,0.04
30,pew_work_family_detailed_030,relationship_status,1,2,Living with a partner,0.03
30,pew_work_family_detailed_030,relationship_status,2,3,In a relationship but not living together,0.08
30,pew_work_family_detailed_030,relationship_status,3,4,Not currently in a relationship,0.85
30,pew_work_family_detailed_030,children_at_home,0,1,No children under 18,0.91
30,pew_work_family_detailed_030,children_at_home,1,2,At least one child under 6,0.03
30,pew_work_family_detailed_030,children_at_home,2,3,Only children ages 6 to 17,0.04
30,pew_work_family_detailed_030,children_at_home,3,4,Children both under 6 and ages 6 to 17,0.02
30,pew_work_family_detailed_030,household_income,0,1,"Less than $50,000",0.04
30,pew_work_family_detailed_030,household_income,1,2,"$50,000 to $99,999",0.08
30,pew_work_family_detailed_030,household_income,2,3,"$100,000 to $149,999",0.16
30,pew_work_family_detailed_030,household_income,3,4,"$150,000 or more",0.72
30,pew_work_family_detailed_030,marriage_importance,0,1,Not at all important,0.18
30,pew_work_family_detailed_030,marriage_importance,1,2,Not too important,0.48
30,pew_work_family_detailed_030,marriage_importance,2,3,Somewhat important,0.26
30,pew_work_family_detailed_030,marriage_importance,3,4,Very important,0.08
30,pew_work_family_detailed_030,parenthood_importance,0,1,Not at all important,0.03
30,pew_work_family_detailed_030,parenthood_importance,1,2,Not too important,0.05
30,pew_work_family_detailed_030,parenthood_importance,2,3,Somewhat important,0.17
30,pew_work_family_detailed_030,parenthood_importance,3,4,Very important,0.75
30,pew_work_family_detailed_030,paid_work_priority,0,1,Not at all important,0.07
30,pew_work_family_detailed_030,paid_work_priority,1,2,Not too important,0.18
30,pew_work_family_detailed_030,paid_work_priority,2,3,Somewhat important,0.54
30,pew_work_family_detailed_030,paid_work_priority,3,4,Very important,0.21
30,pew_work_family_detailed_030,childcare_division,0,1,One parent should do most of it,0.04
30,pew_work_family_detailed_030,childcare_division,1,2,Both parents should divide it about equally,0.24
30,pew_work_family_detailed_030,childcare_division,2,3,The parent with more available time should do more,0.22
30,pew_work_family_detailed_030,childcare_division,3,4,It depends entirely on the family,0.5
30,pew_work_family_detailed_030,housework_division,0,1,One person should do most of it,0.03
30,pew_work_family_detailed_030,housework_division,1,2,Both adults should divide it about equally,0.29
30,pew_work_family_detailed_030,housework_division,2,3,The person with more available time should do more,0.52
30,pew_work_family_detailed_030,housework_division,3,4,It depends entirely on the household,0.16
30,pew_work_family_detailed_030,financial_decision_style,0,1,The higher earner should usually decide,0.06
30,pew_work_family_detailed_030,financial_decision_style,1,2,The person who manages the money should usually decide,0.49
30,pew_work_family_detailed_030,financial_decision_style,2,3,Both adults should decide together,0.31
30,pew_work_family_detailed_030,financial_decision_style,3,4,It depends on the decision,0.14
30,pew_work_family_detailed_030,career_sacrifice_rule,0,1,The lower earner should reduce work,0.12
30,pew_work_family_detailed_030,career_sacrifice_rule,1,2,The adult with the more flexible job should reduce work,0.56
30,pew_work_family_detailed_030,career_sacrifice_rule,2,3,Both adults should reduce work as equally as possible,0.2
30,pew_work_family_detailed_030,career_sacrifice_rule,3,4,It depends entirely on the family,0.12
31,pew_work_family_detailed_031,hobbies,0,1,Men and women are basically similar,0.18
31,pew_work_family_detailed_031,hobbies,1,2,Men and women are basically different,0.82
31,pew_work_family_detailed_031,physical_abilities,0,1,Men and women are basically similar,0.16
31,pew_work_family_detailed_031,physical_abilities,1,2,Men and women are basically different,0.84
31,pew_work_family_detailed_031,parenting,0,1,Men and women are basically similar,0.24
31,pew_work_family_detailed_031,parenting,1,2,Men and women are basically different,0.76
31,pew_work_family_detailed_031,feelings,0,1,Men and women are basically similar,0.2
31,pew_work_family_detailed_031,feelings,1,2,Men and women are basically different,0.8
31,pew_work_family_detailed_031,workplace,0,1,Men and women are basically similar,0.78
31,pew_work_family_detailed_031,workplace,1,2,Men and women are basically different,0.22
31,pew_work_family_detailed_031,relationship_status,0,1,Married,0.86
31,pew_work_family_detailed_031,relationship_status,1,2,Living with a partner,0.05
31,pew_work_family_detailed_031,relationship_status,2,3,In a relationship but not living together,0.04
31,pew_work_family_detailed_031,relationship_status,3,4,Not currently in a relationship,0.05
31,pew_work_family_detailed_031,children_at_home,0,1,No children under 18,0.03
31,pew_work_family_detailed_031,children_at_home,1,2,At least one child under 6,0.12
31,pew_work_family_detailed_031,children_at_home,2,3,Only children ages 6 to 17,0.1
31,pew_work_family_detailed_031,children_at_home,3,4,Children both under 6 and ages 6 to 17,0.75
31,pew_work_family_detailed_031,household_income,0,1,"Less than $50,000",0.72
31,pew_work_family_detailed_031,household_income,1,2,"$50,000 to $99,999",0.16
31,pew_work_family_detailed_031,household_income,2,3,"$100,000 to $149,999",0.07
31,pew_work_family_detailed_031,household_income,3,4,"$150,000 or more",0.05
31,pew_work_family_detailed_031,marriage_importance,0,1,Not at all important,0.18
31,pew_work_family_detailed_031,marriage_importance,1,2,Not too important,0.52
31,pew_work_family_detailed_031,marriage_importance,2,3,Somewhat important,0.2
31,pew_work_family_detailed_031,marriage_importance,3,4,Very important,0.1
31,pew_work_family_detailed_031,parenthood_importance,0,1,Not at all important,0.03
31,pew_work_family_detailed_031,parenthood_importance,1,2,Not too important,0.05
31,pew_work_family_detailed_031,parenthood_importance,2,3,Somewhat important,0.17
31,pew_work_family_detailed_031,parenthood_importance,3,4,Very important,0.75
31,pew_work_family_detailed_031,paid_work_priority,0,1,Not at all important,0.02
31,pew_work_family_detailed_031,paid_work_priority,1,2,Not too important,0.06
31,pew_work_family_detailed_031,paid_work_priority,2,3,Somewhat important,0.2
31,pew_work_family_detailed_031,paid_work_priority,3,4,Very important,0.72
31,pew_work_family_detailed_031,childcare_division,0,1,One parent should do most of it,0.46
31,pew_work_family_detailed_031,childcare_division,1,2,Both parents should divide it about equally,0.22
31,pew_work_family_detailed_031,childcare_division,2,3,The parent with more available time should do more,0.2
31,pew_work_family_detailed_031,childcare_division,3,4,It depends entirely on the family,0.12
31,pew_work_family_detailed_031,housework_division,0,1,One person should do most of it,0.08
31,pew_work_family_detailed_031,housework_division,1,2,Both adults should divide it about equally,0.62
31,pew_work_family_detailed_031,housework_division,2,3,The person with more available time should do more,0.2
31,pew_work_family_detailed_031,housework_division,3,4,It depends entirely on the household,0.1
31,pew_work_family_detailed_031,financial_decision_style,0,1,The higher earner should usually decide,0.1
31,pew_work_family_detailed_031,financial_decision_style,1,2,The person who manages the money should usually decide,0.5
31,pew_work_family_detailed_031,financial_decision_style,2,3,Both adults should decide together,0.28
31,pew_work_family_detailed_031,financial_decision_style,3,4,It depends on the decision,0.12
31,pew_work_family_detailed_031,career_sacrifice_rule,0,1,The lower earner should reduce work,0.48
31,pew_work_family_detailed_031,career_sacrifice_rule,1,2,The adult with the more flexible job should reduce work,0.23
31,pew_work_family_detailed_031,career_sacrifice_rule,2,3,Both adults should reduce work as equally as possible,0.17
31,pew_work_family_detailed_031,career_sacrifice_rule,3,4,It depends entirely on the family,0.12
32,pew_work_family_detailed_032,hobbies,0,1,Men and women are basically similar,0.18
32,pew_work_family_detailed_032,hobbies,1,2,Men and women are basically different,0.82
32,pew_work_family_detailed_032,physical_abilities,0,1,Men and women are basically similar,0.12
32,pew_work_family_detailed_032,physical_abilities,1,2,Men and women are basically different,0.88
32,pew_work_family_detailed_032,parenting,0,1,Men and women are basically similar,0.24
32,pew_work_family_detailed_032,parenting,1,2,Men and women are basically different,0.76
32,pew_work_family_detailed_032,feelings,0,1,Men and women are basically similar,0.2
32,pew_work_family_detailed_032,feelings,1,2,Men and women are basically different,0.8
32,pew_work_family_detailed_032,workplace,0,1,Men and women are basically similar,0.79
32,pew_work_family_detailed_032,workplace,1,2,Men and women are basically different,0.21
32,pew_work_family_detailed_032,relationship_status,0,1,Married,0.88
32,pew_work_family_detailed_032,relationship_status,1,2,Living with a partner,0.04
32,pew_work_family_detailed_032,relationship_status,2,3,In a relationship but not living together,0.03
32,pew_work_family_detailed_032,relationship_status,3,4,Not currently in a relationship,0.05
32,pew_work_family_detailed_032,children_at_home,0,1,No children under 18,0.04
32,pew_work_family_detailed_032,children_at_home,1,2,At least one child under 6,0.03
32,pew_work_family_detailed_032,children_at_home,2,3,Only children ages 6 to 17,0.9
32,pew_work_family_detailed_032,children_at_home,3,4,Children both under 6 and ages 6 to 17,0.03
32,pew_work_family_detailed_032,household_income,0,1,"Less than $50,000",0.78
32,pew_work_family_detailed_032,household_income,1,2,"$50,000 to $99,999",0.15
32,pew_work_family_detailed_032,household_income,2,3,"$100,000 to $149,999",0.04
32,pew_work_family_detailed_032,household_income,3,4,"$150,000 or more",0.03
32,pew_work_family_detailed_032,marriage_importance,0,1,Not at all important,0.65
32,pew_work_family_detailed_032,marriage_importance,1,2,Not too important,0.2
32,pew_work_family_detailed_032,marriage_importance,2,3,Somewhat important,0.1
32,pew_work_family_detailed_032,marriage_importance,3,4,Very important,0.05
32,pew_work_family_detailed_032,parenthood_importance,0,1,Not at all important,0.08
32,pew_work_family_detailed_032,parenthood_importance,1,2,Not too important,0.17
32,pew_work_family_detailed_032,parenthood_importance,2,3,Somewhat important,0.58
32,pew_work_family_detailed_032,parenthood_importance,3,4,Very important,0.17
32,pew_work_family_detailed_032,paid_work_priority,0,1,Not at all important,0.03
32,pew_work_family_detailed_032,paid_work_priority,1,2,Not too important,0.06
32,pew_work_family_detailed_032,paid_work_priority,2,3,Somewhat important,0.18
32,pew_work_family_detailed_032,paid_work_priority,3,4,Very important,0.73
32,pew_work_family_detailed_032,childcare_division,0,1,One parent should do most of it,0.46
32,pew_work_family_detailed_032,childcare_division,1,2,Both parents should divide it about equally,0.24
32,pew_work_family_detailed_032,childcare_division,2,3,The parent with more available time should do more,0.16
32,pew_work_family_detailed_032,childcare_division,3,4,It depends entirely on the family,0.14
32,pew_work_family_detailed_032,housework_division,0,1,One person should do most of it,0.1
32,pew_work_family_detailed_032,housework_division,1,2,Both adults should divide it about equally,0.55
32,pew_work_family_detailed_032,housework_division,2,3,The person with more available time should do more,0.2
32,pew_work_family_detailed_032,housework_division,3,4,It depends entirely on the household,0.15
32,pew_work_family_detailed_032,financial_decision_style,0,1,The higher earner should usually decide,0.06
32,pew_work_family_detailed_032,financial_decision_style,1,2,The person who manages the money should usually decide,0.13
32,pew_work_family_detailed_032,financial_decision_style,2,3,Both adults should decide together,0.33
32,pew_work_family_detailed_032,financial_decision_style,3,4,It depends on the decision,0.48
32,pew_work_family_detailed_032,career_sacrifice_rule,0,1,The lower earner should reduce work,0.49
32,pew_work_family_detailed_032,career_sacrifice_rule,1,2,The adult with the more flexible job should reduce work,0.25
32,pew_work_family_detailed_032,career_sacrifice_rule,2,3,Both adults should reduce work as equally as possible,0.13
32,pew_work_family_detailed_032,career_sacrifice_rule,3,4,It depends entirely on the family,0.13
33,pew_work_family_detailed_033,hobbies,0,1,Men and women are basically similar,0.36
33,pew_work_family_detailed_033,hobbies,1,2,Men and women are basically different,0.64
33,pew_work_family_detailed_033,physical_abilities,0,1,Men and women are basically similar,0.67
33,pew_work_family_detailed_033,physical_abilities,1,2,Men and women are basically different,0.33
33,pew_work_family_detailed_033,parenting,0,1,Men and women are basically similar,0.62
33,pew_work_family_detailed_033,parenting,1,2,Men and women are basically different,0.38
33,pew_work_family_detailed_033,feelings,0,1,Men and women are basically similar,0.31
33,pew_work_family_detailed_033,feelings,1,2,Men and women are basically different,0.69
33,pew_work_family_detailed_033,workplace,0,1,Men and women are basically similar,0.72
33,pew_work_family_detailed_033,workplace,1,2,Men and women are basically different,0.28
33,pew_work_family_detailed_033,relationship_status,0,1,Married,0.86
33,pew_work_family_detailed_033,relationship_status,1,2,Living with a partner,0.04
33,pew_work_family_detailed_033,relationship_status,2,3,In a relationship but not living together,0.04
33,pew_work_family_detailed_033,relationship_status,3,4,Not currently in a relationship,0.06
33,pew_work_family_detailed_033,children_at_home,0,1,No children under 18,0.88
33,pew_work_family_detailed_033,children_at_home,1,2,At least one child under 6,0.03
33,pew_work_family_detailed_033,children_at_home,2,3,Only children ages 6 to 17,0.06
33,pew_work_family_detailed_033,children_at_home,3,4,Children both under 6 and ages 6 to 17,0.03
33,pew_work_family_detailed_033,household_income,0,1,"Less than $50,000",0.79
33,pew_work_family_detailed_033,household_income,1,2,"$50,000 to $99,999",0.13
33,pew_work_family_detailed_033,household_income,2,3,"$100,000 to $149,999",0.05
33,pew_work_family_detailed_033,household_income,3,4,"$150,000 or more",0.03
33,pew_work_family_detailed_033,marriage_importance,0,1,Not at all important,0.18
33,pew_work_family_detailed_033,marriage_importance,1,2,Not too important,0.49
33,pew_work_family_detailed_033,marriage_importance,2,3,Somewhat important,0.22
33,pew_work_family_detailed_033,marriage_importance,3,4,Very important,0.11
33,pew_work_family_detailed_033,parenthood_importance,0,1,Not at all important,0.04
33,pew_work_family_detailed_033,parenthood_importance,1,2,Not too important,0.08
33,pew_work_family_detailed_033,parenthood_importance,2,3,Somewhat important,0.23
33,pew_work_family_detailed_033,parenthood_importance,3,4,Very important,0.65
33,pew_work_family_detailed_033,paid_work_priority,0,1,Not at all important,0.03
33,pew_work_family_detailed_033,paid_work_priority,1,2,Not too important,0.06
33,pew_work_family_detailed_033,paid_work_priority,2,3,Somewhat important,0.24
33,pew_work_family_detailed_033,paid_work_priority,3,4,Very important,0.67
33,pew_work_family_detailed_033,childcare_division,0,1,One parent should do most of it,0.46
33,pew_work_family_detailed_033,childcare_division,1,2,Both parents should divide it about equally,0.24
33,pew_work_family_detailed_033,childcare_division,2,3,The parent with more available time should do more,0.17
33,pew_work_family_detailed_033,childcare_division,3,4,It depends entirely on the family,0.13
33,pew_work_family_detailed_033,housework_division,0,1,One person should do most of it,0.08
33,pew_work_family_detailed_033,housework_division,1,2,Both adults should divide it about equally,0.29
33,pew_work_family_detailed_033,housework_division,2,3,The person with more available time should do more,0.48
33,pew_work_family_detailed_033,housework_division,3,4,It depends entirely on the household,0.15
33,pew_work_family_detailed_033,financial_decision_style,0,1,The higher earner should usually decide,0.05
33,pew_work_family_detailed_033,financial_decision_style,1,2,The person who manages the money should usually decide,0.15
33,pew_work_family_detailed_033,financial_decision_style,2,3,Both adults should decide together,0.34
33,pew_work_family_detailed_033,financial_decision_style,3,4,It depends on the decision,0.46
33,pew_work_family_detailed_033,career_sacrifice_rule,0,1,The lower earner should reduce work,0.12
33,pew_work_family_detailed_033,career_sacrifice_rule,1,2,The adult with the more flexible job should reduce work,0.21
33,pew_work_family_detailed_033,career_sacrifice_rule,2,3,Both adults should reduce work as equally as possible,0.47
33,pew_work_family_detailed_033,career_sacrifice_rule,3,4,It depends entirely on the family,0.2
34,pew_work_family_detailed_034,hobbies,0,1,Men and women are basically similar,0.73
34,pew_work_family_detailed_034,hobbies,1,2,Men and women are basically different,0.27
34,pew_work_family_detailed_034,physical_abilities,0,1,Men and women are basically similar,0.22
34,pew_work_family_detailed_034,physical_abilities,1,2,Men and women are basically different,0.78
34,pew_work_family_detailed_034,parenting,0,1,Men and women are basically similar,0.31
34,pew_work_family_detailed_034,parenting,1,2,Men and women are basically different,0.69
34,pew_work_family_detailed_034,feelings,0,1,Men and women are basically similar,0.24
34,pew_work_family_detailed_034,feelings,1,2,Men and women are basically different,0.76
34,pew_work_family_detailed_034,workplace,0,1,Men and women are basically similar,0.36
34,pew_work_family_detailed_034,workplace,1,2,Men and women are basically different,0.64
34,pew_work_family_detailed_034,relationship_status,0,1,Married,0.1
34,pew_work_family_detailed_034,relationship_status,1,2,Living with a partner,0.04
34,pew_work_family_detailed_034,relationship_status,2,3,In a relationship but not living together,0.08
34,pew_work_family_detailed_034,relationship_status,3,4,Not currently in a relationship,0.78
34,pew_work_family_detailed_034,children_at_home,0,1,No children under 18,0.88
34,pew_work_family_detailed_034,children_at_home,1,2,At least one child under 6,0.03
34,pew_work_family_detailed_034,children_at_home,2,3,Only children ages 6 to 17,0.06
34,pew_work_family_detailed_034,children_at_home,3,4,Children both under 6 and ages 6 to 17,0.03
34,pew_work_family_detailed_034,household_income,0,1,"Less than $50,000",0.82
34,pew_work_family_detailed_034,household_income,1,2,"$50,000 to $99,999",0.12
34,pew_work_family_detailed_034,household_income,2,3,"$100,000 to $149,999",0.04
34,pew_work_family_detailed_034,household_income,3,4,"$150,000 or more",0.02
34,pew_work_family_detailed_034,marriage_importance,0,1,Not at all important,0.03
34,pew_work_family_detailed_034,marriage_importance,1,2,Not too important,0.05
34,pew_work_family_detailed_034,marriage_importance,2,3,Somewhat important,0.16
34,pew_work_family_detailed_034,marriage_importance,3,4,Very important,0.76
34,pew_work_family_detailed_034,parenthood_importance,0,1,Not at all important,0.03
34,pew_work_family_detailed_034,parenthood_importance,1,2,Not too important,0.04
34,pew_work_family_detailed_034,parenthood_importance,2,3,Somewhat important,0.14
34,pew_work_family_detailed_034,parenthood_importance,3,4,Very important,0.79
34,pew_work_family_detailed_034,paid_work_priority,0,1,Not at all important,0.24
34,pew_work_family_detailed_034,paid_work_priority,1,2,Not too important,0.44
34,pew_work_family_detailed_034,paid_work_priority,2,3,Somewhat important,0.24
34,pew_work_family_detailed_034,paid_work_priority,3,4,Very important,0.08
34,pew_work_family_detailed_034,childcare_division,0,1,One parent should do most of it,0.47
34,pew_work_family_detailed_034,childcare_division,1,2,Both parents should divide it about equally,0.28
34,pew_work_family_detailed_034,childcare_division,2,3,The parent with more available time should do more,0.15
34,pew_work_family_detailed_034,childcare_division,3,4,It depends entirely on the family,0.1
34,pew_work_family_detailed_034,housework_division,0,1,One person should do most of it,0.13
34,pew_work_family_detailed_034,housework_division,1,2,Both adults should divide it about equally,0.58
34,pew_work_family_detailed_034,housework_division,2,3,The person with more available time should do more,0.18
34,pew_work_family_detailed_034,housework_division,3,4,It depends entirely on the household,0.11
34,pew_work_family_detailed_034,financial_decision_style,0,1,The higher earner should usually decide,0.05
34,pew_work_family_detailed_034,financial_decision_style,1,2,The person who manages the money should usually decide,0.52
34,pew_work_family_detailed_034,financial_decision_style,2,3,Both adults should decide together,0.31
34,pew_work_family_detailed_034,financial_decision_style,3,4,It depends on the decision,0.12
34,pew_work_family_detailed_034,career_sacrifice_rule,0,1,The lower earner should reduce work,0.07
34,pew_work_family_detailed_034,career_sacrifice_rule,1,2,The adult with the more flexible job should reduce work,0.22
34,pew_work_family_detailed_034,career_sacrifice_rule,2,3,Both adults should reduce work as equally as possible,0.56
34,pew_work_family_detailed_034,career_sacrifice_rule,3,4,It depends entirely on the family,0.15
35,pew_work_family_detailed_035,hobbies,0,1,Men and women are basically similar,0.22
35,pew_work_family_detailed_035,hobbies,1,2,Men and women are basically different,0.78
35,pew_work_family_detailed_035,physical_abilities,0,1,Men and women are basically similar,0.18
35,pew_work_family_detailed_035,physical_abilities,1,2,Men and women are basically different,0.82
35,pew_work_family_detailed_035,parenting,0,1,Men and women are basically similar,0.24
35,pew_work_family_detailed_035,parenting,1,2,Men and women are basically different,0.76
35,pew_work_family_detailed_035,feelings,0,1,Men and women are basically similar,0.2
35,pew_work_family_detailed_035,feelings,1,2,Men and women are basically different,0.8
35,pew_work_family_detailed_035,workplace,0,1,Men and women are basically similar,0.74
35,pew_work_family_detailed_035,workplace,1,2,Men and women are basically different,0.26
35,pew_work_family_detailed_035,relationship_status,0,1,Married,0.04
35,pew_work_family_detailed_035,relationship_status,1,2,Living with a partner,0.03
35,pew_work_family_detailed_035,relationship_status,2,3,In a relationship but not living together,0.09
35,pew_work_family_detailed_035,relationship_status,3,4,Not currently in a relationship,0.84
35,pew_work_family_detailed_035,children_at_home,0,1,No children under 18,0.86
35,pew_work_family_detailed_035,children_at_home,1,2,At least one child under 6,0.04
35,pew_work_family_detailed_035,children_at_home,2,3,Only children ages 6 to 17,0.07
35,pew_work_family_detailed_035,children_at_home,3,4,Children both under 6 and ages 6 to 17,0.03
35,pew_work_family_detailed_035,household_income,0,1,"Less than $50,000",0.68
35,pew_work_family_detailed_035,household_income,1,2,"$50,000 to $99,999",0.2
35,pew_work_family_detailed_035,household_income,2,3,"$100,000 to $149,999",0.07
35,pew_work_family_detailed_035,household_income,3,4,"$150,000 or more",0.05
35,pew_work_family_detailed_035,marriage_importance,0,1,Not at all important,0.69
35,pew_work_family_detailed_035,marriage_importance,1,2,Not too important,0.19
35,pew_work_family_detailed_035,marriage_importance,2,3,Somewhat important,0.08
35,pew_work_family_detailed_035,marriage_importance,3,4,Very important,0.04
35,pew_work_family_detailed_035,parenthood_importance,0,1,Not at all important,0.26
35,pew_work_family_detailed_035,parenthood_importance,1,2,Not too important,0.48
35,pew_work_family_detailed_035,parenthood_importance,2,3,Somewhat important,0.19
35,pew_work_family_detailed_035,parenthood_importance,3,4,Very important,0.07
35,pew_work_family_detailed_035,paid_work_priority,0,1,Not at all important,0.24
35,pew_work_family_detailed_035,paid_work_priority,1,2,Not too important,0.45
35,pew_work_family_detailed_035,paid_work_priority,2,3,Somewhat important,0.22
35,pew_work_family_detailed_035,paid_work_priority,3,4,Very important,0.09
35,pew_work_family_detailed_035,childcare_division,0,1,One parent should do most of it,0.44
35,pew_work_family_detailed_035,childcare_division,1,2,Both parents should divide it about equally,0.22
35,pew_work_family_detailed_035,childcare_division,2,3,The parent with more available time should do more,0.2
35,pew_work_family_detailed_035,childcare_division,3,4,It depends entirely on the family,0.14
35,pew_work_family_detailed_035,housework_division,0,1,One person should do most of it,0.09
35,pew_work_family_detailed_035,housework_division,1,2,Both adults should divide it about equally,0.59
35,pew_work_family_detailed_035,housework_division,2,3,The person with more available time should do more,0.18
35,pew_work_family_detailed_035,housework_division,3,4,It depends entirely on the household,0.14
35,pew_work_family_detailed_035,financial_decision_style,0,1,The higher earner should usually decide,0.08
35,pew_work_family_detailed_035,financial_decision_style,1,2,The person who manages the money should usually decide,0.5
35,pew_work_family_detailed_035,financial_decision_style,2,3,Both adults should decide together,0.31
35,pew_work_family_detailed_035,financial_decision_style,3,4,It depends on the decision,0.11
35,pew_work_family_detailed_035,career_sacrifice_rule,0,1,The lower earner should reduce work,0.12
35,pew_work_family_detailed_035,career_sacrifice_rule,1,2,The adult with the more flexible job should reduce work,0.52
35,pew_work_family_detailed_035,career_sacrifice_rule,2,3,Both adults should reduce work as equally as possible,0.23
35,pew_work_family_detailed_035,career_sacrifice_rule,3,4,It depends entirely on the family,0.13
36,pew_work_family_detailed_036,hobbies,0,1,Men and women are basically similar,0.28
36,pew_work_family_detailed_036,hobbies,1,2,Men and women are basically different,0.72
36,pew_work_family_detailed_036,physical_abilities,0,1,Men and women are basically similar,0.18
36,pew_work_family_detailed_036,physical_abilities,1,2,Men and women are basically different,0.82
36,pew_work_family_detailed_036,parenting,0,1,Men and women are basically similar,0.69
36,pew_work_family_detailed_036,parenting,1,2,Men and women are basically different,0.31
36,pew_work_family_detailed_036,feelings,0,1,Men and women are basically similar,0.24
36,pew_work_family_detailed_036,feelings,1,2,Men and women are basically different,0.76
36,pew_work_family_detailed_036,workplace,0,1,Men and women are basically similar,0.34
36,pew_work_family_detailed_036,workplace,1,2,Men and women are basically different,0.66
36,pew_work_family_detailed_036,relationship_status,0,1,Married,0.91
36,pew_work_family_detailed_036,relationship_status,1,2,Living with a partner,0.03
36,pew_work_family_detailed_036,relationship_status,2,3,In a relationship but not living together,0.03
36,pew_work_family_detailed_036,relationship_status,3,4,Not currently in a relationship,0.03
36,pew_work_family_detailed_036,children_at_home,0,1,No children under 18,0.88
36,pew_work_family_detailed_036,children_at_home,1,2,At least one child under 6,0.03
36,pew_work_family_detailed_036,children_at_home,2,3,Only children ages 6 to 17,0.06
36,pew_work_family_detailed_036,children_at_home,3,4,Children both under 6 and ages 6 to 17,0.03
36,pew_work_family_detailed_036,household_income,0,1,"Less than $50,000",0.08
36,pew_work_family_detailed_036,household_income,1,2,"$50,000 to $99,999",0.17
36,pew_work_family_detailed_036,household_income,2,3,"$100,000 to $149,999",0.6
36,pew_work_family_detailed_036,household_income,3,4,"$150,000 or more",0.15
36,pew_work_family_detailed_036,marriage_importance,0,1,Not at all important,0.62
36,pew_work_family_detailed_036,marriage_importance,1,2,Not too important,0.19
36,pew_work_family_detailed_036,marriage_importance,2,3,Somewhat important,0.12
36,pew_work_family_detailed_036,marriage_importance,3,4,Very important,0.07
36,pew_work_family_detailed_036,parenthood_importance,0,1,Not at all important,0.03
36,pew_work_family_detailed_036,parenthood_importance,1,2,Not too important,0.05
36,pew_work_family_detailed_036,parenthood_importance,2,3,Somewhat important,0.17
36,pew_work_family_detailed_036,parenthood_importance,3,4,Very important,0.75
36,pew_work_family_detailed_036,paid_work_priority,0,1,Not at all important,0.08
36,pew_work_family_detailed_036,paid_work_priority,1,2,Not too important,0.18
36,pew_work_family_detailed_036,paid_work_priority,2,3,Somewhat important,0.55
36,pew_work_family_detailed_036,paid_work_priority,3,4,Very important,0.19
36,pew_work_family_detailed_036,childcare_division,0,1,One parent should do most of it,0.08
36,pew_work_family_detailed_036,childcare_division,1,2,Both parents should divide it about equally,0.22
36,pew_work_family_detailed_036,childcare_division,2,3,The parent with more available time should do more,0.54
36,pew_work_family_detailed_036,childcare_division,3,4,It depends entirely on the family,0.16
36,pew_work_family_detailed_036,housework_division,0,1,One person should do most of it,0.06
36,pew_work_family_detailed_036,housework_division,1,2,Both adults should divide it about equally,0.64
36,pew_work_family_detailed_036,housework_division,2,3,The person with more available time should do more,0.21
36,pew_work_family_detailed_036,housework_division,3,4,It depends entirely on the household,0.09
36,pew_work_family_detailed_036,financial_decision_style,0,1,The higher earner should usually decide,0.51
36,pew_work_family_detailed_036,financial_decision_style,1,2,The person who manages the money should usually decide,0.14
36,pew_work_family_detailed_036,financial_decision_style,2,3,Both adults should decide together,0.25
36,pew_work_family_detailed_036,financial_decision_style,3,4,It depends on the decision,0.1
36,pew_work_family_detailed_036,career_sacrifice_rule,0,1,The lower earner should reduce work,0.13
36,pew_work_family_detailed_036,career_sacrifice_rule,1,2,The adult with the more flexible job should reduce work,0.57
36,pew_work_family_detailed_036,career_sacrifice_rule,2,3,Both adults should reduce work as equally as possible,0.2
36,pew_work_family_detailed_036,career_sacrifice_rule,3,4,It depends entirely on the family,0.1
37,pew_work_family_detailed_037,hobbies,0,1,Men and women are basically similar,0.25
37,pew_work_family_detailed_037,hobbies,1,2,Men and women are basically different,0.75
37,pew_work_family_detailed_037,physical_abilities,0,1,Men and women are basically similar,0.72
37,pew_work_family_detailed_037,physical_abilities,1,2,Men and women are basically different,0.28
37,pew_work_family_detailed_037,parenting,0,1,Men and women are basically similar,0.3
37,pew_work_family_detailed_037,parenting,1,2,Men and women are basically different,0.7
37,pew_work_family_detailed_037,feelings,0,1,Men and women are basically similar,0.24
37,pew_work_family_detailed_037,feelings,1,2,Men and women are basically different,0.76
37,pew_work_family_detailed_037,workplace,0,1,Men and women are basically similar,0.68
37,pew_work_family_detailed_037,workplace,1,2,Men and women are basically different,0.32
37,pew_work_family_detailed_037,relationship_status,0,1,Married,0.88
37,pew_work_family_detailed_037,relationship_status,1,2,Living with a partner,0.04
37,pew_work_family_detailed_037,relationship_status,2,3,In a relationship but not living together,0.03
37,pew_work_family_detailed_037,relationship_status,3,4,Not currently in a relationship,0.05
37,pew_work_family_detailed_037,children_at_home,0,1,No children under 18,0.85
37,pew_work_family_detailed_037,children_at_home,1,2,At least one child under 6,0.05
37,pew_work_family_detailed_037,children_at_home,2,3,Only children ages 6 to 17,0.06
37,pew_work_family_detailed_037,children_at_home,3,4,Children both under 6 and ages 6 to 17,0.04
37,pew_work_family_detailed_037,household_income,0,1,"Less than $50,000",0.07
37,pew_work_family_detailed_037,household_income,1,2,"$50,000 to $99,999",0.2
37,pew_work_family_detailed_037,household_income,2,3,"$100,000 to $149,999",0.58
37,pew_work_family_detailed_037,household_income,3,4,"$150,000 or more",0.15
37,pew_work_family_detailed_037,marriage_importance,0,1,Not at all important,0.08
37,pew_work_family_detailed_037,marriage_importance,1,2,Not too important,0.18
37,pew_work_family_detailed_037,marriage_importance,2,3,Somewhat important,0.52
37,pew_work_family_detailed_037,marriage_importance,3,4,Very important,0.22
37,pew_work_family_detailed_037,parenthood_importance,0,1,Not at all important,0.2
37,pew_work_family_detailed_037,parenthood_importance,1,2,Not too important,0.48
37,pew_work_family_detailed_037,parenthood_importance,2,3,Somewhat important,0.22
37,pew_work_family_detailed_037,parenthood_importance,3,4,Very important,0.1
37,pew_work_family_detailed_037,paid_work_priority,0,1,Not at all important,0.22
37,pew_work_family_detailed_037,paid_work_priority,1,2,Not too important,0.46
37,pew_work_family_detailed_037,paid_work_priority,2,3,Somewhat important,0.22
37,pew_work_family_detailed_037,paid_work_priority,3,4,Very important,0.1
37,pew_work_family_detailed_037,childcare_division,0,1,One parent should do most of it,0.08
37,pew_work_family_detailed_037,childcare_division,1,2,Both parents should divide it about equally,0.6
37,pew_work_family_detailed_037,childcare_division,2,3,The parent with more available time should do more,0.22
37,pew_work_family_detailed_037,childcare_division,3,4,It depends entirely on the family,0.1
37,pew_work_family_detailed_037,housework_division,0,1,One person should do most of it,0.06
37,pew_work_family_detailed_037,housework_division,1,2,Both adults should divide it about equally,0.26
37,pew_work_family_detailed_037,housework_division,2,3,The person with more available time should do more,0.52
37,pew_work_family_detailed_037,housework_division,3,4,It depends entirely on the household,0.16
37,pew_work_family_detailed_037,financial_decision_style,0,1,The higher earner should usually decide,0.1
37,pew_work_family_detailed_037,financial_decision_style,1,2,The person who manages the money should usually decide,0.48
37,pew_work_family_detailed_037,financial_decision_style,2,3,Both adults should decide together,0.3
37,pew_work_family_detailed_037,financial_decision_style,3,4,It depends on the decision,0.12
37,pew_work_family_detailed_037,career_sacrifice_rule,0,1,The lower earner should reduce work,0.46
37,pew_work_family_detailed_037,career_sacrifice_rule,1,2,The adult with the more flexible job should reduce work,0.3
37,pew_work_family_detailed_037,career_sacrifice_rule,2,3,Both adults should reduce work as equally as possible,0.14
37,pew_work_family_detailed_037,career_sacrifice_rule,3,4,It depends entirely on the family,0.1
38,pew_work_family_detailed_038,hobbies,0,1,Men and women are basically similar,0.72
38,pew_work_family_detailed_038,hobbies,1,2,Men and women are basically different,0.28
38,pew_work_family_detailed_038,physical_abilities,0,1,Men and women are basically similar,0.18
38,pew_work_family_detailed_038,physical_abilities,1,2,Men and women are basically different,0.82
38,pew_work_family_detailed_038,parenting,0,1,Men and women are basically similar,0.31
38,pew_work_family_detailed_038,parenting,1,2,Men and women are basically different,0.69
38,pew_work_family_detailed_038,feelings,0,1,Men and women are basically similar,0.22
38,pew_work_family_detailed_038,feelings,1,2,Men and women are basically different,0.78
38,pew_work_family_detailed_038,workplace,0,1,Men and women are basically similar,0.35
38,pew_work_family_detailed_038,workplace,1,2,Men and women are basically different,0.65
38,pew_work_family_detailed_038,relationship_status,0,1,Married,0.88
38,pew_work_family_detailed_038,relationship_status,1,2,Living with a partner,0.04
38,pew_work_family_detailed_038,relationship_status,2,3,In a relationship but not living together,0.03
38,pew_work_family_detailed_038,relationship_status,3,4,Not currently in a relationship,0.05
38,pew_work_family_detailed_038,children_at_home,0,1,No children under 18,0.03
38,pew_work_family_detailed_038,children_at_home,1,2,At least one child under 6,0.12
38,pew_work_family_detailed_038,children_at_home,2,3,Only children ages 6 to 17,0.15
38,pew_work_family_detailed_038,children_at_home,3,4,Children both under 6 and ages 6 to 17,0.7
38,pew_work_family_detailed_038,household_income,0,1,"Less than $50,000",0.18
38,pew_work_family_detailed_038,household_income,1,2,"$50,000 to $99,999",0.62
38,pew_work_family_detailed_038,household_income,2,3,"$100,000 to $149,999",0.14
38,pew_work_family_detailed_038,household_income,3,4,"$150,000 or more",0.06
38,pew_work_family_detailed_038,marriage_importance,0,1,Not at all important,0.02
38,pew_work_family_detailed_038,marriage_importance,1,2,Not too important,0.04
38,pew_work_family_detailed_038,marriage_importance,2,3,Somewhat important,0.14
38,pew_work_family_detailed_038,marriage_importance,3,4,Very important,0.8
38,pew_work_family_detailed_038,parenthood_importance,0,1,Not at all important,0.01
38,pew_work_family_detailed_038,parenthood_importance,1,2,Not too important,0.03
38,pew_work_family_detailed_038,parenthood_importance,2,3,Somewhat important,0.12
38,pew_work_family_detailed_038,parenthood_importance,3,4,Very important,0.84
38,pew_work_family_detailed_038,paid_work_priority,0,1,Not at all important,0.18
38,pew_work_family_detailed_038,paid_work_priority,1,2,Not too important,0.47
38,pew_work_family_detailed_038,paid_work_priority,2,3,Somewhat important,0.25
38,pew_work_family_detailed_038,paid_work_priority,3,4,Very important,0.1
38,pew_work_family_detailed_038,childcare_division,0,1,One parent should do most of it,0.08
38,pew_work_family_detailed_038,childcare_division,1,2,Both parents should divide it about equally,0.24
38,pew_work_family_detailed_038,childcare_division,2,3,The parent with more available time should do more,0.23
38,pew_work_family_detailed_038,childcare_division,3,4,It depends entirely on the family,0.45
38,pew_work_family_detailed_038,housework_division,0,1,One person should do most of it,0.06
38,pew_work_family_detailed_038,housework_division,1,2,Both adults should divide it about equally,0.25
38,pew_work_family_detailed_038,housework_division,2,3,The person with more available time should do more,0.24
38,pew_work_family_detailed_038,housework_division,3,4,It depends entirely on the household,0.45
38,pew_work_family_detailed_038,financial_decision_style,0,1,The higher earner should usually decide,0.46
38,pew_work_family_detailed_038,financial_decision_style,1,2,The person who manages the money should usually decide,0.16
38,pew_work_family_detailed_038,financial_decision_style,2,3,Both adults should decide together,0.28
38,pew_work_family_detailed_038,financial_decision_style,3,4,It depends on the decision,0.1
38,pew_work_family_detailed_038,career_sacrifice_rule,0,1,The lower earner should reduce work,0.19
38,pew_work_family_detailed_038,career_sacrifice_rule,1,2,The adult with the more flexible job should reduce work,0.24
38,pew_work_family_detailed_038,career_sacrifice_rule,2,3,Both adults should reduce work as equally as possible,0.14
38,pew_work_family_detailed_038,career_sacrifice_rule,3,4,It depends entirely on the family,0.43
39,pew_work_family_detailed_039,hobbies,0,1,Men and women are basically similar,0.18
39,pew_work_family_detailed_039,hobbies,1,2,Men and women are basically different,0.82
39,pew_work_family_detailed_039,physical_abilities,0,1,Men and women are basically similar,0.12
39,pew_work_family_detailed_039,physical_abilities,1,2,Men and women are basically different,0.88
39,pew_work_family_detailed_039,parenting,0,1,Men and women are basically similar,0.28
39,pew_work_family_detailed_039,parenting,1,2,Men and women are basically different,0.72
39,pew_work_family_detailed_039,feelings,0,1,Men and women are basically similar,0.21
39,pew_work_family_detailed_039,feelings,1,2,Men and women are basically different,0.79
39,pew_work_family_detailed_039,workplace,0,1,Men and women are basically similar,0.34
39,pew_work_family_detailed_039,workplace,1,2,Men and women are basically different,0.66
39,pew_work_family_detailed_039,relationship_status,0,1,Married,0.05
39,pew_work_family_detailed_039,relationship_status,1,2,Living with a partner,0.03
39,pew_work_family_detailed_039,relationship_status,2,3,In a relationship but not living together,0.06
39,pew_work_family_detailed_039,relationship_status,3,4,Not currently in a relationship,0.86
39,pew_work_family_detailed_039,children_at_home,0,1,No children under 18,0.91
39,pew_work_family_detailed_039,children_at_home,1,2,At least one child under 6,0.03
39,pew_work_family_detailed_039,children_at_home,2,3,Only children ages 6 to 17,0.04
39,pew_work_family_detailed_039,children_at_home,3,4,Children both under 6 and ages 6 to 17,0.02
39,pew_work_family_detailed_039,household_income,0,1,"Less than $50,000",0.03
39,pew_work_family_detailed_039,household_income,1,2,"$50,000 to $99,999",0.06
39,pew_work_family_detailed_039,household_income,2,3,"$100,000 to $149,999",0.12
39,pew_work_family_detailed_039,household_income,3,4,"$150,000 or more",0.79
39,pew_work_family_detailed_039,marriage_importance,0,1,Not at all important,0.19
39,pew_work_family_detailed_039,marriage_importance,1,2,Not too important,0.48
39,pew_work_family_detailed_039,marriage_importance,2,3,Somewhat important,0.25
39,pew_work_family_detailed_039,marriage_importance,3,4,Very important,0.08
39,pew_work_family_detailed_039,parenthood_importance,0,1,Not at all important,0.09
39,pew_work_family_detailed_039,parenthood_importance,1,2,Not too important,0.21
39,pew_work_family_detailed_039,parenthood_importance,2,3,Somewhat important,0.52
39,pew_work_family_detailed_039,parenthood_importance,3,4,Very important,0.18
39,pew_work_family_detailed_039,paid_work_priority,0,1,Not at all important,0.05
39,pew_work_family_detailed_039,paid_work_priority,1,2,Not too important,0.18
39,pew_work_family_detailed_039,paid_work_priority,2,3,Somewhat important,0.55
39,pew_work_family_detailed_039,paid_work_priority,3,4,Very important,0.22
39,pew_work_family_detailed_039,childcare_division,0,1,One parent should do most of it,0.05
39,pew_work_family_detailed_039,childcare_division,1,2,Both parents should divide it about equally,0.68
39,pew_work_family_detailed_039,childcare_division,2,3,The parent with more available time should do more,0.13
39,pew_work_family_detailed_039,childcare_division,3,4,It depends entirely on the family,0.14
39,pew_work_family_detailed_039,housework_division,0,1,One person should do most of it,0.04
39,pew_work_family_detailed_039,housework_division,1,2,Both adults should divide it about equally,0.66
39,pew_work_family_detailed_039,housework_division,2,3,The person with more available time should do more,0.16
39,pew_work_family_detailed_039,housework_division,3,4,It depends entirely on the household,0.14
39,pew_work_family_detailed_039,financial_decision_style,0,1,The higher earner should usually decide,0.43
39,pew_work_family_detailed_039,financial_decision_style,1,2,The person who manages the money should usually decide,0.16
39,pew_work_family_detailed_039,financial_decision_style,2,3,Both adults should decide together,0.31
39,pew_work_family_detailed_039,financial_decision_style,3,4,It depends on the decision,0.1
39,pew_work_family_detailed_039,career_sacrifice_rule,0,1,The lower earner should reduce work,0.12
39,pew_work_family_detailed_039,career_sacrifice_rule,1,2,The adult with the more flexible job should reduce work,0.21
39,pew_work_family_detailed_039,career_sacrifice_rule,2,3,Both adults should reduce work as equally as possible,0.17
39,pew_work_family_detailed_039,career_sacrifice_rule,3,4,It depends entirely on the family,0.5
40,pew_work_family_detailed_040,hobbies,0,1,Men and women are basically similar,0.31
40,pew_work_family_detailed_040,hobbies,1,2,Men and women are basically different,0.69
40,pew_work_family_detailed_040,physical_abilities,0,1,Men and women are basically similar,0.22
40,pew_work_family_detailed_040,physical_abilities,1,2,Men and women are basically different,0.78
40,pew_work_family_detailed_040,parenting,0,1,Men and women are basically similar,0.64
40,pew_work_family_detailed_040,parenting,1,2,Men and women are basically different,0.36
40,pew_work_family_detailed_040,feelings,0,1,Men and women are basically similar,0.28
40,pew_work_family_detailed_040,feelings,1,2,Men and women are basically different,0.72
40,pew_work_family_detailed_040,workplace,0,1,Men and women are basically similar,0.39
40,pew_work_family_detailed_040,workplace,1,2,Men and women are basically different,0.61
40,pew_work_family_detailed_040,relationship_status,0,1,Married,0.86
40,pew_work_family_detailed_040,relationship_status,1,2,Living with a partner,0.05
40,pew_work_family_detailed_040,relationship_status,2,3,In a relationship but not living together,0.03
40,pew_work_family_detailed_040,relationship_status,3,4,Not currently in a relationship,0.06
40,pew_work_family_detailed_040,children_at_home,0,1,No children under 18,0.03
40,pew_work_family_detailed_040,children_at_home,1,2,At least one child under 6,0.1
40,pew_work_family_detailed_040,children_at_home,2,3,Only children ages 6 to 17,0.09
40,pew_work_family_detailed_040,children_at_home,3,4,Children both under 6 and ages 6 to 17,0.78
40,pew_work_family_detailed_040,household_income,0,1,"Less than $50,000",0.16
40,pew_work_family_detailed_040,household_income,1,2,"$50,000 to $99,999",0.64
40,pew_work_family_detailed_040,household_income,2,3,"$100,000 to $149,999",0.13
40,pew_work_family_detailed_040,household_income,3,4,"$150,000 or more",0.07
40,pew_work_family_detailed_040,marriage_importance,0,1,Not at all important,0.24
40,pew_work_family_detailed_040,marriage_importance,1,2,Not too important,0.49
40,pew_work_family_detailed_040,marriage_importance,2,3,Somewhat important,0.2
40,pew_work_family_detailed_040,marriage_importance,3,4,Very important,0.07
40,pew_work_family_detailed_040,parenthood_importance,0,1,Not at all important,0.54
40,pew_work_family_detailed_040,parenthood_importance,1,2,Not too important,0.24
40,pew_work_family_detailed_040,parenthood_importance,2,3,Somewhat important,0.14
40,pew_work_family_detailed_040,parenthood_importance,3,4,Very important,0.08
40,pew_work_family_detailed_040,paid_work_priority,0,1,Not at all important,0.1
40,pew_work_family_detailed_040,paid_work_priority,1,2,Not too important,0.22
40,pew_work_family_detailed_040,paid_work_priority,2,3,Somewhat important,0.52
40,pew_work_family_detailed_040,paid_work_priority,3,4,Very important,0.16
40,pew_work_family_detailed_040,childcare_division,0,1,One parent should do most of it,0.07
40,pew_work_family_detailed_040,childcare_division,1,2,Both parents should divide it about equally,0.62
40,pew_work_family_detailed_040,childcare_division,2,3,The parent with more available time should do more,0.19
40,pew_work_family_detailed_040,childcare_division,3,4,It depends entirely on the family,0.12
40,pew_work_family_detailed_040,housework_division,0,1,One person should do most of it,0.06
40,pew_work_family_detailed_040,housework_division,1,2,Both adults should divide it about equally,0.65
40,pew_work_family_detailed_040,housework_division,2,3,The person with more available time should do more,0.18
40,pew_work_family_detailed_040,housework_division,3,4,It depends entirely on the household,0.11
40,pew_work_family_detailed_040,financial_decision_style,0,1,The higher earner should usually decide,0.08
40,pew_work_family_detailed_040,financial_decision_style,1,2,The person who manages the money should usually decide,0.48
40,pew_work_family_detailed_040,financial_decision_style,2,3,Both adults should decide together,0.31
40,pew_work_family_detailed_040,financial_decision_style,3,4,It depends on the decision,0.13
40,pew_work_family_detailed_040,career_sacrifice_rule,0,1,The lower earner should reduce work,0.12
40,pew_work_family_detailed_040,career_sacrifice_rule,1,2,The adult with the more flexible job should reduce work,0.55
40,pew_work_family_detailed_040,career_sacrifice_rule,2,3,Both adults should reduce work as equally as possible,0.21
40,pew_work_family_detailed_040,career_sacrifice_rule,3,4,It depends entirely on the family,0.12
41,pew_work_family_detailed_041,hobbies,0,1,Men and women are basically similar,0.22
41,pew_work_family_detailed_041,hobbies,1,2,Men and women are basically different,0.78
41,pew_work_family_detailed_041,physical_abilities,0,1,Men and women are basically similar,0.18
41,pew_work_family_detailed_041,physical_abilities,1,2,Men and women are basically different,0.82
41,pew_work_family_detailed_041,parenting,0,1,Men and women are basically similar,0.27
41,pew_work_family_detailed_041,parenting,1,2,Men and women are basically different,0.73
41,pew_work_family_detailed_041,feelings,0,1,Men and women are basically similar,0.2
41,pew_work_family_detailed_041,feelings,1,2,Men and women are basically different,0.8
41,pew_work_family_detailed_041,workplace,0,1,Men and women are basically similar,0.31
41,pew_work_family_detailed_041,workplace,1,2,Men and women are basically different,0.69
41,pew_work_family_detailed_041,relationship_status,0,1,Married,0.05
41,pew_work_family_detailed_041,relationship_status,1,2,Living with a partner,0.08
41,pew_work_family_detailed_041,relationship_status,2,3,In a relationship but not living together,0.82
41,pew_work_family_detailed_041,relationship_status,3,4,Not currently in a relationship,0.05
41,pew_work_family_detailed_041,children_at_home,0,1,No children under 18,0.9
41,pew_work_family_detailed_041,children_at_home,1,2,At least one child under 6,0.03
41,pew_work_family_detailed_041,children_at_home,2,3,Only children ages 6 to 17,0.05
41,pew_work_family_detailed_041,children_at_home,3,4,Children both under 6 and ages 6 to 17,0.02
41,pew_work_family_detailed_041,household_income,0,1,"Less than $50,000",0.12
41,pew_work_family_detailed_041,household_income,1,2,"$50,000 to $99,999",0.68
41,pew_work_family_detailed_041,household_income,2,3,"$100,000 to $149,999",0.14
41,pew_work_family_detailed_041,household_income,3,4,"$150,000 or more",0.06
41,pew_work_family_detailed_041,marriage_importance,0,1,Not at all important,0.09
41,pew_work_family_detailed_041,marriage_importance,1,2,Not too important,0.18
41,pew_work_family_detailed_041,marriage_importance,2,3,Somewhat important,0.55
41,pew_work_family_detailed_041,marriage_importance,3,4,Very important,0.18
41,pew_work_family_detailed_041,parenthood_importance,0,1,Not at all important,0.68
41,pew_work_family_detailed_041,parenthood_importance,1,2,Not too important,0.2
41,pew_work_family_detailed_041,parenthood_importance,2,3,Somewhat important,0.08
41,pew_work_family_detailed_041,parenthood_importance,3,4,Very important,0.04
41,pew_work_family_detailed_041,paid_work_priority,0,1,Not at all important,0.02
41,pew_work_family_detailed_041,paid_work_priority,1,2,Not too important,0.05
41,pew_work_family_detailed_041,paid_work_priority,2,3,Somewhat important,0.2
41,pew_work_family_detailed_041,paid_work_priority,3,4,Very important,0.73
41,pew_work_family_detailed_041,childcare_division,0,1,One parent should do most of it,0.06
41,pew_work_family_detailed_041,childcare_division,1,2,Both parents should divide it about equally,0.25
41,pew_work_family_detailed_041,childcare_division,2,3,The parent with more available time should do more,0.52
41,pew_work_family_detailed_041,childcare_division,3,4,It depends entirely on the family,0.17
41,pew_work_family_detailed_041,housework_division,0,1,One person should do most of it,0.04
41,pew_work_family_detailed_041,housework_division,1,2,Both adults should divide it about equally,0.28
41,pew_work_family_detailed_041,housework_division,2,3,The person with more available time should do more,0.55
41,pew_work_family_detailed_041,housework_division,3,4,It depends entirely on the household,0.13
41,pew_work_family_detailed_041,financial_decision_style,0,1,The higher earner should usually decide,0.03
41,pew_work_family_detailed_041,financial_decision_style,1,2,The person who manages the money should usually decide,0.08
41,pew_work_family_detailed_041,financial_decision_style,2,3,Both adults should decide together,0.75
41,pew_work_family_detailed_041,financial_decision_style,3,4,It depends on the decision,0.14
41,pew_work_family_detailed_041,career_sacrifice_rule,0,1,The lower earner should reduce work,0.08
41,pew_work_family_detailed_041,career_sacrifice_rule,1,2,The adult with the more flexible job should reduce work,0.21
41,pew_work_family_detailed_041,career_sacrifice_rule,2,3,Both adults should reduce work as equally as possible,0.54
41,pew_work_family_detailed_041,career_sacrifice_rule,3,4,It depends entirely on the family,0.17
42,pew_work_family_detailed_042,hobbies,0,1,Men and women are basically similar,0.68
42,pew_work_family_detailed_042,hobbies,1,2,Men and women are basically different,0.32
42,pew_work_family_detailed_042,physical_abilities,0,1,Men and women are basically similar,0.24
42,pew_work_family_detailed_042,physical_abilities,1,2,Men and women are basically different,0.76
42,pew_work_family_detailed_042,parenting,0,1,Men and women are basically similar,0.31
42,pew_work_family_detailed_042,parenting,1,2,Men and women are basically different,0.69
42,pew_work_family_detailed_042,feelings,0,1,Men and women are basically similar,0.22
42,pew_work_family_detailed_042,feelings,1,2,Men and women are basically different,0.78
42,pew_work_family_detailed_042,workplace,0,1,Men and women are basically similar,0.35
42,pew_work_family_detailed_042,workplace,1,2,Men and women are basically different,0.65
42,pew_work_family_detailed_042,relationship_status,0,1,Married,0.86
42,pew_work_family_detailed_042,relationship_status,1,2,Living with a partner,0.04
42,pew_work_family_detailed_042,relationship_status,2,3,In a relationship but not living together,0.03
42,pew_work_family_detailed_042,relationship_status,3,4,Not currently in a relationship,0.07
42,pew_work_family_detailed_042,children_at_home,0,1,No children under 18,0.82
42,pew_work_family_detailed_042,children_at_home,1,2,At least one child under 6,0.05
42,pew_work_family_detailed_042,children_at_home,2,3,Only children ages 6 to 17,0.09
42,pew_work_family_detailed_042,children_at_home,3,4,Children both under 6 and ages 6 to 17,0.04
42,pew_work_family_detailed_042,household_income,0,1,"Less than $50,000",0.08
42,pew_work_family_detailed_042,household_income,1,2,"$50,000 to $99,999",0.22
42,pew_work_family_detailed_042,household_income,2,3,"$100,000 to $149,999",0.52
42,pew_work_family_detailed_042,household_income,3,4,"$150,000 or more",0.18
42,pew_work_family_detailed_042,marriage_importance,0,1,Not at all important,0.01
42,pew_work_family_detailed_042,marriage_importance,1,2,Not too important,0.04
42,pew_work_family_detailed_042,marriage_importance,2,3,Somewhat important,0.17
42,pew_work_family_detailed_042,marriage_importance,3,4,Very important,0.78
42,pew_work_family_detailed_042,parenthood_importance,0,1,Not at all important,0.08
42,pew_work_family_detailed_042,parenthood_importance,1,2,Not too important,0.16
42,pew_work_family_detailed_042,parenthood_importance,2,3,Somewhat important,0.48
42,pew_work_family_detailed_042,parenthood_importance,3,4,Very important,0.28
42,pew_work_family_detailed_042,paid_work_priority,0,1,Not at all important,0.02
42,pew_work_family_detailed_042,paid_work_priority,1,2,Not too important,0.05
42,pew_work_family_detailed_042,paid_work_priority,2,3,Somewhat important,0.18
42,pew_work_family_detailed_042,paid_work_priority,3,4,Very important,0.75
42,pew_work_family_detailed_042,childcare_division,0,1,One parent should do most of it,0.08
42,pew_work_family_detailed_042,childcare_division,1,2,Both parents should divide it about equally,0.25
42,pew_work_family_detailed_042,childcare_division,2,3,The parent with more available time should do more,0.48
42,pew_work_family_detailed_042,childcare_division,3,4,It depends entirely on the family,0.19
42,pew_work_family_detailed_042,housework_division,0,1,One person should do most of it,0.05
42,pew_work_family_detailed_042,housework_division,1,2,Both adults should divide it about equally,0.61
42,pew_work_family_detailed_042,housework_division,2,3,The person with more available time should do more,0.23
42,pew_work_family_detailed_042,housework_division,3,4,It depends entirely on the household,0.11
42,pew_work_family_detailed_042,financial_decision_style,0,1,The higher earner should usually decide,0.03
42,pew_work_family_detailed_042,financial_decision_style,1,2,The person who manages the money should usually decide,0.07
42,pew_work_family_detailed_042,financial_decision_style,2,3,Both adults should decide together,0.78
42,pew_work_family_detailed_042,financial_decision_style,3,4,It depends on the decision,0.12
42,pew_work_family_detailed_042,career_sacrifice_rule,0,1,The lower earner should reduce work,0.14
42,pew_work_family_detailed_042,career_sacrifice_rule,1,2,The adult with the more flexible job should reduce work,0.24
42,pew_work_family_detailed_042,career_sacrifice_rule,2,3,Both adults should reduce work as equally as possible,0.23
42,pew_work_family_detailed_042,career_sacrifice_rule,3,4,It depends entirely on the family,0.39
43,pew_work_family_detailed_043,hobbies,0,1,Men and women are basically similar,0.28
43,pew_work_family_detailed_043,hobbies,1,2,Men and women are basically different,0.72
43,pew_work_family_detailed_043,physical_abilities,0,1,Men and women are basically similar,0.68
43,pew_work_family_detailed_043,physical_abilities,1,2,Men and women are basically different,0.32
43,pew_work_family_detailed_043,parenting,0,1,Men and women are basically similar,0.31
43,pew_work_family_detailed_043,parenting,1,2,Men and women are basically different,0.69
43,pew_work_family_detailed_043,feelings,0,1,Men and women are basically similar,0.22
43,pew_work_family_detailed_043,feelings,1,2,Men and women are basically different,0.78
43,pew_work_family_detailed_043,workplace,0,1,Men and women are basically similar,0.42
43,pew_work_family_detailed_043,workplace,1,2,Men and women are basically different,0.58
43,pew_work_family_detailed_043,relationship_status,0,1,Married,0.1
43,pew_work_family_detailed_043,relationship_status,1,2,Living with a partner,0.07
43,pew_work_family_detailed_043,relationship_status,2,3,In a relationship but not living together,0.75
43,pew_work_family_detailed_043,relationship_status,3,4,Not currently in a relationship,0.08
43,pew_work_family_detailed_043,children_at_home,0,1,No children under 18,0.06
43,pew_work_family_detailed_043,children_at_home,1,2,At least one child under 6,0.82
43,pew_work_family_detailed_043,children_at_home,2,3,Only children ages 6 to 17,0.05
43,pew_work_family_detailed_043,children_at_home,3,4,Children both under 6 and ages 6 to 17,0.07
43,pew_work_family_detailed_043,household_income,0,1,"Less than $50,000",0.06
43,pew_work_family_detailed_043,household_income,1,2,"$50,000 to $99,999",0.18
43,pew_work_family_detailed_043,household_income,2,3,"$100,000 to $149,999",0.62
43,pew_work_family_detailed_043,household_income,3,4,"$150,000 or more",0.14
43,pew_work_family_detailed_043,marriage_importance,0,1,Not at all important,0.08
43,pew_work_family_detailed_043,marriage_importance,1,2,Not too important,0.16
43,pew_work_family_detailed_043,marriage_importance,2,3,Somewhat important,0.56
43,pew_work_family_detailed_043,marriage_importance,3,4,Very important,0.2
43,pew_work_family_detailed_043,parenthood_importance,0,1,Not at all important,0.02
43,pew_work_family_detailed_043,parenthood_importance,1,2,Not too important,0.03
43,pew_work_family_detailed_043,parenthood_importance,2,3,Somewhat important,0.14
43,pew_work_family_detailed_043,parenthood_importance,3,4,Very important,0.81
43,pew_work_family_detailed_043,paid_work_priority,0,1,Not at all important,0.18
43,pew_work_family_detailed_043,paid_work_priority,1,2,Not too important,0.49
43,pew_work_family_detailed_043,paid_work_priority,2,3,Somewhat important,0.24
43,pew_work_family_detailed_043,paid_work_priority,3,4,Very important,0.09
43,pew_work_family_detailed_043,childcare_division,0,1,One parent should do most of it,0.1
43,pew_work_family_detailed_043,childcare_division,1,2,Both parents should divide it about equally,0.29
43,pew_work_family_detailed_043,childcare_division,2,3,The parent with more available time should do more,0.18
43,pew_work_family_detailed_043,childcare_division,3,4,It depends entirely on the family,0.43
43,pew_work_family_detailed_043,housework_division,0,1,One person should do most of it,0.47
43,pew_work_family_detailed_043,housework_division,1,2,Both adults should divide it about equally,0.26
43,pew_work_family_detailed_043,housework_division,2,3,The person with more available time should do more,0.14
43,pew_work_family_detailed_043,housework_division,3,4,It depends entirely on the household,0.13
43,pew_work_family_detailed_043,financial_decision_style,0,1,The higher earner should usually decide,0.5
43,pew_work_family_detailed_043,financial_decision_style,1,2,The person who manages the money should usually decide,0.13
43,pew_work_family_detailed_043,financial_decision_style,2,3,Both adults should decide together,0.24
43,pew_work_family_detailed_043,financial_decision_style,3,4,It depends on the decision,0.13
43,pew_work_family_detailed_043,career_sacrifice_rule,0,1,The lower earner should reduce work,0.21
43,pew_work_family_detailed_043,career_sacrifice_rule,1,2,The adult with the more flexible job should reduce work,0.2
43,pew_work_family_detailed_043,career_sacrifice_rule,2,3,Both adults should reduce work as equally as possible,0.13
43,pew_work_family_detailed_043,career_sacrifice_rule,3,4,It depends entirely on the family,0.46
44,pew_work_family_detailed_044,hobbies,0,1,Men and women are basically similar,0.68
44,pew_work_family_detailed_044,hobbies,1,2,Men and women are basically different,0.32
44,pew_work_family_detailed_044,physical_abilities,0,1,Men and women are basically similar,0.25
44,pew_work_family_detailed_044,physical_abilities,1,2,Men and women are basically different,0.75
44,pew_work_family_detailed_044,parenting,0,1,Men and women are basically similar,0.31
44,pew_work_family_detailed_044,parenting,1,2,Men and women are basically different,0.69
44,pew_work_family_detailed_044,feelings,0,1,Men and women are basically similar,0.22
44,pew_work_family_detailed_044,feelings,1,2,Men and women are basically different,0.78
44,pew_work_family_detailed_044,workplace,0,1,Men and women are basically similar,0.74
44,pew_work_family_detailed_044,workplace,1,2,Men and women are basically different,0.26
44,pew_work_family_detailed_044,relationship_status,0,1,Married,0.88
44,pew_work_family_detailed_044,relationship_status,1,2,Living with a partner,0.04
44,pew_work_family_detailed_044,relationship_status,2,3,In a relationship but not living together,0.03
44,pew_work_family_detailed_044,relationship_status,3,4,Not currently in a relationship,0.05
44,pew_work_family_detailed_044,children_at_home,0,1,No children under 18,0.03
44,pew_work_family_detailed_044,children_at_home,1,2,At least one child under 6,0.04
44,pew_work_family_detailed_044,children_at_home,2,3,Only children ages 6 to 17,0.89
44,pew_work_family_detailed_044,children_at_home,3,4,Children both under 6 and ages 6 to 17,0.04
44,pew_work_family_detailed_044,household_income,0,1,"Less than $50,000",0.02
44,pew_work_family_detailed_044,household_income,1,2,"$50,000 to $99,999",0.04
44,pew_work_family_detailed_044,household_income,2,3,"$100,000 to $149,999",0.09
44,pew_work_family_detailed_044,household_income,3,4,"$150,000 or more",0.85
44,pew_work_family_detailed_044,marriage_importance,0,1,Not at all important,0.12
44,pew_work_family_detailed_044,marriage_importance,1,2,Not too important,0.45
44,pew_work_family_detailed_044,marriage_importance,2,3,Somewhat important,0.3
44,pew_work_family_detailed_044,marriage_importance,3,4,Very important,0.13
44,pew_work_family_detailed_044,parenthood_importance,0,1,Not at all important,0.06
44,pew_work_family_detailed_044,parenthood_importance,1,2,Not too important,0.14
44,pew_work_family_detailed_044,parenthood_importance,2,3,Somewhat important,0.52
44,pew_work_family_detailed_044,parenthood_importance,3,4,Very important,0.28
44,pew_work_family_detailed_044,paid_work_priority,0,1,Not at all important,0.02
44,pew_work_family_detailed_044,paid_work_priority,1,2,Not too important,0.04
44,pew_work_family_detailed_044,paid_work_priority,2,3,Somewhat important,0.18
44,pew_work_family_detailed_044,paid_work_priority,3,4,Very important,0.76
44,pew_work_family_detailed_044,childcare_division,0,1,One parent should do most of it,0.44
44,pew_work_family_detailed_044,childcare_division,1,2,Both parents should divide it about equally,0.26
44,pew_work_family_detailed_044,childcare_division,2,3,The parent with more available time should do more,0.18
44,pew_work_family_detailed_044,childcare_division,3,4,It depends entirely on the family,0.12
44,pew_work_family_detailed_044,housework_division,0,1,One person should do most of it,0.08
44,pew_work_family_detailed_044,housework_division,1,2,Both adults should divide it about equally,0.58
44,pew_work_family_detailed_044,housework_division,2,3,The person with more available time should do more,0.22
44,pew_work_family_detailed_044,housework_division,3,4,It depends entirely on the household,0.12
44,pew_work_family_detailed_044,financial_decision_style,0,1,The higher earner should usually decide,0.05
44,pew_work_family_detailed_044,financial_decision_style,1,2,The person who manages the money should usually decide,0.12
44,pew_work_family_detailed_044,financial_decision_style,2,3,Both adults should decide together,0.36
44,pew_work_family_detailed_044,financial_decision_style,3,4,It depends on the decision,0.47
44,pew_work_family_detailed_044,career_sacrifice_rule,0,1,The lower earner should reduce work,0.07
44,pew_work_family_detailed_044,career_sacrifice_rule,1,2,The adult with the more flexible job should reduce work,0.22
44,pew_work_family_detailed_044,career_sacrifice_rule,2,3,Both adults should reduce work as equally as possible,0.54
44,pew_work_family_detailed_044,career_sacrifice_rule,3,4,It depends entirely on the family,0.17
45,pew_work_family_detailed_045,hobbies,0,1,Men and women are basically similar,0.25
45,pew_work_family_detailed_045,hobbies,1,2,Men and women are basically different,0.75
45,pew_work_family_detailed_045,physical_abilities,0,1,Men and women are basically similar,0.18
45,pew_work_family_detailed_045,physical_abilities,1,2,Men and women are basically different,0.82
45,pew_work_family_detailed_045,parenting,0,1,Men and women are basically similar,0.28
45,pew_work_family_detailed_045,parenting,1,2,Men and women are basically different,0.72
45,pew_work_family_detailed_045,feelings,0,1,Men and women are basically similar,0.22
45,pew_work_family_detailed_045,feelings,1,2,Men and women are basically different,0.78
45,pew_work_family_detailed_045,workplace,0,1,Men and women are basically similar,0.72
45,pew_work_family_detailed_045,workplace,1,2,Men and women are basically different,0.28
45,pew_work_family_detailed_045,relationship_status,0,1,Married,0.88
45,pew_work_family_detailed_045,relationship_status,1,2,Living with a partner,0.04
45,pew_work_family_detailed_045,relationship_status,2,3,In a relationship but not living together,0.04
45,pew_work_family_detailed_045,relationship_status,3,4,Not currently in a relationship,0.04
45,pew_work_family_detailed_045,children_at_home,0,1,No children under 18,0.88
45,pew_work_family_detailed_045,children_at_home,1,2,At least one child under 6,0.04
45,pew_work_family_detailed_045,children_at_home,2,3,Only children ages 6 to 17,0.04
45,pew_work_family_detailed_045,children_at_home,3,4,Children both under 6 and ages 6 to 17,0.04
45,pew_work_family_detailed_045,household_income,0,1,"Less than $50,000",0.04
45,pew_work_family_detailed_045,household_income,1,2,"$50,000 to $99,999",0.06
45,pew_work_family_detailed_045,household_income,2,3,"$100,000 to $149,999",0.1
45,pew_work_family_detailed_045,household_income,3,4,"$150,000 or more",0.8
45,pew_work_family_detailed_045,marriage_importance,0,1,Not at all important,0.62
45,pew_work_family_detailed_045,marriage_importance,1,2,Not too important,0.2
45,pew_work_family_detailed_045,marriage_importance,2,3,Somewhat important,0.12
45,pew_work_family_detailed_045,marriage_importance,3,4,Very important,0.06
45,pew_work_family_detailed_045,parenthood_importance,0,1,Not at all important,0.04
45,pew_work_family_detailed_045,parenthood_importance,1,2,Not too important,0.06
45,pew_work_family_detailed_045,parenthood_importance,2,3,Somewhat important,0.16
45,pew_work_family_detailed_045,parenthood_importance,3,4,Very important,0.74
45,pew_work_family_detailed_045,paid_work_priority,0,1,Not at all important,0.08
45,pew_work_family_detailed_045,paid_work_priority,1,2,Not too important,0.15
45,pew_work_family_detailed_045,paid_work_priority,2,3,Somewhat important,0.6
45,pew_work_family_detailed_045,paid_work_priority,3,4,Very important,0.17
45,pew_work_family_detailed_045,childcare_division,0,1,One parent should do most of it,0.08
45,pew_work_family_detailed_045,childcare_division,1,2,Both parents should divide it about equally,0.24
45,pew_work_family_detailed_045,childcare_division,2,3,The parent with more available time should do more,0.2
45,pew_work_family_detailed_045,childcare_division,3,4,It depends entirely on the family,0.48
45,pew_work_family_detailed_045,housework_division,0,1,One person should do most of it,0.07
45,pew_work_family_detailed_045,housework_division,1,2,Both adults should divide it about equally,0.64
45,pew_work_family_detailed_045,housework_division,2,3,The person with more available time should do more,0.2
45,pew_work_family_detailed_045,housework_division,3,4,It depends entirely on the household,0.09
45,pew_work_family_detailed_045,financial_decision_style,0,1,The higher earner should usually decide,0.46
45,pew_work_family_detailed_045,financial_decision_style,1,2,The person who manages the money should usually decide,0.15
45,pew_work_family_detailed_045,financial_decision_style,2,3,Both adults should decide together,0.28
45,pew_work_family_detailed_045,financial_decision_style,3,4,It depends on the decision,0.11
45,pew_work_family_detailed_045,career_sacrifice_rule,0,1,The lower earner should reduce work,0.12
45,pew_work_family_detailed_045,career_sacrifice_rule,1,2,The adult with the more flexible job should reduce work,0.18
45,pew_work_family_detailed_045,career_sacrifice_rule,2,3,Both adults should reduce work as equally as possible,0.58
45,pew_work_family_detailed_045,career_sacrifice_rule,3,4,It depends entirely on the family,0.12
46,pew_work_family_detailed_046,hobbies,0,1,Men and women are basically similar,0.25
46,pew_work_family_detailed_046,hobbies,1,2,Men and women are basically different,0.75
46,pew_work_family_detailed_046,physical_abilities,0,1,Men and women are basically similar,0.18
46,pew_work_family_detailed_046,physical_abilities,1,2,Men and women are basically different,0.82
46,pew_work_family_detailed_046,parenting,0,1,Men and women are basically similar,0.28
46,pew_work_family_detailed_046,parenting,1,2,Men and women are basically different,0.72
46,pew_work_family_detailed_046,feelings,0,1,Men and women are basically similar,0.22
46,pew_work_family_detailed_046,feelings,1,2,Men and women are basically different,0.78
46,pew_work_family_detailed_046,workplace,0,1,Men and women are basically similar,0.34
46,pew_work_family_detailed_046,workplace,1,2,Men and women are basically different,0.66
46,pew_work_family_detailed_046,relationship_status,0,1,Married,0.08
46,pew_work_family_detailed_046,relationship_status,1,2,Living with a partner,0.05
46,pew_work_family_detailed_046,relationship_status,2,3,In a relationship but not living together,0.12
46,pew_work_family_detailed_046,relationship_status,3,4,Not currently in a relationship,0.75
46,pew_work_family_detailed_046,children_at_home,0,1,No children under 18,0.08
46,pew_work_family_detailed_046,children_at_home,1,2,At least one child under 6,0.07
46,pew_work_family_detailed_046,children_at_home,2,3,Only children ages 6 to 17,0.78
46,pew_work_family_detailed_046,children_at_home,3,4,Children both under 6 and ages 6 to 17,0.07
46,pew_work_family_detailed_046,household_income,0,1,"Less than $50,000",0.12
46,pew_work_family_detailed_046,household_income,1,2,"$50,000 to $99,999",0.7
46,pew_work_family_detailed_046,household_income,2,3,"$100,000 to $149,999",0.12
46,pew_work_family_detailed_046,household_income,3,4,"$150,000 or more",0.06
46,pew_work_family_detailed_046,marriage_importance,0,1,Not at all important,0.12
46,pew_work_family_detailed_046,marriage_importance,1,2,Not too important,0.18
46,pew_work_family_detailed_046,marriage_importance,2,3,Somewhat important,0.52
46,pew_work_family_detailed_046,marriage_importance,3,4,Very important,0.18
46,pew_work_family_detailed_046,parenthood_importance,0,1,Not at all important,0.06
46,pew_work_family_detailed_046,parenthood_importance,1,2,Not too important,0.11
46,pew_work_family_detailed_046,parenthood_importance,2,3,Somewhat important,0.55
46,pew_work_family_detailed_046,parenthood_importance,3,4,Very important,0.28
46,pew_work_family_detailed_046,paid_work_priority,0,1,Not at all important,0.55
46,pew_work_family_detailed_046,paid_work_priority,1,2,Not too important,0.25
46,pew_work_family_detailed_046,paid_work_priority,2,3,Somewhat important,0.14
46,pew_work_family_detailed_046,paid_work_priority,3,4,Very important,0.06
46,pew_work_family_detailed_046,childcare_division,0,1,One parent should do most of it,0.07
46,pew_work_family_detailed_046,childcare_division,1,2,Both parents should divide it about equally,0.22
46,pew_work_family_detailed_046,childcare_division,2,3,The parent with more available time should do more,0.25
46,pew_work_family_detailed_046,childcare_division,3,4,It depends entirely on the family,0.46
46,pew_work_family_detailed_046,housework_division,0,1,One person should do most of it,0.05
46,pew_work_family_detailed_046,housework_division,1,2,Both adults should divide it about equally,0.6
46,pew_work_family_detailed_046,housework_division,2,3,The person with more available time should do more,0.25
46,pew_work_family_detailed_046,housework_division,3,4,It depends entirely on the household,0.1
46,pew_work_family_detailed_046,financial_decision_style,0,1,The higher earner should usually decide,0.04
46,pew_work_family_detailed_046,financial_decision_style,1,2,The person who manages the money should usually decide,0.13
46,pew_work_family_detailed_046,financial_decision_style,2,3,Both adults should decide together,0.34
46,pew_work_family_detailed_046,financial_decision_style,3,4,It depends on the decision,0.49
46,pew_work_family_detailed_046,career_sacrifice_rule,0,1,The lower earner should reduce work,0.18
46,pew_work_family_detailed_046,career_sacrifice_rule,1,2,The adult with the more flexible job should reduce work,0.47
46,pew_work_family_detailed_046,career_sacrifice_rule,2,3,Both adults should reduce work as equally as possible,0.22
46,pew_work_family_detailed_046,career_sacrifice_rule,3,4,It depends entirely on the family,0.13
47,pew_work_family_detailed_047,hobbies,0,1,Men and women are basically similar,0.78
47,pew_work_family_detailed_047,hobbies,1,2,Men and women are basically different,0.22
47,pew_work_family_detailed_047,physical_abilities,0,1,Men and women are basically similar,0.18
47,pew_work_family_detailed_047,physical_abilities,1,2,Men and women are basically different,0.82
47,pew_work_family_detailed_047,parenting,0,1,Men and women are basically similar,0.74
47,pew_work_family_detailed_047,parenting,1,2,Men and women are basically different,0.26
47,pew_work_family_detailed_047,feelings,0,1,Men and women are basically similar,0.24
47,pew_work_family_detailed_047,feelings,1,2,Men and women are basically different,0.76
47,pew_work_family_detailed_047,workplace,0,1,Men and women are basically similar,0.31
47,pew_work_family_detailed_047,workplace,1,2,Men and women are basically different,0.69
47,pew_work_family_detailed_047,relationship_status,0,1,Married,0.88
47,pew_work_family_detailed_047,relationship_status,1,2,Living with a partner,0.04
47,pew_work_family_detailed_047,relationship_status,2,3,In a relationship but not living together,0.03
47,pew_work_family_detailed_047,relationship_status,3,4,Not currently in a relationship,0.05
47,pew_work_family_detailed_047,children_at_home,0,1,No children under 18,0.87
47,pew_work_family_detailed_047,children_at_home,1,2,At least one child under 6,0.03
47,pew_work_family_detailed_047,children_at_home,2,3,Only children ages 6 to 17,0.07
47,pew_work_family_detailed_047,children_at_home,3,4,Children both under 6 and ages 6 to 17,0.03
47,pew_work_family_detailed_047,household_income,0,1,"Less than $50,000",0.08
47,pew_work_family_detailed_047,household_income,1,2,"$50,000 to $99,999",0.19
47,pew_work_family_detailed_047,household_income,2,3,"$100,000 to $149,999",0.56
47,pew_work_family_detailed_047,household_income,3,4,"$150,000 or more",0.17
47,pew_work_family_detailed_047,marriage_importance,0,1,Not at all important,0.55
47,pew_work_family_detailed_047,marriage_importance,1,2,Not too important,0.25
47,pew_work_family_detailed_047,marriage_importance,2,3,Somewhat important,0.14
47,pew_work_family_detailed_047,marriage_importance,3,4,Very important,0.06
47,pew_work_family_detailed_047,parenthood_importance,0,1,Not at all important,0.11
47,pew_work_family_detailed_047,parenthood_importance,1,2,Not too important,0.18
47,pew_work_family_detailed_047,parenthood_importance,2,3,Somewhat important,0.49
47,pew_work_family_detailed_047,parenthood_importance,3,4,Very important,0.22
47,pew_work_family_detailed_047,paid_work_priority,0,1,Not at all important,0.08
47,pew_work_family_detailed_047,paid_work_priority,1,2,Not too important,0.19
47,pew_work_family_detailed_047,paid_work_priority,2,3,Somewhat important,0.52
47,pew_work_family_detailed_047,paid_work_priority,3,4,Very important,0.21
47,pew_work_family_detailed_047,childcare_division,0,1,One parent should do most of it,0.46
47,pew_work_family_detailed_047,childcare_division,1,2,Both parents should divide it about equally,0.27
47,pew_work_family_detailed_047,childcare_division,2,3,The parent with more available time should do more,0.17
47,pew_work_family_detailed_047,childcare_division,3,4,It depends entirely on the family,0.1
47,pew_work_family_detailed_047,housework_division,0,1,One person should do most of it,0.06
47,pew_work_family_detailed_047,housework_division,1,2,Both adults should divide it about equally,0.25
47,pew_work_family_detailed_047,housework_division,2,3,The person with more available time should do more,0.23
47,pew_work_family_detailed_047,housework_division,3,4,It depends entirely on the household,0.46
47,pew_work_family_detailed_047,financial_decision_style,0,1,The higher earner should usually decide,0.05
47,pew_work_family_detailed_047,financial_decision_style,1,2,The person who manages the money should usually decide,0.13
47,pew_work_family_detailed_047,financial_decision_style,2,3,Both adults should decide together,0.35
47,pew_work_family_detailed_047,financial_decision_style,3,4,It depends on the decision,0.47
47,pew_work_family_detailed_047,career_sacrifice_rule,0,1,The lower earner should reduce work,0.48
47,pew_work_family_detailed_047,career_sacrifice_rule,1,2,The adult with the more flexible job should reduce work,0.25
47,pew_work_family_detailed_047,career_sacrifice_rule,2,3,Both adults should reduce work as equally as possible,0.16
47,pew_work_family_detailed_047,career_sacrifice_rule,3,4,It depends entirely on the family,0.11
48,pew_work_family_detailed_048,hobbies,0,1,Men and women are basically similar,0.24
48,pew_work_family_detailed_048,hobbies,1,2,Men and women are basically different,0.76
48,pew_work_family_detailed_048,physical_abilities,0,1,Men and women are basically similar,0.18
48,pew_work_family_detailed_048,physical_abilities,1,2,Men and women are basically different,0.82
48,pew_work_family_detailed_048,parenting,0,1,Men and women are basically similar,0.68
48,pew_work_family_detailed_048,parenting,1,2,Men and women are basically different,0.32
48,pew_work_family_detailed_048,feelings,0,1,Men and women are basically similar,0.21
48,pew_work_family_detailed_048,feelings,1,2,Men and women are basically different,0.79
48,pew_work_family_detailed_048,workplace,0,1,Men and women are basically similar,0.72
48,pew_work_family_detailed_048,workplace,1,2,Men and women are basically different,0.28
48,pew_work_family_detailed_048,relationship_status,0,1,Married,0.12
48,pew_work_family_detailed_048,relationship_status,1,2,Living with a partner,0.74
48,pew_work_family_detailed_048,relationship_status,2,3,In a relationship but not living together,0.08
48,pew_work_family_detailed_048,relationship_status,3,4,Not currently in a relationship,0.06
48,pew_work_family_detailed_048,children_at_home,0,1,No children under 18,0.85
48,pew_work_family_detailed_048,children_at_home,1,2,At least one child under 6,0.05
48,pew_work_family_detailed_048,children_at_home,2,3,Only children ages 6 to 17,0.05
48,pew_work_family_detailed_048,children_at_home,3,4,Children both under 6 and ages 6 to 17,0.05
48,pew_work_family_detailed_048,household_income,0,1,"Less than $50,000",0.08
48,pew_work_family_detailed_048,household_income,1,2,"$50,000 to $99,999",0.22
48,pew_work_family_detailed_048,household_income,2,3,"$100,000 to $149,999",0.55
48,pew_work_family_detailed_048,household_income,3,4,"$150,000 or more",0.15
48,pew_work_family_detailed_048,marriage_importance,0,1,Not at all important,0.03
48,pew_work_family_detailed_048,marriage_importance,1,2,Not too important,0.06
48,pew_work_family_detailed_048,marriage_importance,2,3,Somewhat important,0.21
48,pew_work_family_detailed_048,marriage_importance,3,4,Very important,0.7
48,pew_work_family_detailed_048,parenthood_importance,0,1,Not at all important,0.62
48,pew_work_family_detailed_048,parenthood_importance,1,2,Not too important,0.22
48,pew_work_family_detailed_048,parenthood_importance,2,3,Somewhat important,0.11
48,pew_work_family_detailed_048,parenthood_importance,3,4,Very important,0.05
48,pew_work_family_detailed_048,paid_work_priority,0,1,Not at all important,0.07
48,pew_work_family_detailed_048,paid_work_priority,1,2,Not too important,0.18
48,pew_work_family_detailed_048,paid_work_priority,2,3,Somewhat important,0.55
48,pew_work_family_detailed_048,paid_work_priority,3,4,Very important,0.2
48,pew_work_family_detailed_048,childcare_division,0,1,One parent should do most of it,0.05
48,pew_work_family_detailed_048,childcare_division,1,2,Both parents should divide it about equally,0.25
48,pew_work_family_detailed_048,childcare_division,2,3,The parent with more available time should do more,0.45
48,pew_work_family_detailed_048,childcare_division,3,4,It depends entirely on the family,0.25
48,pew_work_family_detailed_048,housework_division,0,1,One person should do most of it,0.04
48,pew_work_family_detailed_048,housework_division,1,2,Both adults should divide it about equally,0.25
48,pew_work_family_detailed_048,housework_division,2,3,The person with more available time should do more,0.24
48,pew_work_family_detailed_048,housework_division,3,4,It depends entirely on the household,0.47
48,pew_work_family_detailed_048,financial_decision_style,0,1,The higher earner should usually decide,0.03
48,pew_work_family_detailed_048,financial_decision_style,1,2,The person who manages the money should usually decide,0.08
48,pew_work_family_detailed_048,financial_decision_style,2,3,Both adults should decide together,0.72
48,pew_work_family_detailed_048,financial_decision_style,3,4,It depends on the decision,0.17
48,pew_work_family_detailed_048,career_sacrifice_rule,0,1,The lower earner should reduce work,0.13
48,pew_work_family_detailed_048,career_sacrifice_rule,1,2,The adult with the more flexible job should reduce work,0.22
48,pew_work_family_detailed_048,career_sacrifice_rule,2,3,Both adults should reduce work as equally as possible,0.25
48,pew_work_family_detailed_048,career_sacrifice_rule,3,4,It depends entirely on the family,0.4
49,pew_work_family_detailed_049,hobbies,0,1,Men and women are basically similar,0.18
49,pew_work_family_detailed_049,hobbies,1,2,Men and women are basically different,0.82
49,pew_work_family_detailed_049,physical_abilities,0,1,Men and women are basically similar,0.12
49,pew_work_family_detailed_049,physical_abilities,1,2,Men and women are basically different,0.88
49,pew_work_family_detailed_049,parenting,0,1,Men and women are basically similar,0.25
49,pew_work_family_detailed_049,parenting,1,2,Men and women are basically different,0.75
49,pew_work_family_detailed_049,feelings,0,1,Men and women are basically similar,0.16
49,pew_work_family_detailed_049,feelings,1,2,Men and women are basically different,0.84
49,pew_work_family_detailed_049,workplace,0,1,Men and women are basically similar,0.28
49,pew_work_family_detailed_049,workplace,1,2,Men and women are basically different,0.72
49,pew_work_family_detailed_049,relationship_status,0,1,Married,0.08
49,pew_work_family_detailed_049,relationship_status,1,2,Living with a partner,0.03
49,pew_work_family_detailed_049,relationship_status,2,3,In a relationship but not living together,0.12
49,pew_work_family_detailed_049,relationship_status,3,4,Not currently in a relationship,0.77
49,pew_work_family_detailed_049,children_at_home,0,1,No children under 18,0.86
49,pew_work_family_detailed_049,children_at_home,1,2,At least one child under 6,0.04
49,pew_work_family_detailed_049,children_at_home,2,3,Only children ages 6 to 17,0.07
49,pew_work_family_detailed_049,children_at_home,3,4,Children both under 6 and ages 6 to 17,0.03
49,pew_work_family_detailed_049,household_income,0,1,"Less than $50,000",0.13
49,pew_work_family_detailed_049,household_income,1,2,"$50,000 to $99,999",0.65
49,pew_work_family_detailed_049,household_income,2,3,"$100,000 to $149,999",0.14
49,pew_work_family_detailed_049,household_income,3,4,"$150,000 or more",0.08
49,pew_work_family_detailed_049,marriage_importance,0,1,Not at all important,0.06
49,pew_work_family_detailed_049,marriage_importance,1,2,Not too important,0.14
49,pew_work_family_detailed_049,marriage_importance,2,3,Somewhat important,0.55
49,pew_work_family_detailed_049,marriage_importance,3,4,Very important,0.25
49,pew_work_family_detailed_049,parenthood_importance,0,1,Not at all important,0.03
49,pew_work_family_detailed_049,parenthood_importance,1,2,Not too important,0.04
49,pew_work_family_detailed_049,parenthood_importance,2,3,Somewhat important,0.18
49,pew_work_family_detailed_049,parenthood_importance,3,4,Very important,0.75
49,pew_work_family_detailed_049,paid_work_priority,0,1,Not at all important,0.02
49,pew_work_family_detailed_049,paid_work_priority,1,2,Not too important,0.05
49,pew_work_family_detailed_049,paid_work_priority,2,3,Somewhat important,0.2
49,pew_work_family_detailed_049,paid_work_priority,3,4,Very important,0.73
49,pew_work_family_detailed_049,childcare_division,0,1,One parent should do most of it,0.06
49,pew_work_family_detailed_049,childcare_division,1,2,Both parents should divide it about equally,0.62
49,pew_work_family_detailed_049,childcare_division,2,3,The parent with more available time should do more,0.22
49,pew_work_family_detailed_049,childcare_division,3,4,It depends entirely on the family,0.1
49,pew_work_family_detailed_049,housework_division,0,1,One person should do most of it,0.05
49,pew_work_family_detailed_049,housework_division,1,2,Both adults should divide it about equally,0.28
49,pew_work_family_detailed_049,housework_division,2,3,The person with more available time should do more,0.52
49,pew_work_family_detailed_049,housework_division,3,4,It depends entirely on the household,0.15
49,pew_work_family_detailed_049,financial_decision_style,0,1,The higher earner should usually decide,0.48
49,pew_work_family_detailed_049,financial_decision_style,1,2,The person who manages the money should usually decide,0.15
49,pew_work_family_detailed_049,financial_decision_style,2,3,Both adults should decide together,0.27
49,pew_work_family_detailed_049,financial_decision_style,3,4,It depends on the decision,0.1
49,pew_work_family_detailed_049,career_sacrifice_rule,0,1,The lower earner should reduce work,0.13
49,pew_work_family_detailed_049,career_sacrifice_rule,1,2,The adult with the more flexible job should reduce work,0.23
49,pew_work_family_detailed_049,career_sacrifice_rule,2,3,Both adults should reduce work as equally as possible,0.51
49,pew_work_family_detailed_049,career_sacrifice_rule,3,4,It depends entirely on the family,0.13
50,pew_work_family_detailed_050,hobbies,0,1,Men and women are basically similar,0.22
50,pew_work_family_detailed_050,hobbies,1,2,Men and women are basically different,0.78
50,pew_work_family_detailed_050,physical_abilities,0,1,Men and women are basically similar,0.18
50,pew_work_family_detailed_050,physical_abilities,1,2,Men and women are basically different,0.82
50,pew_work_family_detailed_050,parenting,0,1,Men and women are basically similar,0.35
50,pew_work_family_detailed_050,parenting,1,2,Men and women are basically different,0.65
50,pew_work_family_detailed_050,feelings,0,1,Men and women are basically similar,0.24
50,pew_work_family_detailed_050,feelings,1,2,Men and women are basically different,0.76
50,pew_work_family_detailed_050,workplace,0,1,Men and women are basically similar,0.79
50,pew_work_family_detailed_050,workplace,1,2,Men and women are basically different,0.21
50,pew_work_family_detailed_050,relationship_status,0,1,Married,0.08
50,pew_work_family_detailed_050,relationship_status,1,2,Living with a partner,0.03
50,pew_work_family_detailed_050,relationship_status,2,3,In a relationship but not living together,0.07
50,pew_work_family_detailed_050,relationship_status,3,4,Not currently in a relationship,0.82
50,pew_work_family_detailed_050,children_at_home,0,1,No children under 18,0.88
50,pew_work_family_detailed_050,children_at_home,1,2,At least one child under 6,0.04
50,pew_work_family_detailed_050,children_at_home,2,3,Only children ages 6 to 17,0.06
50,pew_work_family_detailed_050,children_at_home,3,4,Children both under 6 and ages 6 to 17,0.02
50,pew_work_family_detailed_050,household_income,0,1,"Less than $50,000",0.03
50,pew_work_family_detailed_050,household_income,1,2,"$50,000 to $99,999",0.07
50,pew_work_family_detailed_050,household_income,2,3,"$100,000 to $149,999",0.16
50,pew_work_family_detailed_050,household_income,3,4,"$150,000 or more",0.74
50,pew_work_family_detailed_050,marriage_importance,0,1,Not at all important,0.14
50,pew_work_family_detailed_050,marriage_importance,1,2,Not too important,0.23
50,pew_work_family_detailed_050,marriage_importance,2,3,Somewhat important,0.47
50,pew_work_family_detailed_050,marriage_importance,3,4,Very important,0.16
50,pew_work_family_detailed_050,parenthood_importance,0,1,Not at all important,0.7
50,pew_work_family_detailed_050,parenthood_importance,1,2,Not too important,0.17
50,pew_work_family_detailed_050,parenthood_importance,2,3,Somewhat important,0.08
50,pew_work_family_detailed_050,parenthood_importance,3,4,Very important,0.05
50,pew_work_family_detailed_050,paid_work_priority,0,1,Not at all important,0.02
50,pew_work_family_detailed_050,paid_work_priority,1,2,Not too important,0.04
50,pew_work_family_detailed_050,paid_work_priority,2,3,Somewhat important,0.18
50,pew_work_family_detailed_050,paid_work_priority,3,4,Very important,0.76
50,pew_work_family_detailed_050,childcare_division,0,1,One parent should do most of it,0.05
50,pew_work_family_detailed_050,childcare_division,1,2,Both parents should divide it about equally,0.25
50,pew_work_family_detailed_050,childcare_division,2,3,The parent with more available time should do more,0.56
50,pew_work_family_detailed_050,childcare_division,3,4,It depends entirely on the family,0.14
50,pew_work_family_detailed_050,housework_division,0,1,One person should do most of it,0.03
50,pew_work_family_detailed_050,housework_division,1,2,Both adults should divide it about equally,0.64
50,pew_work_family_detailed_050,housework_division,2,3,The person with more available time should do more,0.23
50,pew_work_family_detailed_050,housework_division,3,4,It depends entirely on the household,0.1
50,pew_work_family_detailed_050,financial_decision_style,0,1,The higher earner should usually decide,0.03
50,pew_work_family_detailed_050,financial_decision_style,1,2,The person who manages the money should usually decide,0.08
50,pew_work_family_detailed_050,financial_decision_style,2,3,Both adults should decide together,0.73
50,pew_work_family_detailed_050,financial_decision_style,3,4,It depends on the decision,0.16
50,pew_work_family_detailed_050,career_sacrifice_rule,0,1,The lower earner should reduce work,0.08
50,pew_work_family_detailed_050,career_sacrifice_rule,1,2,The adult with the more flexible job should reduce work,0.24
50,pew_work_family_detailed_050,career_sacrifice_rule,2,3,Both adults should reduce work as equally as possible,0.49
50,pew_work_family_detailed_050,career_sacrifice_rule,3,4,It depends entirely on the family,0.19
51,pew_work_family_detailed_051,hobbies,0,1,Men and women are basically similar,0.27
51,pew_work_family_detailed_051,hobbies,1,2,Men and women are basically different,0.73
51,pew_work_family_detailed_051,physical_abilities,0,1,Men and women are basically similar,0.18
51,pew_work_family_detailed_051,physical_abilities,1,2,Men and women are basically different,0.82
51,pew_work_family_detailed_051,parenting,0,1,Men and women are basically similar,0.31
51,pew_work_family_detailed_051,parenting,1,2,Men and women are basically different,0.69
51,pew_work_family_detailed_051,feelings,0,1,Men and women are basically similar,0.22
51,pew_work_family_detailed_051,feelings,1,2,Men and women are basically different,0.78
51,pew_work_family_detailed_051,workplace,0,1,Men and women are basically similar,0.76
51,pew_work_family_detailed_051,workplace,1,2,Men and women are basically different,0.24
51,pew_work_family_detailed_051,relationship_status,0,1,Married,0.88
51,pew_work_family_detailed_051,relationship_status,1,2,Living with a partner,0.04
51,pew_work_family_detailed_051,relationship_status,2,3,In a relationship but not living together,0.03
51,pew_work_family_detailed_051,relationship_status,3,4,Not currently in a relationship,0.05
51,pew_work_family_detailed_051,children_at_home,0,1,No children under 18,0.9
51,pew_work_family_detailed_051,children_at_home,1,2,At least one child under 6,0.03
51,pew_work_family_detailed_051,children_at_home,2,3,Only children ages 6 to 17,0.04
51,pew_work_family_detailed_051,children_at_home,3,4,Children both under 6 and ages 6 to 17,0.03
51,pew_work_family_detailed_051,household_income,0,1,"Less than $50,000",0.12
51,pew_work_family_detailed_051,household_income,1,2,"$50,000 to $99,999",0.65
51,pew_work_family_detailed_051,household_income,2,3,"$100,000 to $149,999",0.15
51,pew_work_family_detailed_051,household_income,3,4,"$150,000 or more",0.08
51,pew_work_family_detailed_051,marriage_importance,0,1,Not at all important,0.18
51,pew_work_family_detailed_051,marriage_importance,1,2,Not too important,0.49
51,pew_work_family_detailed_051,marriage_importance,2,3,Somewhat important,0.25
51,pew_work_family_detailed_051,marriage_importance,3,4,Very important,0.08
51,pew_work_family_detailed_051,parenthood_importance,0,1,Not at all important,0.09
51,pew_work_family_detailed_051,parenthood_importance,1,2,Not too important,0.2
51,pew_work_family_detailed_051,parenthood_importance,2,3,Somewhat important,0.53
51,pew_work_family_detailed_051,parenthood_importance,3,4,Very important,0.18
51,pew_work_family_detailed_051,paid_work_priority,0,1,Not at all important,0.02
51,pew_work_family_detailed_051,paid_work_priority,1,2,Not too important,0.05
51,pew_work_family_detailed_051,paid_work_priority,2,3,Somewhat important,0.21
51,pew_work_family_detailed_051,paid_work_priority,3,4,Very important,0.72
51,pew_work_family_detailed_051,childcare_division,0,1,One parent should do most of it,0.07
51,pew_work_family_detailed_051,childcare_division,1,2,Both parents should divide it about equally,0.22
51,pew_work_family_detailed_051,childcare_division,2,3,The parent with more available time should do more,0.28
51,pew_work_family_detailed_051,childcare_division,3,4,It depends entirely on the family,0.43
51,pew_work_family_detailed_051,housework_division,0,1,One person should do most of it,0.04
51,pew_work_family_detailed_051,housework_division,1,2,Both adults should divide it about equally,0.58
51,pew_work_family_detailed_051,housework_division,2,3,The person with more available time should do more,0.24
51,pew_work_family_detailed_051,housework_division,3,4,It depends entirely on the household,0.14
51,pew_work_family_detailed_051,financial_decision_style,0,1,The higher earner should usually decide,0.05
51,pew_work_family_detailed_051,financial_decision_style,1,2,The person who manages the money should usually decide,0.5
51,pew_work_family_detailed_051,financial_decision_style,2,3,Both adults should decide together,0.31
51,pew_work_family_detailed_051,financial_decision_style,3,4,It depends on the decision,0.14
51,pew_work_family_detailed_051,career_sacrifice_rule,0,1,The lower earner should reduce work,0.13
51,pew_work_family_detailed_051,career_sacrifice_rule,1,2,The adult with the more flexible job should reduce work,0.55
51,pew_work_family_detailed_051,career_sacrifice_rule,2,3,Both adults should reduce work as equally as possible,0.2
51,pew_work_family_detailed_051,career_sacrifice_rule,3,4,It depends entirely on the family,0.12
52,pew_work_family_detailed_052,hobbies,0,1,Men and women are basically similar,0.22
52,pew_work_family_detailed_052,hobbies,1,2,Men and women are basically different,0.78
52,pew_work_family_detailed_052,physical_abilities,0,1,Men and women are basically similar,0.18
52,pew_work_family_detailed_052,physical_abilities,1,2,Men and women are basically different,0.82
52,pew_work_family_detailed_052,parenting,0,1,Men and women are basically similar,0.7
52,pew_work_family_detailed_052,parenting,1,2,Men and women are basically different,0.3
52,pew_work_family_detailed_052,feelings,0,1,Men and women are basically similar,0.24
52,pew_work_family_detailed_052,feelings,1,2,Men and women are basically different,0.76
52,pew_work_family_detailed_052,workplace,0,1,Men and women are basically similar,0.27
52,pew_work_family_detailed_052,workplace,1,2,Men and women are basically different,0.73
52,pew_work_family_detailed_052,relationship_status,0,1,Married,0.04
52,pew_work_family_detailed_052,relationship_status,1,2,Living with a partner,0.05
52,pew_work_family_detailed_052,relationship_status,2,3,In a relationship but not living together,0.86
52,pew_work_family_detailed_052,relationship_status,3,4,Not currently in a relationship,0.05
52,pew_work_family_detailed_052,children_at_home,0,1,No children under 18,0.88
52,pew_work_family_detailed_052,children_at_home,1,2,At least one child under 6,0.03
52,pew_work_family_detailed_052,children_at_home,2,3,Only children ages 6 to 17,0.06
52,pew_work_family_detailed_052,children_at_home,3,4,Children both under 6 and ages 6 to 17,0.03
52,pew_work_family_detailed_052,household_income,0,1,"Less than $50,000",0.03
52,pew_work_family_detailed_052,household_income,1,2,"$50,000 to $99,999",0.05
52,pew_work_family_detailed_052,household_income,2,3,"$100,000 to $149,999",0.12
52,pew_work_family_detailed_052,household_income,3,4,"$150,000 or more",0.8
52,pew_work_family_detailed_052,marriage_importance,0,1,Not at all important,0.72
52,pew_work_family_detailed_052,marriage_importance,1,2,Not too important,0.16
52,pew_work_family_detailed_052,marriage_importance,2,3,Somewhat important,0.08
52,pew_work_family_detailed_052,marriage_importance,3,4,Very important,0.04
52,pew_work_family_detailed_052,parenthood_importance,0,1,Not at all important,0.74
52,pew_work_family_detailed_052,parenthood_importance,1,2,Not too important,0.14
52,pew_work_family_detailed_052,parenthood_importance,2,3,Somewhat important,0.08
52,pew_work_family_detailed_052,parenthood_importance,3,4,Very important,0.04
52,pew_work_family_detailed_052,paid_work_priority,0,1,Not at all important,0.62
52,pew_work_family_detailed_052,paid_work_priority,1,2,Not too important,0.2
52,pew_work_family_detailed_052,paid_work_priority,2,3,Somewhat important,0.13
52,pew_work_family_detailed_052,paid_work_priority,3,4,Very important,0.05
52,pew_work_family_detailed_052,childcare_division,0,1,One parent should do most of it,0.04
52,pew_work_family_detailed_052,childcare_division,1,2,Both parents should divide it about equally,0.25
52,pew_work_family_detailed_052,childcare_division,2,3,The parent with more available time should do more,0.58
52,pew_work_family_detailed_052,childcare_division,3,4,It depends entirely on the family,0.13
52,pew_work_family_detailed_052,housework_division,0,1,One person should do most of it,0.03
52,pew_work_family_detailed_052,housework_division,1,2,Both adults should divide it about equally,0.28
52,pew_work_family_detailed_052,housework_division,2,3,The person with more available time should do more,0.56
52,pew_work_family_detailed_052,housework_division,3,4,It depends entirely on the household,0.13
52,pew_work_family_detailed_052,financial_decision_style,0,1,The higher earner should usually decide,0.52
52,pew_work_family_detailed_052,financial_decision_style,1,2,The person who manages the money should usually decide,0.16
52,pew_work_family_detailed_052,financial_decision_style,2,3,Both adults should decide together,0.22
52,pew_work_family_detailed_052,financial_decision_style,3,4,It depends on the decision,0.1
52,pew_work_family_detailed_052,career_sacrifice_rule,0,1,The lower earner should reduce work,0.55
52,pew_work_family_detailed_052,career_sacrifice_rule,1,2,The adult with the more flexible job should reduce work,0.22
52,pew_work_family_detailed_052,career_sacrifice_rule,2,3,Both adults should reduce work as equally as possible,0.12
52,pew_work_family_detailed_052,career_sacrifice_rule,3,4,It depends entirely on the family,0.11
53,pew_work_family_detailed_053,hobbies,0,1,Men and women are basically similar,0.68
53,pew_work_family_detailed_053,hobbies,1,2,Men and women are basically different,0.32
53,pew_work_family_detailed_053,physical_abilities,0,1,Men and women are basically similar,0.29
53,pew_work_family_detailed_053,physical_abilities,1,2,Men and women are basically different,0.71
53,pew_work_family_detailed_053,parenting,0,1,Men and women are basically similar,0.35
53,pew_work_family_detailed_053,parenting,1,2,Men and women are basically different,0.65
53,pew_work_family_detailed_053,feelings,0,1,Men and women are basically similar,0.33
53,pew_work_family_detailed_053,feelings,1,2,Men and women are basically different,0.67
53,pew_work_family_detailed_053,workplace,0,1,Men and women are basically similar,0.4
53,pew_work_family_detailed_053,workplace,1,2,Men and women are basically different,0.6
53,pew_work_family_detailed_053,relationship_status,0,1,Married,0.86
53,pew_work_family_detailed_053,relationship_status,1,2,Living with a partner,0.04
53,pew_work_family_detailed_053,relationship_status,2,3,In a relationship but not living together,0.03
53,pew_work_family_detailed_053,relationship_status,3,4,Not currently in a relationship,0.07
53,pew_work_family_detailed_053,children_at_home,0,1,No children under 18,0.84
53,pew_work_family_detailed_053,children_at_home,1,2,At least one child under 6,0.03
53,pew_work_family_detailed_053,children_at_home,2,3,Only children ages 6 to 17,0.09
53,pew_work_family_detailed_053,children_at_home,3,4,Children both under 6 and ages 6 to 17,0.04
53,pew_work_family_detailed_053,household_income,0,1,"Less than $50,000",0.06
53,pew_work_family_detailed_053,household_income,1,2,"$50,000 to $99,999",0.2
53,pew_work_family_detailed_053,household_income,2,3,"$100,000 to $149,999",0.58
53,pew_work_family_detailed_053,household_income,3,4,"$150,000 or more",0.16
53,pew_work_family_detailed_053,marriage_importance,0,1,Not at all important,0.23
53,pew_work_family_detailed_053,marriage_importance,1,2,Not too important,0.44
53,pew_work_family_detailed_053,marriage_importance,2,3,Somewhat important,0.24
53,pew_work_family_detailed_053,marriage_importance,3,4,Very important,0.09
53,pew_work_family_detailed_053,parenthood_importance,0,1,Not at all important,0.63
53,pew_work_family_detailed_053,parenthood_importance,1,2,Not too important,0.21
53,pew_work_family_detailed_053,parenthood_importance,2,3,Somewhat important,0.11
53,pew_work_family_detailed_053,parenthood_importance,3,4,Very important,0.05
53,pew_work_family_detailed_053,paid_work_priority,0,1,Not at all important,0.1
53,pew_work_family_detailed_053,paid_work_priority,1,2,Not too important,0.23
53,pew_work_family_detailed_053,paid_work_priority,2,3,Somewhat important,0.5
53,pew_work_family_detailed_053,paid_work_priority,3,4,Very important,0.17
53,pew_work_family_detailed_053,childcare_division,0,1,One parent should do most of it,0.06
53,pew_work_family_detailed_053,childcare_division,1,2,Both parents should divide it about equally,0.25
53,pew_work_family_detailed_053,childcare_division,2,3,The parent with more available time should do more,0.51
53,pew_work_family_detailed_053,childcare_division,3,4,It depends entirely on the family,0.18
53,pew_work_family_detailed_053,housework_division,0,1,One person should do most of it,0.04
53,pew_work_family_detailed_053,housework_division,1,2,Both adults should divide it about equally,0.3
53,pew_work_family_detailed_053,housework_division,2,3,The person with more available time should do more,0.26
53,pew_work_family_detailed_053,housework_division,3,4,It depends entirely on the household,0.4
53,pew_work_family_detailed_053,financial_decision_style,0,1,The higher earner should usually decide,0.03
53,pew_work_family_detailed_053,financial_decision_style,1,2,The person who manages the money should usually decide,0.12
53,pew_work_family_detailed_053,financial_decision_style,2,3,Both adults should decide together,0.68
53,pew_work_family_detailed_053,financial_decision_style,3,4,It depends on the decision,0.17
53,pew_work_family_detailed_053,career_sacrifice_rule,0,1,The lower earner should reduce work,0.46
53,pew_work_family_detailed_053,career_sacrifice_rule,1,2,The adult with the more flexible job should reduce work,0.27
53,pew_work_family_detailed_053,career_sacrifice_rule,2,3,Both adults should reduce work as equally as possible,0.12
53,pew_work_family_detailed_053,career_sacrifice_rule,3,4,It depends entirely on the family,0.15
54,pew_work_family_detailed_054,hobbies,0,1,Men and women are basically similar,0.22
54,pew_work_family_detailed_054,hobbies,1,2,Men and women are basically different,0.78
54,pew_work_family_detailed_054,physical_abilities,0,1,Men and women are basically similar,0.12
54,pew_work_family_detailed_054,physical_abilities,1,2,Men and women are basically different,0.88
54,pew_work_family_detailed_054,parenting,0,1,Men and women are basically similar,0.28
54,pew_work_family_detailed_054,parenting,1,2,Men and women are basically different,0.72
54,pew_work_family_detailed_054,feelings,0,1,Men and women are basically similar,0.18
54,pew_work_family_detailed_054,feelings,1,2,Men and women are basically different,0.82
54,pew_work_family_detailed_054,workplace,0,1,Men and women are basically similar,0.34
54,pew_work_family_detailed_054,workplace,1,2,Men and women are basically different,0.66
54,pew_work_family_detailed_054,relationship_status,0,1,Married,0.08
54,pew_work_family_detailed_054,relationship_status,1,2,Living with a partner,0.03
54,pew_work_family_detailed_054,relationship_status,2,3,In a relationship but not living together,0.09
54,pew_work_family_detailed_054,relationship_status,3,4,Not currently in a relationship,0.8
54,pew_work_family_detailed_054,children_at_home,0,1,No children under 18,0.07
54,pew_work_family_detailed_054,children_at_home,1,2,At least one child under 6,0.04
54,pew_work_family_detailed_054,children_at_home,2,3,Only children ages 6 to 17,0.86
54,pew_work_family_detailed_054,children_at_home,3,4,Children both under 6 and ages 6 to 17,0.03
54,pew_work_family_detailed_054,household_income,0,1,"Less than $50,000",0.16
54,pew_work_family_detailed_054,household_income,1,2,"$50,000 to $99,999",0.66
54,pew_work_family_detailed_054,household_income,2,3,"$100,000 to $149,999",0.13
54,pew_work_family_detailed_054,household_income,3,4,"$150,000 or more",0.05
54,pew_work_family_detailed_054,marriage_importance,0,1,Not at all important,0.03
54,pew_work_family_detailed_054,marriage_importance,1,2,Not too important,0.05
54,pew_work_family_detailed_054,marriage_importance,2,3,Somewhat important,0.2
54,pew_work_family_detailed_054,marriage_importance,3,4,Very important,0.72
54,pew_work_family_detailed_054,parenthood_importance,0,1,Not at all important,0.02
54,pew_work_family_detailed_054,parenthood_importance,1,2,Not too important,0.03
54,pew_work_family_detailed_054,parenthood_importance,2,3,Somewhat important,0.13
54,pew_work_family_detailed_054,parenthood_importance,3,4,Very important,0.82
54,pew_work_family_detailed_054,paid_work_priority,0,1,Not at all important,0.02
54,pew_work_family_detailed_054,paid_work_priority,1,2,Not too important,0.05
54,pew_work_family_detailed_054,paid_work_priority,2,3,Somewhat important,0.21
54,pew_work_family_detailed_054,paid_work_priority,3,4,Very important,0.72
54,pew_work_family_detailed_054,childcare_division,0,1,One parent should do most of it,0.07
54,pew_work_family_detailed_054,childcare_division,1,2,Both parents should divide it about equally,0.28
54,pew_work_family_detailed_054,childcare_division,2,3,The parent with more available time should do more,0.23
54,pew_work_family_detailed_054,childcare_division,3,4,It depends entirely on the family,0.42
54,pew_work_family_detailed_054,housework_division,0,1,One person should do most of it,0.06
54,pew_work_family_detailed_054,housework_division,1,2,Both adults should divide it about equally,0.27
54,pew_work_family_detailed_054,housework_division,2,3,The person with more available time should do more,0.25
54,pew_work_family_detailed_054,housework_division,3,4,It depends entirely on the household,0.42
54,pew_work_family_detailed_054,financial_decision_style,0,1,The higher earner should usually decide,0.03
54,pew_work_family_detailed_054,financial_decision_style,1,2,The person who manages the money should usually decide,0.08
54,pew_work_family_detailed_054,financial_decision_style,2,3,Both adults should decide together,0.74
54,pew_work_family_detailed_054,financial_decision_style,3,4,It depends on the decision,0.15
54,pew_work_family_detailed_054,career_sacrifice_rule,0,1,The lower earner should reduce work,0.15
54,pew_work_family_detailed_054,career_sacrifice_rule,1,2,The adult with the more flexible job should reduce work,0.48
54,pew_work_family_detailed_054,career_sacrifice_rule,2,3,Both adults should reduce work as equally as possible,0.2
54,pew_work_family_detailed_054,career_sacrifice_rule,3,4,It depends entirely on the family,0.17
55,pew_work_family_detailed_055,hobbies,0,1,Men and women are basically similar,0.72
55,pew_work_family_detailed_055,hobbies,1,2,Men and women are basically different,0.28
55,pew_work_family_detailed_055,physical_abilities,0,1,Men and women are basically similar,0.25
55,pew_work_family_detailed_055,physical_abilities,1,2,Men and women are basically different,0.75
55,pew_work_family_detailed_055,parenting,0,1,Men and women are basically similar,0.31
55,pew_work_family_detailed_055,parenting,1,2,Men and women are basically different,0.69
55,pew_work_family_detailed_055,feelings,0,1,Men and women are basically similar,0.22
55,pew_work_family_detailed_055,feelings,1,2,Men and women are basically different,0.78
55,pew_work_family_detailed_055,workplace,0,1,Men and women are basically similar,0.35
55,pew_work_family_detailed_055,workplace,1,2,Men and women are basically different,0.65
55,pew_work_family_detailed_055,relationship_status,0,1,Married,0.08
55,pew_work_family_detailed_055,relationship_status,1,2,Living with a partner,0.82
55,pew_work_family_detailed_055,relationship_status,2,3,In a relationship but not living together,0.06
55,pew_work_family_detailed_055,relationship_status,3,4,Not currently in a relationship,0.04
55,pew_work_family_detailed_055,children_at_home,0,1,No children under 18,0.89
55,pew_work_family_detailed_055,children_at_home,1,2,At least one child under 6,0.03
55,pew_work_family_detailed_055,children_at_home,2,3,Only children ages 6 to 17,0.06
55,pew_work_family_detailed_055,children_at_home,3,4,Children both under 6 and ages 6 to 17,0.02
55,pew_work_family_detailed_055,household_income,0,1,"Less than $50,000",0.06
55,pew_work_family_detailed_055,household_income,1,2,"$50,000 to $99,999",0.18
55,pew_work_family_detailed_055,household_income,2,3,"$100,000 to $149,999",0.62
55,pew_work_family_detailed_055,household_income,3,4,"$150,000 or more",0.14
55,pew_work_family_detailed_055,marriage_importance,0,1,Not at all important,0.02
55,pew_work_family_detailed_055,marriage_importance,1,2,Not too important,0.05
55,pew_work_family_detailed_055,marriage_importance,2,3,Somewhat important,0.18
55,pew_work_family_detailed_055,marriage_importance,3,4,Very important,0.75
55,pew_work_family_detailed_055,parenthood_importance,0,1,Not at all important,0.12
55,pew_work_family_detailed_055,parenthood_importance,1,2,Not too important,0.55
55,pew_work_family_detailed_055,parenthood_importance,2,3,Somewhat important,0.23
55,pew_work_family_detailed_055,parenthood_importance,3,4,Very important,0.1
55,pew_work_family_detailed_055,paid_work_priority,0,1,Not at all important,0.01
55,pew_work_family_detailed_055,paid_work_priority,1,2,Not too important,0.04
55,pew_work_family_detailed_055,paid_work_priority,2,3,Somewhat important,0.2
55,pew_work_family_detailed_055,paid_work_priority,3,4,Very important,0.75
55,pew_work_family_detailed_055,childcare_division,0,1,One parent should do most of it,0.04
55,pew_work_family_detailed_055,childcare_division,1,2,Both parents should divide it about equally,0.24
55,pew_work_family_detailed_055,childcare_division,2,3,The parent with more available time should do more,0.26
55,pew_work_family_detailed_055,childcare_division,3,4,It depends entirely on the family,0.46
55,pew_work_family_detailed_055,housework_division,0,1,One person should do most of it,0.04
55,pew_work_family_detailed_055,housework_division,1,2,Both adults should divide it about equally,0.62
55,pew_work_family_detailed_055,housework_division,2,3,The person with more available time should do more,0.22
55,pew_work_family_detailed_055,housework_division,3,4,It depends entirely on the household,0.12
55,pew_work_family_detailed_055,financial_decision_style,0,1,The higher earner should usually decide,0.09
55,pew_work_family_detailed_055,financial_decision_style,1,2,The person who manages the money should usually decide,0.49
55,pew_work_family_detailed_055,financial_decision_style,2,3,Both adults should decide together,0.31
55,pew_work_family_detailed_055,financial_decision_style,3,4,It depends on the decision,0.11
55,pew_work_family_detailed_055,career_sacrifice_rule,0,1,The lower earner should reduce work,0.1
55,pew_work_family_detailed_055,career_sacrifice_rule,1,2,The adult with the more flexible job should reduce work,0.51
55,pew_work_family_detailed_055,career_sacrifice_rule,2,3,Both adults should reduce work as equally as possible,0.24
55,pew_work_family_detailed_055,career_sacrifice_rule,3,4,It depends entirely on the family,0.15
56,pew_work_family_detailed_056,hobbies,0,1,Men and women are basically similar,0.76
56,pew_work_family_detailed_056,hobbies,1,2,Men and women are basically different,0.24
56,pew_work_family_detailed_056,physical_abilities,0,1,Men and women are basically similar,0.64
56,pew_work_family_detailed_056,physical_abilities,1,2,Men and women are basically different,0.36
56,pew_work_family_detailed_056,parenting,0,1,Men and women are basically similar,0.31
56,pew_work_family_detailed_056,parenting,1,2,Men and women are basically different,0.69
56,pew_work_family_detailed_056,feelings,0,1,Men and women are basically similar,0.25
56,pew_work_family_detailed_056,feelings,1,2,Men and women are basically different,0.75
56,pew_work_family_detailed_056,workplace,0,1,Men and women are basically similar,0.8
56,pew_work_family_detailed_056,workplace,1,2,Men and women are basically different,0.2
56,pew_work_family_detailed_056,relationship_status,0,1,Married,0.88
56,pew_work_family_detailed_056,relationship_status,1,2,Living with a partner,0.04
56,pew_work_family_detailed_056,relationship_status,2,3,In a relationship but not living together,0.03
56,pew_work_family_detailed_056,relationship_status,3,4,Not currently in a relationship,0.05
56,pew_work_family_detailed_056,children_at_home,0,1,No children under 18,0.03
56,pew_work_family_detailed_056,children_at_home,1,2,At least one child under 6,0.11
56,pew_work_family_detailed_056,children_at_home,2,3,Only children ages 6 to 17,0.1
56,pew_work_family_detailed_056,children_at_home,3,4,Children both under 6 and ages 6 to 17,0.76
56,pew_work_family_detailed_056,household_income,0,1,"Less than $50,000",0.14
56,pew_work_family_detailed_056,household_income,1,2,"$50,000 to $99,999",0.62
56,pew_work_family_detailed_056,household_income,2,3,"$100,000 to $149,999",0.16
56,pew_work_family_detailed_056,household_income,3,4,"$150,000 or more",0.08
56,pew_work_family_detailed_056,marriage_importance,0,1,Not at all important,0.18
56,pew_work_family_detailed_056,marriage_importance,1,2,Not too important,0.48
56,pew_work_family_detailed_056,marriage_importance,2,3,Somewhat important,0.24
56,pew_work_family_detailed_056,marriage_importance,3,4,Very important,0.1
56,pew_work_family_detailed_056,parenthood_importance,0,1,Not at all important,0.2
56,pew_work_family_detailed_056,parenthood_importance,1,2,Not too important,0.45
56,pew_work_family_detailed_056,parenthood_importance,2,3,Somewhat important,0.25
56,pew_work_family_detailed_056,parenthood_importance,3,4,Very important,0.1
56,pew_work_family_detailed_056,paid_work_priority,0,1,Not at all important,0.03
56,pew_work_family_detailed_056,paid_work_priority,1,2,Not too important,0.07
56,pew_work_family_detailed_056,paid_work_priority,2,3,Somewhat important,0.22
56,pew_work_family_detailed_056,paid_work_priority,3,4,Very important,0.68
56,pew_work_family_detailed_056,childcare_division,0,1,One parent should do most of it,0.08
56,pew_work_family_detailed_056,childcare_division,1,2,Both parents should divide it about equally,0.24
56,pew_work_family_detailed_056,childcare_division,2,3,The parent with more available time should do more,0.26
56,pew_work_family_detailed_056,childcare_division,3,4,It depends entirely on the family,0.42
56,pew_work_family_detailed_056,housework_division,0,1,One person should do most of it,0.44
56,pew_work_family_detailed_056,housework_division,1,2,Both adults should divide it about equally,0.24
56,pew_work_family_detailed_056,housework_division,2,3,The person with more available time should do more,0.2
56,pew_work_family_detailed_056,housework_division,3,4,It depends entirely on the household,0.12
56,pew_work_family_detailed_056,financial_decision_style,0,1,The higher earner should usually decide,0.05
56,pew_work_family_detailed_056,financial_decision_style,1,2,The person who manages the money should usually decide,0.1
56,pew_work_family_detailed_056,financial_decision_style,2,3,Both adults should decide together,0.66
56,pew_work_family_detailed_056,financial_decision_style,3,4,It depends on the decision,0.19
56,pew_work_family_detailed_056,career_sacrifice_rule,0,1,The lower earner should reduce work,0.16
56,pew_work_family_detailed_056,career_sacrifice_rule,1,2,The adult with the more flexible job should reduce work,0.47
56,pew_work_family_detailed_056,career_sacrifice_rule,2,3,Both adults should reduce work as equally as possible,0.2
56,pew_work_family_detailed_056,career_sacrifice_rule,3,4,It depends entirely on the family,0.17
57,pew_work_family_detailed_057,hobbies,0,1,Men and women are basically similar,0.24
57,pew_work_family_detailed_057,hobbies,1,2,Men and women are basically different,0.76
57,pew_work_family_detailed_057,physical_abilities,0,1,Men and women are basically similar,0.18
57,pew_work_family_detailed_057,physical_abilities,1,2,Men and women are basically different,0.82
57,pew_work_family_detailed_057,parenting,0,1,Men and women are basically similar,0.3
57,pew_work_family_detailed_057,parenting,1,2,Men and women are basically different,0.7
57,pew_work_family_detailed_057,feelings,0,1,Men and women are basically similar,0.22
57,pew_work_family_detailed_057,feelings,1,2,Men and women are basically different,0.78
57,pew_work_family_detailed_057,workplace,0,1,Men and women are basically similar,0.67
57,pew_work_family_detailed_057,workplace,1,2,Men and women are basically different,0.33
57,pew_work_family_detailed_057,relationship_status,0,1,Married,0.86
57,pew_work_family_detailed_057,relationship_status,1,2,Living with a partner,0.04
57,pew_work_family_detailed_057,relationship_status,2,3,In a relationship but not living together,0.03
57,pew_work_family_detailed_057,relationship_status,3,4,Not currently in a relationship,0.07
57,pew_work_family_detailed_057,children_at_home,0,1,No children under 18,0.05
57,pew_work_family_detailed_057,children_at_home,1,2,At least one child under 6,0.04
57,pew_work_family_detailed_057,children_at_home,2,3,Only children ages 6 to 17,0.86
57,pew_work_family_detailed_057,children_at_home,3,4,Children both under 6 and ages 6 to 17,0.05
57,pew_work_family_detailed_057,household_income,0,1,"Less than $50,000",0.12
57,pew_work_family_detailed_057,household_income,1,2,"$50,000 to $99,999",0.72
57,pew_work_family_detailed_057,household_income,2,3,"$100,000 to $149,999",0.1
57,pew_work_family_detailed_057,household_income,3,4,"$150,000 or more",0.06
57,pew_work_family_detailed_057,marriage_importance,0,1,Not at all important,0.18
57,pew_work_family_detailed_057,marriage_importance,1,2,Not too important,0.56
57,pew_work_family_detailed_057,marriage_importance,2,3,Somewhat important,0.2
57,pew_work_family_detailed_057,marriage_importance,3,4,Very important,0.06
57,pew_work_family_detailed_057,parenthood_importance,0,1,Not at all important,0.16
57,pew_work_family_detailed_057,parenthood_importance,1,2,Not too important,0.54
57,pew_work_family_detailed_057,parenthood_importance,2,3,Somewhat important,0.23
57,pew_work_family_detailed_057,parenthood_importance,3,4,Very important,0.07
57,pew_work_family_detailed_057,paid_work_priority,0,1,Not at all important,0.08
57,pew_work_family_detailed_057,paid_work_priority,1,2,Not too important,0.22
57,pew_work_family_detailed_057,paid_work_priority,2,3,Somewhat important,0.55
57,pew_work_family_detailed_057,paid_work_priority,3,4,Very important,0.15
57,pew_work_family_detailed_057,childcare_division,0,1,One parent should do most of it,0.08
57,pew_work_family_detailed_057,childcare_division,1,2,Both parents should divide it about equally,0.28
57,pew_work_family_detailed_057,childcare_division,2,3,The parent with more available time should do more,0.44
57,pew_work_family_detailed_057,childcare_division,3,4,It depends entirely on the family,0.2
57,pew_work_family_detailed_057,housework_division,0,1,One person should do most of it,0.06
57,pew_work_family_detailed_057,housework_division,1,2,Both adults should divide it about equally,0.58
57,pew_work_family_detailed_057,housework_division,2,3,The person with more available time should do more,0.24
57,pew_work_family_detailed_057,housework_division,3,4,It depends entirely on the household,0.12
57,pew_work_family_detailed_057,financial_decision_style,0,1,The higher earner should usually decide,0.49
57,pew_work_family_detailed_057,financial_decision_style,1,2,The person who manages the money should usually decide,0.15
57,pew_work_family_detailed_057,financial_decision_style,2,3,Both adults should decide together,0.25
57,pew_work_family_detailed_057,financial_decision_style,3,4,It depends on the decision,0.11
57,pew_work_family_detailed_057,career_sacrifice_rule,0,1,The lower earner should reduce work,0.46
57,pew_work_family_detailed_057,career_sacrifice_rule,1,2,The adult with the more flexible job should reduce work,0.25
57,pew_work_family_detailed_057,career_sacrifice_rule,2,3,Both adults should reduce work as equally as possible,0.17
57,pew_work_family_detailed_057,career_sacrifice_rule,3,4,It depends entirely on the family,0.12
58,pew_work_family_detailed_058,hobbies,0,1,Men and women are basically similar,0.22
58,pew_work_family_detailed_058,hobbies,1,2,Men and women are basically different,0.78
58,pew_work_family_detailed_058,physical_abilities,0,1,Men and women are basically similar,0.18
58,pew_work_family_detailed_058,physical_abilities,1,2,Men and women are basically different,0.82
58,pew_work_family_detailed_058,parenting,0,1,Men and women are basically similar,0.69
58,pew_work_family_detailed_058,parenting,1,2,Men and women are basically different,0.31
58,pew_work_family_detailed_058,feelings,0,1,Men and women are basically similar,0.63
58,pew_work_family_detailed_058,feelings,1,2,Men and women are basically different,0.37
58,pew_work_family_detailed_058,workplace,0,1,Men and women are basically similar,0.3
58,pew_work_family_detailed_058,workplace,1,2,Men and women are basically different,0.7
58,pew_work_family_detailed_058,relationship_status,0,1,Married,0.05
58,pew_work_family_detailed_058,relationship_status,1,2,Living with a partner,0.03
58,pew_work_family_detailed_058,relationship_status,2,3,In a relationship but not living together,0.08
58,pew_work_family_detailed_058,relationship_status,3,4,Not currently in a relationship,0.84
58,pew_work_family_detailed_058,children_at_home,0,1,No children under 18,0.88
58,pew_work_family_detailed_058,children_at_home,1,2,At least one child under 6,0.04
58,pew_work_family_detailed_058,children_at_home,2,3,Only children ages 6 to 17,0.05
58,pew_work_family_detailed_058,children_at_home,3,4,Children both under 6 and ages 6 to 17,0.03
58,pew_work_family_detailed_058,household_income,0,1,"Less than $50,000",0.72
58,pew_work_family_detailed_058,household_income,1,2,"$50,000 to $99,999",0.2
58,pew_work_family_detailed_058,household_income,2,3,"$100,000 to $149,999",0.05
58,pew_work_family_detailed_058,household_income,3,4,"$150,000 or more",0.03
58,pew_work_family_detailed_058,marriage_importance,0,1,Not at all important,0.03
58,pew_work_family_detailed_058,marriage_importance,1,2,Not too important,0.06
58,pew_work_family_detailed_058,marriage_importance,2,3,Somewhat important,0.21
58,pew_work_family_detailed_058,marriage_importance,3,4,Very important,0.7
58,pew_work_family_detailed_058,parenthood_importance,0,1,Not at all important,0.18
58,pew_work_family_detailed_058,parenthood_importance,1,2,Not too important,0.52
58,pew_work_family_detailed_058,parenthood_importance,2,3,Somewhat important,0.2
58,pew_work_family_detailed_058,parenthood_importance,3,4,Very important,0.1
58,pew_work_family_detailed_058,paid_work_priority,0,1,Not at all important,0.02
58,pew_work_family_detailed_058,paid_work_priority,1,2,Not too important,0.05
58,pew_work_family_detailed_058,paid_work_priority,2,3,Somewhat important,0.23
58,pew_work_family_detailed_058,paid_work_priority,3,4,Very important,0.7
58,pew_work_family_detailed_058,childcare_division,0,1,One parent should do most of it,0.47
58,pew_work_family_detailed_058,childcare_division,1,2,Both parents should divide it about equally,0.23
58,pew_work_family_detailed_058,childcare_division,2,3,The parent with more available time should do more,0.18
58,pew_work_family_detailed_058,childcare_division,3,4,It depends entirely on the family,0.12
58,pew_work_family_detailed_058,housework_division,0,1,One person should do most of it,0.07
58,pew_work_family_detailed_058,housework_division,1,2,Both adults should divide it about equally,0.27
58,pew_work_family_detailed_058,housework_division,2,3,The person with more available time should do more,0.49
58,pew_work_family_detailed_058,housework_division,3,4,It depends entirely on the household,0.17
58,pew_work_family_detailed_058,financial_decision_style,0,1,The higher earner should usually decide,0.04
58,pew_work_family_detailed_058,financial_decision_style,1,2,The person who manages the money should usually decide,0.14
58,pew_work_family_detailed_058,financial_decision_style,2,3,Both adults should decide together,0.65
58,pew_work_family_detailed_058,financial_decision_style,3,4,It depends on the decision,0.17
58,pew_work_family_detailed_058,career_sacrifice_rule,0,1,The lower earner should reduce work,0.09
58,pew_work_family_detailed_058,career_sacrifice_rule,1,2,The adult with the more flexible job should reduce work,0.25
58,pew_work_family_detailed_058,career_sacrifice_rule,2,3,Both adults should reduce work as equally as possible,0.49
58,pew_work_family_detailed_058,career_sacrifice_rule,3,4,It depends entirely on the family,0.17
59,pew_work_family_detailed_059,hobbies,0,1,Men and women are basically similar,0.25
59,pew_work_family_detailed_059,hobbies,1,2,Men and women are basically different,0.75
59,pew_work_family_detailed_059,physical_abilities,0,1,Men and women are basically similar,0.18
59,pew_work_family_detailed_059,physical_abilities,1,2,Men and women are basically different,0.82
59,pew_work_family_detailed_059,parenting,0,1,Men and women are basically similar,0.68
59,pew_work_family_detailed_059,parenting,1,2,Men and women are basically different,0.32
59,pew_work_family_detailed_059,feelings,0,1,Men and women are basically similar,0.27
59,pew_work_family_detailed_059,feelings,1,2,Men and women are basically different,0.73
59,pew_work_family_detailed_059,workplace,0,1,Men and women are basically similar,0.34
59,pew_work_family_detailed_059,workplace,1,2,Men and women are basically different,0.66
59,pew_work_family_detailed_059,relationship_status,0,1,Married,0.82
59,pew_work_family_detailed_059,relationship_status,1,2,Living with a partner,0.06
59,pew_work_family_detailed_059,relationship_status,2,3,In a relationship but not living together,0.05
59,pew_work_family_detailed_059,relationship_status,3,4,Not currently in a relationship,0.07
59,pew_work_family_detailed_059,children_at_home,0,1,No children under 18,0.87
59,pew_work_family_detailed_059,children_at_home,1,2,At least one child under 6,0.03
59,pew_work_family_detailed_059,children_at_home,2,3,Only children ages 6 to 17,0.06
59,pew_work_family_detailed_059,children_at_home,3,4,Children both under 6 and ages 6 to 17,0.04
59,pew_work_family_detailed_059,household_income,0,1,"Less than $50,000",0.12
59,pew_work_family_detailed_059,household_income,1,2,"$50,000 to $99,999",0.68
59,pew_work_family_detailed_059,household_income,2,3,"$100,000 to $149,999",0.14
59,pew_work_family_detailed_059,household_income,3,4,"$150,000 or more",0.06
59,pew_work_family_detailed_059,marriage_importance,0,1,Not at all important,0.22
59,pew_work_family_detailed_059,marriage_importance,1,2,Not too important,0.46
59,pew_work_family_detailed_059,marriage_importance,2,3,Somewhat important,0.25
59,pew_work_family_detailed_059,marriage_importance,3,4,Very important,0.07
59,pew_work_family_detailed_059,parenthood_importance,0,1,Not at all important,0.08
59,pew_work_family_detailed_059,parenthood_importance,1,2,Not too important,0.2
59,pew_work_family_detailed_059,parenthood_importance,2,3,Somewhat important,0.5
59,pew_work_family_detailed_059,parenthood_importance,3,4,Very important,0.22
59,pew_work_family_detailed_059,paid_work_priority,0,1,Not at all important,0.07
59,pew_work_family_detailed_059,paid_work_priority,1,2,Not too important,0.21
59,pew_work_family_detailed_059,paid_work_priority,2,3,Somewhat important,0.52
59,pew_work_family_detailed_059,paid_work_priority,3,4,Very important,0.2
59,pew_work_family_detailed_059,childcare_division,0,1,One parent should do most of it,0.04
59,pew_work_family_detailed_059,childcare_division,1,2,Both parents should divide it about equally,0.25
59,pew_work_family_detailed_059,childcare_division,2,3,The parent with more available time should do more,0.49
59,pew_work_family_detailed_059,childcare_division,3,4,It depends entirely on the family,0.22
59,pew_work_family_detailed_059,housework_division,0,1,One person should do most of it,0.03
59,pew_work_family_detailed_059,housework_division,1,2,Both adults should divide it about equally,0.28
59,pew_work_family_detailed_059,housework_division,2,3,The person with more available time should do more,0.51
59,pew_work_family_detailed_059,housework_division,3,4,It depends entirely on the household,0.18
59,pew_work_family_detailed_059,financial_decision_style,0,1,The higher earner should usually decide,0.03
59,pew_work_family_detailed_059,financial_decision_style,1,2,The person who manages the money should usually decide,0.13
59,pew_work_family_detailed_059,financial_decision_style,2,3,Both adults should decide together,0.36
59,pew_work_family_detailed_059,financial_decision_style,3,4,It depends on the decision,0.48
59,pew_work_family_detailed_059,career_sacrifice_rule,0,1,The lower earner should reduce work,0.12
59,pew_work_family_detailed_059,career_sacrifice_rule,1,2,The adult with the more flexible job should reduce work,0.27
59,pew_work_family_detailed_059,career_sacrifice_rule,2,3,Both adults should reduce work as equally as possible,0.18
59,pew_work_family_detailed_059,career_sacrifice_rule,3,4,It depends entirely on the family,0.43
60,pew_work_family_detailed_060,hobbies,0,1,Men and women are basically similar,0.72
60,pew_work_family_detailed_060,hobbies,1,2,Men and women are basically different,0.28
60,pew_work_family_detailed_060,physical_abilities,0,1,Men and women are basically similar,0.22
60,pew_work_family_detailed_060,physical_abilities,1,2,Men and women are basically different,0.78
60,pew_work_family_detailed_060,parenting,0,1,Men and women are basically similar,0.24
60,pew_work_family_detailed_060,parenting,1,2,Men and women are basically different,0.76
60,pew_work_family_detailed_060,feelings,0,1,Men and women are basically similar,0.21
60,pew_work_family_detailed_060,feelings,1,2,Men and women are basically different,0.79
60,pew_work_family_detailed_060,workplace,0,1,Men and women are basically similar,0.74
60,pew_work_family_detailed_060,workplace,1,2,Men and women are basically different,0.26
60,pew_work_family_detailed_060,relationship_status,0,1,Married,0.08
60,pew_work_family_detailed_060,relationship_status,1,2,Living with a partner,0.07
60,pew_work_family_detailed_060,relationship_status,2,3,In a relationship but not living together,0.78
60,pew_work_family_detailed_060,relationship_status,3,4,Not currently in a relationship,0.07
60,pew_work_family_detailed_060,children_at_home,0,1,No children under 18,0.88
60,pew_work_family_detailed_060,children_at_home,1,2,At least one child under 6,0.04
60,pew_work_family_detailed_060,children_at_home,2,3,Only children ages 6 to 17,0.05
60,pew_work_family_detailed_060,children_at_home,3,4,Children both under 6 and ages 6 to 17,0.03
60,pew_work_family_detailed_060,household_income,0,1,"Less than $50,000",0.03
60,pew_work_family_detailed_060,household_income,1,2,"$50,000 to $99,999",0.06
60,pew_work_family_detailed_060,household_income,2,3,"$100,000 to $149,999",0.11
60,pew_work_family_detailed_060,household_income,3,4,"$150,000 or more",0.8
60,pew_work_family_detailed_060,marriage_importance,0,1,Not at all important,0.2
60,pew_work_family_detailed_060,marriage_importance,1,2,Not too important,0.55
60,pew_work_family_detailed_060,marriage_importance,2,3,Somewhat important,0.2
60,pew_work_family_detailed_060,marriage_importance,3,4,Very important,0.05
60,pew_work_family_detailed_060,parenthood_importance,0,1,Not at all important,0.72
60,pew_work_family_detailed_060,parenthood_importance,1,2,Not too important,0.16
60,pew_work_family_detailed_060,parenthood_importance,2,3,Somewhat important,0.08
60,pew_work_family_detailed_060,parenthood_importance,3,4,Very important,0.04
60,pew_work_family_detailed_060,paid_work_priority,0,1,Not at all important,0.07
60,pew_work_family_detailed_060,paid_work_priority,1,2,Not too important,0.2
60,pew_work_family_detailed_060,paid_work_priority,2,3,Somewhat important,0.55
60,pew_work_family_detailed_060,paid_work_priority,3,4,Very important,0.18
60,pew_work_family_detailed_060,childcare_division,0,1,One parent should do most of it,0.05
60,pew_work_family_detailed_060,childcare_division,1,2,Both parents should divide it about equally,0.25
60,pew_work_family_detailed_060,childcare_division,2,3,The parent with more available time should do more,0.5
60,pew_work_family_detailed_060,childcare_division,3,4,It depends entirely on the family,0.2
60,pew_work_family_detailed_060,housework_division,0,1,One person should do most of it,0.04
60,pew_work_family_detailed_060,housework_division,1,2,Both adults should divide it about equally,0.62
60,pew_work_family_detailed_060,housework_division,2,3,The person with more available time should do more,0.2
60,pew_work_family_detailed_060,housework_division,3,4,It depends entirely on the household,0.14
60,pew_work_family_detailed_060,financial_decision_style,0,1,The higher earner should usually decide,0.04
60,pew_work_family_detailed_060,financial_decision_style,1,2,The person who manages the money should usually decide,0.14
60,pew_work_family_detailed_060,financial_decision_style,2,3,Both adults should decide together,0.34
60,pew_work_family_detailed_060,financial_decision_style,3,4,It depends on the decision,0.48
60,pew_work_family_detailed_060,career_sacrifice_rule,0,1,The lower earner should reduce work,0.12
60,pew_work_family_detailed_060,career_sacrifice_rule,1,2,The adult with the more flexible job should reduce work,0.24
60,pew_work_family_detailed_060,career_sacrifice_rule,2,3,Both adults should reduce work as equally as possible,0.22
60,pew_work_family_detailed_060,career_sacrifice_rule,3,4,It depends entirely on the family,0.42
61,pew_work_family_detailed_061,hobbies,0,1,Men and women are basically similar,0.24
61,pew_work_family_detailed_061,hobbies,1,2,Men and women are basically different,0.76
61,pew_work_family_detailed_061,physical_abilities,0,1,Men and women are basically similar,0.18
61,pew_work_family_detailed_061,physical_abilities,1,2,Men and women are basically different,0.82
61,pew_work_family_detailed_061,parenting,0,1,Men and women are basically similar,0.68
61,pew_work_family_detailed_061,parenting,1,2,Men and women are basically different,0.32
61,pew_work_family_detailed_061,feelings,0,1,Men and women are basically similar,0.22
61,pew_work_family_detailed_061,feelings,1,2,Men and women are basically different,0.78
61,pew_work_family_detailed_061,workplace,0,1,Men and women are basically similar,0.71
61,pew_work_family_detailed_061,workplace,1,2,Men and women are basically different,0.29
61,pew_work_family_detailed_061,relationship_status,0,1,Married,0.08
61,pew_work_family_detailed_061,relationship_status,1,2,Living with a partner,0.84
61,pew_work_family_detailed_061,relationship_status,2,3,In a relationship but not living together,0.04
61,pew_work_family_detailed_061,relationship_status,3,4,Not currently in a relationship,0.04
61,pew_work_family_detailed_061,children_at_home,0,1,No children under 18,0.86
61,pew_work_family_detailed_061,children_at_home,1,2,At least one child under 6,0.04
61,pew_work_family_detailed_061,children_at_home,2,3,Only children ages 6 to 17,0.06
61,pew_work_family_detailed_061,children_at_home,3,4,Children both under 6 and ages 6 to 17,0.04
61,pew_work_family_detailed_061,household_income,0,1,"Less than $50,000",0.69
61,pew_work_family_detailed_061,household_income,1,2,"$50,000 to $99,999",0.2
61,pew_work_family_detailed_061,household_income,2,3,"$100,000 to $149,999",0.07
61,pew_work_family_detailed_061,household_income,3,4,"$150,000 or more",0.04
61,pew_work_family_detailed_061,marriage_importance,0,1,Not at all important,0.06
61,pew_work_family_detailed_061,marriage_importance,1,2,Not too important,0.12
61,pew_work_family_detailed_061,marriage_importance,2,3,Somewhat important,0.57
61,pew_work_family_detailed_061,marriage_importance,3,4,Very important,0.25
61,pew_work_family_detailed_061,parenthood_importance,0,1,Not at all important,0.03
61,pew_work_family_detailed_061,parenthood_importance,1,2,Not too important,0.04
61,pew_work_family_detailed_061,parenthood_importance,2,3,Somewhat important,0.18
61,pew_work_family_detailed_061,parenthood_importance,3,4,Very important,0.75
61,pew_work_family_detailed_061,paid_work_priority,0,1,Not at all important,0.02
61,pew_work_family_detailed_061,paid_work_priority,1,2,Not too important,0.05
61,pew_work_family_detailed_061,paid_work_priority,2,3,Somewhat important,0.22
61,pew_work_family_detailed_061,paid_work_priority,3,4,Very important,0.71
61,pew_work_family_detailed_061,childcare_division,0,1,One parent should do most of it,0.49
61,pew_work_family_detailed_061,childcare_division,1,2,Both parents should divide it about equally,0.2
61,pew_work_family_detailed_061,childcare_division,2,3,The parent with more available time should do more,0.17
61,pew_work_family_detailed_061,childcare_division,3,4,It depends entirely on the family,0.14
61,pew_work_family_detailed_061,housework_division,0,1,One person should do most of it,0.1
61,pew_work_family_detailed_061,housework_division,1,2,Both adults should divide it about equally,0.58
61,pew_work_family_detailed_061,housework_division,2,3,The person with more available time should do more,0.2
61,pew_work_family_detailed_061,housework_division,3,4,It depends entirely on the household,0.12
61,pew_work_family_detailed_061,financial_decision_style,0,1,The higher earner should usually decide,0.12
61,pew_work_family_detailed_061,financial_decision_style,1,2,The person who manages the money should usually decide,0.48
61,pew_work_family_detailed_061,financial_decision_style,2,3,Both adults should decide together,0.28
61,pew_work_family_detailed_061,financial_decision_style,3,4,It depends on the decision,0.12
61,pew_work_family_detailed_061,career_sacrifice_rule,0,1,The lower earner should reduce work,0.47
61,pew_work_family_detailed_061,career_sacrifice_rule,1,2,The adult with the more flexible job should reduce work,0.22
61,pew_work_family_detailed_061,career_sacrifice_rule,2,3,Both adults should reduce work as equally as possible,0.17
61,pew_work_family_detailed_061,career_sacrifice_rule,3,4,It depends entirely on the family,0.14
62,pew_work_family_detailed_062,hobbies,0,1,Men and women are basically similar,0.22
62,pew_work_family_detailed_062,hobbies,1,2,Men and women are basically different,0.78
62,pew_work_family_detailed_062,physical_abilities,0,1,Men and women are basically similar,0.15
62,pew_work_family_detailed_062,physical_abilities,1,2,Men and women are basically different,0.85
62,pew_work_family_detailed_062,parenting,0,1,Men and women are basically similar,0.3
62,pew_work_family_detailed_062,parenting,1,2,Men and women are basically different,0.7
62,pew_work_family_detailed_062,feelings,0,1,Men and women are basically similar,0.18
62,pew_work_family_detailed_062,feelings,1,2,Men and women are basically different,0.82
62,pew_work_family_detailed_062,workplace,0,1,Men and women are basically similar,0.35
62,pew_work_family_detailed_062,workplace,1,2,Men and women are basically different,0.65
62,pew_work_family_detailed_062,relationship_status,0,1,Married,0.91
62,pew_work_family_detailed_062,relationship_status,1,2,Living with a partner,0.03
62,pew_work_family_detailed_062,relationship_status,2,3,In a relationship but not living together,0.03
62,pew_work_family_detailed_062,relationship_status,3,4,Not currently in a relationship,0.03
62,pew_work_family_detailed_062,children_at_home,0,1,No children under 18,0.88
62,pew_work_family_detailed_062,children_at_home,1,2,At least one child under 6,0.04
62,pew_work_family_detailed_062,children_at_home,2,3,Only children ages 6 to 17,0.04
62,pew_work_family_detailed_062,children_at_home,3,4,Children both under 6 and ages 6 to 17,0.04
62,pew_work_family_detailed_062,household_income,0,1,"Less than $50,000",0.04
62,pew_work_family_detailed_062,household_income,1,2,"$50,000 to $99,999",0.08
62,pew_work_family_detailed_062,household_income,2,3,"$100,000 to $149,999",0.18
62,pew_work_family_detailed_062,household_income,3,4,"$150,000 or more",0.7
62,pew_work_family_detailed_062,marriage_importance,0,1,Not at all important,0.18
62,pew_work_family_detailed_062,marriage_importance,1,2,Not too important,0.45
62,pew_work_family_detailed_062,marriage_importance,2,3,Somewhat important,0.25
62,pew_work_family_detailed_062,marriage_importance,3,4,Very important,0.12
62,pew_work_family_detailed_062,parenthood_importance,0,1,Not at all important,0.02
62,pew_work_family_detailed_062,parenthood_importance,1,2,Not too important,0.05
62,pew_work_family_detailed_062,parenthood_importance,2,3,Somewhat important,0.18
62,pew_work_family_detailed_062,parenthood_importance,3,4,Very important,0.75
62,pew_work_family_detailed_062,paid_work_priority,0,1,Not at all important,0.01
62,pew_work_family_detailed_062,paid_work_priority,1,2,Not too important,0.04
62,pew_work_family_detailed_062,paid_work_priority,2,3,Somewhat important,0.2
62,pew_work_family_detailed_062,paid_work_priority,3,4,Very important,0.75
62,pew_work_family_detailed_062,childcare_division,0,1,One parent should do most of it,0.08
62,pew_work_family_detailed_062,childcare_division,1,2,Both parents should divide it about equally,0.24
62,pew_work_family_detailed_062,childcare_division,2,3,The parent with more available time should do more,0.48
62,pew_work_family_detailed_062,childcare_division,3,4,It depends entirely on the family,0.2
62,pew_work_family_detailed_062,housework_division,0,1,One person should do most of it,0.05
62,pew_work_family_detailed_062,housework_division,1,2,Both adults should divide it about equally,0.58
62,pew_work_family_detailed_062,housework_division,2,3,The person with more available time should do more,0.24
62,pew_work_family_detailed_062,housework_division,3,4,It depends entirely on the household,0.13
62,pew_work_family_detailed_062,financial_decision_style,0,1,The higher earner should usually decide,0.04
62,pew_work_family_detailed_062,financial_decision_style,1,2,The person who manages the money should usually decide,0.12
62,pew_work_family_detailed_062,financial_decision_style,2,3,Both adults should decide together,0.7
62,pew_work_family_detailed_062,financial_decision_style,3,4,It depends on the decision,0.14
62,pew_work_family_detailed_062,career_sacrifice_rule,0,1,The lower earner should reduce work,0.12
62,pew_work_family_detailed_062,career_sacrifice_rule,1,2,The adult with the more flexible job should reduce work,0.25
62,pew_work_family_detailed_062,career_sacrifice_rule,2,3,Both adults should reduce work as equally as possible,0.2
62,pew_work_family_detailed_062,career_sacrifice_rule,3,4,It depends entirely on the family,0.43
63,pew_work_family_detailed_063,hobbies,0,1,Men and women are basically similar,0.18
63,pew_work_family_detailed_063,hobbies,1,2,Men and women are basically different,0.82
63,pew_work_family_detailed_063,physical_abilities,0,1,Men and women are basically similar,0.11
63,pew_work_family_detailed_063,physical_abilities,1,2,Men and women are basically different,0.89
63,pew_work_family_detailed_063,parenting,0,1,Men and women are basically similar,0.24
63,pew_work_family_detailed_063,parenting,1,2,Men and women are basically different,0.76
63,pew_work_family_detailed_063,feelings,0,1,Men and women are basically similar,0.16
63,pew_work_family_detailed_063,feelings,1,2,Men and women are basically different,0.84
63,pew_work_family_detailed_063,workplace,0,1,Men and women are basically similar,0.29
63,pew_work_family_detailed_063,workplace,1,2,Men and women are basically different,0.71
63,pew_work_family_detailed_063,relationship_status,0,1,Married,0.07
63,pew_work_family_detailed_063,relationship_status,1,2,Living with a partner,0.03
63,pew_work_family_detailed_063,relationship_status,2,3,In a relationship but not living together,0.08
63,pew_work_family_detailed_063,relationship_status,3,4,Not currently in a relationship,0.82
63,pew_work_family_detailed_063,children_at_home,0,1,No children under 18,0.88
63,pew_work_family_detailed_063,children_at_home,1,2,At least one child under 6,0.03
63,pew_work_family_detailed_063,children_at_home,2,3,Only children ages 6 to 17,0.06
63,pew_work_family_detailed_063,children_at_home,3,4,Children both under 6 and ages 6 to 17,0.03
63,pew_work_family_detailed_063,household_income,0,1,"Less than $50,000",0.76
63,pew_work_family_detailed_063,household_income,1,2,"$50,000 to $99,999",0.17
63,pew_work_family_detailed_063,household_income,2,3,"$100,000 to $149,999",0.05
63,pew_work_family_detailed_063,household_income,3,4,"$150,000 or more",0.02
63,pew_work_family_detailed_063,marriage_importance,0,1,Not at all important,0.04
63,pew_work_family_detailed_063,marriage_importance,1,2,Not too important,0.07
63,pew_work_family_detailed_063,marriage_importance,2,3,Somewhat important,0.18
63,pew_work_family_detailed_063,marriage_importance,3,4,Very important,0.71
63,pew_work_family_detailed_063,parenthood_importance,0,1,Not at all important,0.03
63,pew_work_family_detailed_063,parenthood_importance,1,2,Not too important,0.06
63,pew_work_family_detailed_063,parenthood_importance,2,3,Somewhat important,0.16
63,pew_work_family_detailed_063,parenthood_importance,3,4,Very important,0.75
63,pew_work_family_detailed_063,paid_work_priority,0,1,Not at all important,0.21
63,pew_work_family_detailed_063,paid_work_priority,1,2,Not too important,0.46
63,pew_work_family_detailed_063,paid_work_priority,2,3,Somewhat important,0.25
63,pew_work_family_detailed_063,paid_work_priority,3,4,Very important,0.08
63,pew_work_family_detailed_063,childcare_division,0,1,One parent should do most of it,0.49
63,pew_work_family_detailed_063,childcare_division,1,2,Both parents should divide it about equally,0.18
63,pew_work_family_detailed_063,childcare_division,2,3,The parent with more available time should do more,0.2
63,pew_work_family_detailed_063,childcare_division,3,4,It depends entirely on the family,0.13
63,pew_work_family_detailed_063,housework_division,0,1,One person should do most of it,0.12
63,pew_work_family_detailed_063,housework_division,1,2,Both adults should divide it about equally,0.18
63,pew_work_family_detailed_063,housework_division,2,3,The person with more available time should do more,0.21
63,pew_work_family_detailed_063,housework_division,3,4,It depends entirely on the household,0.49
63,pew_work_family_detailed_063,financial_decision_style,0,1,The higher earner should usually decide,0.47
63,pew_work_family_detailed_063,financial_decision_style,1,2,The person who manages the money should usually decide,0.17
63,pew_work_family_detailed_063,financial_decision_style,2,3,Both adults should decide together,0.25
63,pew_work_family_detailed_063,financial_decision_style,3,4,It depends on the decision,0.11
63,pew_work_family_detailed_063,career_sacrifice_rule,0,1,The lower earner should reduce work,0.52
63,pew_work_family_detailed_063,career_sacrifice_rule,1,2,The adult with the more flexible job should reduce work,0.2
63,pew_work_family_detailed_063,career_sacrifice_rule,2,3,Both adults should reduce work as equally as possible,0.15
63,pew_work_family_detailed_063,career_sacrifice_rule,3,4,It depends entirely on the family,0.13
64,pew_work_family_detailed_064,hobbies,0,1,Men and women are basically similar,0.67
64,pew_work_family_detailed_064,hobbies,1,2,Men and women are basically different,0.33
64,pew_work_family_detailed_064,physical_abilities,0,1,Men and women are basically similar,0.27
64,pew_work_family_detailed_064,physical_abilities,1,2,Men and women are basically different,0.73
64,pew_work_family_detailed_064,parenting,0,1,Men and women are basically similar,0.34
64,pew_work_family_detailed_064,parenting,1,2,Men and women are basically different,0.66
64,pew_work_family_detailed_064,feelings,0,1,Men and women are basically similar,0.22
64,pew_work_family_detailed_064,feelings,1,2,Men and women are basically different,0.78
64,pew_work_family_detailed_064,workplace,0,1,Men and women are basically similar,0.38
64,pew_work_family_detailed_064,workplace,1,2,Men and women are basically different,0.62
64,pew_work_family_detailed_064,relationship_status,0,1,Married,0.08
64,pew_work_family_detailed_064,relationship_status,1,2,Living with a partner,0.03
64,pew_work_family_detailed_064,relationship_status,2,3,In a relationship but not living together,0.12
64,pew_work_family_detailed_064,relationship_status,3,4,Not currently in a relationship,0.77
64,pew_work_family_detailed_064,children_at_home,0,1,No children under 18,0.88
64,pew_work_family_detailed_064,children_at_home,1,2,At least one child under 6,0.03
64,pew_work_family_detailed_064,children_at_home,2,3,Only children ages 6 to 17,0.07
64,pew_work_family_detailed_064,children_at_home,3,4,Children both under 6 and ages 6 to 17,0.02
64,pew_work_family_detailed_064,household_income,0,1,"Less than $50,000",0.18
64,pew_work_family_detailed_064,household_income,1,2,"$50,000 to $99,999",0.56
64,pew_work_family_detailed_064,household_income,2,3,"$100,000 to $149,999",0.17
64,pew_work_family_detailed_064,household_income,3,4,"$150,000 or more",0.09
64,pew_work_family_detailed_064,marriage_importance,0,1,Not at all important,0.28
64,pew_work_family_detailed_064,marriage_importance,1,2,Not too important,0.4
64,pew_work_family_detailed_064,marriage_importance,2,3,Somewhat important,0.22
64,pew_work_family_detailed_064,marriage_importance,3,4,Very important,0.1
64,pew_work_family_detailed_064,parenthood_importance,0,1,Not at all important,0.05
64,pew_work_family_detailed_064,parenthood_importance,1,2,Not too important,0.08
64,pew_work_family_detailed_064,parenthood_importance,2,3,Somewhat important,0.18
64,pew_work_family_detailed_064,parenthood_importance,3,4,Very important,0.69
64,pew_work_family_detailed_064,paid_work_priority,0,1,Not at all important,0.03
64,pew_work_family_detailed_064,paid_work_priority,1,2,Not too important,0.06
64,pew_work_family_detailed_064,paid_work_priority,2,3,Somewhat important,0.21
64,pew_work_family_detailed_064,paid_work_priority,3,4,Very important,0.7
64,pew_work_family_detailed_064,childcare_division,0,1,One parent should do most of it,0.04
64,pew_work_family_detailed_064,childcare_division,1,2,Both parents should divide it about equally,0.24
64,pew_work_family_detailed_064,childcare_division,2,3,The parent with more available time should do more,0.27
64,pew_work_family_detailed_064,childcare_division,3,4,It depends entirely on the family,0.45
64,pew_work_family_detailed_064,housework_division,0,1,One person should do most of it,0.04
64,pew_work_family_detailed_064,housework_division,1,2,Both adults should divide it about equally,0.31
64,pew_work_family_detailed_064,housework_division,2,3,The person with more available time should do more,0.5
64,pew_work_family_detailed_064,housework_division,3,4,It depends entirely on the household,0.15
64,pew_work_family_detailed_064,financial_decision_style,0,1,The higher earner should usually decide,0.03
64,pew_work_family_detailed_064,financial_decision_style,1,2,The person who manages the money should usually decide,0.08
64,pew_work_family_detailed_064,financial_decision_style,2,3,Both adults should decide together,0.75
64,pew_work_family_detailed_064,financial_decision_style,3,4,It depends on the decision,0.14
64,pew_work_family_detailed_064,career_sacrifice_rule,0,1,The lower earner should reduce work,0.18
64,pew_work_family_detailed_064,career_sacrifice_rule,1,2,The adult with the more flexible job should reduce work,0.48
64,pew_work_family_detailed_064,career_sacrifice_rule,2,3,Both adults should reduce work as equally as possible,0.22
64,pew_work_family_detailed_064,career_sacrifice_rule,3,4,It depends entirely on the family,0.12
65,pew_work_family_detailed_065,hobbies,0,1,Men and women are basically similar,0.22
65,pew_work_family_detailed_065,hobbies,1,2,Men and women are basically different,0.78
65,pew_work_family_detailed_065,physical_abilities,0,1,Men and women are basically similar,0.12
65,pew_work_family_detailed_065,physical_abilities,1,2,Men and women are basically different,0.88
65,pew_work_family_detailed_065,parenting,0,1,Men and women are basically similar,0.2
65,pew_work_family_detailed_065,parenting,1,2,Men and women are basically different,0.8
65,pew_work_family_detailed_065,feelings,0,1,Men and women are basically similar,0.15
65,pew_work_family_detailed_065,feelings,1,2,Men and women are basically different,0.85
65,pew_work_family_detailed_065,workplace,0,1,Men and women are basically similar,0.76
65,pew_work_family_detailed_065,workplace,1,2,Men and women are basically different,0.24
65,pew_work_family_detailed_065,relationship_status,0,1,Married,0.03
65,pew_work_family_detailed_065,relationship_status,1,2,Living with a partner,0.02
65,pew_work_family_detailed_065,relationship_status,2,3,In a relationship but not living together,0.06
65,pew_work_family_detailed_065,relationship_status,3,4,Not currently in a relationship,0.89
65,pew_work_family_detailed_065,children_at_home,0,1,No children under 18,0.92
65,pew_work_family_detailed_065,children_at_home,1,2,At least one child under 6,0.02
65,pew_work_family_detailed_065,children_at_home,2,3,Only children ages 6 to 17,0.04
65,pew_work_family_detailed_065,children_at_home,3,4,Children both under 6 and ages 6 to 17,0.02
65,pew_work_family_detailed_065,household_income,0,1,"Less than $50,000",0.15
65,pew_work_family_detailed_065,household_income,1,2,"$50,000 to $99,999",0.65
65,pew_work_family_detailed_065,household_income,2,3,"$100,000 to $149,999",0.14
65,pew_work_family_detailed_065,household_income,3,4,"$150,000 or more",0.06
65,pew_work_family_detailed_065,marriage_importance,0,1,Not at all important,0.7
65,pew_work_family_detailed_065,marriage_importance,1,2,Not too important,0.17
65,pew_work_family_detailed_065,marriage_importance,2,3,Somewhat important,0.09
65,pew_work_family_detailed_065,marriage_importance,3,4,Very important,0.04
65,pew_work_family_detailed_065,parenthood_importance,0,1,Not at all important,0.03
65,pew_work_family_detailed_065,parenthood_importance,1,2,Not too important,0.04
65,pew_work_family_detailed_065,parenthood_importance,2,3,Somewhat important,0.13
65,pew_work_family_detailed_065,parenthood_importance,3,4,Very important,0.8
65,pew_work_family_detailed_065,paid_work_priority,0,1,Not at all important,0.02
65,pew_work_family_detailed_065,paid_work_priority,1,2,Not too important,0.05
65,pew_work_family_detailed_065,paid_work_priority,2,3,Somewhat important,0.18
65,pew_work_family_detailed_065,paid_work_priority,3,4,Very important,0.75
65,pew_work_family_detailed_065,childcare_division,0,1,One parent should do most of it,0.51
65,pew_work_family_detailed_065,childcare_division,1,2,Both parents should divide it about equally,0.2
65,pew_work_family_detailed_065,childcare_division,2,3,The parent with more available time should do more,0.14
65,pew_work_family_detailed_065,childcare_division,3,4,It depends entirely on the family,0.15
65,pew_work_family_detailed_065,housework_division,0,1,One person should do most of it,0.04
65,pew_work_family_detailed_065,housework_division,1,2,Both adults should divide it about equally,0.25
65,pew_work_family_detailed_065,housework_division,2,3,The person with more available time should do more,0.55
65,pew_work_family_detailed_065,housework_division,3,4,It depends entirely on the household,0.16
65,pew_work_family_detailed_065,financial_decision_style,0,1,The higher earner should usually decide,0.03
65,pew_work_family_detailed_065,financial_decision_style,1,2,The person who manages the money should usually decide,0.12
65,pew_work_family_detailed_065,financial_decision_style,2,3,Both adults should decide together,0.35
65,pew_work_family_detailed_065,financial_decision_style,3,4,It depends on the decision,0.5
65,pew_work_family_detailed_065,career_sacrifice_rule,0,1,The lower earner should reduce work,0.07
65,pew_work_family_detailed_065,career_sacrifice_rule,1,2,The adult with the more flexible job should reduce work,0.23
65,pew_work_family_detailed_065,career_sacrifice_rule,2,3,Both adults should reduce work as equally as possible,0.55
65,pew_work_family_detailed_065,career_sacrifice_rule,3,4,It depends entirely on the family,0.15
66,pew_work_family_detailed_066,hobbies,0,1,Men and women are basically similar,0.24
66,pew_work_family_detailed_066,hobbies,1,2,Men and women are basically different,0.76
66,pew_work_family_detailed_066,physical_abilities,0,1,Men and women are basically similar,0.18
66,pew_work_family_detailed_066,physical_abilities,1,2,Men and women are basically different,0.82
66,pew_work_family_detailed_066,parenting,0,1,Men and women are basically similar,0.35
66,pew_work_family_detailed_066,parenting,1,2,Men and women are basically different,0.65
66,pew_work_family_detailed_066,feelings,0,1,Men and women are basically similar,0.22
66,pew_work_family_detailed_066,feelings,1,2,Men and women are basically different,0.78
66,pew_work_family_detailed_066,workplace,0,1,Men and women are basically similar,0.72
66,pew_work_family_detailed_066,workplace,1,2,Men and women are basically different,0.28
66,pew_work_family_detailed_066,relationship_status,0,1,Married,0.12
66,pew_work_family_detailed_066,relationship_status,1,2,Living with a partner,0.08
66,pew_work_family_detailed_066,relationship_status,2,3,In a relationship but not living together,0.72
66,pew_work_family_detailed_066,relationship_status,3,4,Not currently in a relationship,0.08
66,pew_work_family_detailed_066,children_at_home,0,1,No children under 18,0.04
66,pew_work_family_detailed_066,children_at_home,1,2,At least one child under 6,0.12
66,pew_work_family_detailed_066,children_at_home,2,3,Only children ages 6 to 17,0.1
66,pew_work_family_detailed_066,children_at_home,3,4,Children both under 6 and ages 6 to 17,0.74
66,pew_work_family_detailed_066,household_income,0,1,"Less than $50,000",0.7
66,pew_work_family_detailed_066,household_income,1,2,"$50,000 to $99,999",0.2
66,pew_work_family_detailed_066,household_income,2,3,"$100,000 to $149,999",0.06
66,pew_work_family_detailed_066,household_income,3,4,"$150,000 or more",0.04
66,pew_work_family_detailed_066,marriage_importance,0,1,Not at all important,0.03
66,pew_work_family_detailed_066,marriage_importance,1,2,Not too important,0.05
66,pew_work_family_detailed_066,marriage_importance,2,3,Somewhat important,0.17
66,pew_work_family_detailed_066,marriage_importance,3,4,Very important,0.75
66,pew_work_family_detailed_066,parenthood_importance,0,1,Not at all important,0.18
66,pew_work_family_detailed_066,parenthood_importance,1,2,Not too important,0.46
66,pew_work_family_detailed_066,parenthood_importance,2,3,Somewhat important,0.25
66,pew_work_family_detailed_066,parenthood_importance,3,4,Very important,0.11
66,pew_work_family_detailed_066,paid_work_priority,0,1,Not at all important,0.06
66,pew_work_family_detailed_066,paid_work_priority,1,2,Not too important,0.19
66,pew_work_family_detailed_066,paid_work_priority,2,3,Somewhat important,0.55
66,pew_work_family_detailed_066,paid_work_priority,3,4,Very important,0.2
66,pew_work_family_detailed_066,childcare_division,0,1,One parent should do most of it,0.06
66,pew_work_family_detailed_066,childcare_division,1,2,Both parents should divide it about equally,0.66
66,pew_work_family_detailed_066,childcare_division,2,3,The parent with more available time should do more,0.18
66,pew_work_family_detailed_066,childcare_division,3,4,It depends entirely on the family,0.1
66,pew_work_family_detailed_066,housework_division,0,1,One person should do most of it,0.54
66,pew_work_family_detailed_066,housework_division,1,2,Both adults should divide it about equally,0.2
66,pew_work_family_detailed_066,housework_division,2,3,The person with more available time should do more,0.15
66,pew_work_family_detailed_066,housework_division,3,4,It depends entirely on the household,0.11
66,pew_work_family_detailed_066,financial_decision_style,0,1,The higher earner should usually decide,0.06
66,pew_work_family_detailed_066,financial_decision_style,1,2,The person who manages the money should usually decide,0.14
66,pew_work_family_detailed_066,financial_decision_style,2,3,Both adults should decide together,0.3
66,pew_work_family_detailed_066,financial_decision_style,3,4,It depends on the decision,0.5
66,pew_work_family_detailed_066,career_sacrifice_rule,0,1,The lower earner should reduce work,0.13
66,pew_work_family_detailed_066,career_sacrifice_rule,1,2,The adult with the more flexible job should reduce work,0.55
66,pew_work_family_detailed_066,career_sacrifice_rule,2,3,Both adults should reduce work as equally as possible,0.2
66,pew_work_family_detailed_066,career_sacrifice_rule,3,4,It depends entirely on the family,0.12
67,pew_work_family_detailed_067,hobbies,0,1,Men and women are basically similar,0.25
67,pew_work_family_detailed_067,hobbies,1,2,Men and women are basically different,0.75
67,pew_work_family_detailed_067,physical_abilities,0,1,Men and women are basically similar,0.72
67,pew_work_family_detailed_067,physical_abilities,1,2,Men and women are basically different,0.28
67,pew_work_family_detailed_067,parenting,0,1,Men and women are basically similar,0.3
67,pew_work_family_detailed_067,parenting,1,2,Men and women are basically different,0.7
67,pew_work_family_detailed_067,feelings,0,1,Men and women are basically similar,0.22
67,pew_work_family_detailed_067,feelings,1,2,Men and women are basically different,0.78
67,pew_work_family_detailed_067,workplace,0,1,Men and women are basically similar,0.8
67,pew_work_family_detailed_067,workplace,1,2,Men and women are basically different,0.2
67,pew_work_family_detailed_067,relationship_status,0,1,Married,0.86
67,pew_work_family_detailed_067,relationship_status,1,2,Living with a partner,0.04
67,pew_work_family_detailed_067,relationship_status,2,3,In a relationship but not living together,0.03
67,pew_work_family_detailed_067,relationship_status,3,4,Not currently in a relationship,0.07
67,pew_work_family_detailed_067,children_at_home,0,1,No children under 18,0.88
67,pew_work_family_detailed_067,children_at_home,1,2,At least one child under 6,0.03
67,pew_work_family_detailed_067,children_at_home,2,3,Only children ages 6 to 17,0.06
67,pew_work_family_detailed_067,children_at_home,3,4,Children both under 6 and ages 6 to 17,0.03
67,pew_work_family_detailed_067,household_income,0,1,"Less than $50,000",0.7
67,pew_work_family_detailed_067,household_income,1,2,"$50,000 to $99,999",0.2
67,pew_work_family_detailed_067,household_income,2,3,"$100,000 to $149,999",0.06
67,pew_work_family_detailed_067,household_income,3,4,"$150,000 or more",0.04
67,pew_work_family_detailed_067,marriage_importance,0,1,Not at all important,0.55
67,pew_work_family_detailed_067,marriage_importance,1,2,Not too important,0.22
67,pew_work_family_detailed_067,marriage_importance,2,3,Somewhat important,0.15
67,pew_work_family_detailed_067,marriage_importance,3,4,Very important,0.08
67,pew_work_family_detailed_067,parenthood_importance,0,1,Not at all important,0.08
67,pew_work_family_detailed_067,parenthood_importance,1,2,Not too important,0.16
67,pew_work_family_detailed_067,parenthood_importance,2,3,Somewhat important,0.54
67,pew_work_family_detailed_067,parenthood_importance,3,4,Very important,0.22
67,pew_work_family_detailed_067,paid_work_priority,0,1,Not at all important,0.03
67,pew_work_family_detailed_067,paid_work_priority,1,2,Not too important,0.05
67,pew_work_family_detailed_067,paid_work_priority,2,3,Somewhat important,0.17
67,pew_work_family_detailed_067,paid_work_priority,3,4,Very important,0.75
67,pew_work_family_detailed_067,childcare_division,0,1,One parent should do most of it,0.08
67,pew_work_family_detailed_067,childcare_division,1,2,Both parents should divide it about equally,0.58
67,pew_work_family_detailed_067,childcare_division,2,3,The parent with more available time should do more,0.2
67,pew_work_family_detailed_067,childcare_division,3,4,It depends entirely on the family,0.14
67,pew_work_family_detailed_067,housework_division,0,1,One person should do most of it,0.06
67,pew_work_family_detailed_067,housework_division,1,2,Both adults should divide it about equally,0.22
67,pew_work_family_detailed_067,housework_division,2,3,The person with more available time should do more,0.56
67,pew_work_family_detailed_067,housework_division,3,4,It depends entirely on the household,0.16
67,pew_work_family_detailed_067,financial_decision_style,0,1,The higher earner should usually decide,0.08
67,pew_work_family_detailed_067,financial_decision_style,1,2,The person who manages the money should usually decide,0.5
67,pew_work_family_detailed_067,financial_decision_style,2,3,Both adults should decide together,0.28
67,pew_work_family_detailed_067,financial_decision_style,3,4,It depends on the decision,0.14
67,pew_work_family_detailed_067,career_sacrifice_rule,0,1,The lower earner should reduce work,0.1
67,pew_work_family_detailed_067,career_sacrifice_rule,1,2,The adult with the more flexible job should reduce work,0.24
67,pew_work_family_detailed_067,career_sacrifice_rule,2,3,Both adults should reduce work as equally as possible,0.2
67,pew_work_family_detailed_067,career_sacrifice_rule,3,4,It depends entirely on the family,0.46
68,pew_work_family_detailed_068,hobbies,0,1,Men and women are basically similar,0.78
68,pew_work_family_detailed_068,hobbies,1,2,Men and women are basically different,0.22
68,pew_work_family_detailed_068,physical_abilities,0,1,Men and women are basically similar,0.72
68,pew_work_family_detailed_068,physical_abilities,1,2,Men and women are basically different,0.28
68,pew_work_family_detailed_068,parenting,0,1,Men and women are basically similar,0.25
68,pew_work_family_detailed_068,parenting,1,2,Men and women are basically different,0.75
68,pew_work_family_detailed_068,feelings,0,1,Men and women are basically similar,0.23
68,pew_work_family_detailed_068,feelings,1,2,Men and women are basically different,0.77
68,pew_work_family_detailed_068,workplace,0,1,Men and women are basically similar,0.74
68,pew_work_family_detailed_068,workplace,1,2,Men and women are basically different,0.26
68,pew_work_family_detailed_068,relationship_status,0,1,Married,0.05
68,pew_work_family_detailed_068,relationship_status,1,2,Living with a partner,0.07
68,pew_work_family_detailed_068,relationship_status,2,3,In a relationship but not living together,0.82
68,pew_work_family_detailed_068,relationship_status,3,4,Not currently in a relationship,0.06
68,pew_work_family_detailed_068,children_at_home,0,1,No children under 18,0.88
68,pew_work_family_detailed_068,children_at_home,1,2,At least one child under 6,0.04
68,pew_work_family_detailed_068,children_at_home,2,3,Only children ages 6 to 17,0.05
68,pew_work_family_detailed_068,children_at_home,3,4,Children both under 6 and ages 6 to 17,0.03
68,pew_work_family_detailed_068,household_income,0,1,"Less than $50,000",0.12
68,pew_work_family_detailed_068,household_income,1,2,"$50,000 to $99,999",0.7
68,pew_work_family_detailed_068,household_income,2,3,"$100,000 to $149,999",0.12
68,pew_work_family_detailed_068,household_income,3,4,"$150,000 or more",0.06
68,pew_work_family_detailed_068,marriage_importance,0,1,Not at all important,0.03
68,pew_work_family_detailed_068,marriage_importance,1,2,Not too important,0.05
68,pew_work_family_detailed_068,marriage_importance,2,3,Somewhat important,0.2
68,pew_work_family_detailed_068,marriage_importance,3,4,Very important,0.72
68,pew_work_family_detailed_068,parenthood_importance,0,1,Not at all important,0.06
68,pew_work_family_detailed_068,parenthood_importance,1,2,Not too important,0.13
68,pew_work_family_detailed_068,parenthood_importance,2,3,Somewhat important,0.58
68,pew_work_family_detailed_068,parenthood_importance,3,4,Very important,0.23
68,pew_work_family_detailed_068,paid_work_priority,0,1,Not at all important,0.04
68,pew_work_family_detailed_068,paid_work_priority,1,2,Not too important,0.15
68,pew_work_family_detailed_068,paid_work_priority,2,3,Somewhat important,0.6
68,pew_work_family_detailed_068,paid_work_priority,3,4,Very important,0.21
68,pew_work_family_detailed_068,childcare_division,0,1,One parent should do most of it,0.04
68,pew_work_family_detailed_068,childcare_division,1,2,Both parents should divide it about equally,0.26
68,pew_work_family_detailed_068,childcare_division,2,3,The parent with more available time should do more,0.21
68,pew_work_family_detailed_068,childcare_division,3,4,It depends entirely on the family,0.49
68,pew_work_family_detailed_068,housework_division,0,1,One person should do most of it,0.04
68,pew_work_family_detailed_068,housework_division,1,2,Both adults should divide it about equally,0.66
68,pew_work_family_detailed_068,housework_division,2,3,The person with more available time should do more,0.2
68,pew_work_family_detailed_068,housework_division,3,4,It depends entirely on the household,0.1
68,pew_work_family_detailed_068,financial_decision_style,0,1,The higher earner should usually decide,0.48
68,pew_work_family_detailed_068,financial_decision_style,1,2,The person who manages the money should usually decide,0.16
68,pew_work_family_detailed_068,financial_decision_style,2,3,Both adults should decide together,0.25
68,pew_work_family_detailed_068,financial_decision_style,3,4,It depends on the decision,0.11
68,pew_work_family_detailed_068,career_sacrifice_rule,0,1,The lower earner should reduce work,0.5
68,pew_work_family_detailed_068,career_sacrifice_rule,1,2,The adult with the more flexible job should reduce work,0.25
68,pew_work_family_detailed_068,career_sacrifice_rule,2,3,Both adults should reduce work as equally as possible,0.13
68,pew_work_family_detailed_068,career_sacrifice_rule,3,4,It depends entirely on the family,0.12
69,pew_work_family_detailed_069,hobbies,0,1,Men and women are basically similar,0.27
69,pew_work_family_detailed_069,hobbies,1,2,Men and women are basically different,0.73
69,pew_work_family_detailed_069,physical_abilities,0,1,Men and women are basically similar,0.15
69,pew_work_family_detailed_069,physical_abilities,1,2,Men and women are basically different,0.85
69,pew_work_family_detailed_069,parenting,0,1,Men and women are basically similar,0.68
69,pew_work_family_detailed_069,parenting,1,2,Men and women are basically different,0.32
69,pew_work_family_detailed_069,feelings,0,1,Men and women are basically similar,0.61
69,pew_work_family_detailed_069,feelings,1,2,Men and women are basically different,0.39
69,pew_work_family_detailed_069,workplace,0,1,Men and women are basically similar,0.34
69,pew_work_family_detailed_069,workplace,1,2,Men and women are basically different,0.66
69,pew_work_family_detailed_069,relationship_status,0,1,Married,0.82
69,pew_work_family_detailed_069,relationship_status,1,2,Living with a partner,0.06
69,pew_work_family_detailed_069,relationship_status,2,3,In a relationship but not living together,0.04
69,pew_work_family_detailed_069,relationship_status,3,4,Not currently in a relationship,0.08
69,pew_work_family_detailed_069,children_at_home,0,1,No children under 18,0.04
69,pew_work_family_detailed_069,children_at_home,1,2,At least one child under 6,0.12
69,pew_work_family_detailed_069,children_at_home,2,3,Only children ages 6 to 17,0.16
69,pew_work_family_detailed_069,children_at_home,3,4,Children both under 6 and ages 6 to 17,0.68
69,pew_work_family_detailed_069,household_income,0,1,"Less than $50,000",0.18
69,pew_work_family_detailed_069,household_income,1,2,"$50,000 to $99,999",0.62
69,pew_work_family_detailed_069,household_income,2,3,"$100,000 to $149,999",0.13
69,pew_work_family_detailed_069,household_income,3,4,"$150,000 or more",0.07
69,pew_work_family_detailed_069,marriage_importance,0,1,Not at all important,0.02
69,pew_work_family_detailed_069,marriage_importance,1,2,Not too important,0.04
69,pew_work_family_detailed_069,marriage_importance,2,3,Somewhat important,0.18
69,pew_work_family_detailed_069,marriage_importance,3,4,Very important,0.76
69,pew_work_family_detailed_069,parenthood_importance,0,1,Not at all important,0.05
69,pew_work_family_detailed_069,parenthood_importance,1,2,Not too important,0.13
69,pew_work_family_detailed_069,parenthood_importance,2,3,Somewhat important,0.52
69,pew_work_family_detailed_069,parenthood_importance,3,4,Very important,0.3
69,pew_work_family_detailed_069,paid_work_priority,0,1,Not at all important,0.02
69,pew_work_family_detailed_069,paid_work_priority,1,2,Not too important,0.05
69,pew_work_family_detailed_069,paid_work_priority,2,3,Somewhat important,0.2
69,pew_work_family_detailed_069,paid_work_priority,3,4,Very important,0.73
69,pew_work_family_detailed_069,childcare_division,0,1,One parent should do most of it,0.07
69,pew_work_family_detailed_069,childcare_division,1,2,Both parents should divide it about equally,0.25
69,pew_work_family_detailed_069,childcare_division,2,3,The parent with more available time should do more,0.24
69,pew_work_family_detailed_069,childcare_division,3,4,It depends entirely on the family,0.44
69,pew_work_family_detailed_069,housework_division,0,1,One person should do most of it,0.04
69,pew_work_family_detailed_069,housework_division,1,2,Both adults should divide it about equally,0.58
69,pew_work_family_detailed_069,housework_division,2,3,The person with more available time should do more,0.22
69,pew_work_family_detailed_069,housework_division,3,4,It depends entirely on the household,0.16
69,pew_work_family_detailed_069,financial_decision_style,0,1,The higher earner should usually decide,0.03
69,pew_work_family_detailed_069,financial_decision_style,1,2,The person who manages the money should usually decide,0.08
69,pew_work_family_detailed_069,financial_decision_style,2,3,Both adults should decide together,0.72
69,pew_work_family_detailed_069,financial_decision_style,3,4,It depends on the decision,0.17
69,pew_work_family_detailed_069,career_sacrifice_rule,0,1,The lower earner should reduce work,0.45
69,pew_work_family_detailed_069,career_sacrifice_rule,1,2,The adult with the more flexible job should reduce work,0.27
69,pew_work_family_detailed_069,career_sacrifice_rule,2,3,Both adults should reduce work as equally as possible,0.16
69,pew_work_family_detailed_069,career_sacrifice_rule,3,4,It depends entirely on the family,0.12
70,pew_work_family_detailed_070,hobbies,0,1,Men and women are basically similar,0.72
70,pew_work_family_detailed_070,hobbies,1,2,Men and women are basically different,0.28
70,pew_work_family_detailed_070,physical_abilities,0,1,Men and women are basically similar,0.22
70,pew_work_family_detailed_070,physical_abilities,1,2,Men and women are basically different,0.78
70,pew_work_family_detailed_070,parenting,0,1,Men and women are basically similar,0.24
70,pew_work_family_detailed_070,parenting,1,2,Men and women are basically different,0.76
70,pew_work_family_detailed_070,feelings,0,1,Men and women are basically similar,0.69
70,pew_work_family_detailed_070,feelings,1,2,Men and women are basically different,0.31
70,pew_work_family_detailed_070,workplace,0,1,Men and women are basically similar,0.74
70,pew_work_family_detailed_070,workplace,1,2,Men and women are basically different,0.26
70,pew_work_family_detailed_070,relationship_status,0,1,Married,0.04
70,pew_work_family_detailed_070,relationship_status,1,2,Living with a partner,0.03
70,pew_work_family_detailed_070,relationship_status,2,3,In a relationship but not living together,0.11
70,pew_work_family_detailed_070,relationship_status,3,4,Not currently in a relationship,0.82
70,pew_work_family_detailed_070,children_at_home,0,1,No children under 18,0.06
70,pew_work_family_detailed_070,children_at_home,1,2,At least one child under 6,0.03
70,pew_work_family_detailed_070,children_at_home,2,3,Only children ages 6 to 17,0.85
70,pew_work_family_detailed_070,children_at_home,3,4,Children both under 6 and ages 6 to 17,0.06
70,pew_work_family_detailed_070,household_income,0,1,"Less than $50,000",0.16
70,pew_work_family_detailed_070,household_income,1,2,"$50,000 to $99,999",0.66
70,pew_work_family_detailed_070,household_income,2,3,"$100,000 to $149,999",0.12
70,pew_work_family_detailed_070,household_income,3,4,"$150,000 or more",0.06
70,pew_work_family_detailed_070,marriage_importance,0,1,Not at all important,0.18
70,pew_work_family_detailed_070,marriage_importance,1,2,Not too important,0.52
70,pew_work_family_detailed_070,marriage_importance,2,3,Somewhat important,0.23
70,pew_work_family_detailed_070,marriage_importance,3,4,Very important,0.07
70,pew_work_family_detailed_070,parenthood_importance,0,1,Not at all important,0.02
70,pew_work_family_detailed_070,parenthood_importance,1,2,Not too important,0.04
70,pew_work_family_detailed_070,parenthood_importance,2,3,Somewhat important,0.18
70,pew_work_family_detailed_070,parenthood_importance,3,4,Very important,0.76
70,pew_work_family_detailed_070,paid_work_priority,0,1,Not at all important,0.05
70,pew_work_family_detailed_070,paid_work_priority,1,2,Not too important,0.18
70,pew_work_family_detailed_070,paid_work_priority,2,3,Somewhat important,0.58
70,pew_work_family_detailed_070,paid_work_priority,3,4,Very important,0.19
70,pew_work_family_detailed_070,childcare_division,0,1,One parent should do most of it,0.07
70,pew_work_family_detailed_070,childcare_division,1,2,Both parents should divide it about equally,0.23
70,pew_work_family_detailed_070,childcare_division,2,3,The parent with more available time should do more,0.54
70,pew_work_family_detailed_070,childcare_division,3,4,It depends entirely on the family,0.16
70,pew_work_family_detailed_070,housework_division,0,1,One person should do most of it,0.46
70,pew_work_family_detailed_070,housework_division,1,2,Both adults should divide it about equally,0.28
70,pew_work_family_detailed_070,housework_division,2,3,The person with more available time should do more,0.17
70,pew_work_family_detailed_070,housework_division,3,4,It depends entirely on the household,0.09
70,pew_work_family_detailed_070,financial_decision_style,0,1,The higher earner should usually decide,0.49
70,pew_work_family_detailed_070,financial_decision_style,1,2,The person who manages the money should usually decide,0.18
70,pew_work_family_detailed_070,financial_decision_style,2,3,Both adults should decide together,0.21
70,pew_work_family_detailed_070,financial_decision_style,3,4,It depends on the decision,0.12
70,pew_work_family_detailed_070,career_sacrifice_rule,0,1,The lower earner should reduce work,0.12
70,pew_work_family_detailed_070,career_sacrifice_rule,1,2,The adult with the more flexible job should reduce work,0.2
70,pew_work_family_detailed_070,career_sacrifice_rule,2,3,Both adults should reduce work as equally as possible,0.53
70,pew_work_family_detailed_070,career_sacrifice_rule,3,4,It depends entirely on the family,0.15
71,pew_work_family_detailed_071,hobbies,0,1,Men and women are basically similar,0.25
71,pew_work_family_detailed_071,hobbies,1,2,Men and women are basically different,0.75
71,pew_work_family_detailed_071,physical_abilities,0,1,Men and women are basically similar,0.15
71,pew_work_family_detailed_071,physical_abilities,1,2,Men and women are basically different,0.85
71,pew_work_family_detailed_071,parenting,0,1,Men and women are basically similar,0.3
71,pew_work_family_detailed_071,parenting,1,2,Men and women are basically different,0.7
71,pew_work_family_detailed_071,feelings,0,1,Men and women are basically similar,0.2
71,pew_work_family_detailed_071,feelings,1,2,Men and women are basically different,0.8
71,pew_work_family_detailed_071,workplace,0,1,Men and women are basically similar,0.82
71,pew_work_family_detailed_071,workplace,1,2,Men and women are basically different,0.18
71,pew_work_family_detailed_071,relationship_status,0,1,Married,0.88
71,pew_work_family_detailed_071,relationship_status,1,2,Living with a partner,0.04
71,pew_work_family_detailed_071,relationship_status,2,3,In a relationship but not living together,0.03
71,pew_work_family_detailed_071,relationship_status,3,4,Not currently in a relationship,0.05
71,pew_work_family_detailed_071,children_at_home,0,1,No children under 18,0.06
71,pew_work_family_detailed_071,children_at_home,1,2,At least one child under 6,0.12
71,pew_work_family_detailed_071,children_at_home,2,3,Only children ages 6 to 17,0.14
71,pew_work_family_detailed_071,children_at_home,3,4,Children both under 6 and ages 6 to 17,0.68
71,pew_work_family_detailed_071,household_income,0,1,"Less than $50,000",0.74
71,pew_work_family_detailed_071,household_income,1,2,"$50,000 to $99,999",0.16
71,pew_work_family_detailed_071,household_income,2,3,"$100,000 to $149,999",0.06
71,pew_work_family_detailed_071,household_income,3,4,"$150,000 or more",0.04
71,pew_work_family_detailed_071,marriage_importance,0,1,Not at all important,0.58
71,pew_work_family_detailed_071,marriage_importance,1,2,Not too important,0.25
71,pew_work_family_detailed_071,marriage_importance,2,3,Somewhat important,0.11
71,pew_work_family_detailed_071,marriage_importance,3,4,Very important,0.06
71,pew_work_family_detailed_071,parenthood_importance,0,1,Not at all important,0.03
71,pew_work_family_detailed_071,parenthood_importance,1,2,Not too important,0.04
71,pew_work_family_detailed_071,parenthood_importance,2,3,Somewhat important,0.16
71,pew_work_family_detailed_071,parenthood_importance,3,4,Very important,0.77
71,pew_work_family_detailed_071,paid_work_priority,0,1,Not at all important,0.21
71,pew_work_family_detailed_071,paid_work_priority,1,2,Not too important,0.52
71,pew_work_family_detailed_071,paid_work_priority,2,3,Somewhat important,0.2
71,pew_work_family_detailed_071,paid_work_priority,3,4,Very important,0.07
71,pew_work_family_detailed_071,childcare_division,0,1,One parent should do most of it,0.08
71,pew_work_family_detailed_071,childcare_division,1,2,Both parents should divide it about equally,0.21
71,pew_work_family_detailed_071,childcare_division,2,3,The parent with more available time should do more,0.23
71,pew_work_family_detailed_071,childcare_division,3,4,It depends entirely on the family,0.48
71,pew_work_family_detailed_071,housework_division,0,1,One person should do most of it,0.07
71,pew_work_family_detailed_071,housework_division,1,2,Both adults should divide it about equally,0.22
71,pew_work_family_detailed_071,housework_division,2,3,The person with more available time should do more,0.25
71,pew_work_family_detailed_071,housework_division,3,4,It depends entirely on the household,0.46
71,pew_work_family_detailed_071,financial_decision_style,0,1,The higher earner should usually decide,0.08
71,pew_work_family_detailed_071,financial_decision_style,1,2,The person who manages the money should usually decide,0.48
71,pew_work_family_detailed_071,financial_decision_style,2,3,Both adults should decide together,0.32
71,pew_work_family_detailed_071,financial_decision_style,3,4,It depends on the decision,0.12
71,pew_work_family_detailed_071,career_sacrifice_rule,0,1,The lower earner should reduce work,0.12
71,pew_work_family_detailed_071,career_sacrifice_rule,1,2,The adult with the more flexible job should reduce work,0.2
71,pew_work_family_detailed_071,career_sacrifice_rule,2,3,Both adults should reduce work as equally as possible,0.18
71,pew_work_family_detailed_071,career_sacrifice_rule,3,4,It depends entirely on the family,0.5
72,pew_work_family_detailed_072,hobbies,0,1,Men and women are basically similar,0.25
72,pew_work_family_detailed_072,hobbies,1,2,Men and women are basically different,0.75
72,pew_work_family_detailed_072,physical_abilities,0,1,Men and women are basically similar,0.18
72,pew_work_family_detailed_072,physical_abilities,1,2,Men and women are basically different,0.82
72,pew_work_family_detailed_072,parenting,0,1,Men and women are basically similar,0.7
72,pew_work_family_detailed_072,parenting,1,2,Men and women are basically different,0.3
72,pew_work_family_detailed_072,feelings,0,1,Men and women are basically similar,0.2
72,pew_work_family_detailed_072,feelings,1,2,Men and women are basically different,0.8
72,pew_work_family_detailed_072,workplace,0,1,Men and women are basically similar,0.76
72,pew_work_family_detailed_072,workplace,1,2,Men and women are basically different,0.24
72,pew_work_family_detailed_072,relationship_status,0,1,Married,0.04
72,pew_work_family_detailed_072,relationship_status,1,2,Living with a partner,0.03
72,pew_work_family_detailed_072,relationship_status,2,3,In a relationship but not living together,0.07
72,pew_work_family_detailed_072,relationship_status,3,4,Not currently in a relationship,0.86
72,pew_work_family_detailed_072,children_at_home,0,1,No children under 18,0.04
72,pew_work_family_detailed_072,children_at_home,1,2,At least one child under 6,0.78
72,pew_work_family_detailed_072,children_at_home,2,3,Only children ages 6 to 17,0.06
72,pew_work_family_detailed_072,children_at_home,3,4,Children both under 6 and ages 6 to 17,0.12
72,pew_work_family_detailed_072,household_income,0,1,"Less than $50,000",0.05
72,pew_work_family_detailed_072,household_income,1,2,"$50,000 to $99,999",0.16
72,pew_work_family_detailed_072,household_income,2,3,"$100,000 to $149,999",0.68
72,pew_work_family_detailed_072,household_income,3,4,"$150,000 or more",0.11
72,pew_work_family_detailed_072,marriage_importance,0,1,Not at all important,0.2
72,pew_work_family_detailed_072,marriage_importance,1,2,Not too important,0.52
72,pew_work_family_detailed_072,marriage_importance,2,3,Somewhat important,0.2
72,pew_work_family_detailed_072,marriage_importance,3,4,Very important,0.08
72,pew_work_family_detailed_072,parenthood_importance,0,1,Not at all important,0.18
72,pew_work_family_detailed_072,parenthood_importance,1,2,Not too important,0.5
72,pew_work_family_detailed_072,parenthood_importance,2,3,Somewhat important,0.21
72,pew_work_family_detailed_072,parenthood_importance,3,4,Very important,0.11
72,pew_work_family_detailed_072,paid_work_priority,0,1,Not at all important,0.06
72,pew_work_family_detailed_072,paid_work_priority,1,2,Not too important,0.21
72,pew_work_family_detailed_072,paid_work_priority,2,3,Somewhat important,0.55
72,pew_work_family_detailed_072,paid_work_priority,3,4,Very important,0.18
72,pew_work_family_detailed_072,childcare_division,0,1,One parent should do most of it,0.04
72,pew_work_family_detailed_072,childcare_division,1,2,Both parents should divide it about equally,0.72
72,pew_work_family_detailed_072,childcare_division,2,3,The parent with more available time should do more,0.17
72,pew_work_family_detailed_072,childcare_division,3,4,It depends entirely on the family,0.07
72,pew_work_family_detailed_072,housework_division,0,1,One person should do most of it,0.03
72,pew_work_family_detailed_072,housework_division,1,2,Both adults should divide it about equally,0.74
72,pew_work_family_detailed_072,housework_division,2,3,The person with more available time should do more,0.15
72,pew_work_family_detailed_072,housework_division,3,4,It depends entirely on the household,0.08
72,pew_work_family_detailed_072,financial_decision_style,0,1,The higher earner should usually decide,0.03
72,pew_work_family_detailed_072,financial_decision_style,1,2,The person who manages the money should usually decide,0.08
72,pew_work_family_detailed_072,financial_decision_style,2,3,Both adults should decide together,0.78
72,pew_work_family_detailed_072,financial_decision_style,3,4,It depends on the decision,0.11
72,pew_work_family_detailed_072,career_sacrifice_rule,0,1,The lower earner should reduce work,0.49
72,pew_work_family_detailed_072,career_sacrifice_rule,1,2,The adult with the more flexible job should reduce work,0.24
72,pew_work_family_detailed_072,career_sacrifice_rule,2,3,Both adults should reduce work as equally as possible,0.18
72,pew_work_family_detailed_072,career_sacrifice_rule,3,4,It depends entirely on the family,0.09
73,pew_work_family_detailed_073,hobbies,0,1,Men and women are basically similar,0.18
73,pew_work_family_detailed_073,hobbies,1,2,Men and women are basically different,0.82
73,pew_work_family_detailed_073,physical_abilities,0,1,Men and women are basically similar,0.1
73,pew_work_family_detailed_073,physical_abilities,1,2,Men and women are basically different,0.9
73,pew_work_family_detailed_073,parenting,0,1,Men and women are basically similar,0.24
73,pew_work_family_detailed_073,parenting,1,2,Men and women are basically different,0.76
73,pew_work_family_detailed_073,feelings,0,1,Men and women are basically similar,0.16
73,pew_work_family_detailed_073,feelings,1,2,Men and women are basically different,0.84
73,pew_work_family_detailed_073,workplace,0,1,Men and women are basically similar,0.31
73,pew_work_family_detailed_073,workplace,1,2,Men and women are basically different,0.69
73,pew_work_family_detailed_073,relationship_status,0,1,Married,0.91
73,pew_work_family_detailed_073,relationship_status,1,2,Living with a partner,0.03
73,pew_work_family_detailed_073,relationship_status,2,3,In a relationship but not living together,0.02
73,pew_work_family_detailed_073,relationship_status,3,4,Not currently in a relationship,0.04
73,pew_work_family_detailed_073,children_at_home,0,1,No children under 18,0.88
73,pew_work_family_detailed_073,children_at_home,1,2,At least one child under 6,0.03
73,pew_work_family_detailed_073,children_at_home,2,3,Only children ages 6 to 17,0.06
73,pew_work_family_detailed_073,children_at_home,3,4,Children both under 6 and ages 6 to 17,0.03
73,pew_work_family_detailed_073,household_income,0,1,"Less than $50,000",0.03
73,pew_work_family_detailed_073,household_income,1,2,"$50,000 to $99,999",0.05
73,pew_work_family_detailed_073,household_income,2,3,"$100,000 to $149,999",0.12
73,pew_work_family_detailed_073,household_income,3,4,"$150,000 or more",0.8
73,pew_work_family_detailed_073,marriage_importance,0,1,Not at all important,0.08
73,pew_work_family_detailed_073,marriage_importance,1,2,Not too important,0.14
73,pew_work_family_detailed_073,marriage_importance,2,3,Somewhat important,0.54
73,pew_work_family_detailed_073,marriage_importance,3,4,Very important,0.24
73,pew_work_family_detailed_073,parenthood_importance,0,1,Not at all important,0.03
73,pew_work_family_detailed_073,parenthood_importance,1,2,Not too important,0.05
73,pew_work_family_detailed_073,parenthood_importance,2,3,Somewhat important,0.17
73,pew_work_family_detailed_073,parenthood_importance,3,4,Very important,0.75
73,pew_work_family_detailed_073,paid_work_priority,0,1,Not at all important,0.62
73,pew_work_family_detailed_073,paid_work_priority,1,2,Not too important,0.2
73,pew_work_family_detailed_073,paid_work_priority,2,3,Somewhat important,0.13
73,pew_work_family_detailed_073,paid_work_priority,3,4,Very important,0.05
73,pew_work_family_detailed_073,childcare_division,0,1,One parent should do most of it,0.07
73,pew_work_family_detailed_073,childcare_division,1,2,Both parents should divide it about equally,0.25
73,pew_work_family_detailed_073,childcare_division,2,3,The parent with more available time should do more,0.48
73,pew_work_family_detailed_073,childcare_division,3,4,It depends entirely on the family,0.2
73,pew_work_family_detailed_073,housework_division,0,1,One person should do most of it,0.06
73,pew_work_family_detailed_073,housework_division,1,2,Both adults should divide it about equally,0.27
73,pew_work_family_detailed_073,housework_division,2,3,The person with more available time should do more,0.5
73,pew_work_family_detailed_073,housework_division,3,4,It depends entirely on the household,0.17
73,pew_work_family_detailed_073,financial_decision_style,0,1,The higher earner should usually decide,0.09
73,pew_work_family_detailed_073,financial_decision_style,1,2,The person who manages the money should usually decide,0.46
73,pew_work_family_detailed_073,financial_decision_style,2,3,Both adults should decide together,0.3
73,pew_work_family_detailed_073,financial_decision_style,3,4,It depends on the decision,0.15
73,pew_work_family_detailed_073,career_sacrifice_rule,0,1,The lower earner should reduce work,0.14
73,pew_work_family_detailed_073,career_sacrifice_rule,1,2,The adult with the more flexible job should reduce work,0.49
73,pew_work_family_detailed_073,career_sacrifice_rule,2,3,Both adults should reduce work as equally as possible,0.22
73,pew_work_family_detailed_073,career_sacrifice_rule,3,4,It depends entirely on the family,0.15
74,pew_work_family_detailed_074,hobbies,0,1,Men and women are basically similar,0.77
74,pew_work_family_detailed_074,hobbies,1,2,Men and women are basically different,0.23
74,pew_work_family_detailed_074,physical_abilities,0,1,Men and women are basically similar,0.21
74,pew_work_family_detailed_074,physical_abilities,1,2,Men and women are basically different,0.79
74,pew_work_family_detailed_074,parenting,0,1,Men and women are basically similar,0.64
74,pew_work_family_detailed_074,parenting,1,2,Men and women are basically different,0.36
74,pew_work_family_detailed_074,feelings,0,1,Men and women are basically similar,0.24
74,pew_work_family_detailed_074,feelings,1,2,Men and women are basically different,0.76
74,pew_work_family_detailed_074,workplace,0,1,Men and women are basically similar,0.36
74,pew_work_family_detailed_074,workplace,1,2,Men and women are basically different,0.64
74,pew_work_family_detailed_074,relationship_status,0,1,Married,0.08
74,pew_work_family_detailed_074,relationship_status,1,2,Living with a partner,0.84
74,pew_work_family_detailed_074,relationship_status,2,3,In a relationship but not living together,0.04
74,pew_work_family_detailed_074,relationship_status,3,4,Not currently in a relationship,0.04
74,pew_work_family_detailed_074,children_at_home,0,1,No children under 18,0.89
74,pew_work_family_detailed_074,children_at_home,1,2,At least one child under 6,0.03
74,pew_work_family_detailed_074,children_at_home,2,3,Only children ages 6 to 17,0.05
74,pew_work_family_detailed_074,children_at_home,3,4,Children both under 6 and ages 6 to 17,0.03
74,pew_work_family_detailed_074,household_income,0,1,"Less than $50,000",0.16
74,pew_work_family_detailed_074,household_income,1,2,"$50,000 to $99,999",0.68
74,pew_work_family_detailed_074,household_income,2,3,"$100,000 to $149,999",0.1
74,pew_work_family_detailed_074,household_income,3,4,"$150,000 or more",0.06
74,pew_work_family_detailed_074,marriage_importance,0,1,Not at all important,0.03
74,pew_work_family_detailed_074,marriage_importance,1,2,Not too important,0.05
74,pew_work_family_detailed_074,marriage_importance,2,3,Somewhat important,0.17
74,pew_work_family_detailed_074,marriage_importance,3,4,Very important,0.75
74,pew_work_family_detailed_074,parenthood_importance,0,1,Not at all important,0.1
74,pew_work_family_detailed_074,parenthood_importance,1,2,Not too important,0.16
74,pew_work_family_detailed_074,parenthood_importance,2,3,Somewhat important,0.55
74,pew_work_family_detailed_074,parenthood_importance,3,4,Very important,0.19
74,pew_work_family_detailed_074,paid_work_priority,0,1,Not at all important,0.66
74,pew_work_family_detailed_074,paid_work_priority,1,2,Not too important,0.18
74,pew_work_family_detailed_074,paid_work_priority,2,3,Somewhat important,0.12
74,pew_work_family_detailed_074,paid_work_priority,3,4,Very important,0.04
74,pew_work_family_detailed_074,childcare_division,0,1,One parent should do most of it,0.06
74,pew_work_family_detailed_074,childcare_division,1,2,Both parents should divide it about equally,0.62
74,pew_work_family_detailed_074,childcare_division,2,3,The parent with more available time should do more,0.17
74,pew_work_family_detailed_074,childcare_division,3,4,It depends entirely on the family,0.15
74,pew_work_family_detailed_074,housework_division,0,1,One person should do most of it,0.04
74,pew_work_family_detailed_074,housework_division,1,2,Both adults should divide it about equally,0.25
74,pew_work_family_detailed_074,housework_division,2,3,The person with more available time should do more,0.55
74,pew_work_family_detailed_074,housework_division,3,4,It depends entirely on the household,0.16
74,pew_work_family_detailed_074,financial_decision_style,0,1,The higher earner should usually decide,0.04
74,pew_work_family_detailed_074,financial_decision_style,1,2,The person who manages the money should usually decide,0.16
74,pew_work_family_detailed_074,financial_decision_style,2,3,Both adults should decide together,0.32
74,pew_work_family_detailed_074,financial_decision_style,3,4,It depends on the decision,0.48
74,pew_work_family_detailed_074,career_sacrifice_rule,0,1,The lower earner should reduce work,0.1
74,pew_work_family_detailed_074,career_sacrifice_rule,1,2,The adult with the more flexible job should reduce work,0.22
74,pew_work_family_detailed_074,career_sacrifice_rule,2,3,Both adults should reduce work as equally as possible,0.27
74,pew_work_family_detailed_074,career_sacrifice_rule,3,4,It depends entirely on the family,0.41
75,pew_work_family_detailed_075,hobbies,0,1,Men and women are basically similar,0.28
75,pew_work_family_detailed_075,hobbies,1,2,Men and women are basically different,0.72
75,pew_work_family_detailed_075,physical_abilities,0,1,Men and women are basically similar,0.18
75,pew_work_family_detailed_075,physical_abilities,1,2,Men and women are basically different,0.82
75,pew_work_family_detailed_075,parenting,0,1,Men and women are basically similar,0.31
75,pew_work_family_detailed_075,parenting,1,2,Men and women are basically different,0.69
75,pew_work_family_detailed_075,feelings,0,1,Men and women are basically similar,0.24
75,pew_work_family_detailed_075,feelings,1,2,Men and women are basically different,0.76
75,pew_work_family_detailed_075,workplace,0,1,Men and women are basically similar,0.35
75,pew_work_family_detailed_075,workplace,1,2,Men and women are basically different,0.65
75,pew_work_family_detailed_075,relationship_status,0,1,Married,0.88
75,pew_work_family_detailed_075,relationship_status,1,2,Living with a partner,0.04
75,pew_work_family_detailed_075,relationship_status,2,3,In a relationship but not living together,0.03
75,pew_work_family_detailed_075,relationship_status,3,4,Not currently in a relationship,0.05
75,pew_work_family_detailed_075,children_at_home,0,1,No children under 18,0.04
75,pew_work_family_detailed_075,children_at_home,1,2,At least one child under 6,0.03
75,pew_work_family_detailed_075,children_at_home,2,3,Only children ages 6 to 17,0.9
75,pew_work_family_detailed_075,children_at_home,3,4,Children both under 6 and ages 6 to 17,0.03
75,pew_work_family_detailed_075,household_income,0,1,"Less than $50,000",0.82
75,pew_work_family_detailed_075,household_income,1,2,"$50,000 to $99,999",0.1
75,pew_work_family_detailed_075,household_income,2,3,"$100,000 to $149,999",0.04
75,pew_work_family_detailed_075,household_income,3,4,"$150,000 or more",0.04
75,pew_work_family_detailed_075,marriage_importance,0,1,Not at all important,0.06
75,pew_work_family_detailed_075,marriage_importance,1,2,Not too important,0.15
75,pew_work_family_detailed_075,marriage_importance,2,3,Somewhat important,0.55
75,pew_work_family_detailed_075,marriage_importance,3,4,Very important,0.24
75,pew_work_family_detailed_075,parenthood_importance,0,1,Not at all important,0.05
75,pew_work_family_detailed_075,parenthood_importance,1,2,Not too important,0.13
75,pew_work_family_detailed_075,parenthood_importance,2,3,Somewhat important,0.57
75,pew_work_family_detailed_075,parenthood_importance,3,4,Very important,0.25
75,pew_work_family_detailed_075,paid_work_priority,0,1,Not at all important,0.02
75,pew_work_family_detailed_075,paid_work_priority,1,2,Not too important,0.05
75,pew_work_family_detailed_075,paid_work_priority,2,3,Somewhat important,0.18
75,pew_work_family_detailed_075,paid_work_priority,3,4,Very important,0.75
75,pew_work_family_detailed_075,childcare_division,0,1,One parent should do most of it,0.05
75,pew_work_family_detailed_075,childcare_division,1,2,Both parents should divide it about equally,0.29
75,pew_work_family_detailed_075,childcare_division,2,3,The parent with more available time should do more,0.52
75,pew_work_family_detailed_075,childcare_division,3,4,It depends entirely on the family,0.14
75,pew_work_family_detailed_075,housework_division,0,1,One person should do most of it,0.04
75,pew_work_family_detailed_075,housework_division,1,2,Both adults should divide it about equally,0.31
75,pew_work_family_detailed_075,housework_division,2,3,The person with more available time should do more,0.53
75,pew_work_family_detailed_075,housework_division,3,4,It depends entirely on the household,0.12
75,pew_work_family_detailed_075,financial_decision_style,0,1,The higher earner should usually decide,0.03
75,pew_work_family_detailed_075,financial_decision_style,1,2,The person who manages the money should usually decide,0.08
75,pew_work_family_detailed_075,financial_decision_style,2,3,Both adults should decide together,0.74
75,pew_work_family_detailed_075,financial_decision_style,3,4,It depends on the decision,0.15
75,pew_work_family_detailed_075,career_sacrifice_rule,0,1,The lower earner should reduce work,0.18
75,pew_work_family_detailed_075,career_sacrifice_rule,1,2,The adult with the more flexible job should reduce work,0.52
75,pew_work_family_detailed_075,career_sacrifice_rule,2,3,Both adults should reduce work as equally as possible,0.2
75,pew_work_family_detailed_075,career_sacrifice_rule,3,4,It depends entirely on the family,0.1
76,pew_work_family_detailed_076,hobbies,0,1,Men and women are basically similar,0.25
76,pew_work_family_detailed_076,hobbies,1,2,Men and women are basically different,0.75
76,pew_work_family_detailed_076,physical_abilities,0,1,Men and women are basically similar,0.12
76,pew_work_family_detailed_076,physical_abilities,1,2,Men and women are basically different,0.88
76,pew_work_family_detailed_076,parenting,0,1,Men and women are basically similar,0.22
76,pew_work_family_detailed_076,parenting,1,2,Men and women are basically different,0.78
76,pew_work_family_detailed_076,feelings,0,1,Men and women are basically similar,0.69
76,pew_work_family_detailed_076,feelings,1,2,Men and women are basically different,0.31
76,pew_work_family_detailed_076,workplace,0,1,Men and women are basically similar,0.34
76,pew_work_family_detailed_076,workplace,1,2,Men and women are basically different,0.66
76,pew_work_family_detailed_076,relationship_status,0,1,Married,0.91
76,pew_work_family_detailed_076,relationship_status,1,2,Living with a partner,0.03
76,pew_work_family_detailed_076,relationship_status,2,3,In a relationship but not living together,0.02
76,pew_work_family_detailed_076,relationship_status,3,4,Not currently in a relationship,0.04
76,pew_work_family_detailed_076,children_at_home,0,1,No children under 18,0.9
76,pew_work_family_detailed_076,children_at_home,1,2,At least one child under 6,0.02
76,pew_work_family_detailed_076,children_at_home,2,3,Only children ages 6 to 17,0.06
76,pew_work_family_detailed_076,children_at_home,3,4,Children both under 6 and ages 6 to 17,0.02
76,pew_work_family_detailed_076,household_income,0,1,"Less than $50,000",0.02
76,pew_work_family_detailed_076,household_income,1,2,"$50,000 to $99,999",0.05
76,pew_work_family_detailed_076,household_income,2,3,"$100,000 to $149,999",0.13
76,pew_work_family_detailed_076,household_income,3,4,"$150,000 or more",0.8
76,pew_work_family_detailed_076,marriage_importance,0,1,Not at all important,0.62
76,pew_work_family_detailed_076,marriage_importance,1,2,Not too important,0.18
76,pew_work_family_detailed_076,marriage_importance,2,3,Somewhat important,0.13
76,pew_work_family_detailed_076,marriage_importance,3,4,Very important,0.07
76,pew_work_family_detailed_076,parenthood_importance,0,1,Not at all important,0.03
76,pew_work_family_detailed_076,parenthood_importance,1,2,Not too important,0.04
76,pew_work_family_detailed_076,parenthood_importance,2,3,Somewhat important,0.17
76,pew_work_family_detailed_076,parenthood_importance,3,4,Very important,0.76
76,pew_work_family_detailed_076,paid_work_priority,0,1,Not at all important,0.09
76,pew_work_family_detailed_076,paid_work_priority,1,2,Not too important,0.17
76,pew_work_family_detailed_076,paid_work_priority,2,3,Somewhat important,0.52
76,pew_work_family_detailed_076,paid_work_priority,3,4,Very important,0.22
76,pew_work_family_detailed_076,childcare_division,0,1,One parent should do most of it,0.45
76,pew_work_family_detailed_076,childcare_division,1,2,Both parents should divide it about equally,0.24
76,pew_work_family_detailed_076,childcare_division,2,3,The parent with more available time should do more,0.18
76,pew_work_family_detailed_076,childcare_division,3,4,It depends entirely on the family,0.13
76,pew_work_family_detailed_076,housework_division,0,1,One person should do most of it,0.07
76,pew_work_family_detailed_076,housework_division,1,2,Both adults should divide it about equally,0.29
76,pew_work_family_detailed_076,housework_division,2,3,The person with more available time should do more,0.48
76,pew_work_family_detailed_076,housework_division,3,4,It depends entirely on the household,0.16
76,pew_work_family_detailed_076,financial_decision_style,0,1,The higher earner should usually decide,0.06
76,pew_work_family_detailed_076,financial_decision_style,1,2,The person who manages the money should usually decide,0.12
76,pew_work_family_detailed_076,financial_decision_style,2,3,Both adults should decide together,0.35
76,pew_work_family_detailed_076,financial_decision_style,3,4,It depends on the decision,0.47
76,pew_work_family_detailed_076,career_sacrifice_rule,0,1,The lower earner should reduce work,0.5
76,pew_work_family_detailed_076,career_sacrifice_rule,1,2,The adult with the more flexible job should reduce work,0.22
76,pew_work_family_detailed_076,career_sacrifice_rule,2,3,Both adults should reduce work as equally as possible,0.16
76,pew_work_family_detailed_076,career_sacrifice_rule,3,4,It depends entirely on the family,0.12
77,pew_work_family_detailed_077,hobbies,0,1,Men and women are basically similar,0.72
77,pew_work_family_detailed_077,hobbies,1,2,Men and women are basically different,0.28
77,pew_work_family_detailed_077,physical_abilities,0,1,Men and women are basically similar,0.25
77,pew_work_family_detailed_077,physical_abilities,1,2,Men and women are basically different,0.75
77,pew_work_family_detailed_077,parenting,0,1,Men and women are basically similar,0.32
77,pew_work_family_detailed_077,parenting,1,2,Men and women are basically different,0.68
77,pew_work_family_detailed_077,feelings,0,1,Men and women are basically similar,0.22
77,pew_work_family_detailed_077,feelings,1,2,Men and women are basically different,0.78
77,pew_work_family_detailed_077,workplace,0,1,Men and women are basically similar,0.74
77,pew_work_family_detailed_077,workplace,1,2,Men and women are basically different,0.26
77,pew_work_family_detailed_077,relationship_status,0,1,Married,0.05
77,pew_work_family_detailed_077,relationship_status,1,2,Living with a partner,0.07
77,pew_work_family_detailed_077,relationship_status,2,3,In a relationship but not living together,0.84
77,pew_work_family_detailed_077,relationship_status,3,4,Not currently in a relationship,0.04
77,pew_work_family_detailed_077,children_at_home,0,1,No children under 18,0.88
77,pew_work_family_detailed_077,children_at_home,1,2,At least one child under 6,0.03
77,pew_work_family_detailed_077,children_at_home,2,3,Only children ages 6 to 17,0.06
77,pew_work_family_detailed_077,children_at_home,3,4,Children both under 6 and ages 6 to 17,0.03
77,pew_work_family_detailed_077,household_income,0,1,"Less than $50,000",0.18
77,pew_work_family_detailed_077,household_income,1,2,"$50,000 to $99,999",0.58
77,pew_work_family_detailed_077,household_income,2,3,"$100,000 to $149,999",0.16
77,pew_work_family_detailed_077,household_income,3,4,"$150,000 or more",0.08
77,pew_work_family_detailed_077,marriage_importance,0,1,Not at all important,0.03
77,pew_work_family_detailed_077,marriage_importance,1,2,Not too important,0.06
77,pew_work_family_detailed_077,marriage_importance,2,3,Somewhat important,0.18
77,pew_work_family_detailed_077,marriage_importance,3,4,Very important,0.73
77,pew_work_family_detailed_077,parenthood_importance,0,1,Not at all important,0.03
77,pew_work_family_detailed_077,parenthood_importance,1,2,Not too important,0.05
77,pew_work_family_detailed_077,parenthood_importance,2,3,Somewhat important,0.17
77,pew_work_family_detailed_077,parenthood_importance,3,4,Very important,0.75
77,pew_work_family_detailed_077,paid_work_priority,0,1,Not at all important,0.15
77,pew_work_family_detailed_077,paid_work_priority,1,2,Not too important,0.53
77,pew_work_family_detailed_077,paid_work_priority,2,3,Somewhat important,0.22
77,pew_work_family_detailed_077,paid_work_priority,3,4,Very important,0.1
77,pew_work_family_detailed_077,childcare_division,0,1,One parent should do most of it,0.08
77,pew_work_family_detailed_077,childcare_division,1,2,Both parents should divide it about equally,0.21
77,pew_work_family_detailed_077,childcare_division,2,3,The parent with more available time should do more,0.26
77,pew_work_family_detailed_077,childcare_division,3,4,It depends entirely on the family,0.45
77,pew_work_family_detailed_077,housework_division,0,1,One person should do most of it,0.46
77,pew_work_family_detailed_077,housework_division,1,2,Both adults should divide it about equally,0.24
77,pew_work_family_detailed_077,housework_division,2,3,The person with more available time should do more,0.18
77,pew_work_family_detailed_077,housework_division,3,4,It depends entirely on the household,0.12
77,pew_work_family_detailed_077,financial_decision_style,0,1,The higher earner should usually decide,0.1
77,pew_work_family_detailed_077,financial_decision_style,1,2,The person who manages the money should usually decide,0.46
77,pew_work_family_detailed_077,financial_decision_style,2,3,Both adults should decide together,0.31
77,pew_work_family_detailed_077,financial_decision_style,3,4,It depends on the decision,0.13
77,pew_work_family_detailed_077,career_sacrifice_rule,0,1,The lower earner should reduce work,0.48
77,pew_work_family_detailed_077,career_sacrifice_rule,1,2,The adult with the more flexible job should reduce work,0.24
77,pew_work_family_detailed_077,career_sacrifice_rule,2,3,Both adults should reduce work as equally as possible,0.16
77,pew_work_family_detailed_077,career_sacrifice_rule,3,4,It depends entirely on the family,0.12
78,pew_work_family_detailed_078,hobbies,0,1,Men and women are basically similar,0.22
78,pew_work_family_detailed_078,hobbies,1,2,Men and women are basically different,0.78
78,pew_work_family_detailed_078,physical_abilities,0,1,Men and women are basically similar,0.18
78,pew_work_family_detailed_078,physical_abilities,1,2,Men and women are basically different,0.82
78,pew_work_family_detailed_078,parenting,0,1,Men and women are basically similar,0.29
78,pew_work_family_detailed_078,parenting,1,2,Men and women are basically different,0.71
78,pew_work_family_detailed_078,feelings,0,1,Men and women are basically similar,0.24
78,pew_work_family_detailed_078,feelings,1,2,Men and women are basically different,0.76
78,pew_work_family_detailed_078,workplace,0,1,Men and women are basically similar,0.31
78,pew_work_family_detailed_078,workplace,1,2,Men and women are basically different,0.69
78,pew_work_family_detailed_078,relationship_status,0,1,Married,0.08
78,pew_work_family_detailed_078,relationship_status,1,2,Living with a partner,0.04
78,pew_work_family_detailed_078,relationship_status,2,3,In a relationship but not living together,0.12
78,pew_work_family_detailed_078,relationship_status,3,4,Not currently in a relationship,0.76
78,pew_work_family_detailed_078,children_at_home,0,1,No children under 18,0.84
78,pew_work_family_detailed_078,children_at_home,1,2,At least one child under 6,0.04
78,pew_work_family_detailed_078,children_at_home,2,3,Only children ages 6 to 17,0.08
78,pew_work_family_detailed_078,children_at_home,3,4,Children both under 6 and ages 6 to 17,0.04
78,pew_work_family_detailed_078,household_income,0,1,"Less than $50,000",0.72
78,pew_work_family_detailed_078,household_income,1,2,"$50,000 to $99,999",0.18
78,pew_work_family_detailed_078,household_income,2,3,"$100,000 to $149,999",0.06
78,pew_work_family_detailed_078,household_income,3,4,"$150,000 or more",0.04
78,pew_work_family_detailed_078,marriage_importance,0,1,Not at all important,0.1
78,pew_work_family_detailed_078,marriage_importance,1,2,Not too important,0.18
78,pew_work_family_detailed_078,marriage_importance,2,3,Somewhat important,0.5
78,pew_work_family_detailed_078,marriage_importance,3,4,Very important,0.22
78,pew_work_family_detailed_078,parenthood_importance,0,1,Not at all important,0.11
78,pew_work_family_detailed_078,parenthood_importance,1,2,Not too important,0.17
78,pew_work_family_detailed_078,parenthood_importance,2,3,Somewhat important,0.48
78,pew_work_family_detailed_078,parenthood_importance,3,4,Very important,0.24
78,pew_work_family_detailed_078,paid_work_priority,0,1,Not at all important,0.03
78,pew_work_family_detailed_078,paid_work_priority,1,2,Not too important,0.07
78,pew_work_family_detailed_078,paid_work_priority,2,3,Somewhat important,0.22
78,pew_work_family_detailed_078,paid_work_priority,3,4,Very important,0.68
78,pew_work_family_detailed_078,childcare_division,0,1,One parent should do most of it,0.08
78,pew_work_family_detailed_078,childcare_division,1,2,Both parents should divide it about equally,0.62
78,pew_work_family_detailed_078,childcare_division,2,3,The parent with more available time should do more,0.18
78,pew_work_family_detailed_078,childcare_division,3,4,It depends entirely on the family,0.12
78,pew_work_family_detailed_078,housework_division,0,1,One person should do most of it,0.07
78,pew_work_family_detailed_078,housework_division,1,2,Both adults should divide it about equally,0.64
78,pew_work_family_detailed_078,housework_division,2,3,The person with more available time should do more,0.17
78,pew_work_family_detailed_078,housework_division,3,4,It depends entirely on the household,0.12
78,pew_work_family_detailed_078,financial_decision_style,0,1,The higher earner should usually decide,0.47
78,pew_work_family_detailed_078,financial_decision_style,1,2,The person who manages the money should usually decide,0.18
78,pew_work_family_detailed_078,financial_decision_style,2,3,Both adults should decide together,0.24
78,pew_work_family_detailed_078,financial_decision_style,3,4,It depends on the decision,0.11
78,pew_work_family_detailed_078,career_sacrifice_rule,0,1,The lower earner should reduce work,0.12
78,pew_work_family_detailed_078,career_sacrifice_rule,1,2,The adult with the more flexible job should reduce work,0.2
78,pew_work_family_detailed_078,career_sacrifice_rule,2,3,Both adults should reduce work as equally as possible,0.53
78,pew_work_family_detailed_078,career_sacrifice_rule,3,4,It depends entirely on the family,0.15
79,pew_work_family_detailed_079,hobbies,0,1,Men and women are basically similar,0.22
79,pew_work_family_detailed_079,hobbies,1,2,Men and women are basically different,0.78
79,pew_work_family_detailed_079,physical_abilities,0,1,Men and women are basically similar,0.14
79,pew_work_family_detailed_079,physical_abilities,1,2,Men and women are basically different,0.86
79,pew_work_family_detailed_079,parenting,0,1,Men and women are basically similar,0.28
79,pew_work_family_detailed_079,parenting,1,2,Men and women are basically different,0.72
79,pew_work_family_detailed_079,feelings,0,1,Men and women are basically similar,0.18
79,pew_work_family_detailed_079,feelings,1,2,Men and women are basically different,0.82
79,pew_work_family_detailed_079,workplace,0,1,Men and women are basically similar,0.31
79,pew_work_family_detailed_079,workplace,1,2,Men and women are basically different,0.69
79,pew_work_family_detailed_079,relationship_status,0,1,Married,0.04
79,pew_work_family_detailed_079,relationship_status,1,2,Living with a partner,0.02
79,pew_work_family_detailed_079,relationship_status,2,3,In a relationship but not living together,0.05
79,pew_work_family_detailed_079,relationship_status,3,4,Not currently in a relationship,0.89
79,pew_work_family_detailed_079,children_at_home,0,1,No children under 18,0.03
79,pew_work_family_detailed_079,children_at_home,1,2,At least one child under 6,0.02
79,pew_work_family_detailed_079,children_at_home,2,3,Only children ages 6 to 17,0.92
79,pew_work_family_detailed_079,children_at_home,3,4,Children both under 6 and ages 6 to 17,0.03
79,pew_work_family_detailed_079,household_income,0,1,"Less than $50,000",0.02
79,pew_work_family_detailed_079,household_income,1,2,"$50,000 to $99,999",0.04
79,pew_work_family_detailed_079,household_income,2,3,"$100,000 to $149,999",0.1
79,pew_work_family_detailed_079,household_income,3,4,"$150,000 or more",0.84
79,pew_work_family_detailed_079,marriage_importance,0,1,Not at all important,0.73
79,pew_work_family_detailed_079,marriage_importance,1,2,Not too important,0.17
79,pew_work_family_detailed_079,marriage_importance,2,3,Somewhat important,0.07
79,pew_work_family_detailed_079,marriage_importance,3,4,Very important,0.03
79,pew_work_family_detailed_079,parenthood_importance,0,1,Not at all important,0.22
79,pew_work_family_detailed_079,parenthood_importance,1,2,Not too important,0.49
79,pew_work_family_detailed_079,parenthood_importance,2,3,Somewhat important,0.2
79,pew_work_family_detailed_079,parenthood_importance,3,4,Very important,0.09
79,pew_work_family_detailed_079,paid_work_priority,0,1,Not at all important,0.02
79,pew_work_family_detailed_079,paid_work_priority,1,2,Not too important,0.04
79,pew_work_family_detailed_079,paid_work_priority,2,3,Somewhat important,0.16
79,pew_work_family_detailed_079,paid_work_priority,3,4,Very important,0.78
79,pew_work_family_detailed_079,childcare_division,0,1,One parent should do most of it,0.08
79,pew_work_family_detailed_079,childcare_division,1,2,Both parents should divide it about equally,0.24
79,pew_work_family_detailed_079,childcare_division,2,3,The parent with more available time should do more,0.51
79,pew_work_family_detailed_079,childcare_division,3,4,It depends entirely on the family,0.17
79,pew_work_family_detailed_079,housework_division,0,1,One person should do most of it,0.04
79,pew_work_family_detailed_079,housework_division,1,2,Both adults should divide it about equally,0.24
79,pew_work_family_detailed_079,housework_division,2,3,The person with more available time should do more,0.26
79,pew_work_family_detailed_079,housework_division,3,4,It depends entirely on the household,0.46
79,pew_work_family_detailed_079,financial_decision_style,0,1,The higher earner should usually decide,0.05
79,pew_work_family_detailed_079,financial_decision_style,1,2,The person who manages the money should usually decide,0.09
79,pew_work_family_detailed_079,financial_decision_style,2,3,Both adults should decide together,0.68
79,pew_work_family_detailed_079,financial_decision_style,3,4,It depends on the decision,0.18
79,pew_work_family_detailed_079,career_sacrifice_rule,0,1,The lower earner should reduce work,0.55
79,pew_work_family_detailed_079,career_sacrifice_rule,1,2,The adult with the more flexible job should reduce work,0.2
79,pew_work_family_detailed_079,career_sacrifice_rule,2,3,Both adults should reduce work as equally as possible,0.12
79,pew_work_family_detailed_079,career_sacrifice_rule,3,4,It depends entirely on the family,0.13
80,pew_work_family_detailed_080,hobbies,0,1,Men and women are basically similar,0.25
80,pew_work_family_detailed_080,hobbies,1,2,Men and women are basically different,0.75
80,pew_work_family_detailed_080,physical_abilities,0,1,Men and women are basically similar,0.2
80,pew_work_family_detailed_080,physical_abilities,1,2,Men and women are basically different,0.8
80,pew_work_family_detailed_080,parenting,0,1,Men and women are basically similar,0.77
80,pew_work_family_detailed_080,parenting,1,2,Men and women are basically different,0.23
80,pew_work_family_detailed_080,feelings,0,1,Men and women are basically similar,0.18
80,pew_work_family_detailed_080,feelings,1,2,Men and women are basically different,0.82
80,pew_work_family_detailed_080,workplace,0,1,Men and women are basically similar,0.78
80,pew_work_family_detailed_080,workplace,1,2,Men and women are basically different,0.22
80,pew_work_family_detailed_080,relationship_status,0,1,Married,0.91
80,pew_work_family_detailed_080,relationship_status,1,2,Living with a partner,0.03
80,pew_work_family_detailed_080,relationship_status,2,3,In a relationship but not living together,0.02
80,pew_work_family_detailed_080,relationship_status,3,4,Not currently in a relationship,0.04
80,pew_work_family_detailed_080,children_at_home,0,1,No children under 18,0.88
80,pew_work_family_detailed_080,children_at_home,1,2,At least one child under 6,0.03
80,pew_work_family_detailed_080,children_at_home,2,3,Only children ages 6 to 17,0.05
80,pew_work_family_detailed_080,children_at_home,3,4,Children both under 6 and ages 6 to 17,0.04
80,pew_work_family_detailed_080,household_income,0,1,"Less than $50,000",0.02
80,pew_work_family_detailed_080,household_income,1,2,"$50,000 to $99,999",0.05
80,pew_work_family_detailed_080,household_income,2,3,"$100,000 to $149,999",0.13
80,pew_work_family_detailed_080,household_income,3,4,"$150,000 or more",0.8
80,pew_work_family_detailed_080,marriage_importance,0,1,Not at all important,0.22
80,pew_work_family_detailed_080,marriage_importance,1,2,Not too important,0.48
80,pew_work_family_detailed_080,marriage_importance,2,3,Somewhat important,0.2
80,pew_work_family_detailed_080,marriage_importance,3,4,Very important,0.1
80,pew_work_family_detailed_080,parenthood_importance,0,1,Not at all important,0.24
80,pew_work_family_detailed_080,parenthood_importance,1,2,Not too important,0.45
80,pew_work_family_detailed_080,parenthood_importance,2,3,Somewhat important,0.21
80,pew_work_family_detailed_080,parenthood_importance,3,4,Very important,0.1
80,pew_work_family_detailed_080,paid_work_priority,0,1,Not at all important,0.02
80,pew_work_family_detailed_080,paid_work_priority,1,2,Not too important,0.04
80,pew_work_family_detailed_080,paid_work_priority,2,3,Somewhat important,0.22
80,pew_work_family_detailed_080,paid_work_priority,3,4,Very important,0.72
80,pew_work_family_detailed_080,childcare_division,0,1,One parent should do most of it,0.03
80,pew_work_family_detailed_080,childcare_division,1,2,Both parents should divide it about equally,0.68
80,pew_work_family_detailed_080,childcare_division,2,3,The parent with more available time should do more,0.14
80,pew_work_family_detailed_080,childcare_division,3,4,It depends entirely on the family,0.15
80,pew_work_family_detailed_080,housework_division,0,1,One person should do most of it,0.02
80,pew_work_family_detailed_080,housework_division,1,2,Both adults should divide it about equally,0.7
80,pew_work_family_detailed_080,housework_division,2,3,The person with more available time should do more,0.13
80,pew_work_family_detailed_080,housework_division,3,4,It depends entirely on the household,0.15
80,pew_work_family_detailed_080,financial_decision_style,0,1,The higher earner should usually decide,0.02
80,pew_work_family_detailed_080,financial_decision_style,1,2,The person who manages the money should usually decide,0.05
80,pew_work_family_detailed_080,financial_decision_style,2,3,Both adults should decide together,0.78
80,pew_work_family_detailed_080,financial_decision_style,3,4,It depends on the decision,0.15
80,pew_work_family_detailed_080,career_sacrifice_rule,0,1,The lower earner should reduce work,0.12
80,pew_work_family_detailed_080,career_sacrifice_rule,1,2,The adult with the more flexible job should reduce work,0.2
80,pew_work_family_detailed_080,career_sacrifice_rule,2,3,Both adults should reduce work as equally as possible,0.23
80,pew_work_family_detailed_080,career_sacrifice_rule,3,4,It depends entirely on the family,0.45
81,pew_work_family_detailed_081,hobbies,0,1,Men and women are basically similar,0.72
81,pew_work_family_detailed_081,hobbies,1,2,Men and women are basically different,0.28
81,pew_work_family_detailed_081,physical_abilities,0,1,Men and women are basically similar,0.61
81,pew_work_family_detailed_081,physical_abilities,1,2,Men and women are basically different,0.39
81,pew_work_family_detailed_081,parenting,0,1,Men and women are basically similar,0.32
81,pew_work_family_detailed_081,parenting,1,2,Men and women are basically different,0.68
81,pew_work_family_detailed_081,feelings,0,1,Men and women are basically similar,0.3
81,pew_work_family_detailed_081,feelings,1,2,Men and women are basically different,0.7
81,pew_work_family_detailed_081,workplace,0,1,Men and women are basically similar,0.76
81,pew_work_family_detailed_081,workplace,1,2,Men and women are basically different,0.24
81,pew_work_family_detailed_081,relationship_status,0,1,Married,0.05
81,pew_work_family_detailed_081,relationship_status,1,2,Living with a partner,0.03
81,pew_work_family_detailed_081,relationship_status,2,3,In a relationship but not living together,0.1
81,pew_work_family_detailed_081,relationship_status,3,4,Not currently in a relationship,0.82
81,pew_work_family_detailed_081,children_at_home,0,1,No children under 18,0.88
81,pew_work_family_detailed_081,children_at_home,1,2,At least one child under 6,0.04
81,pew_work_family_detailed_081,children_at_home,2,3,Only children ages 6 to 17,0.06
81,pew_work_family_detailed_081,children_at_home,3,4,Children both under 6 and ages 6 to 17,0.02
81,pew_work_family_detailed_081,household_income,0,1,"Less than $50,000",0.07
81,pew_work_family_detailed_081,household_income,1,2,"$50,000 to $99,999",0.18
81,pew_work_family_detailed_081,household_income,2,3,"$100,000 to $149,999",0.6
81,pew_work_family_detailed_081,household_income,3,4,"$150,000 or more",0.15
81,pew_work_family_detailed_081,marriage_importance,0,1,Not at all important,0.09
81,pew_work_family_detailed_081,marriage_importance,1,2,Not too important,0.19
81,pew_work_family_detailed_081,marriage_importance,2,3,Somewhat important,0.51
81,pew_work_family_detailed_081,marriage_importance,3,4,Very important,0.21
81,pew_work_family_detailed_081,parenthood_importance,0,1,Not at all important,0.18
81,pew_work_family_detailed_081,parenthood_importance,1,2,Not too important,0.48
81,pew_work_family_detailed_081,parenthood_importance,2,3,Somewhat important,0.24
81,pew_work_family_detailed_081,parenthood_importance,3,4,Very important,0.1
81,pew_work_family_detailed_081,paid_work_priority,0,1,Not at all important,0.02
81,pew_work_family_detailed_081,paid_work_priority,1,2,Not too important,0.05
81,pew_work_family_detailed_081,paid_work_priority,2,3,Somewhat important,0.2
81,pew_work_family_detailed_081,paid_work_priority,3,4,Very important,0.73
81,pew_work_family_detailed_081,childcare_division,0,1,One parent should do most of it,0.04
81,pew_work_family_detailed_081,childcare_division,1,2,Both parents should divide it about equally,0.27
81,pew_work_family_detailed_081,childcare_division,2,3,The parent with more available time should do more,0.52
81,pew_work_family_detailed_081,childcare_division,3,4,It depends entirely on the family,0.17
81,pew_work_family_detailed_081,housework_division,0,1,One person should do most of it,0.03
81,pew_work_family_detailed_081,housework_division,1,2,Both adults should divide it about equally,0.58
81,pew_work_family_detailed_081,housework_division,2,3,The person with more available time should do more,0.25
81,pew_work_family_detailed_081,housework_division,3,4,It depends entirely on the household,0.14
81,pew_work_family_detailed_081,financial_decision_style,0,1,The higher earner should usually decide,0.02
81,pew_work_family_detailed_081,financial_decision_style,1,2,The person who manages the money should usually decide,0.08
81,pew_work_family_detailed_081,financial_decision_style,2,3,Both adults should decide together,0.67
81,pew_work_family_detailed_081,financial_decision_style,3,4,It depends on the decision,0.23
81,pew_work_family_detailed_081,career_sacrifice_rule,0,1,The lower earner should reduce work,0.1
81,pew_work_family_detailed_081,career_sacrifice_rule,1,2,The adult with the more flexible job should reduce work,0.25
81,pew_work_family_detailed_081,career_sacrifice_rule,2,3,Both adults should reduce work as equally as possible,0.18
81,pew_work_family_detailed_081,career_sacrifice_rule,3,4,It depends entirely on the family,0.47
82,pew_work_family_detailed_082,hobbies,0,1,Men and women are basically similar,0.72
82,pew_work_family_detailed_082,hobbies,1,2,Men and women are basically different,0.28
82,pew_work_family_detailed_082,physical_abilities,0,1,Men and women are basically similar,0.24
82,pew_work_family_detailed_082,physical_abilities,1,2,Men and women are basically different,0.76
82,pew_work_family_detailed_082,parenting,0,1,Men and women are basically similar,0.32
82,pew_work_family_detailed_082,parenting,1,2,Men and women are basically different,0.68
82,pew_work_family_detailed_082,feelings,0,1,Men and women are basically similar,0.22
82,pew_work_family_detailed_082,feelings,1,2,Men and women are basically different,0.78
82,pew_work_family_detailed_082,workplace,0,1,Men and women are basically similar,0.34
82,pew_work_family_detailed_082,workplace,1,2,Men and women are basically different,0.66
82,pew_work_family_detailed_082,relationship_status,0,1,Married,0.76
82,pew_work_family_detailed_082,relationship_status,1,2,Living with a partner,0.08
82,pew_work_family_detailed_082,relationship_status,2,3,In a relationship but not living together,0.06
82,pew_work_family_detailed_082,relationship_status,3,4,Not currently in a relationship,0.1
82,pew_work_family_detailed_082,children_at_home,0,1,No children under 18,0.82
82,pew_work_family_detailed_082,children_at_home,1,2,At least one child under 6,0.05
82,pew_work_family_detailed_082,children_at_home,2,3,Only children ages 6 to 17,0.09
82,pew_work_family_detailed_082,children_at_home,3,4,Children both under 6 and ages 6 to 17,0.04
82,pew_work_family_detailed_082,household_income,0,1,"Less than $50,000",0.7
82,pew_work_family_detailed_082,household_income,1,2,"$50,000 to $99,999",0.19
82,pew_work_family_detailed_082,household_income,2,3,"$100,000 to $149,999",0.07
82,pew_work_family_detailed_082,household_income,3,4,"$150,000 or more",0.04
82,pew_work_family_detailed_082,marriage_importance,0,1,Not at all important,0.58
82,pew_work_family_detailed_082,marriage_importance,1,2,Not too important,0.22
82,pew_work_family_detailed_082,marriage_importance,2,3,Somewhat important,0.13
82,pew_work_family_detailed_082,marriage_importance,3,4,Very important,0.07
82,pew_work_family_detailed_082,parenthood_importance,0,1,Not at all important,0.05
82,pew_work_family_detailed_082,parenthood_importance,1,2,Not too important,0.07
82,pew_work_family_detailed_082,parenthood_importance,2,3,Somewhat important,0.18
82,pew_work_family_detailed_082,parenthood_importance,3,4,Very important,0.7
82,pew_work_family_detailed_082,paid_work_priority,0,1,Not at all important,0.25
82,pew_work_family_detailed_082,paid_work_priority,1,2,Not too important,0.46
82,pew_work_family_detailed_082,paid_work_priority,2,3,Somewhat important,0.21
82,pew_work_family_detailed_082,paid_work_priority,3,4,Very important,0.08
82,pew_work_family_detailed_082,childcare_division,0,1,One parent should do most of it,0.1
82,pew_work_family_detailed_082,childcare_division,1,2,Both parents should divide it about equally,0.26
82,pew_work_family_detailed_082,childcare_division,2,3,The parent with more available time should do more,0.48
82,pew_work_family_detailed_082,childcare_division,3,4,It depends entirely on the family,0.16
82,pew_work_family_detailed_082,housework_division,0,1,One person should do most of it,0.07
82,pew_work_family_detailed_082,housework_division,1,2,Both adults should divide it about equally,0.56
82,pew_work_family_detailed_082,housework_division,2,3,The person with more available time should do more,0.24
82,pew_work_family_detailed_082,housework_division,3,4,It depends entirely on the household,0.13
82,pew_work_family_detailed_082,financial_decision_style,0,1,The higher earner should usually decide,0.07
82,pew_work_family_detailed_082,financial_decision_style,1,2,The person who manages the money should usually decide,0.5
82,pew_work_family_detailed_082,financial_decision_style,2,3,Both adults should decide together,0.29
82,pew_work_family_detailed_082,financial_decision_style,3,4,It depends on the decision,0.14
82,pew_work_family_detailed_082,career_sacrifice_rule,0,1,The lower earner should reduce work,0.1
82,pew_work_family_detailed_082,career_sacrifice_rule,1,2,The adult with the more flexible job should reduce work,0.25
82,pew_work_family_detailed_082,career_sacrifice_rule,2,3,Both adults should reduce work as equally as possible,0.19
82,pew_work_family_detailed_082,career_sacrifice_rule,3,4,It depends entirely on the family,0.46
83,pew_work_family_detailed_083,hobbies,0,1,Men and women are basically similar,0.24
83,pew_work_family_detailed_083,hobbies,1,2,Men and women are basically different,0.76
83,pew_work_family_detailed_083,physical_abilities,0,1,Men and women are basically similar,0.18
83,pew_work_family_detailed_083,physical_abilities,1,2,Men and women are basically different,0.82
83,pew_work_family_detailed_083,parenting,0,1,Men and women are basically similar,0.28
83,pew_work_family_detailed_083,parenting,1,2,Men and women are basically different,0.72
83,pew_work_family_detailed_083,feelings,0,1,Men and women are basically similar,0.2
83,pew_work_family_detailed_083,feelings,1,2,Men and women are basically different,0.8
83,pew_work_family_detailed_083,workplace,0,1,Men and women are basically similar,0.3
83,pew_work_family_detailed_083,workplace,1,2,Men and women are basically different,0.7
83,pew_work_family_detailed_083,relationship_status,0,1,Married,0.88
83,pew_work_family_detailed_083,relationship_status,1,2,Living with a partner,0.04
83,pew_work_family_detailed_083,relationship_status,2,3,In a relationship but not living together,0.03
83,pew_work_family_detailed_083,relationship_status,3,4,Not currently in a relationship,0.05
83,pew_work_family_detailed_083,children_at_home,0,1,No children under 18,0.05
83,pew_work_family_detailed_083,children_at_home,1,2,At least one child under 6,0.82
83,pew_work_family_detailed_083,children_at_home,2,3,Only children ages 6 to 17,0.04
83,pew_work_family_detailed_083,children_at_home,3,4,Children both under 6 and ages 6 to 17,0.09
83,pew_work_family_detailed_083,household_income,0,1,"Less than $50,000",0.73
83,pew_work_family_detailed_083,household_income,1,2,"$50,000 to $99,999",0.18
83,pew_work_family_detailed_083,household_income,2,3,"$100,000 to $149,999",0.06
83,pew_work_family_detailed_083,household_income,3,4,"$150,000 or more",0.03
83,pew_work_family_detailed_083,marriage_importance,0,1,Not at all important,0.05
83,pew_work_family_detailed_083,marriage_importance,1,2,Not too important,0.12
83,pew_work_family_detailed_083,marriage_importance,2,3,Somewhat important,0.58
83,pew_work_family_detailed_083,marriage_importance,3,4,Very important,0.25
83,pew_work_family_detailed_083,parenthood_importance,0,1,Not at all important,0.02
83,pew_work_family_detailed_083,parenthood_importance,1,2,Not too important,0.03
83,pew_work_family_detailed_083,parenthood_importance,2,3,Somewhat important,0.14
83,pew_work_family_detailed_083,parenthood_importance,3,4,Very important,0.81
83,pew_work_family_detailed_083,paid_work_priority,0,1,Not at all important,0.06
83,pew_work_family_detailed_083,paid_work_priority,1,2,Not too important,0.15
83,pew_work_family_detailed_083,paid_work_priority,2,3,Somewhat important,0.57
83,pew_work_family_detailed_083,paid_work_priority,3,4,Very important,0.22
83,pew_work_family_detailed_083,childcare_division,0,1,One parent should do most of it,0.06
83,pew_work_family_detailed_083,childcare_division,1,2,Both parents should divide it about equally,0.64
83,pew_work_family_detailed_083,childcare_division,2,3,The parent with more available time should do more,0.19
83,pew_work_family_detailed_083,childcare_division,3,4,It depends entirely on the family,0.11
83,pew_work_family_detailed_083,housework_division,0,1,One person should do most of it,0.05
83,pew_work_family_detailed_083,housework_division,1,2,Both adults should divide it about equally,0.66
83,pew_work_family_detailed_083,housework_division,2,3,The person with more available time should do more,0.18
83,pew_work_family_detailed_083,housework_division,3,4,It depends entirely on the household,0.11
83,pew_work_family_detailed_083,financial_decision_style,0,1,The higher earner should usually decide,0.03
83,pew_work_family_detailed_083,financial_decision_style,1,2,The person who manages the money should usually decide,0.08
83,pew_work_family_detailed_083,financial_decision_style,2,3,Both adults should decide together,0.78
83,pew_work_family_detailed_083,financial_decision_style,3,4,It depends on the decision,0.11
83,pew_work_family_detailed_083,career_sacrifice_rule,0,1,The lower earner should reduce work,0.08
83,pew_work_family_detailed_083,career_sacrifice_rule,1,2,The adult with the more flexible job should reduce work,0.22
83,pew_work_family_detailed_083,career_sacrifice_rule,2,3,Both adults should reduce work as equally as possible,0.58
83,pew_work_family_detailed_083,career_sacrifice_rule,3,4,It depends entirely on the family,0.12
84,pew_work_family_detailed_084,hobbies,0,1,Men and women are basically similar,0.22
84,pew_work_family_detailed_084,hobbies,1,2,Men and women are basically different,0.78
84,pew_work_family_detailed_084,physical_abilities,0,1,Men and women are basically similar,0.74
84,pew_work_family_detailed_084,physical_abilities,1,2,Men and women are basically different,0.26
84,pew_work_family_detailed_084,parenting,0,1,Men and women are basically similar,0.27
84,pew_work_family_detailed_084,parenting,1,2,Men and women are basically different,0.73
84,pew_work_family_detailed_084,feelings,0,1,Men and women are basically similar,0.18
84,pew_work_family_detailed_084,feelings,1,2,Men and women are basically different,0.82
84,pew_work_family_detailed_084,workplace,0,1,Men and women are basically similar,0.34
84,pew_work_family_detailed_084,workplace,1,2,Men and women are basically different,0.66
84,pew_work_family_detailed_084,relationship_status,0,1,Married,0.02
84,pew_work_family_detailed_084,relationship_status,1,2,Living with a partner,0.03
84,pew_work_family_detailed_084,relationship_status,2,3,In a relationship but not living together,0.9
84,pew_work_family_detailed_084,relationship_status,3,4,Not currently in a relationship,0.05
84,pew_work_family_detailed_084,children_at_home,0,1,No children under 18,0.04
84,pew_work_family_detailed_084,children_at_home,1,2,At least one child under 6,0.86
84,pew_work_family_detailed_084,children_at_home,2,3,Only children ages 6 to 17,0.03
84,pew_work_family_detailed_084,children_at_home,3,4,Children both under 6 and ages 6 to 17,0.07
84,pew_work_family_detailed_084,household_income,0,1,"Less than $50,000",0.82
84,pew_work_family_detailed_084,household_income,1,2,"$50,000 to $99,999",0.12
84,pew_work_family_detailed_084,household_income,2,3,"$100,000 to $149,999",0.04
84,pew_work_family_detailed_084,household_income,3,4,"$150,000 or more",0.02
84,pew_work_family_detailed_084,marriage_importance,0,1,Not at all important,0.7
84,pew_work_family_detailed_084,marriage_importance,1,2,Not too important,0.18
84,pew_work_family_detailed_084,marriage_importance,2,3,Somewhat important,0.08
84,pew_work_family_detailed_084,marriage_importance,3,4,Very important,0.04
84,pew_work_family_detailed_084,parenthood_importance,0,1,Not at all important,0.03
84,pew_work_family_detailed_084,parenthood_importance,1,2,Not too important,0.04
84,pew_work_family_detailed_084,parenthood_importance,2,3,Somewhat important,0.13
84,pew_work_family_detailed_084,parenthood_importance,3,4,Very important,0.8
84,pew_work_family_detailed_084,paid_work_priority,0,1,Not at all important,0.08
84,pew_work_family_detailed_084,paid_work_priority,1,2,Not too important,0.16
84,pew_work_family_detailed_084,paid_work_priority,2,3,Somewhat important,0.58
84,pew_work_family_detailed_084,paid_work_priority,3,4,Very important,0.18
84,pew_work_family_detailed_084,childcare_division,0,1,One parent should do most of it,0.47
84,pew_work_family_detailed_084,childcare_division,1,2,Both parents should divide it about equally,0.24
84,pew_work_family_detailed_084,childcare_division,2,3,The parent with more available time should do more,0.18
84,pew_work_family_detailed_084,childcare_division,3,4,It depends entirely on the family,0.11
84,pew_work_family_detailed_084,housework_division,0,1,One person should do most of it,0.08
84,pew_work_family_detailed_084,housework_division,1,2,Both adults should divide it about equally,0.62
84,pew_work_family_detailed_084,housework_division,2,3,The person with more available time should do more,0.18
84,pew_work_family_detailed_084,housework_division,3,4,It depends entirely on the household,0.12
84,pew_work_family_detailed_084,financial_decision_style,0,1,The higher earner should usually decide,0.03
84,pew_work_family_detailed_084,financial_decision_style,1,2,The person who manages the money should usually decide,0.06
84,pew_work_family_detailed_084,financial_decision_style,2,3,Both adults should decide together,0.81
84,pew_work_family_detailed_084,financial_decision_style,3,4,It depends on the decision,0.1
84,pew_work_family_detailed_084,career_sacrifice_rule,0,1,The lower earner should reduce work,0.1
84,pew_work_family_detailed_084,career_sacrifice_rule,1,2,The adult with the more flexible job should reduce work,0.21
84,pew_work_family_detailed_084,career_sacrifice_rule,2,3,Both adults should reduce work as equally as possible,0.54
84,pew_work_family_detailed_084,career_sacrifice_rule,3,4,It depends entirely on the family,0.15
85,pew_work_family_detailed_085,hobbies,0,1,Men and women are basically similar,0.28
85,pew_work_family_detailed_085,hobbies,1,2,Men and women are basically different,0.72
85,pew_work_family_detailed_085,physical_abilities,0,1,Men and women are basically similar,0.12
85,pew_work_family_detailed_085,physical_abilities,1,2,Men and women are basically different,0.88
85,pew_work_family_detailed_085,parenting,0,1,Men and women are basically similar,0.35
85,pew_work_family_detailed_085,parenting,1,2,Men and women are basically different,0.65
85,pew_work_family_detailed_085,feelings,0,1,Men and women are basically similar,0.64
85,pew_work_family_detailed_085,feelings,1,2,Men and women are basically different,0.36
85,pew_work_family_detailed_085,workplace,0,1,Men and women are basically similar,0.38
85,pew_work_family_detailed_085,workplace,1,2,Men and women are basically different,0.62
85,pew_work_family_detailed_085,relationship_status,0,1,Married,0.08
85,pew_work_family_detailed_085,relationship_status,1,2,Living with a partner,0.04
85,pew_work_family_detailed_085,relationship_status,2,3,In a relationship but not living together,0.1
85,pew_work_family_detailed_085,relationship_status,3,4,Not currently in a relationship,0.78
85,pew_work_family_detailed_085,children_at_home,0,1,No children under 18,0.86
85,pew_work_family_detailed_085,children_at_home,1,2,At least one child under 6,0.04
85,pew_work_family_detailed_085,children_at_home,2,3,Only children ages 6 to 17,0.07
85,pew_work_family_detailed_085,children_at_home,3,4,Children both under 6 and ages 6 to 17,0.03
85,pew_work_family_detailed_085,household_income,0,1,"Less than $50,000",0.75
85,pew_work_family_detailed_085,household_income,1,2,"$50,000 to $99,999",0.16
85,pew_work_family_detailed_085,household_income,2,3,"$100,000 to $149,999",0.06
85,pew_work_family_detailed_085,household_income,3,4,"$150,000 or more",0.03
85,pew_work_family_detailed_085,marriage_importance,0,1,Not at all important,0.62
85,pew_work_family_detailed_085,marriage_importance,1,2,Not too important,0.22
85,pew_work_family_detailed_085,marriage_importance,2,3,Somewhat important,0.11
85,pew_work_family_detailed_085,marriage_importance,3,4,Very important,0.05
85,pew_work_family_detailed_085,parenthood_importance,0,1,Not at all important,0.28
85,pew_work_family_detailed_085,parenthood_importance,1,2,Not too important,0.44
85,pew_work_family_detailed_085,parenthood_importance,2,3,Somewhat important,0.2
85,pew_work_family_detailed_085,parenthood_importance,3,4,Very important,0.08
85,pew_work_family_detailed_085,paid_work_priority,0,1,Not at all important,0.08
85,pew_work_family_detailed_085,paid_work_priority,1,2,Not too important,0.22
85,pew_work_family_detailed_085,paid_work_priority,2,3,Somewhat important,0.52
85,pew_work_family_detailed_085,paid_work_priority,3,4,Very important,0.18
85,pew_work_family_detailed_085,childcare_division,0,1,One parent should do most of it,0.08
85,pew_work_family_detailed_085,childcare_division,1,2,Both parents should divide it about equally,0.26
85,pew_work_family_detailed_085,childcare_division,2,3,The parent with more available time should do more,0.48
85,pew_work_family_detailed_085,childcare_division,3,4,It depends entirely on the family,0.18
85,pew_work_family_detailed_085,housework_division,0,1,One person should do most of it,0.07
85,pew_work_family_detailed_085,housework_division,1,2,Both adults should divide it about equally,0.3
85,pew_work_family_detailed_085,housework_division,2,3,The person with more available time should do more,0.46
85,pew_work_family_detailed_085,housework_division,3,4,It depends entirely on the household,0.17
85,pew_work_family_detailed_085,financial_decision_style,0,1,The higher earner should usually decide,0.44
85,pew_work_family_detailed_085,financial_decision_style,1,2,The person who manages the money should usually decide,0.2
85,pew_work_family_detailed_085,financial_decision_style,2,3,Both adults should decide together,0.25
85,pew_work_family_detailed_085,financial_decision_style,3,4,It depends on the decision,0.11
85,pew_work_family_detailed_085,career_sacrifice_rule,0,1,The lower earner should reduce work,0.18
85,pew_work_family_detailed_085,career_sacrifice_rule,1,2,The adult with the more flexible job should reduce work,0.47
85,pew_work_family_detailed_085,career_sacrifice_rule,2,3,Both adults should reduce work as equally as possible,0.22
85,pew_work_family_detailed_085,career_sacrifice_rule,3,4,It depends entirely on the family,0.13
86,pew_work_family_detailed_086,hobbies,0,1,Men and women are basically similar,0.24
86,pew_work_family_detailed_086,hobbies,1,2,Men and women are basically different,0.76
86,pew_work_family_detailed_086,physical_abilities,0,1,Men and women are basically similar,0.21
86,pew_work_family_detailed_086,physical_abilities,1,2,Men and women are basically different,0.79
86,pew_work_family_detailed_086,parenting,0,1,Men and women are basically similar,0.25
86,pew_work_family_detailed_086,parenting,1,2,Men and women are basically different,0.75
86,pew_work_family_detailed_086,feelings,0,1,Men and women are basically similar,0.74
86,pew_work_family_detailed_086,feelings,1,2,Men and women are basically different,0.26
86,pew_work_family_detailed_086,workplace,0,1,Men and women are basically similar,0.78
86,pew_work_family_detailed_086,workplace,1,2,Men and women are basically different,0.22
86,pew_work_family_detailed_086,relationship_status,0,1,Married,0.08
86,pew_work_family_detailed_086,relationship_status,1,2,Living with a partner,0.03
86,pew_work_family_detailed_086,relationship_status,2,3,In a relationship but not living together,0.04
86,pew_work_family_detailed_086,relationship_status,3,4,Not currently in a relationship,0.85
86,pew_work_family_detailed_086,children_at_home,0,1,No children under 18,0.05
86,pew_work_family_detailed_086,children_at_home,1,2,At least one child under 6,0.06
86,pew_work_family_detailed_086,children_at_home,2,3,Only children ages 6 to 17,0.84
86,pew_work_family_detailed_086,children_at_home,3,4,Children both under 6 and ages 6 to 17,0.05
86,pew_work_family_detailed_086,household_income,0,1,"Less than $50,000",0.03
86,pew_work_family_detailed_086,household_income,1,2,"$50,000 to $99,999",0.06
86,pew_work_family_detailed_086,household_income,2,3,"$100,000 to $149,999",0.1
86,pew_work_family_detailed_086,household_income,3,4,"$150,000 or more",0.81
86,pew_work_family_detailed_086,marriage_importance,0,1,Not at all important,0.8
86,pew_work_family_detailed_086,marriage_importance,1,2,Not too important,0.12
86,pew_work_family_detailed_086,marriage_importance,2,3,Somewhat important,0.05
86,pew_work_family_detailed_086,marriage_importance,3,4,Very important,0.03
86,pew_work_family_detailed_086,parenthood_importance,0,1,Not at all important,0.79
86,pew_work_family_detailed_086,parenthood_importance,1,2,Not too important,0.13
86,pew_work_family_detailed_086,parenthood_importance,2,3,Somewhat important,0.05
86,pew_work_family_detailed_086,parenthood_importance,3,4,Very important,0.03
86,pew_work_family_detailed_086,paid_work_priority,0,1,Not at all important,0.02
86,pew_work_family_detailed_086,paid_work_priority,1,2,Not too important,0.04
86,pew_work_family_detailed_086,paid_work_priority,2,3,Somewhat important,0.14
86,pew_work_family_detailed_086,paid_work_priority,3,4,Very important,0.8
86,pew_work_family_detailed_086,childcare_division,0,1,One parent should do most of it,0.05
86,pew_work_family_detailed_086,childcare_division,1,2,Both parents should divide it about equally,0.23
86,pew_work_family_detailed_086,childcare_division,2,3,The parent with more available time should do more,0.22
86,pew_work_family_detailed_086,childcare_division,3,4,It depends entirely on the family,0.5
86,pew_work_family_detailed_086,housework_division,0,1,One person should do most of it,0.04
86,pew_work_family_detailed_086,housework_division,1,2,Both adults should divide it about equally,0.26
86,pew_work_family_detailed_086,housework_division,2,3,The person with more available time should do more,0.55
86,pew_work_family_detailed_086,housework_division,3,4,It depends entirely on the household,0.15
86,pew_work_family_detailed_086,financial_decision_style,0,1,The higher earner should usually decide,0.46
86,pew_work_family_detailed_086,financial_decision_style,1,2,The person who manages the money should usually decide,0.18
86,pew_work_family_detailed_086,financial_decision_style,2,3,Both adults should decide together,0.24
86,pew_work_family_detailed_086,financial_decision_style,3,4,It depends on the decision,0.12
86,pew_work_family_detailed_086,career_sacrifice_rule,0,1,The lower earner should reduce work,0.06
86,pew_work_family_detailed_086,career_sacrifice_rule,1,2,The adult with the more flexible job should reduce work,0.2
86,pew_work_family_detailed_086,career_sacrifice_rule,2,3,Both adults should reduce work as equally as possible,0.55
86,pew_work_family_detailed_086,career_sacrifice_rule,3,4,It depends entirely on the family,0.19
87,pew_work_family_detailed_087,hobbies,0,1,Men and women are basically similar,0.25
87,pew_work_family_detailed_087,hobbies,1,2,Men and women are basically different,0.75
87,pew_work_family_detailed_087,physical_abilities,0,1,Men and women are basically similar,0.72
87,pew_work_family_detailed_087,physical_abilities,1,2,Men and women are basically different,0.28
87,pew_work_family_detailed_087,parenting,0,1,Men and women are basically similar,0.31
87,pew_work_family_detailed_087,parenting,1,2,Men and women are basically different,0.69
87,pew_work_family_detailed_087,feelings,0,1,Men and women are basically similar,0.22
87,pew_work_family_detailed_087,feelings,1,2,Men and women are basically different,0.78
87,pew_work_family_detailed_087,workplace,0,1,Men and women are basically similar,0.76
87,pew_work_family_detailed_087,workplace,1,2,Men and women are basically different,0.24
87,pew_work_family_detailed_087,relationship_status,0,1,Married,0.15
87,pew_work_family_detailed_087,relationship_status,1,2,Living with a partner,0.72
87,pew_work_family_detailed_087,relationship_status,2,3,In a relationship but not living together,0.07
87,pew_work_family_detailed_087,relationship_status,3,4,Not currently in a relationship,0.06
87,pew_work_family_detailed_087,children_at_home,0,1,No children under 18,0.86
87,pew_work_family_detailed_087,children_at_home,1,2,At least one child under 6,0.04
87,pew_work_family_detailed_087,children_at_home,2,3,Only children ages 6 to 17,0.06
87,pew_work_family_detailed_087,children_at_home,3,4,Children both under 6 and ages 6 to 17,0.04
87,pew_work_family_detailed_087,household_income,0,1,"Less than $50,000",0.06
87,pew_work_family_detailed_087,household_income,1,2,"$50,000 to $99,999",0.18
87,pew_work_family_detailed_087,household_income,2,3,"$100,000 to $149,999",0.62
87,pew_work_family_detailed_087,household_income,3,4,"$150,000 or more",0.14
87,pew_work_family_detailed_087,marriage_importance,0,1,Not at all important,0.19
87,pew_work_family_detailed_087,marriage_importance,1,2,Not too important,0.46
87,pew_work_family_detailed_087,marriage_importance,2,3,Somewhat important,0.25
87,pew_work_family_detailed_087,marriage_importance,3,4,Very important,0.1
87,pew_work_family_detailed_087,parenthood_importance,0,1,Not at all important,0.03
87,pew_work_family_detailed_087,parenthood_importance,1,2,Not too important,0.05
87,pew_work_family_detailed_087,parenthood_importance,2,3,Somewhat important,0.2
87,pew_work_family_detailed_087,parenthood_importance,3,4,Very important,0.72
87,pew_work_family_detailed_087,paid_work_priority,0,1,Not at all important,0.06
87,pew_work_family_detailed_087,paid_work_priority,1,2,Not too important,0.18
87,pew_work_family_detailed_087,paid_work_priority,2,3,Somewhat important,0.55
87,pew_work_family_detailed_087,paid_work_priority,3,4,Very important,0.21
87,pew_work_family_detailed_087,childcare_division,0,1,One parent should do most of it,0.05
87,pew_work_family_detailed_087,childcare_division,1,2,Both parents should divide it about equally,0.69
87,pew_work_family_detailed_087,childcare_division,2,3,The parent with more available time should do more,0.17
87,pew_work_family_detailed_087,childcare_division,3,4,It depends entirely on the family,0.09
87,pew_work_family_detailed_087,housework_division,0,1,One person should do most of it,0.04
87,pew_work_family_detailed_087,housework_division,1,2,Both adults should divide it about equally,0.25
87,pew_work_family_detailed_087,housework_division,2,3,The person with more available time should do more,0.57
87,pew_work_family_detailed_087,housework_division,3,4,It depends entirely on the household,0.14
87,pew_work_family_detailed_087,financial_decision_style,0,1,The higher earner should usually decide,0.04
87,pew_work_family_detailed_087,financial_decision_style,1,2,The person who manages the money should usually decide,0.11
87,pew_work_family_detailed_087,financial_decision_style,2,3,Both adults should decide together,0.34
87,pew_work_family_detailed_087,financial_decision_style,3,4,It depends on the decision,0.51
87,pew_work_family_detailed_087,career_sacrifice_rule,0,1,The lower earner should reduce work,0.5
87,pew_work_family_detailed_087,career_sacrifice_rule,1,2,The adult with the more flexible job should reduce work,0.24
87,pew_work_family_detailed_087,career_sacrifice_rule,2,3,Both adults should reduce work as equally as possible,0.16
87,pew_work_family_detailed_087,career_sacrifice_rule,3,4,It depends entirely on the family,0.1
88,pew_work_family_detailed_088,hobbies,0,1,Men and women are basically similar,0.73
88,pew_work_family_detailed_088,hobbies,1,2,Men and women are basically different,0.27
88,pew_work_family_detailed_088,physical_abilities,0,1,Men and women are basically similar,0.22
88,pew_work_family_detailed_088,physical_abilities,1,2,Men and women are basically different,0.78
88,pew_work_family_detailed_088,parenting,0,1,Men and women are basically similar,0.68
88,pew_work_family_detailed_088,parenting,1,2,Men and women are basically different,0.32
88,pew_work_family_detailed_088,feelings,0,1,Men and women are basically similar,0.31
88,pew_work_family_detailed_088,feelings,1,2,Men and women are basically different,0.69
88,pew_work_family_detailed_088,workplace,0,1,Men and women are basically similar,0.76
88,pew_work_family_detailed_088,workplace,1,2,Men and women are basically different,0.24
88,pew_work_family_detailed_088,relationship_status,0,1,Married,0.91
88,pew_work_family_detailed_088,relationship_status,1,2,Living with a partner,0.03
88,pew_work_family_detailed_088,relationship_status,2,3,In a relationship but not living together,0.03
88,pew_work_family_detailed_088,relationship_status,3,4,Not currently in a relationship,0.03
88,pew_work_family_detailed_088,children_at_home,0,1,No children under 18,0.88
88,pew_work_family_detailed_088,children_at_home,1,2,At least one child under 6,0.04
88,pew_work_family_detailed_088,children_at_home,2,3,Only children ages 6 to 17,0.05
88,pew_work_family_detailed_088,children_at_home,3,4,Children both under 6 and ages 6 to 17,0.03
88,pew_work_family_detailed_088,household_income,0,1,"Less than $50,000",0.82
88,pew_work_family_detailed_088,household_income,1,2,"$50,000 to $99,999",0.09
88,pew_work_family_detailed_088,household_income,2,3,"$100,000 to $149,999",0.05
88,pew_work_family_detailed_088,household_income,3,4,"$150,000 or more",0.04
88,pew_work_family_detailed_088,marriage_importance,0,1,Not at all important,0.04
88,pew_work_family_detailed_088,marriage_importance,1,2,Not too important,0.05
88,pew_work_family_detailed_088,marriage_importance,2,3,Somewhat important,0.14
88,pew_work_family_detailed_088,marriage_importance,3,4,Very important,0.77
88,pew_work_family_detailed_088,parenthood_importance,0,1,Not at all important,0.72
88,pew_work_family_detailed_088,parenthood_importance,1,2,Not too important,0.16
88,pew_work_family_detailed_088,parenthood_importance,2,3,Somewhat important,0.08
88,pew_work_family_detailed_088,parenthood_importance,3,4,Very important,0.04
88,pew_work_family_detailed_088,paid_work_priority,0,1,Not at all important,0.7
88,pew_work_family_detailed_088,paid_work_priority,1,2,Not too important,0.17
88,pew_work_family_detailed_088,paid_work_priority,2,3,Somewhat important,0.09
88,pew_work_family_detailed_088,paid_work_priority,3,4,Very important,0.04
88,pew_work_family_detailed_088,childcare_division,0,1,One parent should do most of it,0.51
88,pew_work_family_detailed_088,childcare_division,1,2,Both parents should divide it about equally,0.24
88,pew_work_family_detailed_088,childcare_division,2,3,The parent with more available time should do more,0.15
88,pew_work_family_detailed_088,childcare_division,3,4,It depends entirely on the family,0.1
88,pew_work_family_detailed_088,housework_division,0,1,One person should do most of it,0.09
88,pew_work_family_detailed_088,housework_division,1,2,Both adults should divide it about equally,0.64
88,pew_work_family_detailed_088,housework_division,2,3,The person with more available time should do more,0.17
88,pew_work_family_detailed_088,housework_division,3,4,It depends entirely on the household,0.1
88,pew_work_family_detailed_088,financial_decision_style,0,1,The higher earner should usually decide,0.05
88,pew_work_family_detailed_088,financial_decision_style,1,2,The person who manages the money should usually decide,0.15
88,pew_work_family_detailed_088,financial_decision_style,2,3,Both adults should decide together,0.3
88,pew_work_family_detailed_088,financial_decision_style,3,4,It depends on the decision,0.5
88,pew_work_family_detailed_088,career_sacrifice_rule,0,1,The lower earner should reduce work,0.11
88,pew_work_family_detailed_088,career_sacrifice_rule,1,2,The adult with the more flexible job should reduce work,0.21
88,pew_work_family_detailed_088,career_sacrifice_rule,2,3,Both adults should reduce work as equally as possible,0.52
88,pew_work_family_detailed_088,career_sacrifice_rule,3,4,It depends entirely on the family,0.16
89,pew_work_family_detailed_089,hobbies,0,1,Men and women are basically similar,0.72
89,pew_work_family_detailed_089,hobbies,1,2,Men and women are basically different,0.28
89,pew_work_family_detailed_089,physical_abilities,0,1,Men and women are basically similar,0.22
89,pew_work_family_detailed_089,physical_abilities,1,2,Men and women are basically different,0.78
89,pew_work_family_detailed_089,parenting,0,1,Men and women are basically similar,0.24
89,pew_work_family_detailed_089,parenting,1,2,Men and women are basically different,0.76
89,pew_work_family_detailed_089,feelings,0,1,Men and women are basically similar,0.21
89,pew_work_family_detailed_089,feelings,1,2,Men and women are basically different,0.79
89,pew_work_family_detailed_089,workplace,0,1,Men and women are basically similar,0.74
89,pew_work_family_detailed_089,workplace,1,2,Men and women are basically different,0.26
89,pew_work_family_detailed_089,relationship_status,0,1,Married,0.04
89,pew_work_family_detailed_089,relationship_status,1,2,Living with a partner,0.02
89,pew_work_family_detailed_089,relationship_status,2,3,In a relationship but not living together,0.08
89,pew_work_family_detailed_089,relationship_status,3,4,Not currently in a relationship,0.86
89,pew_work_family_detailed_089,children_at_home,0,1,No children under 18,0.88
89,pew_work_family_detailed_089,children_at_home,1,2,At least one child under 6,0.04
89,pew_work_family_detailed_089,children_at_home,2,3,Only children ages 6 to 17,0.05
89,pew_work_family_detailed_089,children_at_home,3,4,Children both under 6 and ages 6 to 17,0.03
89,pew_work_family_detailed_089,household_income,0,1,"Less than $50,000",0.05
89,pew_work_family_detailed_089,household_income,1,2,"$50,000 to $99,999",0.18
89,pew_work_family_detailed_089,household_income,2,3,"$100,000 to $149,999",0.62
89,pew_work_family_detailed_089,household_income,3,4,"$150,000 or more",0.15
89,pew_work_family_detailed_089,marriage_importance,0,1,Not at all important,0.64
89,pew_work_family_detailed_089,marriage_importance,1,2,Not too important,0.22
89,pew_work_family_detailed_089,marriage_importance,2,3,Somewhat important,0.1
89,pew_work_family_detailed_089,marriage_importance,3,4,Very important,0.04
89,pew_work_family_detailed_089,parenthood_importance,0,1,Not at all important,0.03
89,pew_work_family_detailed_089,parenthood_importance,1,2,Not too important,0.05
89,pew_work_family_detailed_089,parenthood_importance,2,3,Somewhat important,0.17
89,pew_work_family_detailed_089,parenthood_importance,3,4,Very important,0.75
89,pew_work_family_detailed_089,paid_work_priority,0,1,Not at all important,0.18
89,pew_work_family_detailed_089,paid_work_priority,1,2,Not too important,0.52
89,pew_work_family_detailed_089,paid_work_priority,2,3,Somewhat important,0.22
89,pew_work_family_detailed_089,paid_work_priority,3,4,Very important,0.08
89,pew_work_family_detailed_089,childcare_division,0,1,One parent should do most of it,0.06
89,pew_work_family_detailed_089,childcare_division,1,2,Both parents should divide it about equally,0.23
89,pew_work_family_detailed_089,childcare_division,2,3,The parent with more available time should do more,0.25
89,pew_work_family_detailed_089,childcare_division,3,4,It depends entirely on the family,0.46
89,pew_work_family_detailed_089,housework_division,0,1,One person should do most of it,0.06
89,pew_work_family_detailed_089,housework_division,1,2,Both adults should divide it about equally,0.54
89,pew_work_family_detailed_089,housework_division,2,3,The person with more available time should do more,0.25
89,pew_work_family_detailed_089,housework_division,3,4,It depends entirely on the household,0.15
89,pew_work_family_detailed_089,financial_decision_style,0,1,The higher earner should usually decide,0.49
89,pew_work_family_detailed_089,financial_decision_style,1,2,The person who manages the money should usually decide,0.13
89,pew_work_family_detailed_089,financial_decision_style,2,3,Both adults should decide together,0.26
89,pew_work_family_detailed_089,financial_decision_style,3,4,It depends on the decision,0.12
89,pew_work_family_detailed_089,career_sacrifice_rule,0,1,The lower earner should reduce work,0.47
89,pew_work_family_detailed_089,career_sacrifice_rule,1,2,The adult with the more flexible job should reduce work,0.22
89,pew_work_family_detailed_089,career_sacrifice_rule,2,3,Both adults should reduce work as equally as possible,0.16
89,pew_work_family_detailed_089,career_sacrifice_rule,3,4,It depends entirely on the family,0.15
90,pew_work_family_detailed_090,hobbies,0,1,Men and women are basically similar,0.24
90,pew_work_family_detailed_090,hobbies,1,2,Men and women are basically different,0.76
90,pew_work_family_detailed_090,physical_abilities,0,1,Men and women are basically similar,0.66
90,pew_work_family_detailed_090,physical_abilities,1,2,Men and women are basically different,0.34
90,pew_work_family_detailed_090,parenting,0,1,Men and women are basically similar,0.28
90,pew_work_family_detailed_090,parenting,1,2,Men and women are basically different,0.72
90,pew_work_family_detailed_090,feelings,0,1,Men and women are basically similar,0.21
90,pew_work_family_detailed_090,feelings,1,2,Men and women are basically different,0.79
90,pew_work_family_detailed_090,workplace,0,1,Men and women are basically similar,0.32
90,pew_work_family_detailed_090,workplace,1,2,Men and women are basically different,0.68
90,pew_work_family_detailed_090,relationship_status,0,1,Married,0.08
90,pew_work_family_detailed_090,relationship_status,1,2,Living with a partner,0.04
90,pew_work_family_detailed_090,relationship_status,2,3,In a relationship but not living together,0.12
90,pew_work_family_detailed_090,relationship_status,3,4,Not currently in a relationship,0.76
90,pew_work_family_detailed_090,children_at_home,0,1,No children under 18,0.82
90,pew_work_family_detailed_090,children_at_home,1,2,At least one child under 6,0.05
90,pew_work_family_detailed_090,children_at_home,2,3,Only children ages 6 to 17,0.09
90,pew_work_family_detailed_090,children_at_home,3,4,Children both under 6 and ages 6 to 17,0.04
90,pew_work_family_detailed_090,household_income,0,1,"Less than $50,000",0.19
90,pew_work_family_detailed_090,household_income,1,2,"$50,000 to $99,999",0.51
90,pew_work_family_detailed_090,household_income,2,3,"$100,000 to $149,999",0.19
90,pew_work_family_detailed_090,household_income,3,4,"$150,000 or more",0.11
90,pew_work_family_detailed_090,marriage_importance,0,1,Not at all important,0.08
90,pew_work_family_detailed_090,marriage_importance,1,2,Not too important,0.19
90,pew_work_family_detailed_090,marriage_importance,2,3,Somewhat important,0.48
90,pew_work_family_detailed_090,marriage_importance,3,4,Very important,0.25
90,pew_work_family_detailed_090,parenthood_importance,0,1,Not at all important,0.09
90,pew_work_family_detailed_090,parenthood_importance,1,2,Not too important,0.18
90,pew_work_family_detailed_090,parenthood_importance,2,3,Somewhat important,0.47
90,pew_work_family_detailed_090,parenthood_importance,3,4,Very important,0.26
90,pew_work_family_detailed_090,paid_work_priority,0,1,Not at all important,0.03
90,pew_work_family_detailed_090,paid_work_priority,1,2,Not too important,0.07
90,pew_work_family_detailed_090,paid_work_priority,2,3,Somewhat important,0.22
90,pew_work_family_detailed_090,paid_work_priority,3,4,Very important,0.68
90,pew_work_family_detailed_090,childcare_division,0,1,One parent should do most of it,0.08
90,pew_work_family_detailed_090,childcare_division,1,2,Both parents should divide it about equally,0.58
90,pew_work_family_detailed_090,childcare_division,2,3,The parent with more available time should do more,0.21
90,pew_work_family_detailed_090,childcare_division,3,4,It depends entirely on the family,0.13
90,pew_work_family_detailed_090,housework_division,0,1,One person should do most of it,0.07
90,pew_work_family_detailed_090,housework_division,1,2,Both adults should divide it about equally,0.61
90,pew_work_family_detailed_090,housework_division,2,3,The person with more available time should do more,0.21
90,pew_work_family_detailed_090,housework_division,3,4,It depends entirely on the household,0.11
90,pew_work_family_detailed_090,financial_decision_style,0,1,The higher earner should usually decide,0.13
90,pew_work_family_detailed_090,financial_decision_style,1,2,The person who manages the money should usually decide,0.41
90,pew_work_family_detailed_090,financial_decision_style,2,3,Both adults should decide together,0.32
90,pew_work_family_detailed_090,financial_decision_style,3,4,It depends on the decision,0.14
90,pew_work_family_detailed_090,career_sacrifice_rule,0,1,The lower earner should reduce work,0.46
90,pew_work_family_detailed_090,career_sacrifice_rule,1,2,The adult with the more flexible job should reduce work,0.27
90,pew_work_family_detailed_090,career_sacrifice_rule,2,3,Both adults should reduce work as equally as possible,0.16
90,pew_work_family_detailed_090,career_sacrifice_rule,3,4,It depends entirely on the family,0.11
91,pew_work_family_detailed_091,hobbies,0,1,Men and women are basically similar,0.22
91,pew_work_family_detailed_091,hobbies,1,2,Men and women are basically different,0.78
91,pew_work_family_detailed_091,physical_abilities,0,1,Men and women are basically similar,0.18
91,pew_work_family_detailed_091,physical_abilities,1,2,Men and women are basically different,0.82
91,pew_work_family_detailed_091,parenting,0,1,Men and women are basically similar,0.27
91,pew_work_family_detailed_091,parenting,1,2,Men and women are basically different,0.73
91,pew_work_family_detailed_091,feelings,0,1,Men and women are basically similar,0.21
91,pew_work_family_detailed_091,feelings,1,2,Men and women are basically different,0.79
91,pew_work_family_detailed_091,workplace,0,1,Men and women are basically similar,0.76
91,pew_work_family_detailed_091,workplace,1,2,Men and women are basically different,0.24
91,pew_work_family_detailed_091,relationship_status,0,1,Married,0.91
91,pew_work_family_detailed_091,relationship_status,1,2,Living with a partner,0.03
91,pew_work_family_detailed_091,relationship_status,2,3,In a relationship but not living together,0.02
91,pew_work_family_detailed_091,relationship_status,3,4,Not currently in a relationship,0.04
91,pew_work_family_detailed_091,children_at_home,0,1,No children under 18,0.03
91,pew_work_family_detailed_091,children_at_home,1,2,At least one child under 6,0.86
91,pew_work_family_detailed_091,children_at_home,2,3,Only children ages 6 to 17,0.04
91,pew_work_family_detailed_091,children_at_home,3,4,Children both under 6 and ages 6 to 17,0.07
91,pew_work_family_detailed_091,household_income,0,1,"Less than $50,000",0.02
91,pew_work_family_detailed_091,household_income,1,2,"$50,000 to $99,999",0.05
91,pew_work_family_detailed_091,household_income,2,3,"$100,000 to $149,999",0.12
91,pew_work_family_detailed_091,household_income,3,4,"$150,000 or more",0.81
91,pew_work_family_detailed_091,marriage_importance,0,1,Not at all important,0.01
91,pew_work_family_detailed_091,marriage_importance,1,2,Not too important,0.03
91,pew_work_family_detailed_091,marriage_importance,2,3,Somewhat important,0.14
91,pew_work_family_detailed_091,marriage_importance,3,4,Very important,0.82
91,pew_work_family_detailed_091,parenthood_importance,0,1,Not at all important,0.06
91,pew_work_family_detailed_091,parenthood_importance,1,2,Not too important,0.14
91,pew_work_family_detailed_091,parenthood_importance,2,3,Somewhat important,0.56
91,pew_work_family_detailed_091,parenthood_importance,3,4,Very important,0.24
91,pew_work_family_detailed_091,paid_work_priority,0,1,Not at all important,0.62
91,pew_work_family_detailed_091,paid_work_priority,1,2,Not too important,0.22
91,pew_work_family_detailed_091,paid_work_priority,2,3,Somewhat important,0.11
91,pew_work_family_detailed_091,paid_work_priority,3,4,Very important,0.05
91,pew_work_family_detailed_091,childcare_division,0,1,One parent should do most of it,0.04
91,pew_work_family_detailed_091,childcare_division,1,2,Both parents should divide it about equally,0.26
91,pew_work_family_detailed_091,childcare_division,2,3,The parent with more available time should do more,0.55
91,pew_work_family_detailed_091,childcare_division,3,4,It depends entirely on the family,0.15
91,pew_work_family_detailed_091,housework_division,0,1,One person should do most of it,0.03
91,pew_work_family_detailed_091,housework_division,1,2,Both adults should divide it about equally,0.28
91,pew_work_family_detailed_091,housework_division,2,3,The person with more available time should do more,0.53
91,pew_work_family_detailed_091,housework_division,3,4,It depends entirely on the household,0.16
91,pew_work_family_detailed_091,financial_decision_style,0,1,The higher earner should usually decide,0.53
91,pew_work_family_detailed_091,financial_decision_style,1,2,The person who manages the money should usually decide,0.14
91,pew_work_family_detailed_091,financial_decision_style,2,3,Both adults should decide together,0.22
91,pew_work_family_detailed_091,financial_decision_style,3,4,It depends on the decision,0.11
91,pew_work_family_detailed_091,career_sacrifice_rule,0,1,The lower earner should reduce work,0.12
91,pew_work_family_detailed_091,career_sacrifice_rule,1,2,The adult with the more flexible job should reduce work,0.58
91,pew_work_family_detailed_091,career_sacrifice_rule,2,3,Both adults should reduce work as equally as possible,0.2
91,pew_work_family_detailed_091,career_sacrifice_rule,3,4,It depends entirely on the family,0.1
92,pew_work_family_detailed_092,hobbies,0,1,Men and women are basically similar,0.24
92,pew_work_family_detailed_092,hobbies,1,2,Men and women are basically different,0.76
92,pew_work_family_detailed_092,physical_abilities,0,1,Men and women are basically similar,0.18
92,pew_work_family_detailed_092,physical_abilities,1,2,Men and women are basically different,0.82
92,pew_work_family_detailed_092,parenting,0,1,Men and women are basically similar,0.31
92,pew_work_family_detailed_092,parenting,1,2,Men and women are basically different,0.69
92,pew_work_family_detailed_092,feelings,0,1,Men and women are basically similar,0.22
92,pew_work_family_detailed_092,feelings,1,2,Men and women are basically different,0.78
92,pew_work_family_detailed_092,workplace,0,1,Men and women are basically similar,0.72
92,pew_work_family_detailed_092,workplace,1,2,Men and women are basically different,0.28
92,pew_work_family_detailed_092,relationship_status,0,1,Married,0.88
92,pew_work_family_detailed_092,relationship_status,1,2,Living with a partner,0.04
92,pew_work_family_detailed_092,relationship_status,2,3,In a relationship but not living together,0.03
92,pew_work_family_detailed_092,relationship_status,3,4,Not currently in a relationship,0.05
92,pew_work_family_detailed_092,children_at_home,0,1,No children under 18,0.04
92,pew_work_family_detailed_092,children_at_home,1,2,At least one child under 6,0.03
92,pew_work_family_detailed_092,children_at_home,2,3,Only children ages 6 to 17,0.9
92,pew_work_family_detailed_092,children_at_home,3,4,Children both under 6 and ages 6 to 17,0.03
92,pew_work_family_detailed_092,household_income,0,1,"Less than $50,000",0.76
92,pew_work_family_detailed_092,household_income,1,2,"$50,000 to $99,999",0.16
92,pew_work_family_detailed_092,household_income,2,3,"$100,000 to $149,999",0.05
92,pew_work_family_detailed_092,household_income,3,4,"$150,000 or more",0.03
92,pew_work_family_detailed_092,marriage_importance,0,1,Not at all important,0.64
92,pew_work_family_detailed_092,marriage_importance,1,2,Not too important,0.22
92,pew_work_family_detailed_092,marriage_importance,2,3,Somewhat important,0.09
92,pew_work_family_detailed_092,marriage_importance,3,4,Very important,0.05
92,pew_work_family_detailed_092,parenthood_importance,0,1,Not at all important,0.03
92,pew_work_family_detailed_092,parenthood_importance,1,2,Not too important,0.04
92,pew_work_family_detailed_092,parenthood_importance,2,3,Somewhat important,0.13
92,pew_work_family_detailed_092,parenthood_importance,3,4,Very important,0.8
92,pew_work_family_detailed_092,paid_work_priority,0,1,Not at all important,0.08
92,pew_work_family_detailed_092,paid_work_priority,1,2,Not too important,0.17
92,pew_work_family_detailed_092,paid_work_priority,2,3,Somewhat important,0.61
92,pew_work_family_detailed_092,paid_work_priority,3,4,Very important,0.14
92,pew_work_family_detailed_092,childcare_division,0,1,One parent should do most of it,0.52
92,pew_work_family_detailed_092,childcare_division,1,2,Both parents should divide it about equally,0.2
92,pew_work_family_detailed_092,childcare_division,2,3,The parent with more available time should do more,0.13
92,pew_work_family_detailed_092,childcare_division,3,4,It depends entirely on the family,0.15
92,pew_work_family_detailed_092,housework_division,0,1,One person should do most of it,0.09
92,pew_work_family_detailed_092,housework_division,1,2,Both adults should divide it about equally,0.66
92,pew_work_family_detailed_092,housework_division,2,3,The person with more available time should do more,0.13
92,pew_work_family_detailed_092,housework_division,3,4,It depends entirely on the household,0.12
92,pew_work_family_detailed_092,financial_decision_style,0,1,The higher earner should usually decide,0.03
92,pew_work_family_detailed_092,financial_decision_style,1,2,The person who manages the money should usually decide,0.07
92,pew_work_family_detailed_092,financial_decision_style,2,3,Both adults should decide together,0.8
92,pew_work_family_detailed_092,financial_decision_style,3,4,It depends on the decision,0.1
92,pew_work_family_detailed_092,career_sacrifice_rule,0,1,The lower earner should reduce work,0.11
92,pew_work_family_detailed_092,career_sacrifice_rule,1,2,The adult with the more flexible job should reduce work,0.2
92,pew_work_family_detailed_092,career_sacrifice_rule,2,3,Both adults should reduce work as equally as possible,0.18
92,pew_work_family_detailed_092,career_sacrifice_rule,3,4,It depends entirely on the family,0.51
93,pew_work_family_detailed_093,hobbies,0,1,Men and women are basically similar,0.68
93,pew_work_family_detailed_093,hobbies,1,2,Men and women are basically different,0.32
93,pew_work_family_detailed_093,physical_abilities,0,1,Men and women are basically similar,0.24
93,pew_work_family_detailed_093,physical_abilities,1,2,Men and women are basically different,0.76
93,pew_work_family_detailed_093,parenting,0,1,Men and women are basically similar,0.29
93,pew_work_family_detailed_093,parenting,1,2,Men and women are basically different,0.71
93,pew_work_family_detailed_093,feelings,0,1,Men and women are basically similar,0.22
93,pew_work_family_detailed_093,feelings,1,2,Men and women are basically different,0.78
93,pew_work_family_detailed_093,workplace,0,1,Men and women are basically similar,0.34
93,pew_work_family_detailed_093,workplace,1,2,Men and women are basically different,0.66
93,pew_work_family_detailed_093,relationship_status,0,1,Married,0.12
93,pew_work_family_detailed_093,relationship_status,1,2,Living with a partner,0.74
93,pew_work_family_detailed_093,relationship_status,2,3,In a relationship but not living together,0.08
93,pew_work_family_detailed_093,relationship_status,3,4,Not currently in a relationship,0.06
93,pew_work_family_detailed_093,children_at_home,0,1,No children under 18,0.82
93,pew_work_family_detailed_093,children_at_home,1,2,At least one child under 6,0.06
93,pew_work_family_detailed_093,children_at_home,2,3,Only children ages 6 to 17,0.09
93,pew_work_family_detailed_093,children_at_home,3,4,Children both under 6 and ages 6 to 17,0.03
93,pew_work_family_detailed_093,household_income,0,1,"Less than $50,000",0.18
93,pew_work_family_detailed_093,household_income,1,2,"$50,000 to $99,999",0.56
93,pew_work_family_detailed_093,household_income,2,3,"$100,000 to $149,999",0.17
93,pew_work_family_detailed_093,household_income,3,4,"$150,000 or more",0.09
93,pew_work_family_detailed_093,marriage_importance,0,1,Not at all important,0.08
93,pew_work_family_detailed_093,marriage_importance,1,2,Not too important,0.18
93,pew_work_family_detailed_093,marriage_importance,2,3,Somewhat important,0.53
93,pew_work_family_detailed_093,marriage_importance,3,4,Very important,0.21
93,pew_work_family_detailed_093,parenthood_importance,0,1,Not at all important,0.03
93,pew_work_family_detailed_093,parenthood_importance,1,2,Not too important,0.06
93,pew_work_family_detailed_093,parenthood_importance,2,3,Somewhat important,0.23
93,pew_work_family_detailed_093,parenthood_importance,3,4,Very important,0.68
93,pew_work_family_detailed_093,paid_work_priority,0,1,Not at all important,0.17
93,pew_work_family_detailed_093,paid_work_priority,1,2,Not too important,0.52
93,pew_work_family_detailed_093,paid_work_priority,2,3,Somewhat important,0.22
93,pew_work_family_detailed_093,paid_work_priority,3,4,Very important,0.09
93,pew_work_family_detailed_093,childcare_division,0,1,One parent should do most of it,0.06
93,pew_work_family_detailed_093,childcare_division,1,2,Both parents should divide it about equally,0.64
93,pew_work_family_detailed_093,childcare_division,2,3,The parent with more available time should do more,0.18
93,pew_work_family_detailed_093,childcare_division,3,4,It depends entirely on the family,0.12
93,pew_work_family_detailed_093,housework_division,0,1,One person should do most of it,0.05
93,pew_work_family_detailed_093,housework_division,1,2,Both adults should divide it about equally,0.66
93,pew_work_family_detailed_093,housework_division,2,3,The person with more available time should do more,0.17
93,pew_work_family_detailed_093,housework_division,3,4,It depends entirely on the household,0.12
93,pew_work_family_detailed_093,financial_decision_style,0,1,The higher earner should usually decide,0.05
93,pew_work_family_detailed_093,financial_decision_style,1,2,The person who manages the money should usually decide,0.48
93,pew_work_family_detailed_093,financial_decision_style,2,3,Both adults should decide together,0.32
93,pew_work_family_detailed_093,financial_decision_style,3,4,It depends on the decision,0.15
93,pew_work_family_detailed_093,career_sacrifice_rule,0,1,The lower earner should reduce work,0.08
93,pew_work_family_detailed_093,career_sacrifice_rule,1,2,The adult with the more flexible job should reduce work,0.25
93,pew_work_family_detailed_093,career_sacrifice_rule,2,3,Both adults should reduce work as equally as possible,0.49
93,pew_work_family_detailed_093,career_sacrifice_rule,3,4,It depends entirely on the family,0.18
94,pew_work_family_detailed_094,hobbies,0,1,Men and women are basically similar,0.74
94,pew_work_family_detailed_094,hobbies,1,2,Men and women are basically different,0.26
94,pew_work_family_detailed_094,physical_abilities,0,1,Men and women are basically similar,0.24
94,pew_work_family_detailed_094,physical_abilities,1,2,Men and women are basically different,0.76
94,pew_work_family_detailed_094,parenting,0,1,Men and women are basically similar,0.69
94,pew_work_family_detailed_094,parenting,1,2,Men and women are basically different,0.31
94,pew_work_family_detailed_094,feelings,0,1,Men and women are basically similar,0.28
94,pew_work_family_detailed_094,feelings,1,2,Men and women are basically different,0.72
94,pew_work_family_detailed_094,workplace,0,1,Men and women are basically similar,0.77
94,pew_work_family_detailed_094,workplace,1,2,Men and women are basically different,0.23
94,pew_work_family_detailed_094,relationship_status,0,1,Married,0.05
94,pew_work_family_detailed_094,relationship_status,1,2,Living with a partner,0.03
94,pew_work_family_detailed_094,relationship_status,2,3,In a relationship but not living together,0.12
94,pew_work_family_detailed_094,relationship_status,3,4,Not currently in a relationship,0.8
94,pew_work_family_detailed_094,children_at_home,0,1,No children under 18,0.88
94,pew_work_family_detailed_094,children_at_home,1,2,At least one child under 6,0.03
94,pew_work_family_detailed_094,children_at_home,2,3,Only children ages 6 to 17,0.06
94,pew_work_family_detailed_094,children_at_home,3,4,Children both under 6 and ages 6 to 17,0.03
94,pew_work_family_detailed_094,household_income,0,1,"Less than $50,000",0.04
94,pew_work_family_detailed_094,household_income,1,2,"$50,000 to $99,999",0.07
94,pew_work_family_detailed_094,household_income,2,3,"$100,000 to $149,999",0.16
94,pew_work_family_detailed_094,household_income,3,4,"$150,000 or more",0.73
94,pew_work_family_detailed_094,marriage_importance,0,1,Not at all important,0.12
94,pew_work_family_detailed_094,marriage_importance,1,2,Not too important,0.21
94,pew_work_family_detailed_094,marriage_importance,2,3,Somewhat important,0.5
94,pew_work_family_detailed_094,marriage_importance,3,4,Very important,0.17
94,pew_work_family_detailed_094,parenthood_importance,0,1,Not at all important,0.68
94,pew_work_family_detailed_094,parenthood_importance,1,2,Not too important,0.18
94,pew_work_family_detailed_094,parenthood_importance,2,3,Somewhat important,0.09
94,pew_work_family_detailed_094,parenthood_importance,3,4,Very important,0.05
94,pew_work_family_detailed_094,paid_work_priority,0,1,Not at all important,0.21
94,pew_work_family_detailed_094,paid_work_priority,1,2,Not too important,0.46
94,pew_work_family_detailed_094,paid_work_priority,2,3,Somewhat important,0.24
94,pew_work_family_detailed_094,paid_work_priority,3,4,Very important,0.09
94,pew_work_family_detailed_094,childcare_division,0,1,One parent should do most of it,0.05
94,pew_work_family_detailed_094,childcare_division,1,2,Both parents should divide it about equally,0.2
94,pew_work_family_detailed_094,childcare_division,2,3,The parent with more available time should do more,0.23
94,pew_work_family_detailed_094,childcare_division,3,4,It depends entirely on the family,0.52
94,pew_work_family_detailed_094,housework_division,0,1,One person should do most of it,0.04
94,pew_work_family_detailed_094,housework_division,1,2,Both adults should divide it about equally,0.58
94,pew_work_family_detailed_094,housework_division,2,3,The person with more available time should do more,0.23
94,pew_work_family_detailed_094,housework_division,3,4,It depends entirely on the household,0.15
94,pew_work_family_detailed_094,financial_decision_style,0,1,The higher earner should usually decide,0.04
94,pew_work_family_detailed_094,financial_decision_style,1,2,The person who manages the money should usually decide,0.54
94,pew_work_family_detailed_094,financial_decision_style,2,3,Both adults should decide together,0.31
94,pew_work_family_detailed_094,financial_decision_style,3,4,It depends on the decision,0.11
94,pew_work_family_detailed_094,career_sacrifice_rule,0,1,The lower earner should reduce work,0.16
94,pew_work_family_detailed_094,career_sacrifice_rule,1,2,The adult with the more flexible job should reduce work,0.25
94,pew_work_family_detailed_094,career_sacrifice_rule,2,3,Both adults should reduce work as equally as possible,0.2
94,pew_work_family_detailed_094,career_sacrifice_rule,3,4,It depends entirely on the family,0.39
95,pew_work_family_detailed_095,hobbies,0,1,Men and women are basically similar,0.28
95,pew_work_family_detailed_095,hobbies,1,2,Men and women are basically different,0.72
95,pew_work_family_detailed_095,physical_abilities,0,1,Men and women are basically similar,0.2
95,pew_work_family_detailed_095,physical_abilities,1,2,Men and women are basically different,0.8
95,pew_work_family_detailed_095,parenting,0,1,Men and women are basically similar,0.35
95,pew_work_family_detailed_095,parenting,1,2,Men and women are basically different,0.65
95,pew_work_family_detailed_095,feelings,0,1,Men and women are basically similar,0.25
95,pew_work_family_detailed_095,feelings,1,2,Men and women are basically different,0.75
95,pew_work_family_detailed_095,workplace,0,1,Men and women are basically similar,0.78
95,pew_work_family_detailed_095,workplace,1,2,Men and women are basically different,0.22
95,pew_work_family_detailed_095,relationship_status,0,1,Married,0.12
95,pew_work_family_detailed_095,relationship_status,1,2,Living with a partner,0.72
95,pew_work_family_detailed_095,relationship_status,2,3,In a relationship but not living together,0.1
95,pew_work_family_detailed_095,relationship_status,3,4,Not currently in a relationship,0.06
95,pew_work_family_detailed_095,children_at_home,0,1,No children under 18,0.87
95,pew_work_family_detailed_095,children_at_home,1,2,At least one child under 6,0.04
95,pew_work_family_detailed_095,children_at_home,2,3,Only children ages 6 to 17,0.05
95,pew_work_family_detailed_095,children_at_home,3,4,Children both under 6 and ages 6 to 17,0.04
95,pew_work_family_detailed_095,household_income,0,1,"Less than $50,000",0.66
95,pew_work_family_detailed_095,household_income,1,2,"$50,000 to $99,999",0.22
95,pew_work_family_detailed_095,household_income,2,3,"$100,000 to $149,999",0.08
95,pew_work_family_detailed_095,household_income,3,4,"$150,000 or more",0.04
95,pew_work_family_detailed_095,marriage_importance,0,1,Not at all important,0.04
95,pew_work_family_detailed_095,marriage_importance,1,2,Not too important,0.08
95,pew_work_family_detailed_095,marriage_importance,2,3,Somewhat important,0.26
95,pew_work_family_detailed_095,marriage_importance,3,4,Very important,0.62
95,pew_work_family_detailed_095,parenthood_importance,0,1,Not at all important,0.06
95,pew_work_family_detailed_095,parenthood_importance,1,2,Not too important,0.14
95,pew_work_family_detailed_095,parenthood_importance,2,3,Somewhat important,0.5
95,pew_work_family_detailed_095,parenthood_importance,3,4,Very important,0.3
95,pew_work_family_detailed_095,paid_work_priority,0,1,Not at all important,0.03
95,pew_work_family_detailed_095,paid_work_priority,1,2,Not too important,0.07
95,pew_work_family_detailed_095,paid_work_priority,2,3,Somewhat important,0.24
95,pew_work_family_detailed_095,paid_work_priority,3,4,Very important,0.66
95,pew_work_family_detailed_095,childcare_division,0,1,One parent should do most of it,0.05
95,pew_work_family_detailed_095,childcare_division,1,2,Both parents should divide it about equally,0.25
95,pew_work_family_detailed_095,childcare_division,2,3,The parent with more available time should do more,0.25
95,pew_work_family_detailed_095,childcare_division,3,4,It depends entirely on the family,0.45
95,pew_work_family_detailed_095,housework_division,0,1,One person should do most of it,0.04
95,pew_work_family_detailed_095,housework_division,1,2,Both adults should divide it about equally,0.28
95,pew_work_family_detailed_095,housework_division,2,3,The person with more available time should do more,0.23
95,pew_work_family_detailed_095,housework_division,3,4,It depends entirely on the household,0.45
95,pew_work_family_detailed_095,financial_decision_style,0,1,The higher earner should usually decide,0.04
95,pew_work_family_detailed_095,financial_decision_style,1,2,The person who manages the money should usually decide,0.14
95,pew_work_family_detailed_095,financial_decision_style,2,3,Both adults should decide together,0.35
95,pew_work_family_detailed_095,financial_decision_style,3,4,It depends on the decision,0.47
95,pew_work_family_detailed_095,career_sacrifice_rule,0,1,The lower earner should reduce work,0.12
95,pew_work_family_detailed_095,career_sacrifice_rule,1,2,The adult with the more flexible job should reduce work,0.23
95,pew_work_family_detailed_095,career_sacrifice_rule,2,3,Both adults should reduce work as equally as possible,0.25
95,pew_work_family_detailed_095,career_sacrifice_rule,3,4,It depends entirely on the family,0.4
96,pew_work_family_detailed_096,hobbies,0,1,Men and women are basically similar,0.25
96,pew_work_family_detailed_096,hobbies,1,2,Men and women are basically different,0.75
96,pew_work_family_detailed_096,physical_abilities,0,1,Men and women are basically similar,0.18
96,pew_work_family_detailed_096,physical_abilities,1,2,Men and women are basically different,0.82
96,pew_work_family_detailed_096,parenting,0,1,Men and women are basically similar,0.31
96,pew_work_family_detailed_096,parenting,1,2,Men and women are basically different,0.69
96,pew_work_family_detailed_096,feelings,0,1,Men and women are basically similar,0.22
96,pew_work_family_detailed_096,feelings,1,2,Men and women are basically different,0.78
96,pew_work_family_detailed_096,workplace,0,1,Men and women are basically similar,0.76
96,pew_work_family_detailed_096,workplace,1,2,Men and women are basically different,0.24
96,pew_work_family_detailed_096,relationship_status,0,1,Married,0.82
96,pew_work_family_detailed_096,relationship_status,1,2,Living with a partner,0.06
96,pew_work_family_detailed_096,relationship_status,2,3,In a relationship but not living together,0.04
96,pew_work_family_detailed_096,relationship_status,3,4,Not currently in a relationship,0.08
96,pew_work_family_detailed_096,children_at_home,0,1,No children under 18,0.86
96,pew_work_family_detailed_096,children_at_home,1,2,At least one child under 6,0.04
96,pew_work_family_detailed_096,children_at_home,2,3,Only children ages 6 to 17,0.06
96,pew_work_family_detailed_096,children_at_home,3,4,Children both under 6 and ages 6 to 17,0.04
96,pew_work_family_detailed_096,household_income,0,1,"Less than $50,000",0.74
96,pew_work_family_detailed_096,household_income,1,2,"$50,000 to $99,999",0.18
96,pew_work_family_detailed_096,household_income,2,3,"$100,000 to $149,999",0.05
96,pew_work_family_detailed_096,household_income,3,4,"$150,000 or more",0.03
96,pew_work_family_detailed_096,marriage_importance,0,1,Not at all important,0.22
96,pew_work_family_detailed_096,marriage_importance,1,2,Not too important,0.47
96,pew_work_family_detailed_096,marriage_importance,2,3,Somewhat important,0.22
96,pew_work_family_detailed_096,marriage_importance,3,4,Very important,0.09
96,pew_work_family_detailed_096,parenthood_importance,0,1,Not at all important,0.11
96,pew_work_family_detailed_096,parenthood_importance,1,2,Not too important,0.23
96,pew_work_family_detailed_096,parenthood_importance,2,3,Somewhat important,0.45
96,pew_work_family_detailed_096,parenthood_importance,3,4,Very important,0.21
96,pew_work_family_detailed_096,paid_work_priority,0,1,Not at all important,0.08
96,pew_work_family_detailed_096,paid_work_priority,1,2,Not too important,0.21
96,pew_work_family_detailed_096,paid_work_priority,2,3,Somewhat important,0.51
96,pew_work_family_detailed_096,paid_work_priority,3,4,Very important,0.2
96,pew_work_family_detailed_096,childcare_division,0,1,One parent should do most of it,0.08
96,pew_work_family_detailed_096,childcare_division,1,2,Both parents should divide it about equally,0.55
96,pew_work_family_detailed_096,childcare_division,2,3,The parent with more available time should do more,0.24
96,pew_work_family_detailed_096,childcare_division,3,4,It depends entirely on the family,0.13
96,pew_work_family_detailed_096,housework_division,0,1,One person should do most of it,0.06
96,pew_work_family_detailed_096,housework_division,1,2,Both adults should divide it about equally,0.58
96,pew_work_family_detailed_096,housework_division,2,3,The person with more available time should do more,0.25
96,pew_work_family_detailed_096,housework_division,3,4,It depends entirely on the household,0.11
96,pew_work_family_detailed_096,financial_decision_style,0,1,The higher earner should usually decide,0.46
96,pew_work_family_detailed_096,financial_decision_style,1,2,The person who manages the money should usually decide,0.13
96,pew_work_family_detailed_096,financial_decision_style,2,3,Both adults should decide together,0.29
96,pew_work_family_detailed_096,financial_decision_style,3,4,It depends on the decision,0.12
96,pew_work_family_detailed_096,career_sacrifice_rule,0,1,The lower earner should reduce work,0.12
96,pew_work_family_detailed_096,career_sacrifice_rule,1,2,The adult with the more flexible job should reduce work,0.48
96,pew_work_family_detailed_096,career_sacrifice_rule,2,3,Both adults should reduce work as equally as possible,0.25
96,pew_work_family_detailed_096,career_sacrifice_rule,3,4,It depends entirely on the family,0.15
