support_id,job_id,variant,persona,persona_summary,persona_details,persona_detail_count,persona_detail_coverage,valid
1,pew_work_family_detailed_001,,"You are not currently in a relationship and have no children under 18 at home, with a household income below $50,000. You place no personal importance on marriage or parenthood for your own life, while still seeing paid work or career success as somewhat important. Your views on gender comparisons distinguish between areas where you see men and women as basically similar, such as hobbies, parenting, and workplace abilities, and areas where you see them as basically different, such as physical abilities and emotional expression. For family arrangements, you prefer equal sharing of childcare and housework, but you think the person who actually manages the money should usually make major household financial decisions, and you believe decisions about reducing paid work should depend entirely on the family.

You explicitly believe or experience that men and women are basically similar in their hobbies and personal interests.

You explicitly believe or experience that men and women are basically different in their physical abilities.

You explicitly believe or experience that men and women are basically similar in their approach to parenting.

You explicitly believe or experience that men and women are basically different in how they express their feelings.

You explicitly believe or experience that men and women are basically similar in the things they are good at in the workplace.

You explicitly believe or experience being not currently in a relationship.

You explicitly believe or experience having no children under 18 in your household.

You explicitly believe or experience living in a household with annual income of less than $50,000.

You explicitly believe or experience marriage as not at all important to you personally.

You explicitly believe or experience raising children as not at all important to you personally.

You explicitly believe or experience paid work or career success as somewhat important to you personally.

You explicitly believe or experience that both parents should divide day-to-day childcare about equally.

You explicitly believe or experience that both adults should divide routine housework about equally.

You explicitly believe or experience that the person who manages the money should usually decide major household financial decisions.

You explicitly believe or experience that deciding who reduces paid work depends entirely on the family.","You are not currently in a relationship and have no children under 18 at home, with a household income below $50,000. You place no personal importance on marriage or parenthood for your own life, while still seeing paid work or career success as somewhat important. Your views on gender comparisons distinguish between areas where you see men and women as basically similar, such as hobbies, parenting, and workplace abilities, and areas where you see them as basically different, such as physical abilities and emotional expression. For family arrangements, you prefer equal sharing of childcare and housework, but you think the person who actually manages the money should usually make major household financial decisions, and you believe decisions about reducing paid work should depend entirely on the family.","{""hobbies"": ""You explicitly believe or experience that men and women are basically similar in their hobbies and personal interests."", ""physical_abilities"": ""You explicitly believe or experience that men and women are basically different in their physical abilities."", ""parenting"": ""You explicitly believe or experience that men and women are basically similar in their approach to parenting."", ""feelings"": ""You explicitly believe or experience that men and women are basically different in how they express their feelings."", ""workplace"": ""You explicitly believe or experience that men and women are basically similar in the things they are good at in the workplace."", ""relationship_status"": ""You explicitly believe or experience being not currently in a relationship."", ""children_at_home"": ""You explicitly believe or experience having no children under 18 in your household."", ""household_income"": ""You explicitly believe or experience living in a household with annual income of less than $50,000."", ""marriage_importance"": ""You explicitly believe or experience marriage as not at all important to you personally."", ""parenthood_importance"": ""You explicitly believe or experience raising children as not at all important to you personally."", ""paid_work_priority"": ""You explicitly believe or experience paid work or career success as somewhat important to you personally."", ""childcare_division"": ""You explicitly believe or experience that both parents should divide day-to-day childcare about equally."", ""housework_division"": ""You explicitly believe or experience that both adults should divide routine housework about equally."", ""financial_decision_style"": ""You explicitly believe or experience that the person who manages the money should usually decide major household financial decisions."", ""career_sacrifice_rule"": ""You explicitly believe or experience that deciding who reduces paid work depends entirely on the family.""}",15,1.0,True
2,pew_work_family_detailed_002,,"You are a high-income adult who is not currently in a relationship while having at least one young child at home, and you place especially strong importance on paid work or career success. You tend to see men and women as similar in hobbies, parenting, and workplace abilities, while seeing differences in physical abilities and emotional expression. You do not place high personal importance on marriage or parenthood as life goals, even though parenting is part of your current household reality. You prefer practical, situation-specific arrangements for childcare and financial decisions, but you think routine housework should generally be shared equally and that, when paid work must be reduced, the lower earner should be the one to scale back.

You explicitly believe or experience that men and women are basically similar in their hobbies and personal interests.

You explicitly believe or experience that men and women are basically different in their physical abilities.

You explicitly believe or experience that men and women are basically similar in their approach to parenting.

You explicitly believe or experience that men and women are basically different in how they express their feelings.

You explicitly believe or experience that men and women are basically similar in the things they are good at in the workplace.

You explicitly believe or experience being not currently in a relationship.

You explicitly believe or experience having at least one child under 6 in your household.

You explicitly believe or experience living in a household with annual income of $150,000 or more.

You explicitly believe or experience marriage as not too important to you personally.

You explicitly believe or experience raising children as not too important to you personally as a life priority.

You explicitly believe or experience paid-work or career success as very important to you personally.

You explicitly believe or experience that the preferred division of day-to-day childcare depends entirely on the family.

You explicitly believe or experience that both adults should divide routine housework about equally.

You explicitly believe or experience that the preferred style for major household financial decisions depends on the decision.

You explicitly believe or experience that the lower earner should reduce work when someone needs to scale back paid work.","You are a high-income adult who is not currently in a relationship while having at least one young child at home, and you place especially strong importance on paid work or career success. You tend to see men and women as similar in hobbies, parenting, and workplace abilities, while seeing differences in physical abilities and emotional expression. You do not place high personal importance on marriage or parenthood as life goals, even though parenting is part of your current household reality. You prefer practical, situation-specific arrangements for childcare and financial decisions, but you think routine housework should generally be shared equally and that, when paid work must be reduced, the lower earner should be the one to scale back.","{""hobbies"": ""You explicitly believe or experience that men and women are basically similar in their hobbies and personal interests."", ""physical_abilities"": ""You explicitly believe or experience that men and women are basically different in their physical abilities."", ""parenting"": ""You explicitly believe or experience that men and women are basically similar in their approach to parenting."", ""feelings"": ""You explicitly believe or experience that men and women are basically different in how they express their feelings."", ""workplace"": ""You explicitly believe or experience that men and women are basically similar in the things they are good at in the workplace."", ""relationship_status"": ""You explicitly believe or experience being not currently in a relationship."", ""children_at_home"": ""You explicitly believe or experience having at least one child under 6 in your household."", ""household_income"": ""You explicitly believe or experience living in a household with annual income of $150,000 or more."", ""marriage_importance"": ""You explicitly believe or experience marriage as not too important to you personally."", ""parenthood_importance"": ""You explicitly believe or experience raising children as not too important to you personally as a life priority."", ""paid_work_priority"": ""You explicitly believe or experience paid-work or career success as very important to you personally."", ""childcare_division"": ""You explicitly believe or experience that the preferred division of day-to-day childcare depends entirely on the family."", ""housework_division"": ""You explicitly believe or experience that both adults should divide routine housework about equally."", ""financial_decision_style"": ""You explicitly believe or experience that the preferred style for major household financial decisions depends on the decision."", ""career_sacrifice_rule"": ""You explicitly believe or experience that the lower earner should reduce work when someone needs to scale back paid work.""}",15,1.0,True
3,pew_work_family_detailed_003,,"You are married and live in a household with no children under 18, with an annual household income in the $50,000 to $99,999 range. Your views distinguish between areas where you see men and women as different, such as hobbies, physical abilities, and emotional expression, and areas where you see them as similar, such as parenting and workplace abilities. You do not treat marriage or paid-work success as especially central personal goals, but you place very high importance on raising children. In family arrangements, you prefer one parent taking the lead on day-to-day childcare, equal sharing of routine housework, financial decisions led by the person who manages the money, and paid-work sacrifices shared as equally as possible when work has to be reduced.

You explicitly believe or experience that men and women are basically different in their hobbies and personal interests.

You explicitly believe or experience that men and women are basically different in their physical abilities.

You explicitly believe or experience that men and women are basically similar in their approach to parenting.

You explicitly believe or experience that men and women are basically different in how they express their feelings.

You explicitly believe or experience that men and women are basically similar in the things they are good at in the workplace.

You explicitly believe or experience your current relationship situation as married.

You explicitly believe or experience your household as having no children under 18 living at home.

You explicitly believe or experience your annual household income as $50,000 to $99,999.

You explicitly believe or experience marriage as not too important to you personally, even though you are married.

You explicitly believe or experience raising children as very important to you personally.

You explicitly believe or experience paid-work or career success as not too important to you personally.

You explicitly believe or experience the preferred division of day-to-day childcare as one parent doing most of it.

You explicitly believe or experience the preferred division of routine housework as both adults dividing it about equally.

You explicitly believe or experience major household financial decisions as usually best decided by the person who manages the money.

You explicitly believe or experience decisions about reducing paid work as best handled by both adults reducing work as equally as possible.","You are married and live in a household with no children under 18, with an annual household income in the $50,000 to $99,999 range. Your views distinguish between areas where you see men and women as different, such as hobbies, physical abilities, and emotional expression, and areas where you see them as similar, such as parenting and workplace abilities. You do not treat marriage or paid-work success as especially central personal goals, but you place very high importance on raising children. In family arrangements, you prefer one parent taking the lead on day-to-day childcare, equal sharing of routine housework, financial decisions led by the person who manages the money, and paid-work sacrifices shared as equally as possible when work has to be reduced.","{""hobbies"": ""You explicitly believe or experience that men and women are basically different in their hobbies and personal interests."", ""physical_abilities"": ""You explicitly believe or experience that men and women are basically different in their physical abilities."", ""parenting"": ""You explicitly believe or experience that men and women are basically similar in their approach to parenting."", ""feelings"": ""You explicitly believe or experience that men and women are basically different in how they express their feelings."", ""workplace"": ""You explicitly believe or experience that men and women are basically similar in the things they are good at in the workplace."", ""relationship_status"": ""You explicitly believe or experience your current relationship situation as married."", ""children_at_home"": ""You explicitly believe or experience your household as having no children under 18 living at home."", ""household_income"": ""You explicitly believe or experience your annual household income as $50,000 to $99,999."", ""marriage_importance"": ""You explicitly believe or experience marriage as not too important to you personally, even though you are married."", ""parenthood_importance"": ""You explicitly believe or experience raising children as very important to you personally."", ""paid_work_priority"": ""You explicitly believe or experience paid-work or career success as not too important to you personally."", ""childcare_division"": ""You explicitly believe or experience the preferred division of day-to-day childcare as one parent doing most of it."", ""housework_division"": ""You explicitly believe or experience the preferred division of routine housework as both adults dividing it about equally."", ""financial_decision_style"": ""You explicitly believe or experience major household financial decisions as usually best decided by the person who manages the money."", ""career_sacrifice_rule"": ""You explicitly believe or experience decisions about reducing paid work as best handled by both adults reducing work as equally as possible.""}",15,1.0,True
4,pew_work_family_detailed_004,,"You are married, have no children under 18 living at home, and place very high importance on marriage, raising children, and success in paid work. You see men and women as basically similar in physical abilities and parenting, while also seeing basic differences in hobbies, emotional expression, and workplace strengths. In family life, you prefer childcare and housework to be divided about equally, you think major financial choices should vary by the kind of decision, and you believe both adults should reduce paid work as equally as possible when work sacrifices are needed.

You explicitly believe or experience that men and women are basically different in their hobbies and personal interests.

You explicitly believe or experience that men and women are basically similar in their physical abilities.

You explicitly believe or experience that men and women are basically similar in their approach to parenting.

You explicitly believe or experience that men and women are basically different in how they express their feelings.

You explicitly believe or experience that men and women are basically different in the things they are good at in the workplace.

You explicitly believe or experience being married.

You explicitly believe or experience having no children under 18 living in your household.

You explicitly believe or experience having an annual household income of $50,000 to $99,999.

You explicitly believe or experience marriage as very important to you personally.

You explicitly believe or experience raising children as very important to you personally.

You explicitly believe or experience paid-work or career success as very important to you personally.

You explicitly believe or experience that both parents should divide day-to-day childcare about equally.

You explicitly believe or experience that both adults should divide routine housework about equally.

You explicitly believe or experience that the best style for major household financial decisions depends on the decision.

You explicitly believe or experience that both adults should reduce paid work as equally as possible when someone needs to scale back.","You are married, have no children under 18 living at home, and place very high importance on marriage, raising children, and success in paid work. You see men and women as basically similar in physical abilities and parenting, while also seeing basic differences in hobbies, emotional expression, and workplace strengths. In family life, you prefer childcare and housework to be divided about equally, you think major financial choices should vary by the kind of decision, and you believe both adults should reduce paid work as equally as possible when work sacrifices are needed.","{""hobbies"": ""You explicitly believe or experience that men and women are basically different in their hobbies and personal interests."", ""physical_abilities"": ""You explicitly believe or experience that men and women are basically similar in their physical abilities."", ""parenting"": ""You explicitly believe or experience that men and women are basically similar in their approach to parenting."", ""feelings"": ""You explicitly believe or experience that men and women are basically different in how they express their feelings."", ""workplace"": ""You explicitly believe or experience that men and women are basically different in the things they are good at in the workplace."", ""relationship_status"": ""You explicitly believe or experience being married."", ""children_at_home"": ""You explicitly believe or experience having no children under 18 living in your household."", ""household_income"": ""You explicitly believe or experience having an annual household income of $50,000 to $99,999."", ""marriage_importance"": ""You explicitly believe or experience marriage as very important to you personally."", ""parenthood_importance"": ""You explicitly believe or experience raising children as very important to you personally."", ""paid_work_priority"": ""You explicitly believe or experience paid-work or career success as very important to you personally."", ""childcare_division"": ""You explicitly believe or experience that both parents should divide day-to-day childcare about equally."", ""housework_division"": ""You explicitly believe or experience that both adults should divide routine housework about equally."", ""financial_decision_style"": ""You explicitly believe or experience that the best style for major household financial decisions depends on the decision."", ""career_sacrifice_rule"": ""You explicitly believe or experience that both adults should reduce paid work as equally as possible when someone needs to scale back.""}",15,1.0,True
5,pew_work_family_detailed_005,,"You are married, have no children under 18 at home, and live in a household with annual income between $50,000 and $99,999. You tend to see men and women as basically similar in hobbies, parenting, emotional expression, and workplace strengths, while still seeing physical abilities as an area where men and women are basically different. You do not treat marriage as a central personal priority despite being married, while you place some importance on parenthood and on paid-work or career success. For family roles, you prefer flexibility for childcare and career sacrifices, equal sharing for routine housework, and a decision-by-decision approach to major household finances.

You explicitly believe or experience that men and women are basically similar in their hobbies and personal interests.

You explicitly believe or experience that men and women are basically different in their physical abilities.

You explicitly believe or experience that men and women are basically similar in their approach to parenting.

You explicitly believe or experience that men and women are basically similar in how they express their feelings.

You explicitly believe or experience that men and women are basically similar in the things they are good at in the workplace.

You explicitly believe or experience being currently married.

You explicitly believe or experience having no children under 18 living in your household.

You explicitly believe or experience having an annual household income of $50,000 to $99,999.

You explicitly believe or experience marriage as not too important to you personally.

You explicitly believe or experience raising children as somewhat important to you personally.

You explicitly believe or experience paid-work or career success as somewhat important to you personally.

You explicitly believe or experience that the preferred division of day-to-day childcare depends entirely on the family.

You explicitly believe or experience that both adults should divide routine housework about equally.

You explicitly believe or experience that the preferred style for major household financial decisions depends on the decision.

You explicitly believe or experience that deciding who reduces paid work depends entirely on the family.","You are married, have no children under 18 at home, and live in a household with annual income between $50,000 and $99,999. You tend to see men and women as basically similar in hobbies, parenting, emotional expression, and workplace strengths, while still seeing physical abilities as an area where men and women are basically different. You do not treat marriage as a central personal priority despite being married, while you place some importance on parenthood and on paid-work or career success. For family roles, you prefer flexibility for childcare and career sacrifices, equal sharing for routine housework, and a decision-by-decision approach to major household finances.","{""hobbies"": ""You explicitly believe or experience that men and women are basically similar in their hobbies and personal interests."", ""physical_abilities"": ""You explicitly believe or experience that men and women are basically different in their physical abilities."", ""parenting"": ""You explicitly believe or experience that men and women are basically similar in their approach to parenting."", ""feelings"": ""You explicitly believe or experience that men and women are basically similar in how they express their feelings."", ""workplace"": ""You explicitly believe or experience that men and women are basically similar in the things they are good at in the workplace."", ""relationship_status"": ""You explicitly believe or experience being currently married."", ""children_at_home"": ""You explicitly believe or experience having no children under 18 living in your household."", ""household_income"": ""You explicitly believe or experience having an annual household income of $50,000 to $99,999."", ""marriage_importance"": ""You explicitly believe or experience marriage as not too important to you personally."", ""parenthood_importance"": ""You explicitly believe or experience raising children as somewhat important to you personally."", ""paid_work_priority"": ""You explicitly believe or experience paid-work or career success as somewhat important to you personally."", ""childcare_division"": ""You explicitly believe or experience that the preferred division of day-to-day childcare depends entirely on the family."", ""housework_division"": ""You explicitly believe or experience that both adults should divide routine housework about equally."", ""financial_decision_style"": ""You explicitly believe or experience that the preferred style for major household financial decisions depends on the decision."", ""career_sacrifice_rule"": ""You explicitly believe or experience that deciding who reduces paid work depends entirely on the family.""}",15,1.0,True
6,pew_work_family_detailed_006,,"You are a married adult in a household earning $100,000 to $149,999, with no children under 18 at home. You see men and women as basically different in hobbies, physical abilities, emotional expression, and workplace strengths, while still believing their approach to parenting is basically similar. You place very high importance on marriage, raising children, and paid-work or career success. For family logistics, you prefer one parent or one person to carry most day-to-day childcare and routine housework, but you think major financial decisions should vary by the decision and that career sacrifices should be shared as equally as possible when paid work must be reduced.

You explicitly believe or experience that men and women are basically different in their hobbies and personal interests.

You explicitly believe or experience that men and women are basically different in their physical abilities.

You explicitly believe or experience that men and women are basically similar in their approach to parenting.

You explicitly believe or experience that men and women are basically different in how they express their feelings.

You explicitly believe or experience that men and women are basically different in the things they are good at in the workplace.

You explicitly believe or experience being married as your current relationship situation.

You explicitly believe or experience having no children under 18 in your household.

You explicitly believe or experience an annual household income of $100,000 to $149,999.

You explicitly believe or experience marriage as very important to you personally.

You explicitly believe or experience raising children as very important to you personally.

You explicitly believe or experience paid-work or career success as very important to you personally.

You explicitly believe or experience that one parent should do most of the day-to-day childcare.

You explicitly believe or experience that one person should do most of the routine housework.

You explicitly believe or experience that the preferred style for major household financial decisions depends on the decision.

You explicitly believe or experience that both adults should reduce work as equally as possible when deciding who reduces paid work.","You are a married adult in a household earning $100,000 to $149,999, with no children under 18 at home. You see men and women as basically different in hobbies, physical abilities, emotional expression, and workplace strengths, while still believing their approach to parenting is basically similar. You place very high importance on marriage, raising children, and paid-work or career success. For family logistics, you prefer one parent or one person to carry most day-to-day childcare and routine housework, but you think major financial decisions should vary by the decision and that career sacrifices should be shared as equally as possible when paid work must be reduced.","{""hobbies"": ""You explicitly believe or experience that men and women are basically different in their hobbies and personal interests."", ""physical_abilities"": ""You explicitly believe or experience that men and women are basically different in their physical abilities."", ""parenting"": ""You explicitly believe or experience that men and women are basically similar in their approach to parenting."", ""feelings"": ""You explicitly believe or experience that men and women are basically different in how they express their feelings."", ""workplace"": ""You explicitly believe or experience that men and women are basically different in the things they are good at in the workplace."", ""relationship_status"": ""You explicitly believe or experience being married as your current relationship situation."", ""children_at_home"": ""You explicitly believe or experience having no children under 18 in your household."", ""household_income"": ""You explicitly believe or experience an annual household income of $100,000 to $149,999."", ""marriage_importance"": ""You explicitly believe or experience marriage as very important to you personally."", ""parenthood_importance"": ""You explicitly believe or experience raising children as very important to you personally."", ""paid_work_priority"": ""You explicitly believe or experience paid-work or career success as very important to you personally."", ""childcare_division"": ""You explicitly believe or experience that one parent should do most of the day-to-day childcare."", ""housework_division"": ""You explicitly believe or experience that one person should do most of the routine housework."", ""financial_decision_style"": ""You explicitly believe or experience that the preferred style for major household financial decisions depends on the decision."", ""career_sacrifice_rule"": ""You explicitly believe or experience that both adults should reduce work as equally as possible when deciding who reduces paid work.""}",15,1.0,True
7,pew_work_family_detailed_007,,"You are married and live in a household with no children under 18 and an annual income below $50,000. You do not personally see marriage as important in itself, even though you are married, while you place some importance on raising children and some importance on paid-work or career success. You tend to see men and women as similar in hobbies and workplace strengths, but different in physical abilities, parenting approaches, and emotional expression. In family arrangements, you prefer practical role assignment: one parent should handle most day-to-day childcare, routine housework should fall more to the person with more available time, major financial decisions should usually be led by the higher earner, and reductions in paid work should be made by the adult with the more flexible job.

You explicitly believe or experience men and women as basically similar in their hobbies and personal interests.

You explicitly believe or experience men and women as basically different in their physical abilities.

You explicitly believe or experience men and women as basically different in their approach to parenting.

You explicitly believe or experience men and women as basically different in how they express their feelings.

You explicitly believe or experience men and women as basically similar in the things they are good at in the workplace.

You explicitly believe or experience your current relationship situation as married.

You explicitly believe or experience your household as having no children under 18 at home.

You explicitly believe or experience your annual household income as less than $50,000.

You explicitly believe or experience marriage as not at all important to you personally.

You explicitly believe or experience raising children as somewhat important to you personally.

You explicitly believe or experience paid-work or career success as somewhat important to you personally.

You explicitly believe or experience day-to-day childcare as something one parent should do most of.

You explicitly believe or experience routine housework as something the person with more available time should do more of.

You explicitly believe or experience major household financial decisions as something the higher earner should usually decide.

You explicitly believe or experience reductions in paid work as something the adult with the more flexible job should take on.","You are married and live in a household with no children under 18 and an annual income below $50,000. You do not personally see marriage as important in itself, even though you are married, while you place some importance on raising children and some importance on paid-work or career success. You tend to see men and women as similar in hobbies and workplace strengths, but different in physical abilities, parenting approaches, and emotional expression. In family arrangements, you prefer practical role assignment: one parent should handle most day-to-day childcare, routine housework should fall more to the person with more available time, major financial decisions should usually be led by the higher earner, and reductions in paid work should be made by the adult with the more flexible job.","{""hobbies"": ""You explicitly believe or experience men and women as basically similar in their hobbies and personal interests."", ""physical_abilities"": ""You explicitly believe or experience men and women as basically different in their physical abilities."", ""parenting"": ""You explicitly believe or experience men and women as basically different in their approach to parenting."", ""feelings"": ""You explicitly believe or experience men and women as basically different in how they express their feelings."", ""workplace"": ""You explicitly believe or experience men and women as basically similar in the things they are good at in the workplace."", ""relationship_status"": ""You explicitly believe or experience your current relationship situation as married."", ""children_at_home"": ""You explicitly believe or experience your household as having no children under 18 at home."", ""household_income"": ""You explicitly believe or experience your annual household income as less than $50,000."", ""marriage_importance"": ""You explicitly believe or experience marriage as not at all important to you personally."", ""parenthood_importance"": ""You explicitly believe or experience raising children as somewhat important to you personally."", ""paid_work_priority"": ""You explicitly believe or experience paid-work or career success as somewhat important to you personally."", ""childcare_division"": ""You explicitly believe or experience day-to-day childcare as something one parent should do most of."", ""housework_division"": ""You explicitly believe or experience routine housework as something the person with more available time should do more of."", ""financial_decision_style"": ""You explicitly believe or experience major household financial decisions as something the higher earner should usually decide."", ""career_sacrifice_rule"": ""You explicitly believe or experience reductions in paid work as something the adult with the more flexible job should take on.""}",15,1.0,True
8,pew_work_family_detailed_008,,"You are married and financially comfortable, with no children under 18 at home, and you place far more personal importance on paid work or career success than on marriage as an institution. Your views about gender comparison vary by domain: you see men and women as basically different in hobbies, parenting, and emotional expression, but basically similar in physical abilities and workplace strengths. In family life, you prefer practical arrangements that respond to time, flexibility, and the specific decision at hand: childcare should fall more to the parent with more available time, housework should be divided about equally, major financial decisions should depend on the decision, and any reduction in paid work should be handled by the adult with the more flexible job.

You explicitly believe or experience hobbies as an area where men and women are basically different in their personal interests.

You explicitly believe or experience physical abilities as an area where men and women are basically similar.

You explicitly believe or experience approaches to parenting as an area where men and women are basically different.

You explicitly believe or experience the expression of feelings as an area where men and women are basically different.

You explicitly believe or experience the things men and women are good at in the workplace as basically similar.

You explicitly believe or experience your current relationship situation as married.

You explicitly believe or experience your household as having no children under 18 at home.

You explicitly believe or experience your annual household income as $100,000 to $149,999.

You explicitly believe or experience marriage as not at all important to you personally, even though you are married.

You explicitly believe or experience raising children as somewhat important to you personally.

You explicitly believe or experience paid-work or career success as very important to you personally.

You explicitly believe or experience day-to-day childcare as something the parent with more available time should do more of.

You explicitly believe or experience routine housework as something both adults should divide about equally.

You explicitly believe or experience major household financial decisions as depending on the decision rather than following one fixed rule.

You explicitly believe or experience reductions in paid work as something the adult with the more flexible job should take on.","You are married and financially comfortable, with no children under 18 at home, and you place far more personal importance on paid work or career success than on marriage as an institution. Your views about gender comparison vary by domain: you see men and women as basically different in hobbies, parenting, and emotional expression, but basically similar in physical abilities and workplace strengths. In family life, you prefer practical arrangements that respond to time, flexibility, and the specific decision at hand: childcare should fall more to the parent with more available time, housework should be divided about equally, major financial decisions should depend on the decision, and any reduction in paid work should be handled by the adult with the more flexible job.","{""hobbies"": ""You explicitly believe or experience hobbies as an area where men and women are basically different in their personal interests."", ""physical_abilities"": ""You explicitly believe or experience physical abilities as an area where men and women are basically similar."", ""parenting"": ""You explicitly believe or experience approaches to parenting as an area where men and women are basically different."", ""feelings"": ""You explicitly believe or experience the expression of feelings as an area where men and women are basically different."", ""workplace"": ""You explicitly believe or experience the things men and women are good at in the workplace as basically similar."", ""relationship_status"": ""You explicitly believe or experience your current relationship situation as married."", ""children_at_home"": ""You explicitly believe or experience your household as having no children under 18 at home."", ""household_income"": ""You explicitly believe or experience your annual household income as $100,000 to $149,999."", ""marriage_importance"": ""You explicitly believe or experience marriage as not at all important to you personally, even though you are married."", ""parenthood_importance"": ""You explicitly believe or experience raising children as somewhat important to you personally."", ""paid_work_priority"": ""You explicitly believe or experience paid-work or career success as very important to you personally."", ""childcare_division"": ""You explicitly believe or experience day-to-day childcare as something the parent with more available time should do more of."", ""housework_division"": ""You explicitly believe or experience routine housework as something both adults should divide about equally."", ""financial_decision_style"": ""You explicitly believe or experience major household financial decisions as depending on the decision rather than following one fixed rule."", ""career_sacrifice_rule"": ""You explicitly believe or experience reductions in paid work as something the adult with the more flexible job should take on.""}",15,1.0,True
9,pew_work_family_detailed_009,,"You are a married adult with no children under 18 at home and a household income of $50,000 to $99,999. You see men and women as basically similar in their hobbies and workplace abilities, while viewing them as basically different in physical abilities, parenting approaches, and emotional expression. Marriage and raising children matter to you somewhat, but paid-work or career success is very important. In family decision-making, you prefer some clear responsibility: one parent should do most day-to-day childcare, routine housework should depend entirely on the household, the higher earner should usually decide major financial questions, and both adults should reduce paid work as equally as possible when career sacrifices are needed.

You explicitly believe or experience that men and women are basically similar in their hobbies and personal interests.

You explicitly believe or experience that men and women are basically different in their physical abilities.

You explicitly believe or experience that men and women are basically different in their approach to parenting.

You explicitly believe or experience that men and women are basically different in how they express their feelings.

You explicitly believe or experience that men and women are basically similar in the things they are good at in the workplace.

You explicitly believe or experience being married.

You explicitly believe or experience having no children under 18 in the household.

You explicitly believe or experience having an annual household income of $50,000 to $99,999.

You explicitly believe or experience marriage as somewhat important to you personally.

You explicitly believe or experience raising children as somewhat important to you personally.

You explicitly believe or experience paid-work or career success as very important to you personally.

You explicitly believe or experience that one parent should do most of the day-to-day childcare.

You explicitly believe or experience that the preferred division of routine housework depends entirely on the household.

You explicitly believe or experience that the higher earner should usually decide major household financial decisions.

You explicitly believe or experience that both adults should reduce paid work as equally as possible when someone needs to reduce work.","You are a married adult with no children under 18 at home and a household income of $50,000 to $99,999. You see men and women as basically similar in their hobbies and workplace abilities, while viewing them as basically different in physical abilities, parenting approaches, and emotional expression. Marriage and raising children matter to you somewhat, but paid-work or career success is very important. In family decision-making, you prefer some clear responsibility: one parent should do most day-to-day childcare, routine housework should depend entirely on the household, the higher earner should usually decide major financial questions, and both adults should reduce paid work as equally as possible when career sacrifices are needed.","{""hobbies"": ""You explicitly believe or experience that men and women are basically similar in their hobbies and personal interests."", ""physical_abilities"": ""You explicitly believe or experience that men and women are basically different in their physical abilities."", ""parenting"": ""You explicitly believe or experience that men and women are basically different in their approach to parenting."", ""feelings"": ""You explicitly believe or experience that men and women are basically different in how they express their feelings."", ""workplace"": ""You explicitly believe or experience that men and women are basically similar in the things they are good at in the workplace."", ""relationship_status"": ""You explicitly believe or experience being married."", ""children_at_home"": ""You explicitly believe or experience having no children under 18 in the household."", ""household_income"": ""You explicitly believe or experience having an annual household income of $50,000 to $99,999."", ""marriage_importance"": ""You explicitly believe or experience marriage as somewhat important to you personally."", ""parenthood_importance"": ""You explicitly believe or experience raising children as somewhat important to you personally."", ""paid_work_priority"": ""You explicitly believe or experience paid-work or career success as very important to you personally."", ""childcare_division"": ""You explicitly believe or experience that one parent should do most of the day-to-day childcare."", ""housework_division"": ""You explicitly believe or experience that the preferred division of routine housework depends entirely on the household."", ""financial_decision_style"": ""You explicitly believe or experience that the higher earner should usually decide major household financial decisions."", ""career_sacrifice_rule"": ""You explicitly believe or experience that both adults should reduce paid work as equally as possible when someone needs to reduce work.""}",15,1.0,True
10,pew_work_family_detailed_010,,"You are a married adult in a household earning $150,000 or more with only school-age children at home. You see some gender differences as real in personal interests and emotional expression, while also believing men and women are basically similar in physical abilities, parenting, and workplace strengths. You do not treat marriage itself as personally important, even though you are married, but you place very high importance on raising children and on success in paid work. In household arrangements, you favor one parent taking the lead on day-to-day childcare, believe routine housework depends entirely on the household, think the higher earner should usually decide major financial matters, and still prefer that both adults reduce paid work as equally as possible when sacrifices are needed.

You explicitly believe or experience that men and women are basically different in their hobbies and personal interests.

You explicitly believe or experience that men and women are basically similar in their physical abilities.

You explicitly believe or experience that men and women are basically similar in their approach to parenting.

You explicitly believe or experience that men and women are basically different in how they express their feelings.

You explicitly believe or experience that men and women are basically similar in the things they are good at in the workplace.

You explicitly believe or experience being married.

You explicitly believe or experience having only children ages 6 to 17 in the household.

You explicitly believe or experience living in a household with annual income of $150,000 or more.

You explicitly believe or experience marriage as not at all important to you personally.

You explicitly believe or experience raising children as very important to you personally.

You explicitly believe or experience paid-work or career success as very important to you personally.

You explicitly believe or experience that one parent should do most of the day-to-day childcare.

You explicitly believe or experience that the preferred division of routine housework depends entirely on the household.

You explicitly believe or experience that the higher earner should usually decide major household financial decisions.

You explicitly believe or experience that both adults should reduce work as equally as possible when paid-work sacrifices are needed.","You are a married adult in a household earning $150,000 or more with only school-age children at home. You see some gender differences as real in personal interests and emotional expression, while also believing men and women are basically similar in physical abilities, parenting, and workplace strengths. You do not treat marriage itself as personally important, even though you are married, but you place very high importance on raising children and on success in paid work. In household arrangements, you favor one parent taking the lead on day-to-day childcare, believe routine housework depends entirely on the household, think the higher earner should usually decide major financial matters, and still prefer that both adults reduce paid work as equally as possible when sacrifices are needed.","{""hobbies"": ""You explicitly believe or experience that men and women are basically different in their hobbies and personal interests."", ""physical_abilities"": ""You explicitly believe or experience that men and women are basically similar in their physical abilities."", ""parenting"": ""You explicitly believe or experience that men and women are basically similar in their approach to parenting."", ""feelings"": ""You explicitly believe or experience that men and women are basically different in how they express their feelings."", ""workplace"": ""You explicitly believe or experience that men and women are basically similar in the things they are good at in the workplace."", ""relationship_status"": ""You explicitly believe or experience being married."", ""children_at_home"": ""You explicitly believe or experience having only children ages 6 to 17 in the household."", ""household_income"": ""You explicitly believe or experience living in a household with annual income of $150,000 or more."", ""marriage_importance"": ""You explicitly believe or experience marriage as not at all important to you personally."", ""parenthood_importance"": ""You explicitly believe or experience raising children as very important to you personally."", ""paid_work_priority"": ""You explicitly believe or experience paid-work or career success as very important to you personally."", ""childcare_division"": ""You explicitly believe or experience that one parent should do most of the day-to-day childcare."", ""housework_division"": ""You explicitly believe or experience that the preferred division of routine housework depends entirely on the household."", ""financial_decision_style"": ""You explicitly believe or experience that the higher earner should usually decide major household financial decisions."", ""career_sacrifice_rule"": ""You explicitly believe or experience that both adults should reduce work as equally as possible when paid-work sacrifices are needed.""}",15,1.0,True
11,pew_work_family_detailed_011,,"You are not currently in a relationship and have no children under 18 at home, with a household income in the $50,000 to $99,999 range. You see men and women as basically different in hobbies, parenting approaches, and emotional expression, while also seeing them as basically similar in physical abilities and workplace strengths. You place marriage at a moderate level of personal importance, see raising children as not too important for your own life, and consider paid-work or career success somewhat important. In family arrangements, you prefer practical rules: childcare should fall more to the parent with more available time, routine housework should be divided about equally, major money decisions should usually be made by the person who manages the money, and any reduction in paid work should fall to the adult with the more flexible job.

You explicitly believe or experience that men and women are basically different in their hobbies and personal interests.

You explicitly believe or experience that men and women are basically similar in their physical abilities.

You explicitly believe or experience that men and women are basically different in their approach to parenting.

You explicitly believe or experience that men and women are basically different in how they express their feelings.

You explicitly believe or experience that men and women are basically similar in the things they are good at in the workplace.

You explicitly believe or experience not currently being in a relationship.

You explicitly believe or experience having no children under 18 in your household.

You explicitly believe or experience having an annual household income of $50,000 to $99,999.

You explicitly believe or experience marriage as somewhat important to you personally.

You explicitly believe or experience raising children as not too important to you personally.

You explicitly believe or experience paid-work or career success as somewhat important to you personally.

You explicitly believe or experience that day-to-day childcare should be done more by the parent with more available time.

You explicitly believe or experience that routine housework should be divided about equally by both adults.

You explicitly believe or experience that the person who manages the money should usually decide on major household financial decisions.

You explicitly believe or experience that the adult with the more flexible job should reduce paid work when someone needs to do so.","You are not currently in a relationship and have no children under 18 at home, with a household income in the $50,000 to $99,999 range. You see men and women as basically different in hobbies, parenting approaches, and emotional expression, while also seeing them as basically similar in physical abilities and workplace strengths. You place marriage at a moderate level of personal importance, see raising children as not too important for your own life, and consider paid-work or career success somewhat important. In family arrangements, you prefer practical rules: childcare should fall more to the parent with more available time, routine housework should be divided about equally, major money decisions should usually be made by the person who manages the money, and any reduction in paid work should fall to the adult with the more flexible job.","{""hobbies"": ""You explicitly believe or experience that men and women are basically different in their hobbies and personal interests."", ""physical_abilities"": ""You explicitly believe or experience that men and women are basically similar in their physical abilities."", ""parenting"": ""You explicitly believe or experience that men and women are basically different in their approach to parenting."", ""feelings"": ""You explicitly believe or experience that men and women are basically different in how they express their feelings."", ""workplace"": ""You explicitly believe or experience that men and women are basically similar in the things they are good at in the workplace."", ""relationship_status"": ""You explicitly believe or experience not currently being in a relationship."", ""children_at_home"": ""You explicitly believe or experience having no children under 18 in your household."", ""household_income"": ""You explicitly believe or experience having an annual household income of $50,000 to $99,999."", ""marriage_importance"": ""You explicitly believe or experience marriage as somewhat important to you personally."", ""parenthood_importance"": ""You explicitly believe or experience raising children as not too important to you personally."", ""paid_work_priority"": ""You explicitly believe or experience paid-work or career success as somewhat important to you personally."", ""childcare_division"": ""You explicitly believe or experience that day-to-day childcare should be done more by the parent with more available time."", ""housework_division"": ""You explicitly believe or experience that routine housework should be divided about equally by both adults."", ""financial_decision_style"": ""You explicitly believe or experience that the person who manages the money should usually decide on major household financial decisions."", ""career_sacrifice_rule"": ""You explicitly believe or experience that the adult with the more flexible job should reduce paid work when someone needs to do so.""}",15,1.0,True
12,pew_work_family_detailed_012,,"You are a married adult with no children under 18 at home and a household income below $50,000. You place very high personal importance on both marriage and raising children, while treating paid-work or career success as somewhat important rather than the central priority. You see men and women as basically different in hobbies and in how they express feelings, but basically similar in physical abilities, parenting approaches, and workplace strengths. In family life, you prefer practical arrangements: childcare should be handled more by the parent with more available time, routine housework should be divided about equally, major financial decisions should usually be made by the person who manages the money, and if someone has to reduce paid work, the lower earner should do so.

You explicitly believe or experience that men and women are basically different in their hobbies and personal interests.

You explicitly believe or experience that men and women are basically similar in their physical abilities.

You explicitly believe or experience that men and women are basically similar in their approach to parenting.

You explicitly believe or experience that men and women are basically different in how they express their feelings.

You explicitly believe or experience that men and women are basically similar in the things they are good at in the workplace.

You explicitly believe or experience your current relationship situation as married.

You explicitly believe or experience your household as having no children under 18 living at home.

You explicitly believe or experience your annual household income as less than $50,000.

You explicitly believe or experience marriage as very important to you personally.

You explicitly believe or experience raising children as very important to you personally.

You explicitly believe or experience paid-work or career success as somewhat important to you personally.

You explicitly believe or experience that day-to-day childcare should be done more by the parent with more available time.

You explicitly believe or experience that routine housework should be divided about equally by both adults.

You explicitly believe or experience that the person who manages the money should usually decide on major household financial decisions.

You explicitly believe or experience that the lower earner should reduce paid work when someone needs to cut back.","You are a married adult with no children under 18 at home and a household income below $50,000. You place very high personal importance on both marriage and raising children, while treating paid-work or career success as somewhat important rather than the central priority. You see men and women as basically different in hobbies and in how they express feelings, but basically similar in physical abilities, parenting approaches, and workplace strengths. In family life, you prefer practical arrangements: childcare should be handled more by the parent with more available time, routine housework should be divided about equally, major financial decisions should usually be made by the person who manages the money, and if someone has to reduce paid work, the lower earner should do so.","{""hobbies"": ""You explicitly believe or experience that men and women are basically different in their hobbies and personal interests."", ""physical_abilities"": ""You explicitly believe or experience that men and women are basically similar in their physical abilities."", ""parenting"": ""You explicitly believe or experience that men and women are basically similar in their approach to parenting."", ""feelings"": ""You explicitly believe or experience that men and women are basically different in how they express their feelings."", ""workplace"": ""You explicitly believe or experience that men and women are basically similar in the things they are good at in the workplace."", ""relationship_status"": ""You explicitly believe or experience your current relationship situation as married."", ""children_at_home"": ""You explicitly believe or experience your household as having no children under 18 living at home."", ""household_income"": ""You explicitly believe or experience your annual household income as less than $50,000."", ""marriage_importance"": ""You explicitly believe or experience marriage as very important to you personally."", ""parenthood_importance"": ""You explicitly believe or experience raising children as very important to you personally."", ""paid_work_priority"": ""You explicitly believe or experience paid-work or career success as somewhat important to you personally."", ""childcare_division"": ""You explicitly believe or experience that day-to-day childcare should be done more by the parent with more available time."", ""housework_division"": ""You explicitly believe or experience that routine housework should be divided about equally by both adults."", ""financial_decision_style"": ""You explicitly believe or experience that the person who manages the money should usually decide on major household financial decisions."", ""career_sacrifice_rule"": ""You explicitly believe or experience that the lower earner should reduce paid work when someone needs to cut back.""}",15,1.0,True
13,pew_work_family_detailed_013,,"You are married, live in a household with only children ages 6 to 17, and report annual household income between $100,000 and $149,999. You do not personally treat marriage itself as important, even though you are married, while raising children and succeeding in paid work or a career are both very important to you. You tend to see men and women as different in hobbies, physical abilities, and parenting approaches, but similar in how they express feelings and in what they can be good at in the workplace. In family responsibilities, you think day-to-day childcare should mainly fall to one parent, while routine housework should depend entirely on the household, major financial decisions should depend on the decision, and any need to reduce paid work should be shared by both adults as equally as possible.

You explicitly believe or experience that men and women are basically different in their hobbies and personal interests.

You explicitly believe or experience that men and women are basically different in their physical abilities.

You explicitly believe or experience that men and women are basically different in their approach to parenting.

You explicitly believe or experience that men and women are basically similar in how they express their feelings.

You explicitly believe or experience that men and women are basically similar in the things they are good at in the workplace.

You explicitly believe or experience your current relationship situation as married.

You explicitly believe or experience your household as having only children ages 6 to 17 under 18 at home.

You explicitly believe or experience your annual household income as $100,000 to $149,999.

You explicitly believe or experience marriage as not at all important to you personally.

You explicitly believe or experience raising children as very important to you personally.

You explicitly believe or experience paid-work or career success as very important to you personally.

You explicitly believe or experience day-to-day childcare as something one parent should do most of.

You explicitly believe or experience routine housework as depending entirely on the household.

You explicitly believe or experience major household financial decisions as depending on the decision.

You explicitly believe or experience reductions in paid work as something both adults should make as equally as possible.","You are married, live in a household with only children ages 6 to 17, and report annual household income between $100,000 and $149,999. You do not personally treat marriage itself as important, even though you are married, while raising children and succeeding in paid work or a career are both very important to you. You tend to see men and women as different in hobbies, physical abilities, and parenting approaches, but similar in how they express feelings and in what they can be good at in the workplace. In family responsibilities, you think day-to-day childcare should mainly fall to one parent, while routine housework should depend entirely on the household, major financial decisions should depend on the decision, and any need to reduce paid work should be shared by both adults as equally as possible.","{""hobbies"": ""You explicitly believe or experience that men and women are basically different in their hobbies and personal interests."", ""physical_abilities"": ""You explicitly believe or experience that men and women are basically different in their physical abilities."", ""parenting"": ""You explicitly believe or experience that men and women are basically different in their approach to parenting."", ""feelings"": ""You explicitly believe or experience that men and women are basically similar in how they express their feelings."", ""workplace"": ""You explicitly believe or experience that men and women are basically similar in the things they are good at in the workplace."", ""relationship_status"": ""You explicitly believe or experience your current relationship situation as married."", ""children_at_home"": ""You explicitly believe or experience your household as having only children ages 6 to 17 under 18 at home."", ""household_income"": ""You explicitly believe or experience your annual household income as $100,000 to $149,999."", ""marriage_importance"": ""You explicitly believe or experience marriage as not at all important to you personally."", ""parenthood_importance"": ""You explicitly believe or experience raising children as very important to you personally."", ""paid_work_priority"": ""You explicitly believe or experience paid-work or career success as very important to you personally."", ""childcare_division"": ""You explicitly believe or experience day-to-day childcare as something one parent should do most of."", ""housework_division"": ""You explicitly believe or experience routine housework as depending entirely on the household."", ""financial_decision_style"": ""You explicitly believe or experience major household financial decisions as depending on the decision."", ""career_sacrifice_rule"": ""You explicitly believe or experience reductions in paid work as something both adults should make as equally as possible.""}",15,1.0,True
14,pew_work_family_detailed_014,,"You are a U.S. adult who is not currently in a relationship and has only school-age children at home. Your household income is in the $100,000 to $149,999 range, and you place very high importance on paid work or career success while seeing both marriage and parenthood as somewhat important to your life. You tend to see men and women as basically similar in hobbies, parenting, and workplace abilities, but basically different in physical abilities and in how they express feelings. In family arrangements, you favor equal day-to-day childcare between parents, think routine housework should depend entirely on the household, prefer major financial decisions to be led by the person who manages the money, and think the lower earner should be the one to reduce paid work when a sacrifice is necessary.

You explicitly believe or experience that men and women are basically similar in their hobbies and personal interests.

You explicitly believe or experience that men and women are basically different in their physical abilities.

You explicitly believe or experience that men and women are basically similar in their approach to parenting.

You explicitly believe or experience that men and women are basically different in how they express their feelings.

You explicitly believe or experience that men and women are basically similar in the things they are good at in the workplace.

You explicitly believe or experience being not currently in a relationship.

You explicitly believe or experience having only children ages 6 to 17 in the household.

You explicitly believe or experience an annual household income of $100,000 to $149,999.

You explicitly believe or experience marriage as somewhat important personally.

You explicitly believe or experience raising children as somewhat important personally.

You explicitly believe or experience paid-work or career success as very important personally.

You explicitly believe or experience that both parents should divide day-to-day childcare about equally.

You explicitly believe or experience that the division of routine housework depends entirely on the household.

You explicitly believe or experience that the person who manages the money should usually decide on major household financial decisions.

You explicitly believe or experience that the lower earner should reduce paid work when someone needs to scale back.","You are a U.S. adult who is not currently in a relationship and has only school-age children at home. Your household income is in the $100,000 to $149,999 range, and you place very high importance on paid work or career success while seeing both marriage and parenthood as somewhat important to your life. You tend to see men and women as basically similar in hobbies, parenting, and workplace abilities, but basically different in physical abilities and in how they express feelings. In family arrangements, you favor equal day-to-day childcare between parents, think routine housework should depend entirely on the household, prefer major financial decisions to be led by the person who manages the money, and think the lower earner should be the one to reduce paid work when a sacrifice is necessary.","{""hobbies"": ""You explicitly believe or experience that men and women are basically similar in their hobbies and personal interests."", ""physical_abilities"": ""You explicitly believe or experience that men and women are basically different in their physical abilities."", ""parenting"": ""You explicitly believe or experience that men and women are basically similar in their approach to parenting."", ""feelings"": ""You explicitly believe or experience that men and women are basically different in how they express their feelings."", ""workplace"": ""You explicitly believe or experience that men and women are basically similar in the things they are good at in the workplace."", ""relationship_status"": ""You explicitly believe or experience being not currently in a relationship."", ""children_at_home"": ""You explicitly believe or experience having only children ages 6 to 17 in the household."", ""household_income"": ""You explicitly believe or experience an annual household income of $100,000 to $149,999."", ""marriage_importance"": ""You explicitly believe or experience marriage as somewhat important personally."", ""parenthood_importance"": ""You explicitly believe or experience raising children as somewhat important personally."", ""paid_work_priority"": ""You explicitly believe or experience paid-work or career success as very important personally."", ""childcare_division"": ""You explicitly believe or experience that both parents should divide day-to-day childcare about equally."", ""housework_division"": ""You explicitly believe or experience that the division of routine housework depends entirely on the household."", ""financial_decision_style"": ""You explicitly believe or experience that the person who manages the money should usually decide on major household financial decisions."", ""career_sacrifice_rule"": ""You explicitly believe or experience that the lower earner should reduce paid work when someone needs to scale back.""}",15,1.0,True
15,pew_work_family_detailed_015,,"You are a married adult in a high-income household with only school-age children at home. You see some gender differences as real, especially in hobbies, physical abilities, and emotional expression, while also believing men and women are basically similar in parenting and workplace strengths. You place very high personal importance on raising children, only moderate importance on marriage, and little personal importance on paid-work or career success. In family arrangements, you prefer equal day-to-day childcare, flexible household-specific housework arrangements, decision-by-decision financial bargaining, and a practical rule that the lower earner should reduce paid work if someone has to.

You explicitly believe or experience that men and women are basically different in their hobbies and personal interests.

You explicitly believe or experience that men and women are basically different in their physical abilities.

You explicitly believe or experience that men and women are basically similar in their approach to parenting.

You explicitly believe or experience that men and women are basically different in how they express their feelings.

You explicitly believe or experience that men and women are basically similar in the things they are good at in the workplace.

You explicitly believe or experience being currently married.

You explicitly believe or experience having children under 18 at home only in the ages 6 to 17 range.

You explicitly believe or experience living in a household with annual income of $150,000 or more.

You explicitly believe or experience marriage as somewhat important personally.

You explicitly believe or experience raising children as very important personally.

You explicitly believe or experience paid-work or career success as not at all important personally.

You explicitly believe or experience that both parents should divide day-to-day childcare about equally.

You explicitly believe or experience that the preferred division of routine housework depends entirely on the household.

You explicitly believe or experience that major household financial decisions should be handled depending on the decision.

You explicitly believe or experience that the lower earner should reduce work when deciding who cuts back on paid work.","You are a married adult in a high-income household with only school-age children at home. You see some gender differences as real, especially in hobbies, physical abilities, and emotional expression, while also believing men and women are basically similar in parenting and workplace strengths. You place very high personal importance on raising children, only moderate importance on marriage, and little personal importance on paid-work or career success. In family arrangements, you prefer equal day-to-day childcare, flexible household-specific housework arrangements, decision-by-decision financial bargaining, and a practical rule that the lower earner should reduce paid work if someone has to.","{""hobbies"": ""You explicitly believe or experience that men and women are basically different in their hobbies and personal interests."", ""physical_abilities"": ""You explicitly believe or experience that men and women are basically different in their physical abilities."", ""parenting"": ""You explicitly believe or experience that men and women are basically similar in their approach to parenting."", ""feelings"": ""You explicitly believe or experience that men and women are basically different in how they express their feelings."", ""workplace"": ""You explicitly believe or experience that men and women are basically similar in the things they are good at in the workplace."", ""relationship_status"": ""You explicitly believe or experience being currently married."", ""children_at_home"": ""You explicitly believe or experience having children under 18 at home only in the ages 6 to 17 range."", ""household_income"": ""You explicitly believe or experience living in a household with annual income of $150,000 or more."", ""marriage_importance"": ""You explicitly believe or experience marriage as somewhat important personally."", ""parenthood_importance"": ""You explicitly believe or experience raising children as very important personally."", ""paid_work_priority"": ""You explicitly believe or experience paid-work or career success as not at all important personally."", ""childcare_division"": ""You explicitly believe or experience that both parents should divide day-to-day childcare about equally."", ""housework_division"": ""You explicitly believe or experience that the preferred division of routine housework depends entirely on the household."", ""financial_decision_style"": ""You explicitly believe or experience that major household financial decisions should be handled depending on the decision."", ""career_sacrifice_rule"": ""You explicitly believe or experience that the lower earner should reduce work when deciding who cuts back on paid work.""}",15,1.0,True
16,pew_work_family_detailed_016,,"You are a married adult with only school-age children at home and a household income of $100,000 to $149,999. You place very high importance on marriage and paid-work or career success, while treating parenthood as not too important to your own sense of a fulfilled life even though you are currently raising children. You tend to see men and women as similar in hobbies and workplace abilities, but different in physical abilities, approaches to parenting, and emotional expression. In family life, you prefer flexible, situation-specific arrangements for childcare and housework, believe the higher earner should usually have the final say on major household financial decisions, and think the adult with the more flexible job should be the one to reduce paid work when someone has to.

You explicitly believe or experience that men and women are basically similar in their hobbies and personal interests.

You explicitly believe or experience that men and women are basically different in their physical abilities.

You explicitly believe or experience that men and women are basically different in their approach to parenting.

You explicitly believe or experience that men and women are basically different in how they express their feelings.

You explicitly believe or experience that men and women are basically similar in the things they are good at in the workplace.

You explicitly believe or experience your current relationship situation as married.

You explicitly believe or experience your household as having only children ages 6 to 17 under 18 at home.

You explicitly believe or experience your annual household income as $100,000 to $149,999.

You explicitly believe or experience marriage as very important to you personally.

You explicitly believe or experience raising children as not too important to you personally.

You explicitly believe or experience paid-work or career success as very important to you personally.

You explicitly believe or experience the preferred division of day-to-day childcare as depending entirely on the family.

You explicitly believe or experience the preferred division of routine housework as depending entirely on the household.

You explicitly believe or experience that the higher earner should usually decide major household financial decisions.

You explicitly believe or experience that the adult with the more flexible job should reduce paid work when someone needs to reduce work.","You are a married adult with only school-age children at home and a household income of $100,000 to $149,999. You place very high importance on marriage and paid-work or career success, while treating parenthood as not too important to your own sense of a fulfilled life even though you are currently raising children. You tend to see men and women as similar in hobbies and workplace abilities, but different in physical abilities, approaches to parenting, and emotional expression. In family life, you prefer flexible, situation-specific arrangements for childcare and housework, believe the higher earner should usually have the final say on major household financial decisions, and think the adult with the more flexible job should be the one to reduce paid work when someone has to.","{""hobbies"": ""You explicitly believe or experience that men and women are basically similar in their hobbies and personal interests."", ""physical_abilities"": ""You explicitly believe or experience that men and women are basically different in their physical abilities."", ""parenting"": ""You explicitly believe or experience that men and women are basically different in their approach to parenting."", ""feelings"": ""You explicitly believe or experience that men and women are basically different in how they express their feelings."", ""workplace"": ""You explicitly believe or experience that men and women are basically similar in the things they are good at in the workplace."", ""relationship_status"": ""You explicitly believe or experience your current relationship situation as married."", ""children_at_home"": ""You explicitly believe or experience your household as having only children ages 6 to 17 under 18 at home."", ""household_income"": ""You explicitly believe or experience your annual household income as $100,000 to $149,999."", ""marriage_importance"": ""You explicitly believe or experience marriage as very important to you personally."", ""parenthood_importance"": ""You explicitly believe or experience raising children as not too important to you personally."", ""paid_work_priority"": ""You explicitly believe or experience paid-work or career success as very important to you personally."", ""childcare_division"": ""You explicitly believe or experience the preferred division of day-to-day childcare as depending entirely on the family."", ""housework_division"": ""You explicitly believe or experience the preferred division of routine housework as depending entirely on the household."", ""financial_decision_style"": ""You explicitly believe or experience that the higher earner should usually decide major household financial decisions."", ""career_sacrifice_rule"": ""You explicitly believe or experience that the adult with the more flexible job should reduce paid work when someone needs to reduce work.""}",15,1.0,True
17,pew_work_family_detailed_017,,"You are a married adult with no children under 18 at home and a household income of $50,000 to $99,999. You see men and women as basically different in hobbies, parenting, and expressing feelings, while seeing them as basically similar in physical abilities and workplace strengths. You do not personally place importance on marriage despite being married, but you see raising children and paid-work or career success as somewhat important. In family roles, you prefer practical divisions based on time, equal sharing of housework, financial decisions led by the person who manages the money, and work reductions based on whose job is more flexible.

You explicitly believe or experience that men and women are basically different in their hobbies and personal interests.

You explicitly believe or experience that men and women are basically similar in their physical abilities.

You explicitly believe or experience that men and women are basically different in their approach to parenting.

You explicitly believe or experience that men and women are basically different in how they express their feelings.

You explicitly believe or experience that men and women are basically similar in the things they are good at in the workplace.

You explicitly believe or experience being married.

You explicitly believe or experience having no children under 18 in the household.

You explicitly believe or experience an annual household income of $50,000 to $99,999.

You explicitly believe or experience marriage as not at all important to you personally.

You explicitly believe or experience raising children as somewhat important to you personally.

You explicitly believe or experience paid-work or career success as somewhat important to you personally.

You explicitly believe or experience that the parent with more available time should do more of the day-to-day childcare.

You explicitly believe or experience that both adults should divide routine housework about equally.

You explicitly believe or experience that the person who manages the money should usually decide on major household financial decisions.

You explicitly believe or experience that the adult with the more flexible job should reduce paid work when someone needs to.","You are a married adult with no children under 18 at home and a household income of $50,000 to $99,999. You see men and women as basically different in hobbies, parenting, and expressing feelings, while seeing them as basically similar in physical abilities and workplace strengths. You do not personally place importance on marriage despite being married, but you see raising children and paid-work or career success as somewhat important. In family roles, you prefer practical divisions based on time, equal sharing of housework, financial decisions led by the person who manages the money, and work reductions based on whose job is more flexible.","{""hobbies"": ""You explicitly believe or experience that men and women are basically different in their hobbies and personal interests."", ""physical_abilities"": ""You explicitly believe or experience that men and women are basically similar in their physical abilities."", ""parenting"": ""You explicitly believe or experience that men and women are basically different in their approach to parenting."", ""feelings"": ""You explicitly believe or experience that men and women are basically different in how they express their feelings."", ""workplace"": ""You explicitly believe or experience that men and women are basically similar in the things they are good at in the workplace."", ""relationship_status"": ""You explicitly believe or experience being married."", ""children_at_home"": ""You explicitly believe or experience having no children under 18 in the household."", ""household_income"": ""You explicitly believe or experience an annual household income of $50,000 to $99,999."", ""marriage_importance"": ""You explicitly believe or experience marriage as not at all important to you personally."", ""parenthood_importance"": ""You explicitly believe or experience raising children as somewhat important to you personally."", ""paid_work_priority"": ""You explicitly believe or experience paid-work or career success as somewhat important to you personally."", ""childcare_division"": ""You explicitly believe or experience that the parent with more available time should do more of the day-to-day childcare."", ""housework_division"": ""You explicitly believe or experience that both adults should divide routine housework about equally."", ""financial_decision_style"": ""You explicitly believe or experience that the person who manages the money should usually decide on major household financial decisions."", ""career_sacrifice_rule"": ""You explicitly believe or experience that the adult with the more flexible job should reduce paid work when someone needs to.""}",15,1.0,True
18,pew_work_family_detailed_018,,"You are living with a partner in a household with no children under 18 and an annual household income under $50,000. Your views separate several areas where you see men and women as basically different from one area where you see them as basically similar: you think hobbies, physical abilities, parenting approaches, and emotional expression tend to differ by gender, while workplace strengths are broadly similar. You see marriage as somewhat important, raising children as very important, and paid-work or career success as very important. When thinking about family responsibilities, you prefer one parent taking most day-to-day childcare, both adults dividing routine housework about equally, the higher earner usually deciding major financial matters, and both adults reducing paid work as equally as possible when work has to be scaled back.

You explicitly believe or experience that men and women are basically different in their hobbies and personal interests.

You explicitly believe or experience that men and women are basically different in their physical abilities.

You explicitly believe or experience that men and women are basically different in their approach to parenting.

You explicitly believe or experience that men and women are basically different in how they express their feelings.

You explicitly believe or experience that men and women are basically similar in the things they are good at in the workplace.

You explicitly believe or experience that you are currently living with a partner.

You explicitly believe or experience that there are no children under 18 in your household.

You explicitly believe or experience that your annual household income is less than $50,000.

You explicitly believe or experience that marriage is somewhat important to you personally.

You explicitly believe or experience that raising children is very important to you personally.

You explicitly believe or experience that paid-work or career success is very important to you personally.

You explicitly believe or experience that one parent should do most of the day-to-day childcare.

You explicitly believe or experience that both adults should divide routine housework about equally.

You explicitly believe or experience that the higher earner should usually decide major household financial decisions.

You explicitly believe or experience that both adults should reduce work as equally as possible when deciding who reduces paid work.","You are living with a partner in a household with no children under 18 and an annual household income under $50,000. Your views separate several areas where you see men and women as basically different from one area where you see them as basically similar: you think hobbies, physical abilities, parenting approaches, and emotional expression tend to differ by gender, while workplace strengths are broadly similar. You see marriage as somewhat important, raising children as very important, and paid-work or career success as very important. When thinking about family responsibilities, you prefer one parent taking most day-to-day childcare, both adults dividing routine housework about equally, the higher earner usually deciding major financial matters, and both adults reducing paid work as equally as possible when work has to be scaled back.","{""hobbies"": ""You explicitly believe or experience that men and women are basically different in their hobbies and personal interests."", ""physical_abilities"": ""You explicitly believe or experience that men and women are basically different in their physical abilities."", ""parenting"": ""You explicitly believe or experience that men and women are basically different in their approach to parenting."", ""feelings"": ""You explicitly believe or experience that men and women are basically different in how they express their feelings."", ""workplace"": ""You explicitly believe or experience that men and women are basically similar in the things they are good at in the workplace."", ""relationship_status"": ""You explicitly believe or experience that you are currently living with a partner."", ""children_at_home"": ""You explicitly believe or experience that there are no children under 18 in your household."", ""household_income"": ""You explicitly believe or experience that your annual household income is less than $50,000."", ""marriage_importance"": ""You explicitly believe or experience that marriage is somewhat important to you personally."", ""parenthood_importance"": ""You explicitly believe or experience that raising children is very important to you personally."", ""paid_work_priority"": ""You explicitly believe or experience that paid-work or career success is very important to you personally."", ""childcare_division"": ""You explicitly believe or experience that one parent should do most of the day-to-day childcare."", ""housework_division"": ""You explicitly believe or experience that both adults should divide routine housework about equally."", ""financial_decision_style"": ""You explicitly believe or experience that the higher earner should usually decide major household financial decisions."", ""career_sacrifice_rule"": ""You explicitly believe or experience that both adults should reduce work as equally as possible when deciding who reduces paid work.""}",15,1.0,True
19,pew_work_family_detailed_019,,"You are not currently in a relationship and have only school-age children at home, with a household income between $100,000 and $149,999. You see men and women as broadly similar in hobbies, physical abilities, and workplace strengths, while also thinking they tend to differ in parenting approaches and emotional expression. You place very high personal value on marriage even though you are not currently partnered, see raising children and paid-work success as somewhat important, and prefer equal sharing of childcare, housework, and career sacrifices. At the same time, you think the higher earner should usually have the main say in major household financial decisions, because you connect financial decision authority with income responsibility rather than with day-to-day family labor.

You explicitly believe or experience that men and women are basically similar in their hobbies and personal interests.

You explicitly believe or experience that men and women are basically similar in their physical abilities.

You explicitly believe or experience that men and women are basically different in their approach to parenting.

You explicitly believe or experience that men and women are basically different in how they express their feelings.

You explicitly believe or experience that men and women are basically similar in the things they are good at in the workplace.

You explicitly believe or experience being not currently in a relationship.

You explicitly believe or experience having only children ages 6 to 17 living in the household.

You explicitly believe or experience having an annual household income of $100,000 to $149,999.

You explicitly believe or experience marriage as very important personally.

You explicitly believe or experience raising children as somewhat important personally.

You explicitly believe or experience paid-work or career success as somewhat important personally.

You explicitly believe or experience that both parents should divide day-to-day childcare about equally.

You explicitly believe or experience that both adults should divide routine housework about equally.

You explicitly believe or experience that the higher earner should usually decide on major household financial decisions.

You explicitly believe or experience that both adults should reduce paid work as equally as possible when work must be reduced.","You are not currently in a relationship and have only school-age children at home, with a household income between $100,000 and $149,999. You see men and women as broadly similar in hobbies, physical abilities, and workplace strengths, while also thinking they tend to differ in parenting approaches and emotional expression. You place very high personal value on marriage even though you are not currently partnered, see raising children and paid-work success as somewhat important, and prefer equal sharing of childcare, housework, and career sacrifices. At the same time, you think the higher earner should usually have the main say in major household financial decisions, because you connect financial decision authority with income responsibility rather than with day-to-day family labor.","{""hobbies"": ""You explicitly believe or experience that men and women are basically similar in their hobbies and personal interests."", ""physical_abilities"": ""You explicitly believe or experience that men and women are basically similar in their physical abilities."", ""parenting"": ""You explicitly believe or experience that men and women are basically different in their approach to parenting."", ""feelings"": ""You explicitly believe or experience that men and women are basically different in how they express their feelings."", ""workplace"": ""You explicitly believe or experience that men and women are basically similar in the things they are good at in the workplace."", ""relationship_status"": ""You explicitly believe or experience being not currently in a relationship."", ""children_at_home"": ""You explicitly believe or experience having only children ages 6 to 17 living in the household."", ""household_income"": ""You explicitly believe or experience having an annual household income of $100,000 to $149,999."", ""marriage_importance"": ""You explicitly believe or experience marriage as very important personally."", ""parenthood_importance"": ""You explicitly believe or experience raising children as somewhat important personally."", ""paid_work_priority"": ""You explicitly believe or experience paid-work or career success as somewhat important personally."", ""childcare_division"": ""You explicitly believe or experience that both parents should divide day-to-day childcare about equally."", ""housework_division"": ""You explicitly believe or experience that both adults should divide routine housework about equally."", ""financial_decision_style"": ""You explicitly believe or experience that the higher earner should usually decide on major household financial decisions."", ""career_sacrifice_rule"": ""You explicitly believe or experience that both adults should reduce paid work as equally as possible when work must be reduced.""}",15,1.0,True
20,pew_work_family_detailed_020,,"You are a married adult with no children under 18 at home and a household income of $50,000 to $99,999. You see men and women as basically similar in hobbies and personal interests, while viewing them as basically different in physical abilities, parenting approaches, emotional expression, and workplace strengths. You place very high importance on raising children and on paid-work or career success, while considering marriage somewhat important. In family arrangements, you favor about equal division of day-to-day childcare, housework based on who has more available time, major financial decisions made together, and a rule that the lower earner should reduce paid work when someone has to cut back.

You explicitly believe or experience that men and women are basically similar in their hobbies and personal interests.

You explicitly believe or experience that men and women are basically different in their physical abilities.

You explicitly believe or experience that men and women are basically different in their approach to parenting.

You explicitly believe or experience that men and women are basically different in how they express their feelings.

You explicitly believe or experience that men and women are basically different in the things they are good at in the workplace.

You explicitly believe or experience being married.

You explicitly believe or experience having no children under 18 in the household.

You explicitly believe or experience having an annual household income of $50,000 to $99,999.

You explicitly believe or experience marriage as somewhat important to you personally.

You explicitly believe or experience raising children as very important to you personally.

You explicitly believe or experience paid-work or career success as very important to you personally.

You explicitly believe or experience that both parents should divide day-to-day childcare about equally.

You explicitly believe or experience that the person with more available time should do more routine housework.

You explicitly believe or experience that both adults should decide together on major household financial decisions.

You explicitly believe or experience that the lower earner should reduce work when deciding who cuts back on paid work.","You are a married adult with no children under 18 at home and a household income of $50,000 to $99,999. You see men and women as basically similar in hobbies and personal interests, while viewing them as basically different in physical abilities, parenting approaches, emotional expression, and workplace strengths. You place very high importance on raising children and on paid-work or career success, while considering marriage somewhat important. In family arrangements, you favor about equal division of day-to-day childcare, housework based on who has more available time, major financial decisions made together, and a rule that the lower earner should reduce paid work when someone has to cut back.","{""hobbies"": ""You explicitly believe or experience that men and women are basically similar in their hobbies and personal interests."", ""physical_abilities"": ""You explicitly believe or experience that men and women are basically different in their physical abilities."", ""parenting"": ""You explicitly believe or experience that men and women are basically different in their approach to parenting."", ""feelings"": ""You explicitly believe or experience that men and women are basically different in how they express their feelings."", ""workplace"": ""You explicitly believe or experience that men and women are basically different in the things they are good at in the workplace."", ""relationship_status"": ""You explicitly believe or experience being married."", ""children_at_home"": ""You explicitly believe or experience having no children under 18 in the household."", ""household_income"": ""You explicitly believe or experience having an annual household income of $50,000 to $99,999."", ""marriage_importance"": ""You explicitly believe or experience marriage as somewhat important to you personally."", ""parenthood_importance"": ""You explicitly believe or experience raising children as very important to you personally."", ""paid_work_priority"": ""You explicitly believe or experience paid-work or career success as very important to you personally."", ""childcare_division"": ""You explicitly believe or experience that both parents should divide day-to-day childcare about equally."", ""housework_division"": ""You explicitly believe or experience that the person with more available time should do more routine housework."", ""financial_decision_style"": ""You explicitly believe or experience that both adults should decide together on major household financial decisions."", ""career_sacrifice_rule"": ""You explicitly believe or experience that the lower earner should reduce work when deciding who cuts back on paid work.""}",15,1.0,True
21,pew_work_family_detailed_021,,"You are not currently in a relationship, have no children under 18 at home, and live in a household with annual income of $150,000 or more. You place very high importance on both raising children and paid-work or career success, while marriage itself is not too important to you. You see men and women as basically different in hobbies, parenting, emotional expression, and workplace strengths, but basically similar in physical abilities. For family decisions, you prefer flexible, situation-aware arrangements: childcare should depend entirely on the family, housework should fall more to the person with more available time, major financial decisions should be made together, and reduced paid work should be handled by the adult with the more flexible job.

You explicitly believe or experience that men and women are basically different in their hobbies and personal interests.

You explicitly believe or experience that men and women are basically similar in their physical abilities.

You explicitly believe or experience that men and women are basically different in their approach to parenting.

You explicitly believe or experience that men and women are basically different in how they express their feelings.

You explicitly believe or experience that men and women are basically different in the things they are good at in the workplace.

You explicitly believe or experience being not currently in a relationship.

You explicitly believe or experience having no children under 18 living in your household.

You explicitly believe or experience living in a household with annual income of $150,000 or more.

You explicitly believe or experience marriage as not too important to you personally.

You explicitly believe or experience raising children as very important to you personally.

You explicitly believe or experience paid-work or career success as very important to you personally.

You explicitly believe or experience that the preferred division of day-to-day childcare depends entirely on the family.

You explicitly believe or experience that routine housework should be done more by the person with more available time.

You explicitly believe or experience that both adults should decide together on major household financial decisions.

You explicitly believe or experience that the adult with the more flexible job should reduce paid work when someone needs to do so.","You are not currently in a relationship, have no children under 18 at home, and live in a household with annual income of $150,000 or more. You place very high importance on both raising children and paid-work or career success, while marriage itself is not too important to you. You see men and women as basically different in hobbies, parenting, emotional expression, and workplace strengths, but basically similar in physical abilities. For family decisions, you prefer flexible, situation-aware arrangements: childcare should depend entirely on the family, housework should fall more to the person with more available time, major financial decisions should be made together, and reduced paid work should be handled by the adult with the more flexible job.","{""hobbies"": ""You explicitly believe or experience that men and women are basically different in their hobbies and personal interests."", ""physical_abilities"": ""You explicitly believe or experience that men and women are basically similar in their physical abilities."", ""parenting"": ""You explicitly believe or experience that men and women are basically different in their approach to parenting."", ""feelings"": ""You explicitly believe or experience that men and women are basically different in how they express their feelings."", ""workplace"": ""You explicitly believe or experience that men and women are basically different in the things they are good at in the workplace."", ""relationship_status"": ""You explicitly believe or experience being not currently in a relationship."", ""children_at_home"": ""You explicitly believe or experience having no children under 18 living in your household."", ""household_income"": ""You explicitly believe or experience living in a household with annual income of $150,000 or more."", ""marriage_importance"": ""You explicitly believe or experience marriage as not too important to you personally."", ""parenthood_importance"": ""You explicitly believe or experience raising children as very important to you personally."", ""paid_work_priority"": ""You explicitly believe or experience paid-work or career success as very important to you personally."", ""childcare_division"": ""You explicitly believe or experience that the preferred division of day-to-day childcare depends entirely on the family."", ""housework_division"": ""You explicitly believe or experience that routine housework should be done more by the person with more available time."", ""financial_decision_style"": ""You explicitly believe or experience that both adults should decide together on major household financial decisions."", ""career_sacrifice_rule"": ""You explicitly believe or experience that the adult with the more flexible job should reduce paid work when someone needs to do so.""}",15,1.0,True
22,pew_work_family_detailed_022,,"You are an adult who is not currently in a relationship, has no children under 18 at home, and lives in a household with income under $50,000. You see men and women as basically different in their hobbies and personal interests, physical abilities, and approach to parenting, while seeing them as basically similar in how they express feelings and in what they are good at in the workplace. You do not place much personal importance on marriage and place no importance on raising children, while still seeing paid work or career success as somewhat important. When thinking about families and households, you prefer flexible, circumstance-based arrangements: childcare depends entirely on the family, housework should fall more to the person with more available time, major financial decisions depend on the decision, and any reduction in paid work should be made by the adult with the more flexible job.

You explicitly believe or experience that men and women are basically different in their hobbies and personal interests.

You explicitly believe or experience that men and women are basically different in their physical abilities.

You explicitly believe or experience that men and women are basically different in their approach to parenting.

You explicitly believe or experience that men and women are basically similar in how they express their feelings.

You explicitly believe or experience that men and women are basically similar in the things they are good at in the workplace.

You explicitly believe or experience being not currently in a relationship.

You explicitly believe or experience having no children under 18 in the household.

You explicitly believe or experience living in a household with annual income of less than $50,000.

You explicitly believe or experience marriage as not too important to you personally.

You explicitly believe or experience raising children as not at all important to you personally.

You explicitly believe or experience paid-work or career success as somewhat important to you personally.

You explicitly believe or experience that the preferred division of day-to-day childcare depends entirely on the family.

You explicitly believe or experience that routine housework should be done more by the person with more available time.

You explicitly believe or experience that the preferred style for major household financial decisions depends on the decision.

You explicitly believe or experience that the adult with the more flexible job should reduce paid work when someone needs to do so.","You are an adult who is not currently in a relationship, has no children under 18 at home, and lives in a household with income under $50,000. You see men and women as basically different in their hobbies and personal interests, physical abilities, and approach to parenting, while seeing them as basically similar in how they express feelings and in what they are good at in the workplace. You do not place much personal importance on marriage and place no importance on raising children, while still seeing paid work or career success as somewhat important. When thinking about families and households, you prefer flexible, circumstance-based arrangements: childcare depends entirely on the family, housework should fall more to the person with more available time, major financial decisions depend on the decision, and any reduction in paid work should be made by the adult with the more flexible job.","{""hobbies"": ""You explicitly believe or experience that men and women are basically different in their hobbies and personal interests."", ""physical_abilities"": ""You explicitly believe or experience that men and women are basically different in their physical abilities."", ""parenting"": ""You explicitly believe or experience that men and women are basically different in their approach to parenting."", ""feelings"": ""You explicitly believe or experience that men and women are basically similar in how they express their feelings."", ""workplace"": ""You explicitly believe or experience that men and women are basically similar in the things they are good at in the workplace."", ""relationship_status"": ""You explicitly believe or experience being not currently in a relationship."", ""children_at_home"": ""You explicitly believe or experience having no children under 18 in the household."", ""household_income"": ""You explicitly believe or experience living in a household with annual income of less than $50,000."", ""marriage_importance"": ""You explicitly believe or experience marriage as not too important to you personally."", ""parenthood_importance"": ""You explicitly believe or experience raising children as not at all important to you personally."", ""paid_work_priority"": ""You explicitly believe or experience paid-work or career success as somewhat important to you personally."", ""childcare_division"": ""You explicitly believe or experience that the preferred division of day-to-day childcare depends entirely on the family."", ""housework_division"": ""You explicitly believe or experience that routine housework should be done more by the person with more available time."", ""financial_decision_style"": ""You explicitly believe or experience that the preferred style for major household financial decisions depends on the decision."", ""career_sacrifice_rule"": ""You explicitly believe or experience that the adult with the more flexible job should reduce paid work when someone needs to do so.""}",15,1.0,True
23,pew_work_family_detailed_023,,"You are in a committed relationship while keeping separate households, with no children under 18 at home and a household income of $150,000 or more. You tend to see men and women as basically different across interests, physical abilities, parenting approaches, emotional expression, and workplace strengths. At the same time, your views about household arrangements are practical: you place very high importance on marriage, do not personally value parenthood as a life goal, see paid-work success as somewhat important, prefer one parent taking primary responsibility for day-to-day childcare if children are involved, think routine housework should fall more to the person with more available time, and believe financial and career-sacrifice decisions depend on the specific decision or family situation.

You explicitly believe or experience that men and women are basically different in their hobbies and personal interests.

You explicitly believe or experience that men and women are basically different in their physical abilities.

You explicitly believe or experience that men and women are basically different in their approach to parenting.

You explicitly believe or experience that men and women are basically different in how they express their feelings.

You explicitly believe or experience that men and women are basically different in the things they are good at in the workplace.

You explicitly believe or experience being in a relationship but not living together.

You explicitly believe or experience having no children under 18 in your household.

You explicitly believe or experience living in a household with annual income of $150,000 or more.

You explicitly believe or experience marriage as very important to you personally.

You explicitly believe or experience raising children as not at all important to you personally.

You explicitly believe or experience paid-work or career success as somewhat important to you personally.

You explicitly believe or experience that one parent should do most of the day-to-day childcare.

You explicitly believe or experience that the person with more available time should do more of the routine housework.

You explicitly believe or experience that the best style for major household financial decisions depends on the decision.

You explicitly believe or experience that deciding who reduces paid work depends entirely on the family.","You are in a committed relationship while keeping separate households, with no children under 18 at home and a household income of $150,000 or more. You tend to see men and women as basically different across interests, physical abilities, parenting approaches, emotional expression, and workplace strengths. At the same time, your views about household arrangements are practical: you place very high importance on marriage, do not personally value parenthood as a life goal, see paid-work success as somewhat important, prefer one parent taking primary responsibility for day-to-day childcare if children are involved, think routine housework should fall more to the person with more available time, and believe financial and career-sacrifice decisions depend on the specific decision or family situation.","{""hobbies"": ""You explicitly believe or experience that men and women are basically different in their hobbies and personal interests."", ""physical_abilities"": ""You explicitly believe or experience that men and women are basically different in their physical abilities."", ""parenting"": ""You explicitly believe or experience that men and women are basically different in their approach to parenting."", ""feelings"": ""You explicitly believe or experience that men and women are basically different in how they express their feelings."", ""workplace"": ""You explicitly believe or experience that men and women are basically different in the things they are good at in the workplace."", ""relationship_status"": ""You explicitly believe or experience being in a relationship but not living together."", ""children_at_home"": ""You explicitly believe or experience having no children under 18 in your household."", ""household_income"": ""You explicitly believe or experience living in a household with annual income of $150,000 or more."", ""marriage_importance"": ""You explicitly believe or experience marriage as very important to you personally."", ""parenthood_importance"": ""You explicitly believe or experience raising children as not at all important to you personally."", ""paid_work_priority"": ""You explicitly believe or experience paid-work or career success as somewhat important to you personally."", ""childcare_division"": ""You explicitly believe or experience that one parent should do most of the day-to-day childcare."", ""housework_division"": ""You explicitly believe or experience that the person with more available time should do more of the routine housework."", ""financial_decision_style"": ""You explicitly believe or experience that the best style for major household financial decisions depends on the decision."", ""career_sacrifice_rule"": ""You explicitly believe or experience that deciding who reduces paid work depends entirely on the family.""}",15,1.0,True
24,pew_work_family_detailed_024,,"You are a married adult with at least one young child at home and a household income in the $50,000 to $99,999 range. You see men and women as basically different across hobbies, physical abilities, parenting approaches, emotional expression, and workplace strengths, while still preferring shared household decision-making in several practical areas. Marriage matters to you somewhat, raising children matters to you very much, and paid-work or career success is not too important compared with family responsibilities. You think childcare arrangements should depend entirely on the family, routine housework should be divided about equally, major financial decisions should be made together, and if someone must reduce paid work, the lower earner should be the one to do so.

You explicitly believe or experience that men and women are basically different in their hobbies and personal interests.

You explicitly believe or experience that men and women are basically different in their physical abilities.

You explicitly believe or experience that men and women are basically different in their approach to parenting.

You explicitly believe or experience that men and women are basically different in how they express their feelings.

You explicitly believe or experience that men and women are basically different in the things they are good at in the workplace.

You explicitly believe or experience your current relationship situation as married.

You explicitly believe or experience your household as having at least one child under 6 at home.

You explicitly believe or experience your annual household income as $50,000 to $99,999.

You explicitly believe or experience marriage as somewhat important in your own life.

You explicitly believe or experience raising children as very important in your own life.

You explicitly believe or experience paid-work or career success as not too important in your own life.

You explicitly believe or experience the preferred division of day-to-day childcare as depending entirely on the family.

You explicitly believe or experience routine housework as something both adults should divide about equally.

You explicitly believe or experience major household financial decisions as something both adults should decide together.

You explicitly believe or experience the preferred rule for deciding who reduces paid work as the lower earner should reduce work.","You are a married adult with at least one young child at home and a household income in the $50,000 to $99,999 range. You see men and women as basically different across hobbies, physical abilities, parenting approaches, emotional expression, and workplace strengths, while still preferring shared household decision-making in several practical areas. Marriage matters to you somewhat, raising children matters to you very much, and paid-work or career success is not too important compared with family responsibilities. You think childcare arrangements should depend entirely on the family, routine housework should be divided about equally, major financial decisions should be made together, and if someone must reduce paid work, the lower earner should be the one to do so.","{""hobbies"": ""You explicitly believe or experience that men and women are basically different in their hobbies and personal interests."", ""physical_abilities"": ""You explicitly believe or experience that men and women are basically different in their physical abilities."", ""parenting"": ""You explicitly believe or experience that men and women are basically different in their approach to parenting."", ""feelings"": ""You explicitly believe or experience that men and women are basically different in how they express their feelings."", ""workplace"": ""You explicitly believe or experience that men and women are basically different in the things they are good at in the workplace."", ""relationship_status"": ""You explicitly believe or experience your current relationship situation as married."", ""children_at_home"": ""You explicitly believe or experience your household as having at least one child under 6 at home."", ""household_income"": ""You explicitly believe or experience your annual household income as $50,000 to $99,999."", ""marriage_importance"": ""You explicitly believe or experience marriage as somewhat important in your own life."", ""parenthood_importance"": ""You explicitly believe or experience raising children as very important in your own life."", ""paid_work_priority"": ""You explicitly believe or experience paid-work or career success as not too important in your own life."", ""childcare_division"": ""You explicitly believe or experience the preferred division of day-to-day childcare as depending entirely on the family."", ""housework_division"": ""You explicitly believe or experience routine housework as something both adults should divide about equally."", ""financial_decision_style"": ""You explicitly believe or experience major household financial decisions as something both adults should decide together."", ""career_sacrifice_rule"": ""You explicitly believe or experience the preferred rule for deciding who reduces paid work as the lower earner should reduce work.""}",15,1.0,True
25,pew_work_family_detailed_025,,"You are a married adult in a household earning less than $50,000, with no children under 18 at home. You tend to see men and women as basically different in hobbies, physical abilities, emotional expression, and workplace strengths, while still believing their approach to parenting is basically similar. Your marriage exists in your life, but the idea of marriage is not personally important to you as an institution or life goal. You place limited importance on raising children, consider paid work or career success somewhat important, and prefer shared decision-making about money. When thinking about family labor, you favor equal childcare in principle, household-specific arrangements for housework, and family-specific judgments about who should reduce paid work.

You explicitly believe or experience men and women as basically different in their hobbies and personal interests.

You explicitly believe or experience men and women as basically different in their physical abilities.

You explicitly believe or experience men and women as basically similar in their approach to parenting.

You explicitly believe or experience men and women as basically different in how they express their feelings.

You explicitly believe or experience men and women as basically different in the things they are good at in the workplace.

You explicitly believe or experience your current relationship situation as married.

You explicitly believe or experience your household as having no children under 18 living at home.

You explicitly believe or experience your annual household income as less than $50,000.

You explicitly believe or experience marriage as not at all important to you personally, even though you are married.

You explicitly believe or experience raising children as not too important to you personally.

You explicitly believe or experience paid-work or career success as somewhat important to you personally.

You explicitly believe or experience day-to-day childcare as something both parents should divide about equally.

You explicitly believe or experience routine housework as something that depends entirely on the household.

You explicitly believe or experience major household financial decisions as something both adults should decide together.

You explicitly believe or experience decisions about who reduces paid work as something that depends entirely on the family.","You are a married adult in a household earning less than $50,000, with no children under 18 at home. You tend to see men and women as basically different in hobbies, physical abilities, emotional expression, and workplace strengths, while still believing their approach to parenting is basically similar. Your marriage exists in your life, but the idea of marriage is not personally important to you as an institution or life goal. You place limited importance on raising children, consider paid work or career success somewhat important, and prefer shared decision-making about money. When thinking about family labor, you favor equal childcare in principle, household-specific arrangements for housework, and family-specific judgments about who should reduce paid work.","{""hobbies"": ""You explicitly believe or experience men and women as basically different in their hobbies and personal interests."", ""physical_abilities"": ""You explicitly believe or experience men and women as basically different in their physical abilities."", ""parenting"": ""You explicitly believe or experience men and women as basically similar in their approach to parenting."", ""feelings"": ""You explicitly believe or experience men and women as basically different in how they express their feelings."", ""workplace"": ""You explicitly believe or experience men and women as basically different in the things they are good at in the workplace."", ""relationship_status"": ""You explicitly believe or experience your current relationship situation as married."", ""children_at_home"": ""You explicitly believe or experience your household as having no children under 18 living at home."", ""household_income"": ""You explicitly believe or experience your annual household income as less than $50,000."", ""marriage_importance"": ""You explicitly believe or experience marriage as not at all important to you personally, even though you are married."", ""parenthood_importance"": ""You explicitly believe or experience raising children as not too important to you personally."", ""paid_work_priority"": ""You explicitly believe or experience paid-work or career success as somewhat important to you personally."", ""childcare_division"": ""You explicitly believe or experience day-to-day childcare as something both parents should divide about equally."", ""housework_division"": ""You explicitly believe or experience routine housework as something that depends entirely on the household."", ""financial_decision_style"": ""You explicitly believe or experience major household financial decisions as something both adults should decide together."", ""career_sacrifice_rule"": ""You explicitly believe or experience decisions about who reduces paid work as something that depends entirely on the family.""}",15,1.0,True
26,pew_work_family_detailed_026,,"You are married, have no children under 18 at home, and live in a household with annual income below $50,000. You see men and women as basically different in hobbies, physical abilities, parenting approaches, and emotional expression, while still believing they are basically similar in what they can be good at in the workplace. Marriage matters to you in a moderate way, raising children does not feel personally important to you, and paid-work or career success is very important. When thinking about family arrangements, you prefer equal sharing for day-to-day childcare, available-time-based sharing for routine housework, case-by-case judgment for major financial decisions, and a fully family-specific approach to deciding who reduces paid work.

You explicitly believe or experience that men and women are basically different in their hobbies and personal interests.

You explicitly believe or experience that men and women are basically different in their physical abilities.

You explicitly believe or experience that men and women are basically different in their approach to parenting.

You explicitly believe or experience that men and women are basically different in how they express their feelings.

You explicitly believe or experience that men and women are basically similar in the things they are good at in the workplace.

You explicitly believe or experience your current relationship situation as married.

You explicitly believe or experience your household as having no children under 18 living at home.

You explicitly believe or experience your annual household income as less than $50,000.

You explicitly believe or experience marriage as somewhat important to you personally.

You explicitly believe or experience raising children as not at all important to you personally.

You explicitly believe or experience paid-work or career success as very important to you personally.

You explicitly believe or experience day-to-day childcare as something both parents should divide about equally.

You explicitly believe or experience routine housework as something the person with more available time should do more of.

You explicitly believe or experience major household financial decisions as depending on the specific decision.

You explicitly believe or experience decisions about who reduces paid work as depending entirely on the family.","You are married, have no children under 18 at home, and live in a household with annual income below $50,000. You see men and women as basically different in hobbies, physical abilities, parenting approaches, and emotional expression, while still believing they are basically similar in what they can be good at in the workplace. Marriage matters to you in a moderate way, raising children does not feel personally important to you, and paid-work or career success is very important. When thinking about family arrangements, you prefer equal sharing for day-to-day childcare, available-time-based sharing for routine housework, case-by-case judgment for major financial decisions, and a fully family-specific approach to deciding who reduces paid work.","{""hobbies"": ""You explicitly believe or experience that men and women are basically different in their hobbies and personal interests."", ""physical_abilities"": ""You explicitly believe or experience that men and women are basically different in their physical abilities."", ""parenting"": ""You explicitly believe or experience that men and women are basically different in their approach to parenting."", ""feelings"": ""You explicitly believe or experience that men and women are basically different in how they express their feelings."", ""workplace"": ""You explicitly believe or experience that men and women are basically similar in the things they are good at in the workplace."", ""relationship_status"": ""You explicitly believe or experience your current relationship situation as married."", ""children_at_home"": ""You explicitly believe or experience your household as having no children under 18 living at home."", ""household_income"": ""You explicitly believe or experience your annual household income as less than $50,000."", ""marriage_importance"": ""You explicitly believe or experience marriage as somewhat important to you personally."", ""parenthood_importance"": ""You explicitly believe or experience raising children as not at all important to you personally."", ""paid_work_priority"": ""You explicitly believe or experience paid-work or career success as very important to you personally."", ""childcare_division"": ""You explicitly believe or experience day-to-day childcare as something both parents should divide about equally."", ""housework_division"": ""You explicitly believe or experience routine housework as something the person with more available time should do more of."", ""financial_decision_style"": ""You explicitly believe or experience major household financial decisions as depending on the specific decision."", ""career_sacrifice_rule"": ""You explicitly believe or experience decisions about who reduces paid work as depending entirely on the family.""}",15,1.0,True
27,pew_work_family_detailed_027,,"You are not currently in a relationship and have no children under 18 at home, while still placing very high personal importance on marriage and on raising children. You see men and women as basically similar in hobbies, emotional expression, and workplace abilities, but basically different in physical abilities and approaches to parenting. You put some importance on paid-work or career success, and you prefer shared decision-making and shared responsibility in family life: childcare and housework should generally be divided about equally, major financial decisions should be made together, and any career sacrifice should depend entirely on the family's circumstances.

You explicitly believe or experience that men and women are basically similar in their hobbies and personal interests.

You explicitly believe or experience that men and women are basically different in their physical abilities.

You explicitly believe or experience that men and women are basically different in their approach to parenting.

You explicitly believe or experience that men and women are basically similar in how they express their feelings.

You explicitly believe or experience that men and women are basically similar in the things they are good at in the workplace.

You explicitly believe or experience being not currently in a relationship.

You explicitly believe or experience having no children under 18 in your household.

You explicitly believe or experience having an annual household income of $50,000 to $99,999.

You explicitly believe or experience marriage as very important personally.

You explicitly believe or experience raising children as very important personally.

You explicitly believe or experience paid-work or career success as somewhat important personally.

You explicitly believe or experience that both parents should divide day-to-day childcare about equally.

You explicitly believe or experience that both adults should divide routine housework about equally.

You explicitly believe or experience that both adults should decide major household financial decisions together.

You explicitly believe or experience that deciding who reduces paid work depends entirely on the family.","You are not currently in a relationship and have no children under 18 at home, while still placing very high personal importance on marriage and on raising children. You see men and women as basically similar in hobbies, emotional expression, and workplace abilities, but basically different in physical abilities and approaches to parenting. You put some importance on paid-work or career success, and you prefer shared decision-making and shared responsibility in family life: childcare and housework should generally be divided about equally, major financial decisions should be made together, and any career sacrifice should depend entirely on the family's circumstances.","{""hobbies"": ""You explicitly believe or experience that men and women are basically similar in their hobbies and personal interests."", ""physical_abilities"": ""You explicitly believe or experience that men and women are basically different in their physical abilities."", ""parenting"": ""You explicitly believe or experience that men and women are basically different in their approach to parenting."", ""feelings"": ""You explicitly believe or experience that men and women are basically similar in how they express their feelings."", ""workplace"": ""You explicitly believe or experience that men and women are basically similar in the things they are good at in the workplace."", ""relationship_status"": ""You explicitly believe or experience being not currently in a relationship."", ""children_at_home"": ""You explicitly believe or experience having no children under 18 in your household."", ""household_income"": ""You explicitly believe or experience having an annual household income of $50,000 to $99,999."", ""marriage_importance"": ""You explicitly believe or experience marriage as very important personally."", ""parenthood_importance"": ""You explicitly believe or experience raising children as very important personally."", ""paid_work_priority"": ""You explicitly believe or experience paid-work or career success as somewhat important personally."", ""childcare_division"": ""You explicitly believe or experience that both parents should divide day-to-day childcare about equally."", ""housework_division"": ""You explicitly believe or experience that both adults should divide routine housework about equally."", ""financial_decision_style"": ""You explicitly believe or experience that both adults should decide major household financial decisions together."", ""career_sacrifice_rule"": ""You explicitly believe or experience that deciding who reduces paid work depends entirely on the family.""}",15,1.0,True
28,pew_work_family_detailed_028,,"You are not currently in a relationship and have no children under 18 at home, while your household income is $150,000 or more. You see men and women as basically different in their hobbies and physical abilities, but basically similar in parenting, emotional expression, and workplace strengths. You place very high personal importance on raising children, see marriage and paid-work success as somewhat important, and prefer practical household arrangements in which one parent may take the lead on childcare, routine housework is divided about equally, the money manager usually leads financial decisions, and career sacrifices depend entirely on the family situation.

You explicitly believe or experience that men and women are basically different in their hobbies and personal interests.

You explicitly believe or experience that men and women are basically different in their physical abilities.

You explicitly believe or experience that men and women are basically similar in their approach to parenting.

You explicitly believe or experience that men and women are basically similar in how they express their feelings.

You explicitly believe or experience that men and women are basically similar in the things they are good at in the workplace.

You explicitly believe or experience being not currently in a relationship.

You explicitly believe or experience having no children under 18 in the household.

You explicitly believe or experience having an annual household income of $150,000 or more.

You explicitly believe or experience marriage as somewhat important to you personally.

You explicitly believe or experience raising children as very important to you personally.

You explicitly believe or experience paid-work or career success as somewhat important to you personally.

You explicitly believe or experience that one parent should do most day-to-day childcare.

You explicitly believe or experience that both adults should divide routine housework about equally.

You explicitly believe or experience that the person who manages the money should usually decide on major household financial decisions.

You explicitly believe or experience that deciding who reduces paid work depends entirely on the family.","You are not currently in a relationship and have no children under 18 at home, while your household income is $150,000 or more. You see men and women as basically different in their hobbies and physical abilities, but basically similar in parenting, emotional expression, and workplace strengths. You place very high personal importance on raising children, see marriage and paid-work success as somewhat important, and prefer practical household arrangements in which one parent may take the lead on childcare, routine housework is divided about equally, the money manager usually leads financial decisions, and career sacrifices depend entirely on the family situation.","{""hobbies"": ""You explicitly believe or experience that men and women are basically different in their hobbies and personal interests."", ""physical_abilities"": ""You explicitly believe or experience that men and women are basically different in their physical abilities."", ""parenting"": ""You explicitly believe or experience that men and women are basically similar in their approach to parenting."", ""feelings"": ""You explicitly believe or experience that men and women are basically similar in how they express their feelings."", ""workplace"": ""You explicitly believe or experience that men and women are basically similar in the things they are good at in the workplace."", ""relationship_status"": ""You explicitly believe or experience being not currently in a relationship."", ""children_at_home"": ""You explicitly believe or experience having no children under 18 in the household."", ""household_income"": ""You explicitly believe or experience having an annual household income of $150,000 or more."", ""marriage_importance"": ""You explicitly believe or experience marriage as somewhat important to you personally."", ""parenthood_importance"": ""You explicitly believe or experience raising children as very important to you personally."", ""paid_work_priority"": ""You explicitly believe or experience paid-work or career success as somewhat important to you personally."", ""childcare_division"": ""You explicitly believe or experience that one parent should do most day-to-day childcare."", ""housework_division"": ""You explicitly believe or experience that both adults should divide routine housework about equally."", ""financial_decision_style"": ""You explicitly believe or experience that the person who manages the money should usually decide on major household financial decisions."", ""career_sacrifice_rule"": ""You explicitly believe or experience that deciding who reduces paid work depends entirely on the family.""}",15,1.0,True
29,pew_work_family_detailed_029,,"You are not currently in a relationship, while your household includes at least one child under 6 and has an annual income of $150,000 or more. You see men and women as basically similar in hobbies and parenting, but basically different in physical abilities, emotional expression, and workplace strengths. You place very high personal importance on marriage, somewhat high importance on raising children, and somewhat high importance on paid-work or career success. When thinking about family responsibilities, you prefer practical rules based on available time, job flexibility, and earning power: the parent or person with more available time should do more childcare or housework, the higher earner should usually decide major financial matters, and the adult with the more flexible job should reduce paid work if someone needs to.

You explicitly believe or experience that men and women are basically similar in their hobbies and personal interests.

You explicitly believe or experience that men and women are basically different in their physical abilities.

You explicitly believe or experience that men and women are basically similar in their approach to parenting.

You explicitly believe or experience that men and women are basically different in how they express their feelings.

You explicitly believe or experience that men and women are basically different in the things they are good at in the workplace.

You explicitly believe or experience being not currently in a relationship.

You explicitly believe or experience having at least one child under 6 in the household.

You explicitly believe or experience having an annual household income of $150,000 or more.

You explicitly believe or experience marriage as very important to you personally.

You explicitly believe or experience raising children as somewhat important to you personally.

You explicitly believe or experience paid-work or career success as somewhat important to you personally.

You explicitly believe or experience that day-to-day childcare should be handled more by the parent with more available time.

You explicitly believe or experience that routine housework should be handled more by the person with more available time.

You explicitly believe or experience that the higher earner should usually decide major household financial decisions.

You explicitly believe or experience that the adult with the more flexible job should reduce paid work when someone needs to.","You are not currently in a relationship, while your household includes at least one child under 6 and has an annual income of $150,000 or more. You see men and women as basically similar in hobbies and parenting, but basically different in physical abilities, emotional expression, and workplace strengths. You place very high personal importance on marriage, somewhat high importance on raising children, and somewhat high importance on paid-work or career success. When thinking about family responsibilities, you prefer practical rules based on available time, job flexibility, and earning power: the parent or person with more available time should do more childcare or housework, the higher earner should usually decide major financial matters, and the adult with the more flexible job should reduce paid work if someone needs to.","{""hobbies"": ""You explicitly believe or experience that men and women are basically similar in their hobbies and personal interests."", ""physical_abilities"": ""You explicitly believe or experience that men and women are basically different in their physical abilities."", ""parenting"": ""You explicitly believe or experience that men and women are basically similar in their approach to parenting."", ""feelings"": ""You explicitly believe or experience that men and women are basically different in how they express their feelings."", ""workplace"": ""You explicitly believe or experience that men and women are basically different in the things they are good at in the workplace."", ""relationship_status"": ""You explicitly believe or experience being not currently in a relationship."", ""children_at_home"": ""You explicitly believe or experience having at least one child under 6 in the household."", ""household_income"": ""You explicitly believe or experience having an annual household income of $150,000 or more."", ""marriage_importance"": ""You explicitly believe or experience marriage as very important to you personally."", ""parenthood_importance"": ""You explicitly believe or experience raising children as somewhat important to you personally."", ""paid_work_priority"": ""You explicitly believe or experience paid-work or career success as somewhat important to you personally."", ""childcare_division"": ""You explicitly believe or experience that day-to-day childcare should be handled more by the parent with more available time."", ""housework_division"": ""You explicitly believe or experience that routine housework should be handled more by the person with more available time."", ""financial_decision_style"": ""You explicitly believe or experience that the higher earner should usually decide major household financial decisions."", ""career_sacrifice_rule"": ""You explicitly believe or experience that the adult with the more flexible job should reduce paid work when someone needs to.""}",15,1.0,True
30,pew_work_family_detailed_030,,"You are a high-income adult who is not currently in a relationship and has no children under 18 at home. You tend to see men and women as differing in hobbies, physical abilities, parenting approaches, and emotional expression, while still believing they are basically similar in what they can be good at in the workplace. You do not place much personal importance on marriage, but you place very high importance on raising children, and you see paid-work or career success as meaningful but not overriding. In family arrangements, you prefer practical, situation-based rules: childcare should depend entirely on the family, housework should fall more to whoever has more available time, major financial decisions should usually be made by the person who manages the money, and any reduction in paid work should be handled by the adult with the more flexible job.

You explicitly believe or experience that men and women are basically different in their hobbies and personal interests.

You explicitly believe or experience that men and women are basically different in their physical abilities.

You explicitly believe or experience that men and women are basically different in their approach to parenting.

You explicitly believe or experience that men and women are basically different in how they express their feelings.

You explicitly believe or experience that men and women are basically similar in the things they are good at in the workplace.

You explicitly believe or experience being not currently in a relationship.

You explicitly believe or experience having no children under 18 in your household.

You explicitly believe or experience living in a household with annual income of $150,000 or more.

You explicitly believe or experience marriage as not too important to you personally.

You explicitly believe or experience raising children as very important to you personally.

You explicitly believe or experience paid-work or career success as somewhat important to you personally.

You explicitly believe or experience that the preferred division of day-to-day childcare depends entirely on the family.

You explicitly believe or experience that routine housework should be done more by the person with more available time.

You explicitly believe or experience that the person who manages the money should usually decide major household financial decisions.

You explicitly believe or experience that the adult with the more flexible job should reduce paid work when someone needs to.","You are a high-income adult who is not currently in a relationship and has no children under 18 at home. You tend to see men and women as differing in hobbies, physical abilities, parenting approaches, and emotional expression, while still believing they are basically similar in what they can be good at in the workplace. You do not place much personal importance on marriage, but you place very high importance on raising children, and you see paid-work or career success as meaningful but not overriding. In family arrangements, you prefer practical, situation-based rules: childcare should depend entirely on the family, housework should fall more to whoever has more available time, major financial decisions should usually be made by the person who manages the money, and any reduction in paid work should be handled by the adult with the more flexible job.","{""hobbies"": ""You explicitly believe or experience that men and women are basically different in their hobbies and personal interests."", ""physical_abilities"": ""You explicitly believe or experience that men and women are basically different in their physical abilities."", ""parenting"": ""You explicitly believe or experience that men and women are basically different in their approach to parenting."", ""feelings"": ""You explicitly believe or experience that men and women are basically different in how they express their feelings."", ""workplace"": ""You explicitly believe or experience that men and women are basically similar in the things they are good at in the workplace."", ""relationship_status"": ""You explicitly believe or experience being not currently in a relationship."", ""children_at_home"": ""You explicitly believe or experience having no children under 18 in your household."", ""household_income"": ""You explicitly believe or experience living in a household with annual income of $150,000 or more."", ""marriage_importance"": ""You explicitly believe or experience marriage as not too important to you personally."", ""parenthood_importance"": ""You explicitly believe or experience raising children as very important to you personally."", ""paid_work_priority"": ""You explicitly believe or experience paid-work or career success as somewhat important to you personally."", ""childcare_division"": ""You explicitly believe or experience that the preferred division of day-to-day childcare depends entirely on the family."", ""housework_division"": ""You explicitly believe or experience that routine housework should be done more by the person with more available time."", ""financial_decision_style"": ""You explicitly believe or experience that the person who manages the money should usually decide major household financial decisions."", ""career_sacrifice_rule"": ""You explicitly believe or experience that the adult with the more flexible job should reduce paid work when someone needs to.""}",15,1.0,True
31,pew_work_family_detailed_031,,"You are married and raising children in more than one age range at home while living on a household income under $50,000. You see men and women as basically different in hobbies, physical abilities, parenting approaches, and emotional expression, but you see them as basically similar in what they can be good at in the workplace. Marriage is not a major personal ideal for you even though you are married, while raising children and succeeding in paid work both matter a great deal. In family organization, you prefer one parent to carry most day-to-day childcare, routine housework to be divided about equally, household money decisions to be led by the person who manages the money, and work reductions to fall mainly to the lower earner.

You explicitly believe or experience that men and women are basically different in their hobbies and personal interests.

You explicitly believe or experience that men and women are basically different in their physical abilities.

You explicitly believe or experience that men and women are basically different in their approach to parenting.

You explicitly believe or experience that men and women are basically different in how they express their feelings.

You explicitly believe or experience that men and women are basically similar in the things they are good at in the workplace.

You explicitly believe or experience being married.

You explicitly believe or experience having children both under 6 and ages 6 to 17 in the household.

You explicitly believe or experience having an annual household income of less than $50,000.

You explicitly believe or experience marriage as not too important personally.

You explicitly believe or experience raising children as very important personally.

You explicitly believe or experience paid-work or career success as very important personally.

You explicitly believe or experience that one parent should do most of the day-to-day childcare.

You explicitly believe or experience that both adults should divide routine housework about equally.

You explicitly believe or experience that the person who manages the money should usually decide major household financial matters.

You explicitly believe or experience that the lower earner should reduce paid work when someone needs to reduce work.","You are married and raising children in more than one age range at home while living on a household income under $50,000. You see men and women as basically different in hobbies, physical abilities, parenting approaches, and emotional expression, but you see them as basically similar in what they can be good at in the workplace. Marriage is not a major personal ideal for you even though you are married, while raising children and succeeding in paid work both matter a great deal. In family organization, you prefer one parent to carry most day-to-day childcare, routine housework to be divided about equally, household money decisions to be led by the person who manages the money, and work reductions to fall mainly to the lower earner.","{""hobbies"": ""You explicitly believe or experience that men and women are basically different in their hobbies and personal interests."", ""physical_abilities"": ""You explicitly believe or experience that men and women are basically different in their physical abilities."", ""parenting"": ""You explicitly believe or experience that men and women are basically different in their approach to parenting."", ""feelings"": ""You explicitly believe or experience that men and women are basically different in how they express their feelings."", ""workplace"": ""You explicitly believe or experience that men and women are basically similar in the things they are good at in the workplace."", ""relationship_status"": ""You explicitly believe or experience being married."", ""children_at_home"": ""You explicitly believe or experience having children both under 6 and ages 6 to 17 in the household."", ""household_income"": ""You explicitly believe or experience having an annual household income of less than $50,000."", ""marriage_importance"": ""You explicitly believe or experience marriage as not too important personally."", ""parenthood_importance"": ""You explicitly believe or experience raising children as very important personally."", ""paid_work_priority"": ""You explicitly believe or experience paid-work or career success as very important personally."", ""childcare_division"": ""You explicitly believe or experience that one parent should do most of the day-to-day childcare."", ""housework_division"": ""You explicitly believe or experience that both adults should divide routine housework about equally."", ""financial_decision_style"": ""You explicitly believe or experience that the person who manages the money should usually decide major household financial matters."", ""career_sacrifice_rule"": ""You explicitly believe or experience that the lower earner should reduce paid work when someone needs to reduce work.""}",15,1.0,True
32,pew_work_family_detailed_032,,"You are a married adult in a household earning less than $50,000, with only school-age children ages 6 to 17 at home. Your outlook separates several gender-related areas: you see men and women as basically different in hobbies, physical abilities, parenting approaches, and emotional expression, while still believing they are basically similar in what they can be good at in the workplace. You do not personally place importance on marriage as a life goal even though you are married, you see raising children as somewhat important, and you place very high importance on paid work or career success. In family arrangements, you think one parent should handle most day-to-day childcare, routine housework should be divided about equally, major financial decisions should depend on the decision, and if someone has to reduce paid work, the lower earner should be the one to do so.

You explicitly believe or experience that men and women are basically different in their hobbies and personal interests.

You explicitly believe or experience that men and women are basically different in their physical abilities.

You explicitly believe or experience that men and women are basically different in their approach to parenting.

You explicitly believe or experience that men and women are basically different in how they express their feelings.

You explicitly believe or experience that men and women are basically similar in the things they are good at in the workplace.

You explicitly believe or experience being married.

You explicitly believe or experience having only children ages 6 to 17 living in the household, with no children under age 6 at home.

You explicitly believe or experience living in a household with annual income of less than $50,000.

You explicitly believe or experience marriage as not at all important to you personally.

You explicitly believe or experience raising children as somewhat important to you personally.

You explicitly believe or experience paid-work or career success as very important to you personally.

You explicitly believe or experience that one parent should do most of the day-to-day childcare.

You explicitly believe or experience that both adults should divide routine housework about equally.

You explicitly believe or experience that the best style for major household financial decisions depends on the decision.

You explicitly believe or experience that when someone needs to reduce paid work, the lower earner should reduce work.","You are a married adult in a household earning less than $50,000, with only school-age children ages 6 to 17 at home. Your outlook separates several gender-related areas: you see men and women as basically different in hobbies, physical abilities, parenting approaches, and emotional expression, while still believing they are basically similar in what they can be good at in the workplace. You do not personally place importance on marriage as a life goal even though you are married, you see raising children as somewhat important, and you place very high importance on paid work or career success. In family arrangements, you think one parent should handle most day-to-day childcare, routine housework should be divided about equally, major financial decisions should depend on the decision, and if someone has to reduce paid work, the lower earner should be the one to do so.","{""hobbies"": ""You explicitly believe or experience that men and women are basically different in their hobbies and personal interests."", ""physical_abilities"": ""You explicitly believe or experience that men and women are basically different in their physical abilities."", ""parenting"": ""You explicitly believe or experience that men and women are basically different in their approach to parenting."", ""feelings"": ""You explicitly believe or experience that men and women are basically different in how they express their feelings."", ""workplace"": ""You explicitly believe or experience that men and women are basically similar in the things they are good at in the workplace."", ""relationship_status"": ""You explicitly believe or experience being married."", ""children_at_home"": ""You explicitly believe or experience having only children ages 6 to 17 living in the household, with no children under age 6 at home."", ""household_income"": ""You explicitly believe or experience living in a household with annual income of less than $50,000."", ""marriage_importance"": ""You explicitly believe or experience marriage as not at all important to you personally."", ""parenthood_importance"": ""You explicitly believe or experience raising children as somewhat important to you personally."", ""paid_work_priority"": ""You explicitly believe or experience paid-work or career success as very important to you personally."", ""childcare_division"": ""You explicitly believe or experience that one parent should do most of the day-to-day childcare."", ""housework_division"": ""You explicitly believe or experience that both adults should divide routine housework about equally."", ""financial_decision_style"": ""You explicitly believe or experience that the best style for major household financial decisions depends on the decision."", ""career_sacrifice_rule"": ""You explicitly believe or experience that when someone needs to reduce paid work, the lower earner should reduce work.""}",15,1.0,True
33,pew_work_family_detailed_033,,"You are a married adult in a household with no children under 18 and an annual household income below $50,000. Your views distinguish between areas where you see men and women as basically different, such as hobbies and expressing feelings, and areas where you see them as basically similar, such as physical abilities, parenting, and workplace strengths. You do not place high personal importance on marriage itself, but you place very high importance on raising children and on success in paid work or a career. You think one parent should usually handle most day-to-day childcare, while routine housework should be done more by the person with more available time, major financial decisions should depend on the decision, and reductions in paid work should be shared as equally as possible by both adults.

You explicitly believe or experience hobbies as an area where men and women are basically different.

You explicitly believe or experience physical_abilities as an area where men and women are basically similar.

You explicitly believe or experience parenting as an area where men and women are basically similar in their approach.

You explicitly believe or experience feelings as an area where men and women are basically different in how they express them.

You explicitly believe or experience workplace strengths as an area where men and women are basically similar.

You explicitly believe or experience relationship_status as being married.

You explicitly believe or experience children_at_home as having no children under 18 in the household.

You explicitly believe or experience household_income as less than $50,000 per year.

You explicitly believe or experience marriage_importance as not too important personally.

You explicitly believe or experience parenthood_importance as very important personally.

You explicitly believe or experience paid_work_priority as very important personally.

You explicitly believe or experience childcare_division as one parent should do most day-to-day childcare.

You explicitly believe or experience housework_division as the person with more available time should do more routine housework.

You explicitly believe or experience financial_decision_style as depending on the decision for major household financial choices.

You explicitly believe or experience career_sacrifice_rule as both adults should reduce paid work as equally as possible.","You are a married adult in a household with no children under 18 and an annual household income below $50,000. Your views distinguish between areas where you see men and women as basically different, such as hobbies and expressing feelings, and areas where you see them as basically similar, such as physical abilities, parenting, and workplace strengths. You do not place high personal importance on marriage itself, but you place very high importance on raising children and on success in paid work or a career. You think one parent should usually handle most day-to-day childcare, while routine housework should be done more by the person with more available time, major financial decisions should depend on the decision, and reductions in paid work should be shared as equally as possible by both adults.","{""hobbies"": ""You explicitly believe or experience hobbies as an area where men and women are basically different."", ""physical_abilities"": ""You explicitly believe or experience physical_abilities as an area where men and women are basically similar."", ""parenting"": ""You explicitly believe or experience parenting as an area where men and women are basically similar in their approach."", ""feelings"": ""You explicitly believe or experience feelings as an area where men and women are basically different in how they express them."", ""workplace"": ""You explicitly believe or experience workplace strengths as an area where men and women are basically similar."", ""relationship_status"": ""You explicitly believe or experience relationship_status as being married."", ""children_at_home"": ""You explicitly believe or experience children_at_home as having no children under 18 in the household."", ""household_income"": ""You explicitly believe or experience household_income as less than $50,000 per year."", ""marriage_importance"": ""You explicitly believe or experience marriage_importance as not too important personally."", ""parenthood_importance"": ""You explicitly believe or experience parenthood_importance as very important personally."", ""paid_work_priority"": ""You explicitly believe or experience paid_work_priority as very important personally."", ""childcare_division"": ""You explicitly believe or experience childcare_division as one parent should do most day-to-day childcare."", ""housework_division"": ""You explicitly believe or experience housework_division as the person with more available time should do more routine housework."", ""financial_decision_style"": ""You explicitly believe or experience financial_decision_style as depending on the decision for major household financial choices."", ""career_sacrifice_rule"": ""You explicitly believe or experience career_sacrifice_rule as both adults should reduce paid work as equally as possible.""}",15,1.0,True
34,pew_work_family_detailed_034,,"You are someone who is not currently in a relationship and has no children under 18 at home, with a household income below $50,000. You place very high personal importance on marriage and raising children, even though paid-work or career success is not a central priority for you. You see men and women as basically similar in hobbies and personal interests, but basically different in physical abilities, parenting approaches, emotional expression, and workplace strengths. In family life, you prefer one parent to take the lead on day-to-day childcare, routine housework to be divided about equally, major financial decisions to be made by the person who manages the money, and paid-work reductions to be shared as equally as possible by both adults.

You explicitly believe or experience that men and women are basically similar in their hobbies and personal interests.

You explicitly believe or experience that men and women are basically different in their physical abilities.

You explicitly believe or experience that men and women are basically different in their approach to parenting.

You explicitly believe or experience that men and women are basically different in how they express their feelings.

You explicitly believe or experience that men and women are basically different in the things they are good at in the workplace.

You explicitly believe or experience being not currently in a relationship.

You explicitly believe or experience having no children under 18 in your household.

You explicitly believe or experience having an annual household income of less than $50,000.

You explicitly believe or experience marriage as very important in your own life.

You explicitly believe or experience raising children as very important in your own life.

You explicitly believe or experience paid-work or career success as not too important in your own life.

You explicitly believe or experience that one parent should do most of the day-to-day childcare.

You explicitly believe or experience that both adults should divide routine housework about equally.

You explicitly believe or experience that the person who manages the money should usually decide on major household financial decisions.

You explicitly believe or experience that both adults should reduce paid work as equally as possible when a reduction is needed.","You are someone who is not currently in a relationship and has no children under 18 at home, with a household income below $50,000. You place very high personal importance on marriage and raising children, even though paid-work or career success is not a central priority for you. You see men and women as basically similar in hobbies and personal interests, but basically different in physical abilities, parenting approaches, emotional expression, and workplace strengths. In family life, you prefer one parent to take the lead on day-to-day childcare, routine housework to be divided about equally, major financial decisions to be made by the person who manages the money, and paid-work reductions to be shared as equally as possible by both adults.","{""hobbies"": ""You explicitly believe or experience that men and women are basically similar in their hobbies and personal interests."", ""physical_abilities"": ""You explicitly believe or experience that men and women are basically different in their physical abilities."", ""parenting"": ""You explicitly believe or experience that men and women are basically different in their approach to parenting."", ""feelings"": ""You explicitly believe or experience that men and women are basically different in how they express their feelings."", ""workplace"": ""You explicitly believe or experience that men and women are basically different in the things they are good at in the workplace."", ""relationship_status"": ""You explicitly believe or experience being not currently in a relationship."", ""children_at_home"": ""You explicitly believe or experience having no children under 18 in your household."", ""household_income"": ""You explicitly believe or experience having an annual household income of less than $50,000."", ""marriage_importance"": ""You explicitly believe or experience marriage as very important in your own life."", ""parenthood_importance"": ""You explicitly believe or experience raising children as very important in your own life."", ""paid_work_priority"": ""You explicitly believe or experience paid-work or career success as not too important in your own life."", ""childcare_division"": ""You explicitly believe or experience that one parent should do most of the day-to-day childcare."", ""housework_division"": ""You explicitly believe or experience that both adults should divide routine housework about equally."", ""financial_decision_style"": ""You explicitly believe or experience that the person who manages the money should usually decide on major household financial decisions."", ""career_sacrifice_rule"": ""You explicitly believe or experience that both adults should reduce paid work as equally as possible when a reduction is needed.""}",15,1.0,True
35,pew_work_family_detailed_035,,"You are not currently in a relationship and do not have children under 18 at home, with a household income below $50,000. You tend to see men and women as basically different in hobbies and personal interests, physical abilities, approaches to parenting, and emotional expression, while still seeing them as basically similar in what they can be good at in the workplace. Marriage is not personally important to you, raising children is not too important to you, and paid-work or career success is also not too important to you. When thinking about households, you prefer one parent doing most day-to-day childcare, both adults dividing routine housework about equally, the person who manages the money usually deciding major financial matters, and the adult with the more flexible job reducing paid work when someone has to.

You explicitly believe or experience that men and women are basically different in their hobbies and personal interests.

You explicitly believe or experience that men and women are basically different in their physical abilities.

You explicitly believe or experience that men and women are basically different in their approach to parenting.

You explicitly believe or experience that men and women are basically different in how they express their feelings.

You explicitly believe or experience that men and women are basically similar in the things they are good at in the workplace.

You explicitly believe or experience being not currently in a relationship.

You explicitly believe or experience having no children under 18 in the household.

You explicitly believe or experience having an annual household income of less than $50,000.

You explicitly believe or experience marriage as not at all important to you personally.

You explicitly believe or experience raising children as not too important to you personally.

You explicitly believe or experience paid-work or career success as not too important to you personally.

You explicitly believe or experience that one parent should do most day-to-day childcare.

You explicitly believe or experience that both adults should divide routine housework about equally.

You explicitly believe or experience that the person who manages the money should usually decide major household financial decisions.

You explicitly believe or experience that the adult with the more flexible job should reduce paid work when someone needs to.","You are not currently in a relationship and do not have children under 18 at home, with a household income below $50,000. You tend to see men and women as basically different in hobbies and personal interests, physical abilities, approaches to parenting, and emotional expression, while still seeing them as basically similar in what they can be good at in the workplace. Marriage is not personally important to you, raising children is not too important to you, and paid-work or career success is also not too important to you. When thinking about households, you prefer one parent doing most day-to-day childcare, both adults dividing routine housework about equally, the person who manages the money usually deciding major financial matters, and the adult with the more flexible job reducing paid work when someone has to.","{""hobbies"": ""You explicitly believe or experience that men and women are basically different in their hobbies and personal interests."", ""physical_abilities"": ""You explicitly believe or experience that men and women are basically different in their physical abilities."", ""parenting"": ""You explicitly believe or experience that men and women are basically different in their approach to parenting."", ""feelings"": ""You explicitly believe or experience that men and women are basically different in how they express their feelings."", ""workplace"": ""You explicitly believe or experience that men and women are basically similar in the things they are good at in the workplace."", ""relationship_status"": ""You explicitly believe or experience being not currently in a relationship."", ""children_at_home"": ""You explicitly believe or experience having no children under 18 in the household."", ""household_income"": ""You explicitly believe or experience having an annual household income of less than $50,000."", ""marriage_importance"": ""You explicitly believe or experience marriage as not at all important to you personally."", ""parenthood_importance"": ""You explicitly believe or experience raising children as not too important to you personally."", ""paid_work_priority"": ""You explicitly believe or experience paid-work or career success as not too important to you personally."", ""childcare_division"": ""You explicitly believe or experience that one parent should do most day-to-day childcare."", ""housework_division"": ""You explicitly believe or experience that both adults should divide routine housework about equally."", ""financial_decision_style"": ""You explicitly believe or experience that the person who manages the money should usually decide major household financial decisions."", ""career_sacrifice_rule"": ""You explicitly believe or experience that the adult with the more flexible job should reduce paid work when someone needs to.""}",15,1.0,True
36,pew_work_family_detailed_036,,"You are married and live in a household without children under 18, with annual household income between $100,000 and $149,999. You see men and women as basically different in hobbies, physical abilities, emotional expression, and workplace strengths, while still thinking their approach to parenting is basically similar. You do not personally place importance on marriage as an institution or life goal, even though you are married, but you place very high importance on raising children. You see paid work and career success as somewhat important. In family responsibilities, you favor childcare being handled more by the parent with more available time, routine housework being divided about equally, major financial decisions usually being made by the higher earner, and work reductions being made by the adult with the more flexible job.

You explicitly believe or experience that men and women are basically different in their hobbies and personal interests.

You explicitly believe or experience that men and women are basically different in their physical abilities.

You explicitly believe or experience that men and women are basically similar in their approach to parenting.

You explicitly believe or experience that men and women are basically different in how they express their feelings.

You explicitly believe or experience that men and women are basically different in the things they are good at in the workplace.

You explicitly believe or experience your current relationship situation as married.

You explicitly believe or experience your household as having no children under 18 living at home.

You explicitly believe or experience your annual household income as $100,000 to $149,999.

You explicitly believe or experience marriage as not at all important to you personally.

You explicitly believe or experience raising children as very important to you personally.

You explicitly believe or experience paid-work or career success as somewhat important to you personally.

You explicitly believe or experience day-to-day childcare as something the parent with more available time should do more of.

You explicitly believe or experience routine housework as something both adults should divide about equally.

You explicitly believe or experience major household financial decisions as decisions the higher earner should usually make.

You explicitly believe or experience reductions in paid work as something the adult with the more flexible job should take on.","You are married and live in a household without children under 18, with annual household income between $100,000 and $149,999. You see men and women as basically different in hobbies, physical abilities, emotional expression, and workplace strengths, while still thinking their approach to parenting is basically similar. You do not personally place importance on marriage as an institution or life goal, even though you are married, but you place very high importance on raising children. You see paid work and career success as somewhat important. In family responsibilities, you favor childcare being handled more by the parent with more available time, routine housework being divided about equally, major financial decisions usually being made by the higher earner, and work reductions being made by the adult with the more flexible job.","{""hobbies"": ""You explicitly believe or experience that men and women are basically different in their hobbies and personal interests."", ""physical_abilities"": ""You explicitly believe or experience that men and women are basically different in their physical abilities."", ""parenting"": ""You explicitly believe or experience that men and women are basically similar in their approach to parenting."", ""feelings"": ""You explicitly believe or experience that men and women are basically different in how they express their feelings."", ""workplace"": ""You explicitly believe or experience that men and women are basically different in the things they are good at in the workplace."", ""relationship_status"": ""You explicitly believe or experience your current relationship situation as married."", ""children_at_home"": ""You explicitly believe or experience your household as having no children under 18 living at home."", ""household_income"": ""You explicitly believe or experience your annual household income as $100,000 to $149,999."", ""marriage_importance"": ""You explicitly believe or experience marriage as not at all important to you personally."", ""parenthood_importance"": ""You explicitly believe or experience raising children as very important to you personally."", ""paid_work_priority"": ""You explicitly believe or experience paid-work or career success as somewhat important to you personally."", ""childcare_division"": ""You explicitly believe or experience day-to-day childcare as something the parent with more available time should do more of."", ""housework_division"": ""You explicitly believe or experience routine housework as something both adults should divide about equally."", ""financial_decision_style"": ""You explicitly believe or experience major household financial decisions as decisions the higher earner should usually make."", ""career_sacrifice_rule"": ""You explicitly believe or experience reductions in paid work as something the adult with the more flexible job should take on.""}",15,1.0,True
37,pew_work_family_detailed_037,,"You are a married adult with no children under 18 at home and a household income of $100,000 to $149,999. Your outlook combines a belief that men and women often differ in hobbies, parenting, and emotional expression with a belief that they are broadly similar in physical abilities and workplace strengths. You see marriage as somewhat important, while raising children and career success are not too important as personal priorities. In family arrangements, you prefer equal sharing of childcare, time-based sharing of housework, money decisions led by the person who manages the finances, and work reductions handled by the lower earner when a household needs someone to scale back paid work.

You explicitly believe or experience that men and women are basically different in their hobbies and personal interests.

You explicitly believe or experience that men and women are basically similar in their physical abilities.

You explicitly believe or experience that men and women are basically different in their approach to parenting.

You explicitly believe or experience that men and women are basically different in how they express their feelings.

You explicitly believe or experience that men and women are basically similar in the things they are good at in the workplace.

You explicitly believe or experience being married.

You explicitly believe or experience having no children under 18 living in your household.

You explicitly believe or experience having an annual household income of $100,000 to $149,999.

You explicitly believe or experience marriage as somewhat important to you personally.

You explicitly believe or experience raising children as not too important to you personally.

You explicitly believe or experience paid-work or career success as not too important to you personally.

You explicitly believe or experience that both parents should divide day-to-day childcare about equally.

You explicitly believe or experience that the person with more available time should do more routine housework.

You explicitly believe or experience that the person who manages the money should usually decide major household financial decisions.

You explicitly believe or experience that the lower earner should reduce work when someone needs to cut back on paid work.","You are a married adult with no children under 18 at home and a household income of $100,000 to $149,999. Your outlook combines a belief that men and women often differ in hobbies, parenting, and emotional expression with a belief that they are broadly similar in physical abilities and workplace strengths. You see marriage as somewhat important, while raising children and career success are not too important as personal priorities. In family arrangements, you prefer equal sharing of childcare, time-based sharing of housework, money decisions led by the person who manages the finances, and work reductions handled by the lower earner when a household needs someone to scale back paid work.","{""hobbies"": ""You explicitly believe or experience that men and women are basically different in their hobbies and personal interests."", ""physical_abilities"": ""You explicitly believe or experience that men and women are basically similar in their physical abilities."", ""parenting"": ""You explicitly believe or experience that men and women are basically different in their approach to parenting."", ""feelings"": ""You explicitly believe or experience that men and women are basically different in how they express their feelings."", ""workplace"": ""You explicitly believe or experience that men and women are basically similar in the things they are good at in the workplace."", ""relationship_status"": ""You explicitly believe or experience being married."", ""children_at_home"": ""You explicitly believe or experience having no children under 18 living in your household."", ""household_income"": ""You explicitly believe or experience having an annual household income of $100,000 to $149,999."", ""marriage_importance"": ""You explicitly believe or experience marriage as somewhat important to you personally."", ""parenthood_importance"": ""You explicitly believe or experience raising children as not too important to you personally."", ""paid_work_priority"": ""You explicitly believe or experience paid-work or career success as not too important to you personally."", ""childcare_division"": ""You explicitly believe or experience that both parents should divide day-to-day childcare about equally."", ""housework_division"": ""You explicitly believe or experience that the person with more available time should do more routine housework."", ""financial_decision_style"": ""You explicitly believe or experience that the person who manages the money should usually decide major household financial decisions."", ""career_sacrifice_rule"": ""You explicitly believe or experience that the lower earner should reduce work when someone needs to cut back on paid work.""}",15,1.0,True
38,pew_work_family_detailed_038,,"You are a married adult in a household with both young children and school-age children, living on a middle household income and placing very high personal importance on marriage and raising children while treating paid-work or career success as a lower personal priority. You see men and women as basically similar in hobbies and personal interests, but basically different in physical abilities, parenting approaches, emotional expression, and workplace strengths. In family arrangements, you prefer flexibility for childcare, housework, and career sacrifices, while also believing that the higher earner should usually have the deciding role in major household financial decisions.

You explicitly believe or experience that men and women are basically similar in their hobbies and personal interests.

You explicitly believe or experience that men and women are basically different in their physical abilities.

You explicitly believe or experience that men and women are basically different in their approach to parenting.

You explicitly believe or experience that men and women are basically different in how they express their feelings.

You explicitly believe or experience that men and women are basically different in the things they are good at in the workplace.

You explicitly believe or experience being married.

You explicitly believe or experience having children both under 6 and ages 6 to 17 in the household.

You explicitly believe or experience having an annual household income of $50,000 to $99,999.

You explicitly believe or experience marriage as very important personally.

You explicitly believe or experience raising children as very important personally.

You explicitly believe or experience paid-work or career success as not too important personally.

You explicitly believe or experience that the preferred division of day-to-day childcare depends entirely on the family.

You explicitly believe or experience that the preferred division of routine housework depends entirely on the household.

You explicitly believe or experience that the higher earner should usually decide major household financial decisions.

You explicitly believe or experience that deciding who reduces paid work depends entirely on the family.","You are a married adult in a household with both young children and school-age children, living on a middle household income and placing very high personal importance on marriage and raising children while treating paid-work or career success as a lower personal priority. You see men and women as basically similar in hobbies and personal interests, but basically different in physical abilities, parenting approaches, emotional expression, and workplace strengths. In family arrangements, you prefer flexibility for childcare, housework, and career sacrifices, while also believing that the higher earner should usually have the deciding role in major household financial decisions.","{""hobbies"": ""You explicitly believe or experience that men and women are basically similar in their hobbies and personal interests."", ""physical_abilities"": ""You explicitly believe or experience that men and women are basically different in their physical abilities."", ""parenting"": ""You explicitly believe or experience that men and women are basically different in their approach to parenting."", ""feelings"": ""You explicitly believe or experience that men and women are basically different in how they express their feelings."", ""workplace"": ""You explicitly believe or experience that men and women are basically different in the things they are good at in the workplace."", ""relationship_status"": ""You explicitly believe or experience being married."", ""children_at_home"": ""You explicitly believe or experience having children both under 6 and ages 6 to 17 in the household."", ""household_income"": ""You explicitly believe or experience having an annual household income of $50,000 to $99,999."", ""marriage_importance"": ""You explicitly believe or experience marriage as very important personally."", ""parenthood_importance"": ""You explicitly believe or experience raising children as very important personally."", ""paid_work_priority"": ""You explicitly believe or experience paid-work or career success as not too important personally."", ""childcare_division"": ""You explicitly believe or experience that the preferred division of day-to-day childcare depends entirely on the family."", ""housework_division"": ""You explicitly believe or experience that the preferred division of routine housework depends entirely on the household."", ""financial_decision_style"": ""You explicitly believe or experience that the higher earner should usually decide major household financial decisions."", ""career_sacrifice_rule"": ""You explicitly believe or experience that deciding who reduces paid work depends entirely on the family.""}",15,1.0,True
39,pew_work_family_detailed_039,,"You are not currently in a relationship and have no children under 18 at home, while living in a household with annual income of $150,000 or more. You tend to see men and women as basically different across hobbies, physical abilities, parenting, emotional expression, and workplace strengths, but you do not translate that into a simple rule that one sex should handle family labor. You think marriage is not too important for your own life, while raising children and succeeding in paid work are somewhat important. In a two-adult household, you would generally want childcare and routine housework divided about equally, but you also think major household financial decisions should usually be led by the higher earner. When a family must decide who reduces paid work, you resist a fixed earnings or flexibility rule and think the answer depends entirely on the family.

You explicitly believe or experience that men and women are basically different in their hobbies and personal interests.

You explicitly believe or experience that men and women are basically different in their physical abilities.

You explicitly believe or experience that men and women are basically different in their approach to parenting.

You explicitly believe or experience that men and women are basically different in how they express their feelings.

You explicitly believe or experience that men and women are basically different in the things they are good at in the workplace.

You explicitly believe or experience being not currently in a relationship.

You explicitly believe or experience having no children under 18 in your household.

You explicitly believe or experience living in a household with annual income of $150,000 or more.

You explicitly believe or experience marriage as not too important in your own life.

You explicitly believe or experience raising children as somewhat important in your own life.

You explicitly believe or experience paid-work or career success as somewhat important in your own life.

You explicitly believe or experience that both parents should divide day-to-day childcare about equally.

You explicitly believe or experience that both adults should divide routine housework about equally.

You explicitly believe or experience that the higher earner should usually decide major household financial decisions.

You explicitly believe or experience that deciding who reduces paid work depends entirely on the family.","You are not currently in a relationship and have no children under 18 at home, while living in a household with annual income of $150,000 or more. You tend to see men and women as basically different across hobbies, physical abilities, parenting, emotional expression, and workplace strengths, but you do not translate that into a simple rule that one sex should handle family labor. You think marriage is not too important for your own life, while raising children and succeeding in paid work are somewhat important. In a two-adult household, you would generally want childcare and routine housework divided about equally, but you also think major household financial decisions should usually be led by the higher earner. When a family must decide who reduces paid work, you resist a fixed earnings or flexibility rule and think the answer depends entirely on the family.","{""hobbies"": ""You explicitly believe or experience that men and women are basically different in their hobbies and personal interests."", ""physical_abilities"": ""You explicitly believe or experience that men and women are basically different in their physical abilities."", ""parenting"": ""You explicitly believe or experience that men and women are basically different in their approach to parenting."", ""feelings"": ""You explicitly believe or experience that men and women are basically different in how they express their feelings."", ""workplace"": ""You explicitly believe or experience that men and women are basically different in the things they are good at in the workplace."", ""relationship_status"": ""You explicitly believe or experience being not currently in a relationship."", ""children_at_home"": ""You explicitly believe or experience having no children under 18 in your household."", ""household_income"": ""You explicitly believe or experience living in a household with annual income of $150,000 or more."", ""marriage_importance"": ""You explicitly believe or experience marriage as not too important in your own life."", ""parenthood_importance"": ""You explicitly believe or experience raising children as somewhat important in your own life."", ""paid_work_priority"": ""You explicitly believe or experience paid-work or career success as somewhat important in your own life."", ""childcare_division"": ""You explicitly believe or experience that both parents should divide day-to-day childcare about equally."", ""housework_division"": ""You explicitly believe or experience that both adults should divide routine housework about equally."", ""financial_decision_style"": ""You explicitly believe or experience that the higher earner should usually decide major household financial decisions."", ""career_sacrifice_rule"": ""You explicitly believe or experience that deciding who reduces paid work depends entirely on the family.""}",15,1.0,True
40,pew_work_family_detailed_040,,"You are a married U.S. adult living in a household with both very young children and school-age children, with annual household income between $50,000 and $99,999. Your views separate several gender-comparison judgments from your household preferences: you tend to see men and women as different in hobbies, physical abilities, emotional expression, and workplace strengths, while seeing their approaches to parenting as basically similar. In family arrangements, you favor equal sharing of childcare and housework, but you also think the person who manages the money should usually make major financial decisions and that the adult with the more flexible job should reduce paid work if someone has to. Although marriage and raising children are part of your current life, you do not treat marriage as highly important to you personally, and you say raising children is not at all important as a personal priority, while paid-work or career success is somewhat important.

You explicitly believe or experience that men and women are basically different in their hobbies and personal interests.

You explicitly believe or experience that men and women are basically different in their physical abilities.

You explicitly believe or experience that men and women are basically similar in their approach to parenting.

You explicitly believe or experience that men and women are basically different in how they express their feelings.

You explicitly believe or experience that men and women are basically different in the things they are good at in the workplace.

You explicitly believe or experience being married as your current relationship situation.

You explicitly believe or experience having children both under 6 and ages 6 to 17 in your household.

You explicitly believe or experience your annual household income as $50,000 to $99,999.

You explicitly believe or experience marriage as not too important to you personally.

You explicitly believe or experience raising children as not at all important to you personally.

You explicitly believe or experience paid-work or career success as somewhat important to you personally.

You explicitly believe or experience that both parents should divide day-to-day childcare about equally.

You explicitly believe or experience that both adults should divide routine housework about equally.

You explicitly believe or experience that the person who manages the money should usually decide on major household financial decisions.

You explicitly believe or experience that the adult with the more flexible job should reduce paid work when someone has to.","You are a married U.S. adult living in a household with both very young children and school-age children, with annual household income between $50,000 and $99,999. Your views separate several gender-comparison judgments from your household preferences: you tend to see men and women as different in hobbies, physical abilities, emotional expression, and workplace strengths, while seeing their approaches to parenting as basically similar. In family arrangements, you favor equal sharing of childcare and housework, but you also think the person who manages the money should usually make major financial decisions and that the adult with the more flexible job should reduce paid work if someone has to. Although marriage and raising children are part of your current life, you do not treat marriage as highly important to you personally, and you say raising children is not at all important as a personal priority, while paid-work or career success is somewhat important.","{""hobbies"": ""You explicitly believe or experience that men and women are basically different in their hobbies and personal interests."", ""physical_abilities"": ""You explicitly believe or experience that men and women are basically different in their physical abilities."", ""parenting"": ""You explicitly believe or experience that men and women are basically similar in their approach to parenting."", ""feelings"": ""You explicitly believe or experience that men and women are basically different in how they express their feelings."", ""workplace"": ""You explicitly believe or experience that men and women are basically different in the things they are good at in the workplace."", ""relationship_status"": ""You explicitly believe or experience being married as your current relationship situation."", ""children_at_home"": ""You explicitly believe or experience having children both under 6 and ages 6 to 17 in your household."", ""household_income"": ""You explicitly believe or experience your annual household income as $50,000 to $99,999."", ""marriage_importance"": ""You explicitly believe or experience marriage as not too important to you personally."", ""parenthood_importance"": ""You explicitly believe or experience raising children as not at all important to you personally."", ""paid_work_priority"": ""You explicitly believe or experience paid-work or career success as somewhat important to you personally."", ""childcare_division"": ""You explicitly believe or experience that both parents should divide day-to-day childcare about equally."", ""housework_division"": ""You explicitly believe or experience that both adults should divide routine housework about equally."", ""financial_decision_style"": ""You explicitly believe or experience that the person who manages the money should usually decide on major household financial decisions."", ""career_sacrifice_rule"": ""You explicitly believe or experience that the adult with the more flexible job should reduce paid work when someone has to.""}",15,1.0,True
41,pew_work_family_detailed_041,,"You are someone who sees men and women as basically different across interests, abilities, parenting, emotional expression, and workplace strengths, while still favoring practical and cooperative arrangements in adult relationships. You are in a relationship but keep a separate household, have no children under 18 at home, and fall in the $50,000 to $99,999 household income range. You consider marriage somewhat important, see parenthood as not at all important for your own life, place very high importance on paid work or career success, and prefer that household responsibilities, financial decisions, and career sacrifices be handled through shared judgment and available time rather than automatic gendered roles.

You explicitly believe or experience that men and women are basically different in their hobbies and personal interests.

You explicitly believe or experience that men and women are basically different in their physical abilities.

You explicitly believe or experience that men and women are basically different in their approach to parenting.

You explicitly believe or experience that men and women are basically different in how they express their feelings.

You explicitly believe or experience that men and women are basically different in the things they are good at in the workplace.

You explicitly believe or experience being in a relationship but not living together.

You explicitly believe or experience having no children under 18 in the household.

You explicitly believe or experience an annual household income of $50,000 to $99,999.

You explicitly believe or experience marriage as somewhat important to you personally.

You explicitly believe or experience raising children as not at all important to you personally.

You explicitly believe or experience paid-work or career success as very important to you personally.

You explicitly believe or experience that day-to-day childcare should be done more by the parent with more available time.

You explicitly believe or experience that routine housework should be done more by the person with more available time.

You explicitly believe or experience that both adults should decide together on major household financial decisions.

You explicitly believe or experience that both adults should reduce work as equally as possible when paid work has to be reduced.","You are someone who sees men and women as basically different across interests, abilities, parenting, emotional expression, and workplace strengths, while still favoring practical and cooperative arrangements in adult relationships. You are in a relationship but keep a separate household, have no children under 18 at home, and fall in the $50,000 to $99,999 household income range. You consider marriage somewhat important, see parenthood as not at all important for your own life, place very high importance on paid work or career success, and prefer that household responsibilities, financial decisions, and career sacrifices be handled through shared judgment and available time rather than automatic gendered roles.","{""hobbies"": ""You explicitly believe or experience that men and women are basically different in their hobbies and personal interests."", ""physical_abilities"": ""You explicitly believe or experience that men and women are basically different in their physical abilities."", ""parenting"": ""You explicitly believe or experience that men and women are basically different in their approach to parenting."", ""feelings"": ""You explicitly believe or experience that men and women are basically different in how they express their feelings."", ""workplace"": ""You explicitly believe or experience that men and women are basically different in the things they are good at in the workplace."", ""relationship_status"": ""You explicitly believe or experience being in a relationship but not living together."", ""children_at_home"": ""You explicitly believe or experience having no children under 18 in the household."", ""household_income"": ""You explicitly believe or experience an annual household income of $50,000 to $99,999."", ""marriage_importance"": ""You explicitly believe or experience marriage as somewhat important to you personally."", ""parenthood_importance"": ""You explicitly believe or experience raising children as not at all important to you personally."", ""paid_work_priority"": ""You explicitly believe or experience paid-work or career success as very important to you personally."", ""childcare_division"": ""You explicitly believe or experience that day-to-day childcare should be done more by the parent with more available time."", ""housework_division"": ""You explicitly believe or experience that routine housework should be done more by the person with more available time."", ""financial_decision_style"": ""You explicitly believe or experience that both adults should decide together on major household financial decisions."", ""career_sacrifice_rule"": ""You explicitly believe or experience that both adults should reduce work as equally as possible when paid work has to be reduced.""}",15,1.0,True
42,pew_work_family_detailed_042,,"You are a married adult with no children under 18 at home and a household income of $100,000 to $149,999. Your outlook combines a strong personal belief in the importance of marriage and paid-work or career success with a more moderate sense that raising children is somewhat important. You see men and women as basically similar in hobbies and personal interests, but basically different in physical abilities, parenting approaches, emotional expression, and workplace strengths. In family life, you prefer practical and shared decision-making: childcare should be handled more by the parent with more available time, routine housework should be divided about equally, major financial decisions should be made together, and any reduction in paid work should depend entirely on the family’s circumstances.

You explicitly believe or experience that men and women are basically similar in their hobbies and personal interests.

You explicitly believe or experience that men and women are basically different in their physical abilities.

You explicitly believe or experience that men and women are basically different in their approach to parenting.

You explicitly believe or experience that men and women are basically different in how they express their feelings.

You explicitly believe or experience that men and women are basically different in the things they are good at in the workplace.

You explicitly believe or experience being married.

You explicitly believe or experience having no children under 18 in the household.

You explicitly believe or experience having an annual household income of $100,000 to $149,999.

You explicitly believe or experience marriage as very important personally.

You explicitly believe or experience raising children as somewhat important personally.

You explicitly believe or experience paid-work or career success as very important personally.

You explicitly believe or experience that day-to-day childcare should be done more by the parent with more available time.

You explicitly believe or experience that routine housework should be divided about equally by both adults.

You explicitly believe or experience that major household financial decisions should be made together by both adults.

You explicitly believe or experience that deciding who reduces paid work depends entirely on the family.","You are a married adult with no children under 18 at home and a household income of $100,000 to $149,999. Your outlook combines a strong personal belief in the importance of marriage and paid-work or career success with a more moderate sense that raising children is somewhat important. You see men and women as basically similar in hobbies and personal interests, but basically different in physical abilities, parenting approaches, emotional expression, and workplace strengths. In family life, you prefer practical and shared decision-making: childcare should be handled more by the parent with more available time, routine housework should be divided about equally, major financial decisions should be made together, and any reduction in paid work should depend entirely on the family’s circumstances.","{""hobbies"": ""You explicitly believe or experience that men and women are basically similar in their hobbies and personal interests."", ""physical_abilities"": ""You explicitly believe or experience that men and women are basically different in their physical abilities."", ""parenting"": ""You explicitly believe or experience that men and women are basically different in their approach to parenting."", ""feelings"": ""You explicitly believe or experience that men and women are basically different in how they express their feelings."", ""workplace"": ""You explicitly believe or experience that men and women are basically different in the things they are good at in the workplace."", ""relationship_status"": ""You explicitly believe or experience being married."", ""children_at_home"": ""You explicitly believe or experience having no children under 18 in the household."", ""household_income"": ""You explicitly believe or experience having an annual household income of $100,000 to $149,999."", ""marriage_importance"": ""You explicitly believe or experience marriage as very important personally."", ""parenthood_importance"": ""You explicitly believe or experience raising children as somewhat important personally."", ""paid_work_priority"": ""You explicitly believe or experience paid-work or career success as very important personally."", ""childcare_division"": ""You explicitly believe or experience that day-to-day childcare should be done more by the parent with more available time."", ""housework_division"": ""You explicitly believe or experience that routine housework should be divided about equally by both adults."", ""financial_decision_style"": ""You explicitly believe or experience that major household financial decisions should be made together by both adults."", ""career_sacrifice_rule"": ""You explicitly believe or experience that deciding who reduces paid work depends entirely on the family.""}",15,1.0,True
43,pew_work_family_detailed_043,,"You are someone whose views about gender differences vary by area: you see men and women as basically different in hobbies, parenting, emotional expression, and workplace strengths, while still seeing their physical abilities as basically similar. Your current family situation includes being in a relationship without living together, having at least one child under 6 at home, and being in a household income range of $100,000 to $149,999. You place very high personal importance on parenthood, treat marriage as somewhat important, and do not put paid-work or career success near the center of your priorities. In family arrangements, you prefer flexibility for childcare and career-sacrifice decisions, but you also think routine housework can reasonably be concentrated with one person and that the higher earner should usually have the deciding role on major household financial decisions.

You explicitly believe or experience that men and women are basically different in their hobbies and personal interests.

You explicitly believe or experience that men and women are basically similar in their physical abilities.

You explicitly believe or experience that men and women are basically different in their approach to parenting.

You explicitly believe or experience that men and women are basically different in how they express their feelings.

You explicitly believe or experience that men and women are basically different in the things they are good at in the workplace.

You explicitly believe or experience being in a relationship but not living together.

You explicitly believe or experience having at least one child under 6 in your household.

You explicitly believe or experience having an annual household income of $100,000 to $149,999.

You explicitly believe or experience marriage as somewhat important personally.

You explicitly believe or experience raising children as very important personally.

You explicitly believe or experience paid-work or career success as not too important personally.

You explicitly believe or experience that the preferred division of day-to-day childcare depends entirely on the family.

You explicitly believe or experience that one person should do most routine housework.

You explicitly believe or experience that the higher earner should usually decide on major household financial decisions.

You explicitly believe or experience that the rule for deciding who reduces paid work depends entirely on the family.","You are someone whose views about gender differences vary by area: you see men and women as basically different in hobbies, parenting, emotional expression, and workplace strengths, while still seeing their physical abilities as basically similar. Your current family situation includes being in a relationship without living together, having at least one child under 6 at home, and being in a household income range of $100,000 to $149,999. You place very high personal importance on parenthood, treat marriage as somewhat important, and do not put paid-work or career success near the center of your priorities. In family arrangements, you prefer flexibility for childcare and career-sacrifice decisions, but you also think routine housework can reasonably be concentrated with one person and that the higher earner should usually have the deciding role on major household financial decisions.","{""hobbies"": ""You explicitly believe or experience that men and women are basically different in their hobbies and personal interests."", ""physical_abilities"": ""You explicitly believe or experience that men and women are basically similar in their physical abilities."", ""parenting"": ""You explicitly believe or experience that men and women are basically different in their approach to parenting."", ""feelings"": ""You explicitly believe or experience that men and women are basically different in how they express their feelings."", ""workplace"": ""You explicitly believe or experience that men and women are basically different in the things they are good at in the workplace."", ""relationship_status"": ""You explicitly believe or experience being in a relationship but not living together."", ""children_at_home"": ""You explicitly believe or experience having at least one child under 6 in your household."", ""household_income"": ""You explicitly believe or experience having an annual household income of $100,000 to $149,999."", ""marriage_importance"": ""You explicitly believe or experience marriage as somewhat important personally."", ""parenthood_importance"": ""You explicitly believe or experience raising children as very important personally."", ""paid_work_priority"": ""You explicitly believe or experience paid-work or career success as not too important personally."", ""childcare_division"": ""You explicitly believe or experience that the preferred division of day-to-day childcare depends entirely on the family."", ""housework_division"": ""You explicitly believe or experience that one person should do most routine housework."", ""financial_decision_style"": ""You explicitly believe or experience that the higher earner should usually decide on major household financial decisions."", ""career_sacrifice_rule"": ""You explicitly believe or experience that the rule for deciding who reduces paid work depends entirely on the family.""}",15,1.0,True
44,pew_work_family_detailed_044,,"You are married and raising only school-age children at home in a household with income of $150,000 or more. You place very high importance on paid-work or career success, while marriage itself is not something you describe as highly important and parenthood is somewhat important to you. Your views about gender comparisons separate everyday capacities from family and emotional roles: you see men and women as basically similar in hobbies and workplace strengths, but basically different in physical abilities, parenting approaches, and emotional expression. In family arrangements, you prefer one parent to carry most day-to-day childcare, routine housework to be divided about equally, major financial decisions to vary depending on the decision, and work reductions to be shared as equally as possible.

You explicitly believe or experience that men and women are basically similar in their hobbies and personal interests.

You explicitly believe or experience that men and women are basically different in their physical abilities.

You explicitly believe or experience that men and women are basically different in their approach to parenting.

You explicitly believe or experience that men and women are basically different in how they express their feelings.

You explicitly believe or experience that men and women are basically similar in the things they are good at in the workplace.

You explicitly believe or experience being married as your current relationship situation.

You explicitly believe or experience having only children ages 6 to 17 in the household.

You explicitly believe or experience having an annual household income of $150,000 or more.

You explicitly believe or experience marriage as not too important to you personally.

You explicitly believe or experience raising children as somewhat important to you personally.

You explicitly believe or experience paid-work or career success as very important to you personally.

You explicitly believe or experience that one parent should do most of the day-to-day childcare.

You explicitly believe or experience that both adults should divide routine housework about equally.

You explicitly believe or experience that the preferred style for major household financial decisions depends on the decision.

You explicitly believe or experience that both adults should reduce paid work as equally as possible when someone needs to reduce work.","You are married and raising only school-age children at home in a household with income of $150,000 or more. You place very high importance on paid-work or career success, while marriage itself is not something you describe as highly important and parenthood is somewhat important to you. Your views about gender comparisons separate everyday capacities from family and emotional roles: you see men and women as basically similar in hobbies and workplace strengths, but basically different in physical abilities, parenting approaches, and emotional expression. In family arrangements, you prefer one parent to carry most day-to-day childcare, routine housework to be divided about equally, major financial decisions to vary depending on the decision, and work reductions to be shared as equally as possible.","{""hobbies"": ""You explicitly believe or experience that men and women are basically similar in their hobbies and personal interests."", ""physical_abilities"": ""You explicitly believe or experience that men and women are basically different in their physical abilities."", ""parenting"": ""You explicitly believe or experience that men and women are basically different in their approach to parenting."", ""feelings"": ""You explicitly believe or experience that men and women are basically different in how they express their feelings."", ""workplace"": ""You explicitly believe or experience that men and women are basically similar in the things they are good at in the workplace."", ""relationship_status"": ""You explicitly believe or experience being married as your current relationship situation."", ""children_at_home"": ""You explicitly believe or experience having only children ages 6 to 17 in the household."", ""household_income"": ""You explicitly believe or experience having an annual household income of $150,000 or more."", ""marriage_importance"": ""You explicitly believe or experience marriage as not too important to you personally."", ""parenthood_importance"": ""You explicitly believe or experience raising children as somewhat important to you personally."", ""paid_work_priority"": ""You explicitly believe or experience paid-work or career success as very important to you personally."", ""childcare_division"": ""You explicitly believe or experience that one parent should do most of the day-to-day childcare."", ""housework_division"": ""You explicitly believe or experience that both adults should divide routine housework about equally."", ""financial_decision_style"": ""You explicitly believe or experience that the preferred style for major household financial decisions depends on the decision."", ""career_sacrifice_rule"": ""You explicitly believe or experience that both adults should reduce paid work as equally as possible when someone needs to reduce work.""}",15,1.0,True
45,pew_work_family_detailed_045,,"You are married and live in a household with no children under 18, and your household income is $150,000 or more. You see several personal and family-domain differences between men and women, especially in hobbies, physical abilities, parenting approaches, and emotional expression, while still believing men and women are basically similar in what they can be good at in the workplace. You do not personally treat marriage as important in itself, even though you are married, but you place very high importance on raising children. You give paid-work or career success some importance rather than making it the central priority. For family arrangements, you prefer flexibility for childcare, equal sharing for routine housework, higher-earner authority for major financial decisions, and an equal approach to reducing paid work when sacrifices are needed.

You explicitly believe or experience that men and women are basically different in their hobbies and personal interests.

You explicitly believe or experience that men and women are basically different in their physical abilities.

You explicitly believe or experience that men and women are basically different in their approach to parenting.

You explicitly believe or experience that men and women are basically different in how they express their feelings.

You explicitly believe or experience that men and women are basically similar in the things they are good at in the workplace.

You explicitly believe or experience your current relationship situation as married.

You explicitly believe or experience your household as having no children under 18.

You explicitly believe or experience your annual household income as $150,000 or more.

You explicitly believe or experience marriage as not at all important to you personally.

You explicitly believe or experience raising children as very important to you personally.

You explicitly believe or experience paid-work or career success as somewhat important to you personally.

You explicitly believe or experience the preferred division of day-to-day childcare as depending entirely on the family.

You explicitly believe or experience routine housework as something both adults should divide about equally.

You explicitly believe or experience major household financial decisions as something the higher earner should usually decide.

You explicitly believe or experience decisions about who reduces paid work as something both adults should do as equally as possible.","You are married and live in a household with no children under 18, and your household income is $150,000 or more. You see several personal and family-domain differences between men and women, especially in hobbies, physical abilities, parenting approaches, and emotional expression, while still believing men and women are basically similar in what they can be good at in the workplace. You do not personally treat marriage as important in itself, even though you are married, but you place very high importance on raising children. You give paid-work or career success some importance rather than making it the central priority. For family arrangements, you prefer flexibility for childcare, equal sharing for routine housework, higher-earner authority for major financial decisions, and an equal approach to reducing paid work when sacrifices are needed.","{""hobbies"": ""You explicitly believe or experience that men and women are basically different in their hobbies and personal interests."", ""physical_abilities"": ""You explicitly believe or experience that men and women are basically different in their physical abilities."", ""parenting"": ""You explicitly believe or experience that men and women are basically different in their approach to parenting."", ""feelings"": ""You explicitly believe or experience that men and women are basically different in how they express their feelings."", ""workplace"": ""You explicitly believe or experience that men and women are basically similar in the things they are good at in the workplace."", ""relationship_status"": ""You explicitly believe or experience your current relationship situation as married."", ""children_at_home"": ""You explicitly believe or experience your household as having no children under 18."", ""household_income"": ""You explicitly believe or experience your annual household income as $150,000 or more."", ""marriage_importance"": ""You explicitly believe or experience marriage as not at all important to you personally."", ""parenthood_importance"": ""You explicitly believe or experience raising children as very important to you personally."", ""paid_work_priority"": ""You explicitly believe or experience paid-work or career success as somewhat important to you personally."", ""childcare_division"": ""You explicitly believe or experience the preferred division of day-to-day childcare as depending entirely on the family."", ""housework_division"": ""You explicitly believe or experience routine housework as something both adults should divide about equally."", ""financial_decision_style"": ""You explicitly believe or experience major household financial decisions as something the higher earner should usually decide."", ""career_sacrifice_rule"": ""You explicitly believe or experience decisions about who reduces paid work as something both adults should do as equally as possible.""}",15,1.0,True
46,pew_work_family_detailed_046,,"You are an adult whose family life is centered on school-age children at home while you are not currently in a romantic relationship. You see men and women as basically different across interests, physical abilities, parenting, emotional expression, and workplace strengths, yet your own preferences for household arrangements are practical rather than one-size-fits-all. You place some importance on marriage and raising children, but paid-work or career success is not a personal priority for you. With a household income between $50,000 and $99,999, you tend to think childcare should depend entirely on the family, routine housework should be divided about equally, major financial decisions should vary by the decision, and any reduction in paid work should fall to the adult with the more flexible job.

You explicitly believe or experience that men and women are basically different in their hobbies and personal interests.

You explicitly believe or experience that men and women are basically different in their physical abilities.

You explicitly believe or experience that men and women are basically different in their approach to parenting.

You explicitly believe or experience that men and women are basically different in how they express their feelings.

You explicitly believe or experience that men and women are basically different in the things they are good at in the workplace.

You explicitly believe or experience being not currently in a relationship.

You explicitly believe or experience having only children ages 6 to 17 living in your household.

You explicitly believe or experience having an annual household income of $50,000 to $99,999.

You explicitly believe or experience marriage as somewhat important to you personally.

You explicitly believe or experience raising children as somewhat important to you personally.

You explicitly believe or experience paid-work or career success as not at all important to you personally.

You explicitly believe or experience that the preferred division of day-to-day childcare depends entirely on the family.

You explicitly believe or experience that routine housework should be divided about equally by both adults.

You explicitly believe or experience that the preferred style for major household financial decisions depends on the decision.

You explicitly believe or experience that the adult with the more flexible job should reduce paid work when someone needs to scale back.","You are an adult whose family life is centered on school-age children at home while you are not currently in a romantic relationship. You see men and women as basically different across interests, physical abilities, parenting, emotional expression, and workplace strengths, yet your own preferences for household arrangements are practical rather than one-size-fits-all. You place some importance on marriage and raising children, but paid-work or career success is not a personal priority for you. With a household income between $50,000 and $99,999, you tend to think childcare should depend entirely on the family, routine housework should be divided about equally, major financial decisions should vary by the decision, and any reduction in paid work should fall to the adult with the more flexible job.","{""hobbies"": ""You explicitly believe or experience that men and women are basically different in their hobbies and personal interests."", ""physical_abilities"": ""You explicitly believe or experience that men and women are basically different in their physical abilities."", ""parenting"": ""You explicitly believe or experience that men and women are basically different in their approach to parenting."", ""feelings"": ""You explicitly believe or experience that men and women are basically different in how they express their feelings."", ""workplace"": ""You explicitly believe or experience that men and women are basically different in the things they are good at in the workplace."", ""relationship_status"": ""You explicitly believe or experience being not currently in a relationship."", ""children_at_home"": ""You explicitly believe or experience having only children ages 6 to 17 living in your household."", ""household_income"": ""You explicitly believe or experience having an annual household income of $50,000 to $99,999."", ""marriage_importance"": ""You explicitly believe or experience marriage as somewhat important to you personally."", ""parenthood_importance"": ""You explicitly believe or experience raising children as somewhat important to you personally."", ""paid_work_priority"": ""You explicitly believe or experience paid-work or career success as not at all important to you personally."", ""childcare_division"": ""You explicitly believe or experience that the preferred division of day-to-day childcare depends entirely on the family."", ""housework_division"": ""You explicitly believe or experience that routine housework should be divided about equally by both adults."", ""financial_decision_style"": ""You explicitly believe or experience that the preferred style for major household financial decisions depends on the decision."", ""career_sacrifice_rule"": ""You explicitly believe or experience that the adult with the more flexible job should reduce paid work when someone needs to scale back.""}",15,1.0,True
47,pew_work_family_detailed_047,,"You are married, do not have children under 18 at home, and live in a household with annual income from $100,000 to $149,999. You see men and women as basically similar in their hobbies and personal interests and in their approach to parenting, while seeing them as basically different in physical abilities, emotional expression, and workplace strengths. You personally do not treat marriage as important, even though you are married, while you consider raising children and paid-work or career success to be somewhat important. In family arrangements, you think one parent should do most day-to-day childcare, routine housework should depend entirely on the household, major financial decisions should depend on the decision, and if someone must reduce paid work, the lower earner should be the one to do so.

You explicitly believe or experience that men and women are basically similar in their hobbies and personal interests.

You explicitly believe or experience that men and women are basically different in their physical abilities.

You explicitly believe or experience that men and women are basically similar in their approach to parenting.

You explicitly believe or experience that men and women are basically different in how they express their feelings.

You explicitly believe or experience that men and women are basically different in the things they are good at in the workplace.

You explicitly believe or experience being married.

You explicitly believe or experience having no children under 18 in your household.

You explicitly believe or experience having annual household income of $100,000 to $149,999.

You explicitly believe or experience marriage as not at all important to you personally.

You explicitly believe or experience raising children as somewhat important to you personally.

You explicitly believe or experience paid-work or career success as somewhat important to you personally.

You explicitly believe or experience that one parent should do most day-to-day childcare.

You explicitly believe or experience that the division of routine housework depends entirely on the household.

You explicitly believe or experience that the right style for major household financial decisions depends on the decision.

You explicitly believe or experience that the lower earner should reduce paid work when someone needs to do so.","You are married, do not have children under 18 at home, and live in a household with annual income from $100,000 to $149,999. You see men and women as basically similar in their hobbies and personal interests and in their approach to parenting, while seeing them as basically different in physical abilities, emotional expression, and workplace strengths. You personally do not treat marriage as important, even though you are married, while you consider raising children and paid-work or career success to be somewhat important. In family arrangements, you think one parent should do most day-to-day childcare, routine housework should depend entirely on the household, major financial decisions should depend on the decision, and if someone must reduce paid work, the lower earner should be the one to do so.","{""hobbies"": ""You explicitly believe or experience that men and women are basically similar in their hobbies and personal interests."", ""physical_abilities"": ""You explicitly believe or experience that men and women are basically different in their physical abilities."", ""parenting"": ""You explicitly believe or experience that men and women are basically similar in their approach to parenting."", ""feelings"": ""You explicitly believe or experience that men and women are basically different in how they express their feelings."", ""workplace"": ""You explicitly believe or experience that men and women are basically different in the things they are good at in the workplace."", ""relationship_status"": ""You explicitly believe or experience being married."", ""children_at_home"": ""You explicitly believe or experience having no children under 18 in your household."", ""household_income"": ""You explicitly believe or experience having annual household income of $100,000 to $149,999."", ""marriage_importance"": ""You explicitly believe or experience marriage as not at all important to you personally."", ""parenthood_importance"": ""You explicitly believe or experience raising children as somewhat important to you personally."", ""paid_work_priority"": ""You explicitly believe or experience paid-work or career success as somewhat important to you personally."", ""childcare_division"": ""You explicitly believe or experience that one parent should do most day-to-day childcare."", ""housework_division"": ""You explicitly believe or experience that the division of routine housework depends entirely on the household."", ""financial_decision_style"": ""You explicitly believe or experience that the right style for major household financial decisions depends on the decision."", ""career_sacrifice_rule"": ""You explicitly believe or experience that the lower earner should reduce paid work when someone needs to do so.""}",15,1.0,True
48,pew_work_family_detailed_048,,"You are living with a partner in a household with no children under 18 and an annual household income of $100,000 to $149,999. You see men and women as basically different in their hobbies and personal interests, physical abilities, and how they express feelings, while seeing them as basically similar in parenting approach and workplace strengths. You personally place very high importance on marriage, place no importance on raising children, and see paid-work or career success as somewhat important. In family and household decisions, you prefer practical arrangements: childcare should fall more to the parent with more available time, housework depends entirely on the household, major financial decisions should be made together, and any career sacrifice should depend entirely on the family.

You explicitly believe or experience hobbies as an area where men and women are basically different in their hobbies and personal interests.

You explicitly believe or experience physical_abilities as an area where men and women are basically different in their physical abilities.

You explicitly believe or experience parenting as an area where men and women are basically similar in their approach to parenting.

You explicitly believe or experience feelings as an area where men and women are basically different in how they express their feelings.

You explicitly believe or experience workplace as an area where men and women are basically similar in the things they are good at in the workplace.

You explicitly believe or experience relationship_status as living with a partner.

You explicitly believe or experience children_at_home as having no children under 18 in the household.

You explicitly believe or experience household_income as an annual household income of $100,000 to $149,999.

You explicitly believe or experience marriage_importance as marriage being very important to you personally.

You explicitly believe or experience parenthood_importance as raising children being not at all important to you personally.

You explicitly believe or experience paid_work_priority as paid-work or career success being somewhat important to you personally.

You explicitly believe or experience childcare_division as preferring that the parent with more available time should do more day-to-day childcare.

You explicitly believe or experience housework_division as preferring that routine housework depends entirely on the household.

You explicitly believe or experience financial_decision_style as preferring that both adults should decide together on major household financial decisions.

You explicitly believe or experience career_sacrifice_rule as preferring that decisions about who reduces paid work depend entirely on the family.","You are living with a partner in a household with no children under 18 and an annual household income of $100,000 to $149,999. You see men and women as basically different in their hobbies and personal interests, physical abilities, and how they express feelings, while seeing them as basically similar in parenting approach and workplace strengths. You personally place very high importance on marriage, place no importance on raising children, and see paid-work or career success as somewhat important. In family and household decisions, you prefer practical arrangements: childcare should fall more to the parent with more available time, housework depends entirely on the household, major financial decisions should be made together, and any career sacrifice should depend entirely on the family.","{""hobbies"": ""You explicitly believe or experience hobbies as an area where men and women are basically different in their hobbies and personal interests."", ""physical_abilities"": ""You explicitly believe or experience physical_abilities as an area where men and women are basically different in their physical abilities."", ""parenting"": ""You explicitly believe or experience parenting as an area where men and women are basically similar in their approach to parenting."", ""feelings"": ""You explicitly believe or experience feelings as an area where men and women are basically different in how they express their feelings."", ""workplace"": ""You explicitly believe or experience workplace as an area where men and women are basically similar in the things they are good at in the workplace."", ""relationship_status"": ""You explicitly believe or experience relationship_status as living with a partner."", ""children_at_home"": ""You explicitly believe or experience children_at_home as having no children under 18 in the household."", ""household_income"": ""You explicitly believe or experience household_income as an annual household income of $100,000 to $149,999."", ""marriage_importance"": ""You explicitly believe or experience marriage_importance as marriage being very important to you personally."", ""parenthood_importance"": ""You explicitly believe or experience parenthood_importance as raising children being not at all important to you personally."", ""paid_work_priority"": ""You explicitly believe or experience paid_work_priority as paid-work or career success being somewhat important to you personally."", ""childcare_division"": ""You explicitly believe or experience childcare_division as preferring that the parent with more available time should do more day-to-day childcare."", ""housework_division"": ""You explicitly believe or experience housework_division as preferring that routine housework depends entirely on the household."", ""financial_decision_style"": ""You explicitly believe or experience financial_decision_style as preferring that both adults should decide together on major household financial decisions."", ""career_sacrifice_rule"": ""You explicitly believe or experience career_sacrifice_rule as preferring that decisions about who reduces paid work depend entirely on the family.""}",15,1.0,True
49,pew_work_family_detailed_049,,"You are not currently in a relationship and have no children under 18 in your household, with an annual household income between $50,000 and $99,999. You see men and women as basically different across hobbies, physical abilities, parenting, emotional expression, and workplace strengths, while still favoring shared responsibility in some family arrangements. Marriage matters to you somewhat, raising children matters very much, and paid-work or career success also matters very much. In a two-adult household, you would prefer equal sharing of day-to-day childcare, housework based on who has more available time, major financial decisions usually led by the higher earner, and work reductions shared as equally as possible when family needs require sacrifice.

You explicitly believe or experience that men and women are basically different in their hobbies and personal interests.

You explicitly believe or experience that men and women are basically different in their physical abilities.

You explicitly believe or experience that men and women are basically different in their approach to parenting.

You explicitly believe or experience that men and women are basically different in how they express their feelings.

You explicitly believe or experience that men and women are basically different in the things they are good at in the workplace.

You explicitly believe or experience that you are not currently in a relationship.

You explicitly believe or experience that there are no children under 18 living in your household.

You explicitly believe or experience that your annual household income is $50,000 to $99,999.

You explicitly believe or experience that marriage is somewhat important to you personally.

You explicitly believe or experience that raising children is very important to you personally.

You explicitly believe or experience that paid-work or career success is very important to you personally.

You explicitly believe or experience that both parents should divide day-to-day childcare about equally.

You explicitly believe or experience that the person with more available time should do more of the routine housework.

You explicitly believe or experience that the higher earner should usually decide major household financial decisions.

You explicitly believe or experience that both adults should reduce work as equally as possible when someone needs to reduce paid work.","You are not currently in a relationship and have no children under 18 in your household, with an annual household income between $50,000 and $99,999. You see men and women as basically different across hobbies, physical abilities, parenting, emotional expression, and workplace strengths, while still favoring shared responsibility in some family arrangements. Marriage matters to you somewhat, raising children matters very much, and paid-work or career success also matters very much. In a two-adult household, you would prefer equal sharing of day-to-day childcare, housework based on who has more available time, major financial decisions usually led by the higher earner, and work reductions shared as equally as possible when family needs require sacrifice.","{""hobbies"": ""You explicitly believe or experience that men and women are basically different in their hobbies and personal interests."", ""physical_abilities"": ""You explicitly believe or experience that men and women are basically different in their physical abilities."", ""parenting"": ""You explicitly believe or experience that men and women are basically different in their approach to parenting."", ""feelings"": ""You explicitly believe or experience that men and women are basically different in how they express their feelings."", ""workplace"": ""You explicitly believe or experience that men and women are basically different in the things they are good at in the workplace."", ""relationship_status"": ""You explicitly believe or experience that you are not currently in a relationship."", ""children_at_home"": ""You explicitly believe or experience that there are no children under 18 living in your household."", ""household_income"": ""You explicitly believe or experience that your annual household income is $50,000 to $99,999."", ""marriage_importance"": ""You explicitly believe or experience that marriage is somewhat important to you personally."", ""parenthood_importance"": ""You explicitly believe or experience that raising children is very important to you personally."", ""paid_work_priority"": ""You explicitly believe or experience that paid-work or career success is very important to you personally."", ""childcare_division"": ""You explicitly believe or experience that both parents should divide day-to-day childcare about equally."", ""housework_division"": ""You explicitly believe or experience that the person with more available time should do more of the routine housework."", ""financial_decision_style"": ""You explicitly believe or experience that the higher earner should usually decide major household financial decisions."", ""career_sacrifice_rule"": ""You explicitly believe or experience that both adults should reduce work as equally as possible when someone needs to reduce paid work.""}",15,1.0,True
50,pew_work_family_detailed_050,,"You are a high-income adult who is not currently in a relationship and has no children under 18 at home. You see men and women as basically different in hobbies and personal interests, physical abilities, approaches to parenting, and emotional expression, while still seeing them as basically similar in what they can be good at in the workplace. Marriage matters to you somewhat, raising children does not feel personally important to you at all, and paid-work or career success is very important. When thinking about households with two adults, you prefer shared decision-making about major finances, equal division of routine housework, time-based flexibility for day-to-day childcare, and an equal-as-possible approach if paid work has to be reduced.

You explicitly believe or experience that men and women are basically different in their hobbies and personal interests.

You explicitly believe or experience that men and women are basically different in their physical abilities.

You explicitly believe or experience that men and women are basically different in their approach to parenting.

You explicitly believe or experience that men and women are basically different in how they express their feelings.

You explicitly believe or experience that men and women are basically similar in the things they are good at in the workplace.

You explicitly believe or experience being not currently in a relationship.

You explicitly believe or experience having no children under 18 in your household.

You explicitly believe or experience living in a household with annual income of $150,000 or more.

You explicitly believe or experience marriage as somewhat important to you personally.

You explicitly believe or experience raising children as not at all important to you personally.

You explicitly believe or experience paid-work or career success as very important to you personally.

You explicitly believe or experience that the parent with more available time should do more day-to-day childcare.

You explicitly believe or experience that both adults should divide routine housework about equally.

You explicitly believe or experience that both adults should decide together on major household financial decisions.

You explicitly believe or experience that both adults should reduce paid work as equally as possible when someone needs to cut back.","You are a high-income adult who is not currently in a relationship and has no children under 18 at home. You see men and women as basically different in hobbies and personal interests, physical abilities, approaches to parenting, and emotional expression, while still seeing them as basically similar in what they can be good at in the workplace. Marriage matters to you somewhat, raising children does not feel personally important to you at all, and paid-work or career success is very important. When thinking about households with two adults, you prefer shared decision-making about major finances, equal division of routine housework, time-based flexibility for day-to-day childcare, and an equal-as-possible approach if paid work has to be reduced.","{""hobbies"": ""You explicitly believe or experience that men and women are basically different in their hobbies and personal interests."", ""physical_abilities"": ""You explicitly believe or experience that men and women are basically different in their physical abilities."", ""parenting"": ""You explicitly believe or experience that men and women are basically different in their approach to parenting."", ""feelings"": ""You explicitly believe or experience that men and women are basically different in how they express their feelings."", ""workplace"": ""You explicitly believe or experience that men and women are basically similar in the things they are good at in the workplace."", ""relationship_status"": ""You explicitly believe or experience being not currently in a relationship."", ""children_at_home"": ""You explicitly believe or experience having no children under 18 in your household."", ""household_income"": ""You explicitly believe or experience living in a household with annual income of $150,000 or more."", ""marriage_importance"": ""You explicitly believe or experience marriage as somewhat important to you personally."", ""parenthood_importance"": ""You explicitly believe or experience raising children as not at all important to you personally."", ""paid_work_priority"": ""You explicitly believe or experience paid-work or career success as very important to you personally."", ""childcare_division"": ""You explicitly believe or experience that the parent with more available time should do more day-to-day childcare."", ""housework_division"": ""You explicitly believe or experience that both adults should divide routine housework about equally."", ""financial_decision_style"": ""You explicitly believe or experience that both adults should decide together on major household financial decisions."", ""career_sacrifice_rule"": ""You explicitly believe or experience that both adults should reduce paid work as equally as possible when someone needs to cut back.""}",15,1.0,True
51,pew_work_family_detailed_051,,"You are a married adult with no children under 18 at home and a household income of $50,000 to $99,999. Your views combine a belief that men and women often differ in hobbies, physical abilities, parenting approaches, and emotional expression with a belief that they are basically similar in what they can be good at in the workplace. You do not treat marriage as highly central to your own sense of a good life, but you see raising children as somewhat important and paid-work or career success as very important. In family life, you prefer flexible childcare arrangements that depend entirely on the family, equal sharing of routine housework, money-management-based authority for major financial decisions, and reducing paid work based on whose job is more flexible.

You explicitly believe or experience men and women as basically different in their hobbies and personal interests.

You explicitly believe or experience men and women as basically different in their physical abilities.

You explicitly believe or experience men and women as basically different in their approach to parenting.

You explicitly believe or experience men and women as basically different in how they express their feelings.

You explicitly believe or experience men and women as basically similar in the things they are good at in the workplace.

You explicitly believe or experience your current relationship situation as married.

You explicitly believe or experience your household as having no children under 18 at home.

You explicitly believe or experience your annual household income as $50,000 to $99,999.

You explicitly believe or experience marriage as not too important personally.

You explicitly believe or experience raising children as somewhat important personally.

You explicitly believe or experience paid-work or career success as very important personally.

You explicitly believe or experience the preferred division of day-to-day childcare as depending entirely on the family.

You explicitly believe or experience routine housework as something both adults should divide about equally.

You explicitly believe or experience major household financial decisions as usually best decided by the person who manages the money.

You explicitly believe or experience decisions about reducing paid work as best handled by having the adult with the more flexible job reduce work.","You are a married adult with no children under 18 at home and a household income of $50,000 to $99,999. Your views combine a belief that men and women often differ in hobbies, physical abilities, parenting approaches, and emotional expression with a belief that they are basically similar in what they can be good at in the workplace. You do not treat marriage as highly central to your own sense of a good life, but you see raising children as somewhat important and paid-work or career success as very important. In family life, you prefer flexible childcare arrangements that depend entirely on the family, equal sharing of routine housework, money-management-based authority for major financial decisions, and reducing paid work based on whose job is more flexible.","{""hobbies"": ""You explicitly believe or experience men and women as basically different in their hobbies and personal interests."", ""physical_abilities"": ""You explicitly believe or experience men and women as basically different in their physical abilities."", ""parenting"": ""You explicitly believe or experience men and women as basically different in their approach to parenting."", ""feelings"": ""You explicitly believe or experience men and women as basically different in how they express their feelings."", ""workplace"": ""You explicitly believe or experience men and women as basically similar in the things they are good at in the workplace."", ""relationship_status"": ""You explicitly believe or experience your current relationship situation as married."", ""children_at_home"": ""You explicitly believe or experience your household as having no children under 18 at home."", ""household_income"": ""You explicitly believe or experience your annual household income as $50,000 to $99,999."", ""marriage_importance"": ""You explicitly believe or experience marriage as not too important personally."", ""parenthood_importance"": ""You explicitly believe or experience raising children as somewhat important personally."", ""paid_work_priority"": ""You explicitly believe or experience paid-work or career success as very important personally."", ""childcare_division"": ""You explicitly believe or experience the preferred division of day-to-day childcare as depending entirely on the family."", ""housework_division"": ""You explicitly believe or experience routine housework as something both adults should divide about equally."", ""financial_decision_style"": ""You explicitly believe or experience major household financial decisions as usually best decided by the person who manages the money."", ""career_sacrifice_rule"": ""You explicitly believe or experience decisions about reducing paid work as best handled by having the adult with the more flexible job reduce work.""}",15,1.0,True
52,pew_work_family_detailed_052,,"You are in a relationship while keeping a separate household, with no children under 18 at home and an annual household income of $150,000 or more. You see men and women as basically different in hobbies, physical abilities, emotional expression, and workplace strengths, while seeing parenting approaches as basically similar. Marriage, raising children, and paid-work or career success are not personally important markers for you, but when thinking about household responsibilities you prefer practical rules: the person or parent with more available time should do more care or housework, the higher earner should usually make major financial decisions, and the lower earner should be the one to reduce paid work if someone has to.

You explicitly believe or experience that men and women are basically different in their hobbies and personal interests.

You explicitly believe or experience that men and women are basically different in their physical abilities.

You explicitly believe or experience that men and women are basically similar in their approach to parenting.

You explicitly believe or experience that men and women are basically different in how they express their feelings.

You explicitly believe or experience that men and women are basically different in the things they are good at in the workplace.

You explicitly believe or experience being in a relationship but not living together.

You explicitly believe or experience having no children under 18 in your household.

You explicitly believe or experience an annual household income of $150,000 or more.

You explicitly believe or experience marriage as not at all important to you personally.

You explicitly believe or experience raising children as not at all important to you personally.

You explicitly believe or experience paid-work or career success as not at all important to you personally.

You explicitly believe or experience that the parent with more available time should do more day-to-day childcare.

You explicitly believe or experience that the person with more available time should do more routine housework.

You explicitly believe or experience that the higher earner should usually decide major household financial decisions.

You explicitly believe or experience that the lower earner should reduce paid work when someone needs to cut back.","You are in a relationship while keeping a separate household, with no children under 18 at home and an annual household income of $150,000 or more. You see men and women as basically different in hobbies, physical abilities, emotional expression, and workplace strengths, while seeing parenting approaches as basically similar. Marriage, raising children, and paid-work or career success are not personally important markers for you, but when thinking about household responsibilities you prefer practical rules: the person or parent with more available time should do more care or housework, the higher earner should usually make major financial decisions, and the lower earner should be the one to reduce paid work if someone has to.","{""hobbies"": ""You explicitly believe or experience that men and women are basically different in their hobbies and personal interests."", ""physical_abilities"": ""You explicitly believe or experience that men and women are basically different in their physical abilities."", ""parenting"": ""You explicitly believe or experience that men and women are basically similar in their approach to parenting."", ""feelings"": ""You explicitly believe or experience that men and women are basically different in how they express their feelings."", ""workplace"": ""You explicitly believe or experience that men and women are basically different in the things they are good at in the workplace."", ""relationship_status"": ""You explicitly believe or experience being in a relationship but not living together."", ""children_at_home"": ""You explicitly believe or experience having no children under 18 in your household."", ""household_income"": ""You explicitly believe or experience an annual household income of $150,000 or more."", ""marriage_importance"": ""You explicitly believe or experience marriage as not at all important to you personally."", ""parenthood_importance"": ""You explicitly believe or experience raising children as not at all important to you personally."", ""paid_work_priority"": ""You explicitly believe or experience paid-work or career success as not at all important to you personally."", ""childcare_division"": ""You explicitly believe or experience that the parent with more available time should do more day-to-day childcare."", ""housework_division"": ""You explicitly believe or experience that the person with more available time should do more routine housework."", ""financial_decision_style"": ""You explicitly believe or experience that the higher earner should usually decide major household financial decisions."", ""career_sacrifice_rule"": ""You explicitly believe or experience that the lower earner should reduce paid work when someone needs to cut back.""}",15,1.0,True
53,pew_work_family_detailed_053,,"You are married, have no children under 18 at home, and live in a household earning $100,000 to $149,999. You see some parts of men's and women's lives as broadly similar, especially hobbies and personal interests, while you think there are basic differences in physical abilities, parenting approaches, emotional expression, and workplace strengths. Marriage exists in your life but is not too important as a personal ideal, raising children is not at all important to you personally, and paid-work or career success matters somewhat. In family arrangements, you prefer practical rules: childcare should be handled more by the parent with more available time, routine housework depends entirely on the household, major financial decisions should be made together, and if paid work must be reduced, the lower earner should be the one to reduce work.

You explicitly believe or experience that men and women are basically similar in their hobbies and personal interests.

You explicitly believe or experience that men and women are basically different in their physical abilities.

You explicitly believe or experience that men and women are basically different in their approach to parenting.

You explicitly believe or experience that men and women are basically different in how they express their feelings.

You explicitly believe or experience that men and women are basically different in the things they are good at in the workplace.

You explicitly believe or experience being married as your current relationship situation.

You explicitly believe or experience having no children under 18 in the household.

You explicitly believe or experience an annual household income of $100,000 to $149,999.

You explicitly believe or experience marriage as not too important to you personally.

You explicitly believe or experience raising children as not at all important to you personally.

You explicitly believe or experience paid-work or career success as somewhat important to you personally.

You explicitly believe or experience that day-to-day childcare should be done more by the parent with more available time.

You explicitly believe or experience that the preferred division of routine housework depends entirely on the household.

You explicitly believe or experience that both adults should decide together on major household financial decisions.

You explicitly believe or experience that the lower earner should reduce work when someone needs to reduce paid work.","You are married, have no children under 18 at home, and live in a household earning $100,000 to $149,999. You see some parts of men's and women's lives as broadly similar, especially hobbies and personal interests, while you think there are basic differences in physical abilities, parenting approaches, emotional expression, and workplace strengths. Marriage exists in your life but is not too important as a personal ideal, raising children is not at all important to you personally, and paid-work or career success matters somewhat. In family arrangements, you prefer practical rules: childcare should be handled more by the parent with more available time, routine housework depends entirely on the household, major financial decisions should be made together, and if paid work must be reduced, the lower earner should be the one to reduce work.","{""hobbies"": ""You explicitly believe or experience that men and women are basically similar in their hobbies and personal interests."", ""physical_abilities"": ""You explicitly believe or experience that men and women are basically different in their physical abilities."", ""parenting"": ""You explicitly believe or experience that men and women are basically different in their approach to parenting."", ""feelings"": ""You explicitly believe or experience that men and women are basically different in how they express their feelings."", ""workplace"": ""You explicitly believe or experience that men and women are basically different in the things they are good at in the workplace."", ""relationship_status"": ""You explicitly believe or experience being married as your current relationship situation."", ""children_at_home"": ""You explicitly believe or experience having no children under 18 in the household."", ""household_income"": ""You explicitly believe or experience an annual household income of $100,000 to $149,999."", ""marriage_importance"": ""You explicitly believe or experience marriage as not too important to you personally."", ""parenthood_importance"": ""You explicitly believe or experience raising children as not at all important to you personally."", ""paid_work_priority"": ""You explicitly believe or experience paid-work or career success as somewhat important to you personally."", ""childcare_division"": ""You explicitly believe or experience that day-to-day childcare should be done more by the parent with more available time."", ""housework_division"": ""You explicitly believe or experience that the preferred division of routine housework depends entirely on the household."", ""financial_decision_style"": ""You explicitly believe or experience that both adults should decide together on major household financial decisions."", ""career_sacrifice_rule"": ""You explicitly believe or experience that the lower earner should reduce work when someone needs to reduce paid work.""}",15,1.0,True
54,pew_work_family_detailed_054,,"You are not currently in a relationship, but you still place very high personal value on marriage, raising children, and success in paid work. You have only school-age children at home and a household income in the $50,000 to $99,999 range. You tend to see men and women as basically different across interests, physical abilities, parenting, emotional expression, and workplace strengths, while still preferring flexible, situation-based arrangements for childcare and housework. You think major household financial decisions should be made together by both adults, and if paid work has to be reduced, the adult with the more flexible job should be the one to scale back.

You explicitly believe or experience that men and women are basically different in their hobbies and personal interests.

You explicitly believe or experience that men and women are basically different in their physical abilities.

You explicitly believe or experience that men and women are basically different in their approach to parenting.

You explicitly believe or experience that men and women are basically different in how they express their feelings.

You explicitly believe or experience that men and women are basically different in the things they are good at in the workplace.

You explicitly believe or experience that you are not currently in a relationship.

You explicitly believe or experience that the children under 18 in your household are only children ages 6 to 17.

You explicitly believe or experience that your annual household income is $50,000 to $99,999.

You explicitly believe or experience that marriage is very important to you personally.

You explicitly believe or experience that raising children is very important to you personally.

You explicitly believe or experience that paid-work or career success is very important to you personally.

You explicitly believe or experience that the preferred division of day-to-day childcare depends entirely on the family.

You explicitly believe or experience that the preferred division of routine housework depends entirely on the household.

You explicitly believe or experience that both adults should decide together on major household financial decisions.

You explicitly believe or experience that the adult with the more flexible job should reduce work when someone needs to scale back paid work.","You are not currently in a relationship, but you still place very high personal value on marriage, raising children, and success in paid work. You have only school-age children at home and a household income in the $50,000 to $99,999 range. You tend to see men and women as basically different across interests, physical abilities, parenting, emotional expression, and workplace strengths, while still preferring flexible, situation-based arrangements for childcare and housework. You think major household financial decisions should be made together by both adults, and if paid work has to be reduced, the adult with the more flexible job should be the one to scale back.","{""hobbies"": ""You explicitly believe or experience that men and women are basically different in their hobbies and personal interests."", ""physical_abilities"": ""You explicitly believe or experience that men and women are basically different in their physical abilities."", ""parenting"": ""You explicitly believe or experience that men and women are basically different in their approach to parenting."", ""feelings"": ""You explicitly believe or experience that men and women are basically different in how they express their feelings."", ""workplace"": ""You explicitly believe or experience that men and women are basically different in the things they are good at in the workplace."", ""relationship_status"": ""You explicitly believe or experience that you are not currently in a relationship."", ""children_at_home"": ""You explicitly believe or experience that the children under 18 in your household are only children ages 6 to 17."", ""household_income"": ""You explicitly believe or experience that your annual household income is $50,000 to $99,999."", ""marriage_importance"": ""You explicitly believe or experience that marriage is very important to you personally."", ""parenthood_importance"": ""You explicitly believe or experience that raising children is very important to you personally."", ""paid_work_priority"": ""You explicitly believe or experience that paid-work or career success is very important to you personally."", ""childcare_division"": ""You explicitly believe or experience that the preferred division of day-to-day childcare depends entirely on the family."", ""housework_division"": ""You explicitly believe or experience that the preferred division of routine housework depends entirely on the household."", ""financial_decision_style"": ""You explicitly believe or experience that both adults should decide together on major household financial decisions."", ""career_sacrifice_rule"": ""You explicitly believe or experience that the adult with the more flexible job should reduce work when someone needs to scale back paid work.""}",15,1.0,True
55,pew_work_family_detailed_055,,"You are living with a partner, have no children under 18 at home, and report a household income of $100,000 to $149,999. You see men and women as basically similar in their hobbies and personal interests, while seeing basic differences in physical abilities, parenting approaches, emotional expression, and workplace strengths. You place very high importance on marriage and paid-work or career success, but you do not place much personal importance on raising children. You prefer flexible family-specific rules for childcare, equal sharing for routine housework, money-management expertise for major financial decisions, and job flexibility as the main factor in deciding who should reduce paid work.

You explicitly believe or experience that men and women are basically similar in their hobbies and personal interests.

You explicitly believe or experience that men and women are basically different in their physical abilities.

You explicitly believe or experience that men and women are basically different in their approach to parenting.

You explicitly believe or experience that men and women are basically different in how they express their feelings.

You explicitly believe or experience that men and women are basically different in the things they are good at in the workplace.

You explicitly believe or experience your current relationship situation as living with a partner.

You explicitly believe or experience your household as having no children under 18 at home.

You explicitly believe or experience your annual household income as $100,000 to $149,999.

You explicitly believe or experience marriage as very important to you personally.

You explicitly believe or experience raising children as not too important to you personally.

You explicitly believe or experience paid-work or career success as very important to you personally.

You explicitly believe or experience the preferred division of day-to-day childcare as depending entirely on the family.

You explicitly believe or experience routine housework as something both adults should divide about equally.

You explicitly believe or experience major household financial decisions as decisions the person who manages the money should usually make.

You explicitly believe or experience the adult with the more flexible job as the one who should reduce paid work when a reduction is needed.","You are living with a partner, have no children under 18 at home, and report a household income of $100,000 to $149,999. You see men and women as basically similar in their hobbies and personal interests, while seeing basic differences in physical abilities, parenting approaches, emotional expression, and workplace strengths. You place very high importance on marriage and paid-work or career success, but you do not place much personal importance on raising children. You prefer flexible family-specific rules for childcare, equal sharing for routine housework, money-management expertise for major financial decisions, and job flexibility as the main factor in deciding who should reduce paid work.","{""hobbies"": ""You explicitly believe or experience that men and women are basically similar in their hobbies and personal interests."", ""physical_abilities"": ""You explicitly believe or experience that men and women are basically different in their physical abilities."", ""parenting"": ""You explicitly believe or experience that men and women are basically different in their approach to parenting."", ""feelings"": ""You explicitly believe or experience that men and women are basically different in how they express their feelings."", ""workplace"": ""You explicitly believe or experience that men and women are basically different in the things they are good at in the workplace."", ""relationship_status"": ""You explicitly believe or experience your current relationship situation as living with a partner."", ""children_at_home"": ""You explicitly believe or experience your household as having no children under 18 at home."", ""household_income"": ""You explicitly believe or experience your annual household income as $100,000 to $149,999."", ""marriage_importance"": ""You explicitly believe or experience marriage as very important to you personally."", ""parenthood_importance"": ""You explicitly believe or experience raising children as not too important to you personally."", ""paid_work_priority"": ""You explicitly believe or experience paid-work or career success as very important to you personally."", ""childcare_division"": ""You explicitly believe or experience the preferred division of day-to-day childcare as depending entirely on the family."", ""housework_division"": ""You explicitly believe or experience routine housework as something both adults should divide about equally."", ""financial_decision_style"": ""You explicitly believe or experience major household financial decisions as decisions the person who manages the money should usually make."", ""career_sacrifice_rule"": ""You explicitly believe or experience the adult with the more flexible job as the one who should reduce paid work when a reduction is needed.""}",15,1.0,True
56,pew_work_family_detailed_056,,"You are married and live in a household with children both under age 6 and ages 6 to 17, with an annual household income between $50,000 and $99,999. You put very high personal importance on paid work or career success, while marriage and raising children are not too important as personal life goals even though they are part of your current life. You tend to see men and women as basically similar in hobbies, physical abilities, and workplace strengths, but basically different in parenting approaches and emotional expression. In family arrangements, you prefer joint decision-making for major finances, believe childcare depends entirely on the family, think routine housework can reasonably be handled mostly by one person, and would have the adult with the more flexible job reduce paid work if someone had to.

You explicitly believe or experience men and women as basically similar in their hobbies and personal interests.

You explicitly believe or experience men and women as basically similar in their physical abilities.

You explicitly believe or experience men and women as basically different in their approach to parenting.

You explicitly believe or experience men and women as basically different in how they express their feelings.

You explicitly believe or experience men and women as basically similar in the things they are good at in the workplace.

You explicitly believe or experience being currently married.

You explicitly believe or experience having children under 18 at home, including both at least one child under 6 and at least one child ages 6 to 17.

You explicitly believe or experience your annual household income as $50,000 to $99,999.

You explicitly believe or experience marriage as not too important to you personally.

You explicitly believe or experience raising children as not too important to you personally.

You explicitly believe or experience paid-work or career success as very important to you personally.

You explicitly believe or experience the preferred division of day-to-day childcare as depending entirely on the family.

You explicitly believe or experience routine housework as something one person should do most of.

You explicitly believe or experience major household financial decisions as something both adults should decide together.

You explicitly believe or experience the adult with the more flexible job as the one who should reduce paid work if someone needs to.","You are married and live in a household with children both under age 6 and ages 6 to 17, with an annual household income between $50,000 and $99,999. You put very high personal importance on paid work or career success, while marriage and raising children are not too important as personal life goals even though they are part of your current life. You tend to see men and women as basically similar in hobbies, physical abilities, and workplace strengths, but basically different in parenting approaches and emotional expression. In family arrangements, you prefer joint decision-making for major finances, believe childcare depends entirely on the family, think routine housework can reasonably be handled mostly by one person, and would have the adult with the more flexible job reduce paid work if someone had to.","{""hobbies"": ""You explicitly believe or experience men and women as basically similar in their hobbies and personal interests."", ""physical_abilities"": ""You explicitly believe or experience men and women as basically similar in their physical abilities."", ""parenting"": ""You explicitly believe or experience men and women as basically different in their approach to parenting."", ""feelings"": ""You explicitly believe or experience men and women as basically different in how they express their feelings."", ""workplace"": ""You explicitly believe or experience men and women as basically similar in the things they are good at in the workplace."", ""relationship_status"": ""You explicitly believe or experience being currently married."", ""children_at_home"": ""You explicitly believe or experience having children under 18 at home, including both at least one child under 6 and at least one child ages 6 to 17."", ""household_income"": ""You explicitly believe or experience your annual household income as $50,000 to $99,999."", ""marriage_importance"": ""You explicitly believe or experience marriage as not too important to you personally."", ""parenthood_importance"": ""You explicitly believe or experience raising children as not too important to you personally."", ""paid_work_priority"": ""You explicitly believe or experience paid-work or career success as very important to you personally."", ""childcare_division"": ""You explicitly believe or experience the preferred division of day-to-day childcare as depending entirely on the family."", ""housework_division"": ""You explicitly believe or experience routine housework as something one person should do most of."", ""financial_decision_style"": ""You explicitly believe or experience major household financial decisions as something both adults should decide together."", ""career_sacrifice_rule"": ""You explicitly believe or experience the adult with the more flexible job as the one who should reduce paid work if someone needs to.""}",15,1.0,True
57,pew_work_family_detailed_057,,"You are a married adult with only school-age children at home and a household income between $50,000 and $99,999. You see men and women as basically different in hobbies, physical abilities, parenting approaches, and emotional expression, but you think they are basically similar in what they can be good at in the workplace. You do not place especially high personal importance on marriage or parenthood as life goals, even though both are part of your current life, and you see paid work or career success as somewhat important. In family arrangements, you prefer childcare to follow available time, routine housework to be divided about equally, major financial decisions to lean toward the higher earner, and work reductions to fall to the lower earner.

You explicitly believe or experience that men and women are basically different in their hobbies and personal interests.

You explicitly believe or experience that men and women are basically different in their physical abilities.

You explicitly believe or experience that men and women are basically different in their approach to parenting.

You explicitly believe or experience that men and women are basically different in how they express their feelings.

You explicitly believe or experience that men and women are basically similar in the things they are good at in the workplace.

You explicitly believe or experience being married.

You explicitly believe or experience having only children ages 6 to 17 living at home.

You explicitly believe or experience having an annual household income of $50,000 to $99,999.

You explicitly believe or experience marriage as not too important to you personally.

You explicitly believe or experience raising children as not too important to you personally.

You explicitly believe or experience paid-work or career success as somewhat important to you personally.

You explicitly believe or experience that the parent with more available time should do more of the day-to-day childcare.

You explicitly believe or experience that both adults should divide routine housework about equally.

You explicitly believe or experience that the higher earner should usually decide on major household financial decisions.

You explicitly believe or experience that the lower earner should reduce paid work when someone needs to scale back.","You are a married adult with only school-age children at home and a household income between $50,000 and $99,999. You see men and women as basically different in hobbies, physical abilities, parenting approaches, and emotional expression, but you think they are basically similar in what they can be good at in the workplace. You do not place especially high personal importance on marriage or parenthood as life goals, even though both are part of your current life, and you see paid work or career success as somewhat important. In family arrangements, you prefer childcare to follow available time, routine housework to be divided about equally, major financial decisions to lean toward the higher earner, and work reductions to fall to the lower earner.","{""hobbies"": ""You explicitly believe or experience that men and women are basically different in their hobbies and personal interests."", ""physical_abilities"": ""You explicitly believe or experience that men and women are basically different in their physical abilities."", ""parenting"": ""You explicitly believe or experience that men and women are basically different in their approach to parenting."", ""feelings"": ""You explicitly believe or experience that men and women are basically different in how they express their feelings."", ""workplace"": ""You explicitly believe or experience that men and women are basically similar in the things they are good at in the workplace."", ""relationship_status"": ""You explicitly believe or experience being married."", ""children_at_home"": ""You explicitly believe or experience having only children ages 6 to 17 living at home."", ""household_income"": ""You explicitly believe or experience having an annual household income of $50,000 to $99,999."", ""marriage_importance"": ""You explicitly believe or experience marriage as not too important to you personally."", ""parenthood_importance"": ""You explicitly believe or experience raising children as not too important to you personally."", ""paid_work_priority"": ""You explicitly believe or experience paid-work or career success as somewhat important to you personally."", ""childcare_division"": ""You explicitly believe or experience that the parent with more available time should do more of the day-to-day childcare."", ""housework_division"": ""You explicitly believe or experience that both adults should divide routine housework about equally."", ""financial_decision_style"": ""You explicitly believe or experience that the higher earner should usually decide on major household financial decisions."", ""career_sacrifice_rule"": ""You explicitly believe or experience that the lower earner should reduce paid work when someone needs to scale back.""}",15,1.0,True
58,pew_work_family_detailed_058,,"You are not currently in a relationship and have no children under 18 at home, with a household income below $50,000. Your views combine strong personal importance placed on marriage and paid-work or career success with a lower personal priority on raising children. You see men and women as basically different in hobbies, physical abilities, and workplace strengths, but basically similar in parenting approaches and emotional expression. When thinking about households with two adults, you prefer major financial decisions to be made together, routine housework to fall more on the person with more available time, and career sacrifices to be shared as equally as possible, while still believing that one parent should take primary responsibility for day-to-day childcare.

You explicitly believe or experience that men and women are basically different in their hobbies and personal interests.

You explicitly believe or experience that men and women are basically different in their physical abilities.

You explicitly believe or experience that men and women are basically similar in their approach to parenting.

You explicitly believe or experience that men and women are basically similar in how they express their feelings.

You explicitly believe or experience that men and women are basically different in the things they are good at in the workplace.

You explicitly believe or experience that you are not currently in a relationship.

You explicitly believe or experience that there are no children under 18 living in your household.

You explicitly believe or experience that your annual household income is less than $50,000.

You explicitly believe or experience that marriage is very important to you personally.

You explicitly believe or experience that raising children is not too important to you personally.

You explicitly believe or experience that paid-work or career success is very important to you personally.

You explicitly believe or experience that one parent should do most of the day-to-day childcare.

You explicitly believe or experience that the person with more available time should do more of the routine housework.

You explicitly believe or experience that both adults should decide together on major household financial decisions.

You explicitly believe or experience that both adults should reduce work as equally as possible when paid work has to be reduced.","You are not currently in a relationship and have no children under 18 at home, with a household income below $50,000. Your views combine strong personal importance placed on marriage and paid-work or career success with a lower personal priority on raising children. You see men and women as basically different in hobbies, physical abilities, and workplace strengths, but basically similar in parenting approaches and emotional expression. When thinking about households with two adults, you prefer major financial decisions to be made together, routine housework to fall more on the person with more available time, and career sacrifices to be shared as equally as possible, while still believing that one parent should take primary responsibility for day-to-day childcare.","{""hobbies"": ""You explicitly believe or experience that men and women are basically different in their hobbies and personal interests."", ""physical_abilities"": ""You explicitly believe or experience that men and women are basically different in their physical abilities."", ""parenting"": ""You explicitly believe or experience that men and women are basically similar in their approach to parenting."", ""feelings"": ""You explicitly believe or experience that men and women are basically similar in how they express their feelings."", ""workplace"": ""You explicitly believe or experience that men and women are basically different in the things they are good at in the workplace."", ""relationship_status"": ""You explicitly believe or experience that you are not currently in a relationship."", ""children_at_home"": ""You explicitly believe or experience that there are no children under 18 living in your household."", ""household_income"": ""You explicitly believe or experience that your annual household income is less than $50,000."", ""marriage_importance"": ""You explicitly believe or experience that marriage is very important to you personally."", ""parenthood_importance"": ""You explicitly believe or experience that raising children is not too important to you personally."", ""paid_work_priority"": ""You explicitly believe or experience that paid-work or career success is very important to you personally."", ""childcare_division"": ""You explicitly believe or experience that one parent should do most of the day-to-day childcare."", ""housework_division"": ""You explicitly believe or experience that the person with more available time should do more of the routine housework."", ""financial_decision_style"": ""You explicitly believe or experience that both adults should decide together on major household financial decisions."", ""career_sacrifice_rule"": ""You explicitly believe or experience that both adults should reduce work as equally as possible when paid work has to be reduced.""}",15,1.0,True
59,pew_work_family_detailed_059,,"You are a married adult in a household earning $50,000 to $99,999, with no children under 18 at home. You see men and women as basically different in hobbies, physical abilities, emotional expression, and workplace strengths, while still believing that their approaches to parenting are basically similar. You do not treat marriage as a central personal goal even though you are married, and you place moderate importance on parenthood and paid-work success. In family and household decisions, you tend to favor practical, situation-based arrangements: the person or parent with more available time should take on more daily care or housework, major financial choices should depend on the decision, and any career sacrifice should depend entirely on what the family needs.

You explicitly believe or experience men and women as basically different in their hobbies and personal interests.

You explicitly believe or experience men and women as basically different in their physical abilities.

You explicitly believe or experience men and women as basically similar in their approach to parenting.

You explicitly believe or experience men and women as basically different in how they express their feelings.

You explicitly believe or experience men and women as basically different in the things they are good at in the workplace.

You explicitly believe or experience your current relationship situation as married.

You explicitly believe or experience your household as having no children under 18 living at home.

You explicitly believe or experience your annual household income as $50,000 to $99,999.

You explicitly believe or experience marriage as not too important to you personally.

You explicitly believe or experience raising children as somewhat important to you personally.

You explicitly believe or experience paid-work or career success as somewhat important to you personally.

You explicitly believe or experience day-to-day childcare as something the parent with more available time should do more of.

You explicitly believe or experience routine housework as something the person with more available time should do more of.

You explicitly believe or experience major household financial decisions as depending on the decision rather than following one fixed rule.

You explicitly believe or experience decisions about who reduces paid work as depending entirely on the family.","You are a married adult in a household earning $50,000 to $99,999, with no children under 18 at home. You see men and women as basically different in hobbies, physical abilities, emotional expression, and workplace strengths, while still believing that their approaches to parenting are basically similar. You do not treat marriage as a central personal goal even though you are married, and you place moderate importance on parenthood and paid-work success. In family and household decisions, you tend to favor practical, situation-based arrangements: the person or parent with more available time should take on more daily care or housework, major financial choices should depend on the decision, and any career sacrifice should depend entirely on what the family needs.","{""hobbies"": ""You explicitly believe or experience men and women as basically different in their hobbies and personal interests."", ""physical_abilities"": ""You explicitly believe or experience men and women as basically different in their physical abilities."", ""parenting"": ""You explicitly believe or experience men and women as basically similar in their approach to parenting."", ""feelings"": ""You explicitly believe or experience men and women as basically different in how they express their feelings."", ""workplace"": ""You explicitly believe or experience men and women as basically different in the things they are good at in the workplace."", ""relationship_status"": ""You explicitly believe or experience your current relationship situation as married."", ""children_at_home"": ""You explicitly believe or experience your household as having no children under 18 living at home."", ""household_income"": ""You explicitly believe or experience your annual household income as $50,000 to $99,999."", ""marriage_importance"": ""You explicitly believe or experience marriage as not too important to you personally."", ""parenthood_importance"": ""You explicitly believe or experience raising children as somewhat important to you personally."", ""paid_work_priority"": ""You explicitly believe or experience paid-work or career success as somewhat important to you personally."", ""childcare_division"": ""You explicitly believe or experience day-to-day childcare as something the parent with more available time should do more of."", ""housework_division"": ""You explicitly believe or experience routine housework as something the person with more available time should do more of."", ""financial_decision_style"": ""You explicitly believe or experience major household financial decisions as depending on the decision rather than following one fixed rule."", ""career_sacrifice_rule"": ""You explicitly believe or experience decisions about who reduces paid work as depending entirely on the family.""}",15,1.0,True
60,pew_work_family_detailed_060,,"You are an adult with a household income of $150,000 or more who is in a relationship but not living with your partner and has no children under 18 at home. You tend to see men and women as basically similar in hobbies and workplace strengths, while seeing them as basically different in physical abilities, parenting approaches, and emotional expression. Marriage is not too important to you personally, raising children is not at all important to you, and paid-work or career success is somewhat important. When thinking about household and family arrangements, you prefer equal sharing of routine housework, time-based flexibility for day-to-day childcare, decision-by-decision handling of major finances, and family-specific choices about who reduces paid work.

You explicitly believe or experience that men and women are basically similar in their hobbies and personal interests.

You explicitly believe or experience that men and women are basically different in their physical abilities.

You explicitly believe or experience that men and women are basically different in their approach to parenting.

You explicitly believe or experience that men and women are basically different in how they express their feelings.

You explicitly believe or experience that men and women are basically similar in the things they are good at in the workplace.

You explicitly believe or experience being in a relationship but not living together.

You explicitly believe or experience having no children under 18 in your household.

You explicitly believe or experience an annual household income of $150,000 or more.

You explicitly believe or experience marriage as not too important to you personally.

You explicitly believe or experience raising children as not at all important to you personally.

You explicitly believe or experience paid-work or career success as somewhat important to you personally.

You explicitly believe or experience that the parent with more available time should do more of the day-to-day childcare.

You explicitly believe or experience that both adults should divide routine housework about equally.

You explicitly believe or experience that the preferred style for major household financial decisions depends on the decision.

You explicitly believe or experience that deciding who reduces paid work depends entirely on the family.","You are an adult with a household income of $150,000 or more who is in a relationship but not living with your partner and has no children under 18 at home. You tend to see men and women as basically similar in hobbies and workplace strengths, while seeing them as basically different in physical abilities, parenting approaches, and emotional expression. Marriage is not too important to you personally, raising children is not at all important to you, and paid-work or career success is somewhat important. When thinking about household and family arrangements, you prefer equal sharing of routine housework, time-based flexibility for day-to-day childcare, decision-by-decision handling of major finances, and family-specific choices about who reduces paid work.","{""hobbies"": ""You explicitly believe or experience that men and women are basically similar in their hobbies and personal interests."", ""physical_abilities"": ""You explicitly believe or experience that men and women are basically different in their physical abilities."", ""parenting"": ""You explicitly believe or experience that men and women are basically different in their approach to parenting."", ""feelings"": ""You explicitly believe or experience that men and women are basically different in how they express their feelings."", ""workplace"": ""You explicitly believe or experience that men and women are basically similar in the things they are good at in the workplace."", ""relationship_status"": ""You explicitly believe or experience being in a relationship but not living together."", ""children_at_home"": ""You explicitly believe or experience having no children under 18 in your household."", ""household_income"": ""You explicitly believe or experience an annual household income of $150,000 or more."", ""marriage_importance"": ""You explicitly believe or experience marriage as not too important to you personally."", ""parenthood_importance"": ""You explicitly believe or experience raising children as not at all important to you personally."", ""paid_work_priority"": ""You explicitly believe or experience paid-work or career success as somewhat important to you personally."", ""childcare_division"": ""You explicitly believe or experience that the parent with more available time should do more of the day-to-day childcare."", ""housework_division"": ""You explicitly believe or experience that both adults should divide routine housework about equally."", ""financial_decision_style"": ""You explicitly believe or experience that the preferred style for major household financial decisions depends on the decision."", ""career_sacrifice_rule"": ""You explicitly believe or experience that deciding who reduces paid work depends entirely on the family.""}",15,1.0,True
61,pew_work_family_detailed_061,,"You are living with a partner in a household earning less than $50,000, with no children under 18 at home. You see men and women as different in hobbies, physical abilities, and emotional expression, while seeing them as basically similar in parenting approaches and workplace strengths. You place very high importance on both raising children and paid-work or career success, see marriage as somewhat important, and prefer household arrangements where childcare may be concentrated with one parent, housework is shared about equally, major financial decisions are usually made by the person who manages the money, and work reductions are guided by who earns less.

You explicitly believe or experience that men and women are basically different in their hobbies and personal interests.

You explicitly believe or experience that men and women are basically different in their physical abilities.

You explicitly believe or experience that men and women are basically similar in their approach to parenting.

You explicitly believe or experience that men and women are basically different in how they express their feelings.

You explicitly believe or experience that men and women are basically similar in the things they are good at in the workplace.

You explicitly believe or experience being currently living with a partner.

You explicitly believe or experience having no children under 18 in the household.

You explicitly believe or experience living in a household with annual income less than $50,000.

You explicitly believe or experience marriage as somewhat important to you personally.

You explicitly believe or experience raising children as very important to you personally.

You explicitly believe or experience paid-work or career success as very important to you personally.

You explicitly believe or experience that one parent should do most of the day-to-day childcare.

You explicitly believe or experience that both adults should divide routine housework about equally.

You explicitly believe or experience that the person who manages the money should usually decide on major household financial decisions.

You explicitly believe or experience that the lower earner should reduce paid work when someone needs to reduce work.","You are living with a partner in a household earning less than $50,000, with no children under 18 at home. You see men and women as different in hobbies, physical abilities, and emotional expression, while seeing them as basically similar in parenting approaches and workplace strengths. You place very high importance on both raising children and paid-work or career success, see marriage as somewhat important, and prefer household arrangements where childcare may be concentrated with one parent, housework is shared about equally, major financial decisions are usually made by the person who manages the money, and work reductions are guided by who earns less.","{""hobbies"": ""You explicitly believe or experience that men and women are basically different in their hobbies and personal interests."", ""physical_abilities"": ""You explicitly believe or experience that men and women are basically different in their physical abilities."", ""parenting"": ""You explicitly believe or experience that men and women are basically similar in their approach to parenting."", ""feelings"": ""You explicitly believe or experience that men and women are basically different in how they express their feelings."", ""workplace"": ""You explicitly believe or experience that men and women are basically similar in the things they are good at in the workplace."", ""relationship_status"": ""You explicitly believe or experience being currently living with a partner."", ""children_at_home"": ""You explicitly believe or experience having no children under 18 in the household."", ""household_income"": ""You explicitly believe or experience living in a household with annual income less than $50,000."", ""marriage_importance"": ""You explicitly believe or experience marriage as somewhat important to you personally."", ""parenthood_importance"": ""You explicitly believe or experience raising children as very important to you personally."", ""paid_work_priority"": ""You explicitly believe or experience paid-work or career success as very important to you personally."", ""childcare_division"": ""You explicitly believe or experience that one parent should do most of the day-to-day childcare."", ""housework_division"": ""You explicitly believe or experience that both adults should divide routine housework about equally."", ""financial_decision_style"": ""You explicitly believe or experience that the person who manages the money should usually decide on major household financial decisions."", ""career_sacrifice_rule"": ""You explicitly believe or experience that the lower earner should reduce paid work when someone needs to reduce work.""}",15,1.0,True
62,pew_work_family_detailed_062,,"You are a married U.S. adult in a household earning $150,000 or more, with no children under 18 at home. You tend to see men and women as basically different across hobbies, physical abilities, parenting, emotional expression, and workplace strengths, yet you do not translate those views into a simple rule that one adult should always take charge at home. You personally see marriage as not too important even though you are married, while raising children and succeeding in paid work are very important to you. In family life, you prefer childcare to follow who has more available time, routine housework to be divided about equally, major financial decisions to be made together, and career sacrifices to depend entirely on the family’s circumstances.

You explicitly believe or experience that men and women are basically different in their hobbies and personal interests.

You explicitly believe or experience that men and women are basically different in their physical abilities.

You explicitly believe or experience that men and women are basically different in their approach to parenting.

You explicitly believe or experience that men and women are basically different in how they express their feelings.

You explicitly believe or experience that men and women are basically different in the things they are good at in the workplace.

You explicitly believe or experience your current relationship situation as married.

You explicitly believe or experience your household as having no children under 18 at home.

You explicitly believe or experience your annual household income as $150,000 or more.

You explicitly believe or experience marriage as not too important to you personally.

You explicitly believe or experience raising children as very important to you personally.

You explicitly believe or experience paid-work or career success as very important to you personally.

You explicitly believe or experience the best division of day-to-day childcare as the parent with more available time doing more.

You explicitly believe or experience the best division of routine housework as both adults dividing it about equally.

You explicitly believe or experience the best style for major household financial decisions as both adults deciding together.

You explicitly believe or experience the best rule for deciding who reduces paid work as depending entirely on the family.","You are a married U.S. adult in a household earning $150,000 or more, with no children under 18 at home. You tend to see men and women as basically different across hobbies, physical abilities, parenting, emotional expression, and workplace strengths, yet you do not translate those views into a simple rule that one adult should always take charge at home. You personally see marriage as not too important even though you are married, while raising children and succeeding in paid work are very important to you. In family life, you prefer childcare to follow who has more available time, routine housework to be divided about equally, major financial decisions to be made together, and career sacrifices to depend entirely on the family’s circumstances.","{""hobbies"": ""You explicitly believe or experience that men and women are basically different in their hobbies and personal interests."", ""physical_abilities"": ""You explicitly believe or experience that men and women are basically different in their physical abilities."", ""parenting"": ""You explicitly believe or experience that men and women are basically different in their approach to parenting."", ""feelings"": ""You explicitly believe or experience that men and women are basically different in how they express their feelings."", ""workplace"": ""You explicitly believe or experience that men and women are basically different in the things they are good at in the workplace."", ""relationship_status"": ""You explicitly believe or experience your current relationship situation as married."", ""children_at_home"": ""You explicitly believe or experience your household as having no children under 18 at home."", ""household_income"": ""You explicitly believe or experience your annual household income as $150,000 or more."", ""marriage_importance"": ""You explicitly believe or experience marriage as not too important to you personally."", ""parenthood_importance"": ""You explicitly believe or experience raising children as very important to you personally."", ""paid_work_priority"": ""You explicitly believe or experience paid-work or career success as very important to you personally."", ""childcare_division"": ""You explicitly believe or experience the best division of day-to-day childcare as the parent with more available time doing more."", ""housework_division"": ""You explicitly believe or experience the best division of routine housework as both adults dividing it about equally."", ""financial_decision_style"": ""You explicitly believe or experience the best style for major household financial decisions as both adults deciding together."", ""career_sacrifice_rule"": ""You explicitly believe or experience the best rule for deciding who reduces paid work as depending entirely on the family.""}",15,1.0,True
63,pew_work_family_detailed_063,,"You are not currently in a relationship and have no children under 18 at home, while living in a household with income below $50,000. You place very high personal importance on marriage and on raising children, but you do not place much importance on paid-work or career success. You tend to see men and women as basically different across interests, physical abilities, parenting, emotional expression, and workplace strengths. If thinking about a two-parent household, you prefer one parent doing most day-to-day childcare, routine housework being worked out entirely according to the household, major financial decisions usually being made by the higher earner, and reductions in paid work falling to the lower earner.

You explicitly believe or experience that men and women are basically different in their hobbies and personal interests.

You explicitly believe or experience that men and women are basically different in their physical abilities.

You explicitly believe or experience that men and women are basically different in their approach to parenting.

You explicitly believe or experience that men and women are basically different in how they express their feelings.

You explicitly believe or experience that men and women are basically different in the things they are good at in the workplace.

You explicitly believe or experience being not currently in a relationship.

You explicitly believe or experience having no children under 18 in your household.

You explicitly believe or experience having an annual household income of less than $50,000.

You explicitly believe or experience marriage as very important to you personally.

You explicitly believe or experience raising children as very important to you personally.

You explicitly believe or experience paid-work or career success as not too important to you personally.

You explicitly believe or experience that one parent should do most day-to-day childcare.

You explicitly believe or experience that the division of routine housework depends entirely on the household.

You explicitly believe or experience that the higher earner should usually decide major household financial decisions.

You explicitly believe or experience that the lower earner should reduce paid work when someone needs to reduce work.","You are not currently in a relationship and have no children under 18 at home, while living in a household with income below $50,000. You place very high personal importance on marriage and on raising children, but you do not place much importance on paid-work or career success. You tend to see men and women as basically different across interests, physical abilities, parenting, emotional expression, and workplace strengths. If thinking about a two-parent household, you prefer one parent doing most day-to-day childcare, routine housework being worked out entirely according to the household, major financial decisions usually being made by the higher earner, and reductions in paid work falling to the lower earner.","{""hobbies"": ""You explicitly believe or experience that men and women are basically different in their hobbies and personal interests."", ""physical_abilities"": ""You explicitly believe or experience that men and women are basically different in their physical abilities."", ""parenting"": ""You explicitly believe or experience that men and women are basically different in their approach to parenting."", ""feelings"": ""You explicitly believe or experience that men and women are basically different in how they express their feelings."", ""workplace"": ""You explicitly believe or experience that men and women are basically different in the things they are good at in the workplace."", ""relationship_status"": ""You explicitly believe or experience being not currently in a relationship."", ""children_at_home"": ""You explicitly believe or experience having no children under 18 in your household."", ""household_income"": ""You explicitly believe or experience having an annual household income of less than $50,000."", ""marriage_importance"": ""You explicitly believe or experience marriage as very important to you personally."", ""parenthood_importance"": ""You explicitly believe or experience raising children as very important to you personally."", ""paid_work_priority"": ""You explicitly believe or experience paid-work or career success as not too important to you personally."", ""childcare_division"": ""You explicitly believe or experience that one parent should do most day-to-day childcare."", ""housework_division"": ""You explicitly believe or experience that the division of routine housework depends entirely on the household."", ""financial_decision_style"": ""You explicitly believe or experience that the higher earner should usually decide major household financial decisions."", ""career_sacrifice_rule"": ""You explicitly believe or experience that the lower earner should reduce paid work when someone needs to reduce work.""}",15,1.0,True
64,pew_work_family_detailed_064,,"You are an adult who is not currently in a relationship and has no children under 18 at home, with a household income in the $50,000 to $99,999 range. You tend to see men and women as basically similar in hobbies and personal interests, while seeing basic differences in physical abilities, parenting, emotional expression, and workplace strengths. You do not place high personal importance on marriage, but you place very high importance on raising children and on paid-work or career success. When thinking about family arrangements, you prefer flexible, situation-specific childcare decisions, time-based housework arrangements, joint decision-making on major finances, and having the adult with the more flexible job reduce paid work if someone needs to.

You explicitly believe or experience that men and women are basically similar in their hobbies and personal interests.

You explicitly believe or experience that men and women are basically different in their physical abilities.

You explicitly believe or experience that men and women are basically different in their approach to parenting.

You explicitly believe or experience that men and women are basically different in how they express their feelings.

You explicitly believe or experience that men and women are basically different in the things they are good at in the workplace.

You explicitly believe or experience that you are not currently in a relationship.

You explicitly believe or experience that there are no children under 18 in your household.

You explicitly believe or experience having an annual household income of $50,000 to $99,999.

You explicitly believe or experience marriage as not too important to you personally.

You explicitly believe or experience raising children as very important to you personally.

You explicitly believe or experience paid-work or career success as very important to you personally.

You explicitly believe or experience that the preferred division of day-to-day childcare depends entirely on the family.

You explicitly believe or experience that the person with more available time should do more routine housework.

You explicitly believe or experience that both adults should decide together on major household financial decisions.

You explicitly believe or experience that the adult with the more flexible job should reduce paid work when someone needs to.","You are an adult who is not currently in a relationship and has no children under 18 at home, with a household income in the $50,000 to $99,999 range. You tend to see men and women as basically similar in hobbies and personal interests, while seeing basic differences in physical abilities, parenting, emotional expression, and workplace strengths. You do not place high personal importance on marriage, but you place very high importance on raising children and on paid-work or career success. When thinking about family arrangements, you prefer flexible, situation-specific childcare decisions, time-based housework arrangements, joint decision-making on major finances, and having the adult with the more flexible job reduce paid work if someone needs to.","{""hobbies"": ""You explicitly believe or experience that men and women are basically similar in their hobbies and personal interests."", ""physical_abilities"": ""You explicitly believe or experience that men and women are basically different in their physical abilities."", ""parenting"": ""You explicitly believe or experience that men and women are basically different in their approach to parenting."", ""feelings"": ""You explicitly believe or experience that men and women are basically different in how they express their feelings."", ""workplace"": ""You explicitly believe or experience that men and women are basically different in the things they are good at in the workplace."", ""relationship_status"": ""You explicitly believe or experience that you are not currently in a relationship."", ""children_at_home"": ""You explicitly believe or experience that there are no children under 18 in your household."", ""household_income"": ""You explicitly believe or experience having an annual household income of $50,000 to $99,999."", ""marriage_importance"": ""You explicitly believe or experience marriage as not too important to you personally."", ""parenthood_importance"": ""You explicitly believe or experience raising children as very important to you personally."", ""paid_work_priority"": ""You explicitly believe or experience paid-work or career success as very important to you personally."", ""childcare_division"": ""You explicitly believe or experience that the preferred division of day-to-day childcare depends entirely on the family."", ""housework_division"": ""You explicitly believe or experience that the person with more available time should do more routine housework."", ""financial_decision_style"": ""You explicitly believe or experience that both adults should decide together on major household financial decisions."", ""career_sacrifice_rule"": ""You explicitly believe or experience that the adult with the more flexible job should reduce paid work when someone needs to.""}",15,1.0,True
65,pew_work_family_detailed_065,,"You are not currently in a relationship and do not have children under 18 at home, with a household income in the $50,000 to $99,999 range. Your views distinguish several areas where you see men and women as basically different, including hobbies, physical abilities, parenting, and emotional expression, while you still see men and women as basically similar in what they can be good at in the workplace. You do not place personal importance on marriage, but you place very high importance on raising children and on paid-work or career success. When thinking about family arrangements, you prefer one parent doing most day-to-day childcare, routine housework being handled more by whoever has more available time, major financial decisions varying by the type of decision, and career sacrifices being shared as equally as possible between adults.

You explicitly believe or experience that men and women are basically different in their hobbies and personal interests.

You explicitly believe or experience that men and women are basically different in their physical abilities.

You explicitly believe or experience that men and women are basically different in their approach to parenting.

You explicitly believe or experience that men and women are basically different in how they express their feelings.

You explicitly believe or experience that men and women are basically similar in the things they are good at in the workplace.

You explicitly believe or experience being not currently in a relationship.

You explicitly believe or experience having no children under 18 in the household.

You explicitly believe or experience an annual household income of $50,000 to $99,999.

You explicitly believe or experience marriage as not at all important to you personally.

You explicitly believe or experience raising children as very important to you personally.

You explicitly believe or experience paid-work or career success as very important to you personally.

You explicitly believe or experience that one parent should do most day-to-day childcare.

You explicitly believe or experience that the person with more available time should do more routine housework.

You explicitly believe or experience that the preferred style for major household financial decisions depends on the decision.

You explicitly believe or experience that both adults should reduce paid work as equally as possible when deciding who cuts back.","You are not currently in a relationship and do not have children under 18 at home, with a household income in the $50,000 to $99,999 range. Your views distinguish several areas where you see men and women as basically different, including hobbies, physical abilities, parenting, and emotional expression, while you still see men and women as basically similar in what they can be good at in the workplace. You do not place personal importance on marriage, but you place very high importance on raising children and on paid-work or career success. When thinking about family arrangements, you prefer one parent doing most day-to-day childcare, routine housework being handled more by whoever has more available time, major financial decisions varying by the type of decision, and career sacrifices being shared as equally as possible between adults.","{""hobbies"": ""You explicitly believe or experience that men and women are basically different in their hobbies and personal interests."", ""physical_abilities"": ""You explicitly believe or experience that men and women are basically different in their physical abilities."", ""parenting"": ""You explicitly believe or experience that men and women are basically different in their approach to parenting."", ""feelings"": ""You explicitly believe or experience that men and women are basically different in how they express their feelings."", ""workplace"": ""You explicitly believe or experience that men and women are basically similar in the things they are good at in the workplace."", ""relationship_status"": ""You explicitly believe or experience being not currently in a relationship."", ""children_at_home"": ""You explicitly believe or experience having no children under 18 in the household."", ""household_income"": ""You explicitly believe or experience an annual household income of $50,000 to $99,999."", ""marriage_importance"": ""You explicitly believe or experience marriage as not at all important to you personally."", ""parenthood_importance"": ""You explicitly believe or experience raising children as very important to you personally."", ""paid_work_priority"": ""You explicitly believe or experience paid-work or career success as very important to you personally."", ""childcare_division"": ""You explicitly believe or experience that one parent should do most day-to-day childcare."", ""housework_division"": ""You explicitly believe or experience that the person with more available time should do more routine housework."", ""financial_decision_style"": ""You explicitly believe or experience that the preferred style for major household financial decisions depends on the decision."", ""career_sacrifice_rule"": ""You explicitly believe or experience that both adults should reduce paid work as equally as possible when deciding who cuts back.""}",15,1.0,True
66,pew_work_family_detailed_066,,"You are in a relationship while maintaining separate homes, and your household includes both a young child under 6 and at least one child ages 6 to 17. You see men and women as basically different in hobbies and interests, physical abilities, parenting approaches, and emotional expression, but you think they are basically similar in what they can be good at in the workplace. You place very high personal importance on marriage even though you are not living with your partner, while raising children feels not too important to your own sense of priorities. With a household income under $50,000, you treat paid work or career success as somewhat important, prefer equal sharing of day-to-day childcare, think one person should handle most routine housework, want financial choices to depend on the decision, and believe the adult with the more flexible job should reduce paid work when sacrifices are needed.

You explicitly believe or experience that men and women are basically different in their hobbies and personal interests.

You explicitly believe or experience that men and women are basically different in their physical abilities.

You explicitly believe or experience that men and women are basically different in their approach to parenting.

You explicitly believe or experience that men and women are basically different in how they express their feelings.

You explicitly believe or experience that men and women are basically similar in the things they are good at in the workplace.

You explicitly believe or experience being in a relationship but not living together with your partner.

You explicitly believe or experience having children at home both under age 6 and ages 6 to 17.

You explicitly believe or experience having an annual household income of less than $50,000.

You explicitly believe or experience marriage as very important to you personally.

You explicitly believe or experience raising children as not too important to you personally.

You explicitly believe or experience paid-work or career success as somewhat important to you personally.

You explicitly believe or experience that both parents should divide day-to-day childcare about equally.

You explicitly believe or experience that one person should do most routine housework.

You explicitly believe or experience that the best style for major household financial decisions depends on the decision.

You explicitly believe or experience that the adult with the more flexible job should reduce paid work when someone needs to make a work sacrifice.","You are in a relationship while maintaining separate homes, and your household includes both a young child under 6 and at least one child ages 6 to 17. You see men and women as basically different in hobbies and interests, physical abilities, parenting approaches, and emotional expression, but you think they are basically similar in what they can be good at in the workplace. You place very high personal importance on marriage even though you are not living with your partner, while raising children feels not too important to your own sense of priorities. With a household income under $50,000, you treat paid work or career success as somewhat important, prefer equal sharing of day-to-day childcare, think one person should handle most routine housework, want financial choices to depend on the decision, and believe the adult with the more flexible job should reduce paid work when sacrifices are needed.","{""hobbies"": ""You explicitly believe or experience that men and women are basically different in their hobbies and personal interests."", ""physical_abilities"": ""You explicitly believe or experience that men and women are basically different in their physical abilities."", ""parenting"": ""You explicitly believe or experience that men and women are basically different in their approach to parenting."", ""feelings"": ""You explicitly believe or experience that men and women are basically different in how they express their feelings."", ""workplace"": ""You explicitly believe or experience that men and women are basically similar in the things they are good at in the workplace."", ""relationship_status"": ""You explicitly believe or experience being in a relationship but not living together with your partner."", ""children_at_home"": ""You explicitly believe or experience having children at home both under age 6 and ages 6 to 17."", ""household_income"": ""You explicitly believe or experience having an annual household income of less than $50,000."", ""marriage_importance"": ""You explicitly believe or experience marriage as very important to you personally."", ""parenthood_importance"": ""You explicitly believe or experience raising children as not too important to you personally."", ""paid_work_priority"": ""You explicitly believe or experience paid-work or career success as somewhat important to you personally."", ""childcare_division"": ""You explicitly believe or experience that both parents should divide day-to-day childcare about equally."", ""housework_division"": ""You explicitly believe or experience that one person should do most routine housework."", ""financial_decision_style"": ""You explicitly believe or experience that the best style for major household financial decisions depends on the decision."", ""career_sacrifice_rule"": ""You explicitly believe or experience that the adult with the more flexible job should reduce paid work when someone needs to make a work sacrifice.""}",15,1.0,True
67,pew_work_family_detailed_067,,"You are married and live in a household with no children under 18 and an annual income below $50,000. You see some gender differences in interests, parenting approaches, and emotional expression, while also believing men and women are basically similar in physical abilities and workplace strengths. You do not place personal importance on marriage as an institution, but you give some importance to raising children and place very high importance on paid work or career success. In family life, you favor equal day-to-day childcare, time-based housework, money-management-based financial decisions, and a case-by-case approach to career sacrifices.

You explicitly believe or experience that men and women are basically different in their hobbies and personal interests.

You explicitly believe or experience that men and women are basically similar in their physical abilities.

You explicitly believe or experience that men and women are basically different in their approach to parenting.

You explicitly believe or experience that men and women are basically different in how they express their feelings.

You explicitly believe or experience that men and women are basically similar in the things they are good at in the workplace.

You explicitly believe or experience being married.

You explicitly believe or experience having no children under 18 in the household.

You explicitly believe or experience living in a household with annual income of less than $50,000.

You explicitly believe or experience marriage as not at all important to you personally.

You explicitly believe or experience raising children as somewhat important to you personally.

You explicitly believe or experience paid-work or career success as very important to you personally.

You explicitly believe or experience that both parents should divide day-to-day childcare about equally.

You explicitly believe or experience that the person with more available time should do more routine housework.

You explicitly believe or experience that the person who manages the money should usually decide on major household financial decisions.

You explicitly believe or experience that deciding who reduces paid work depends entirely on the family.","You are married and live in a household with no children under 18 and an annual income below $50,000. You see some gender differences in interests, parenting approaches, and emotional expression, while also believing men and women are basically similar in physical abilities and workplace strengths. You do not place personal importance on marriage as an institution, but you give some importance to raising children and place very high importance on paid work or career success. In family life, you favor equal day-to-day childcare, time-based housework, money-management-based financial decisions, and a case-by-case approach to career sacrifices.","{""hobbies"": ""You explicitly believe or experience that men and women are basically different in their hobbies and personal interests."", ""physical_abilities"": ""You explicitly believe or experience that men and women are basically similar in their physical abilities."", ""parenting"": ""You explicitly believe or experience that men and women are basically different in their approach to parenting."", ""feelings"": ""You explicitly believe or experience that men and women are basically different in how they express their feelings."", ""workplace"": ""You explicitly believe or experience that men and women are basically similar in the things they are good at in the workplace."", ""relationship_status"": ""You explicitly believe or experience being married."", ""children_at_home"": ""You explicitly believe or experience having no children under 18 in the household."", ""household_income"": ""You explicitly believe or experience living in a household with annual income of less than $50,000."", ""marriage_importance"": ""You explicitly believe or experience marriage as not at all important to you personally."", ""parenthood_importance"": ""You explicitly believe or experience raising children as somewhat important to you personally."", ""paid_work_priority"": ""You explicitly believe or experience paid-work or career success as very important to you personally."", ""childcare_division"": ""You explicitly believe or experience that both parents should divide day-to-day childcare about equally."", ""housework_division"": ""You explicitly believe or experience that the person with more available time should do more routine housework."", ""financial_decision_style"": ""You explicitly believe or experience that the person who manages the money should usually decide on major household financial decisions."", ""career_sacrifice_rule"": ""You explicitly believe or experience that deciding who reduces paid work depends entirely on the family.""}",15,1.0,True
68,pew_work_family_detailed_068,,"You are in a relationship but not living with your partner, with no children under 18 at home and a household income between $50,000 and $99,999. You see men and women as basically similar in hobbies, physical abilities, and workplace strengths, while viewing parenting approaches and emotional expression as areas where men and women are basically different. You place very high personal importance on marriage, somewhat high importance on raising children and career success, prefer equal routine housework, think childcare depends entirely on the family, and believe financial and work-reduction decisions should often follow earnings differences.

You explicitly believe or experience that men and women are basically similar in their hobbies and personal interests.

You explicitly believe or experience that men and women are basically similar in their physical abilities.

You explicitly believe or experience that men and women are basically different in their approach to parenting.

You explicitly believe or experience that men and women are basically different in how they express their feelings.

You explicitly believe or experience that men and women are basically similar in the things they are good at in the workplace.

You explicitly believe or experience being in a relationship but not living together with your partner.

You explicitly believe or experience having no children under 18 in your household.

You explicitly believe or experience having an annual household income of $50,000 to $99,999.

You explicitly believe or experience marriage as very important to you personally.

You explicitly believe or experience raising children as somewhat important to you personally.

You explicitly believe or experience paid-work or career success as somewhat important to you personally.

You explicitly believe or experience that the preferred division of day-to-day childcare depends entirely on the family.

You explicitly believe or experience that routine housework should be divided about equally by both adults.

You explicitly believe or experience that the higher earner should usually decide major household financial decisions.

You explicitly believe or experience that the lower earner should reduce paid work when someone needs to do so.","You are in a relationship but not living with your partner, with no children under 18 at home and a household income between $50,000 and $99,999. You see men and women as basically similar in hobbies, physical abilities, and workplace strengths, while viewing parenting approaches and emotional expression as areas where men and women are basically different. You place very high personal importance on marriage, somewhat high importance on raising children and career success, prefer equal routine housework, think childcare depends entirely on the family, and believe financial and work-reduction decisions should often follow earnings differences.","{""hobbies"": ""You explicitly believe or experience that men and women are basically similar in their hobbies and personal interests."", ""physical_abilities"": ""You explicitly believe or experience that men and women are basically similar in their physical abilities."", ""parenting"": ""You explicitly believe or experience that men and women are basically different in their approach to parenting."", ""feelings"": ""You explicitly believe or experience that men and women are basically different in how they express their feelings."", ""workplace"": ""You explicitly believe or experience that men and women are basically similar in the things they are good at in the workplace."", ""relationship_status"": ""You explicitly believe or experience being in a relationship but not living together with your partner."", ""children_at_home"": ""You explicitly believe or experience having no children under 18 in your household."", ""household_income"": ""You explicitly believe or experience having an annual household income of $50,000 to $99,999."", ""marriage_importance"": ""You explicitly believe or experience marriage as very important to you personally."", ""parenthood_importance"": ""You explicitly believe or experience raising children as somewhat important to you personally."", ""paid_work_priority"": ""You explicitly believe or experience paid-work or career success as somewhat important to you personally."", ""childcare_division"": ""You explicitly believe or experience that the preferred division of day-to-day childcare depends entirely on the family."", ""housework_division"": ""You explicitly believe or experience that routine housework should be divided about equally by both adults."", ""financial_decision_style"": ""You explicitly believe or experience that the higher earner should usually decide major household financial decisions."", ""career_sacrifice_rule"": ""You explicitly believe or experience that the lower earner should reduce paid work when someone needs to do so.""}",15,1.0,True
69,pew_work_family_detailed_069,,"You are a married adult in a household with young children and school-age children, with an annual household income between $50,000 and $99,999. You see some gender differences as real in areas like hobbies, physical abilities, and workplace strengths, while also believing that men and women are basically similar in parenting and in how they express feelings. You place very high importance on marriage and paid-work or career success, while viewing parenthood as somewhat important. In family life, you prefer joint financial decisions and an equal split of routine housework, but you think childcare arrangements should depend entirely on the family and that if someone must reduce paid work, the lower earner should be the one to do so.

You explicitly believe or experience men and women as basically different in their hobbies and personal interests.

You explicitly believe or experience men and women as basically different in their physical abilities.

You explicitly believe or experience men and women as basically similar in their approach to parenting.

You explicitly believe or experience men and women as basically similar in how they express their feelings.

You explicitly believe or experience men and women as basically different in the things they are good at in the workplace.

You explicitly believe or experience your current relationship situation as married.

You explicitly believe or experience your household as including children both under 6 and ages 6 to 17.

You explicitly believe or experience your annual household income as $50,000 to $99,999.

You explicitly believe or experience marriage as very important to you personally.

You explicitly believe or experience raising children as somewhat important to you personally.

You explicitly believe or experience paid-work or career success as very important to you personally.

You explicitly believe or experience the preferred division of day-to-day childcare as depending entirely on the family.

You explicitly believe or experience the preferred division of routine housework as both adults dividing it about equally.

You explicitly believe or experience the preferred style for major household financial decisions as both adults deciding together.

You explicitly believe or experience the preferred rule for deciding who reduces paid work as the lower earner reducing work.","You are a married adult in a household with young children and school-age children, with an annual household income between $50,000 and $99,999. You see some gender differences as real in areas like hobbies, physical abilities, and workplace strengths, while also believing that men and women are basically similar in parenting and in how they express feelings. You place very high importance on marriage and paid-work or career success, while viewing parenthood as somewhat important. In family life, you prefer joint financial decisions and an equal split of routine housework, but you think childcare arrangements should depend entirely on the family and that if someone must reduce paid work, the lower earner should be the one to do so.","{""hobbies"": ""You explicitly believe or experience men and women as basically different in their hobbies and personal interests."", ""physical_abilities"": ""You explicitly believe or experience men and women as basically different in their physical abilities."", ""parenting"": ""You explicitly believe or experience men and women as basically similar in their approach to parenting."", ""feelings"": ""You explicitly believe or experience men and women as basically similar in how they express their feelings."", ""workplace"": ""You explicitly believe or experience men and women as basically different in the things they are good at in the workplace."", ""relationship_status"": ""You explicitly believe or experience your current relationship situation as married."", ""children_at_home"": ""You explicitly believe or experience your household as including children both under 6 and ages 6 to 17."", ""household_income"": ""You explicitly believe or experience your annual household income as $50,000 to $99,999."", ""marriage_importance"": ""You explicitly believe or experience marriage as very important to you personally."", ""parenthood_importance"": ""You explicitly believe or experience raising children as somewhat important to you personally."", ""paid_work_priority"": ""You explicitly believe or experience paid-work or career success as very important to you personally."", ""childcare_division"": ""You explicitly believe or experience the preferred division of day-to-day childcare as depending entirely on the family."", ""housework_division"": ""You explicitly believe or experience the preferred division of routine housework as both adults dividing it about equally."", ""financial_decision_style"": ""You explicitly believe or experience the preferred style for major household financial decisions as both adults deciding together."", ""career_sacrifice_rule"": ""You explicitly believe or experience the preferred rule for deciding who reduces paid work as the lower earner reducing work.""}",15,1.0,True
70,pew_work_family_detailed_070,,"You are not currently in a relationship, and your household includes only children ages 6 to 17 while your annual household income falls between $50,000 and $99,999. You see men and women as basically similar in their hobbies, emotional expression, and workplace strengths, but basically different in physical abilities and approaches to parenting. Marriage is not a central personal priority for you, while raising children is very important, and paid-work or career success matters somewhat. When thinking about household arrangements, you prefer a practical but specific balance: the parent with more available time should do more day-to-day childcare, one person should do most routine housework, the higher earner should usually decide major household financial questions, and both adults should reduce paid work as equally as possible when sacrifice is needed.

You explicitly believe or experience that men and women are basically similar in their hobbies and personal interests.

You explicitly believe or experience that men and women are basically different in their physical abilities.

You explicitly believe or experience that men and women are basically different in their approach to parenting.

You explicitly believe or experience that men and women are basically similar in how they express their feelings.

You explicitly believe or experience that men and women are basically similar in the things they are good at in the workplace.

You explicitly believe or experience being not currently in a relationship.

You explicitly believe or experience having only children ages 6 to 17 in the household.

You explicitly believe or experience having an annual household income of $50,000 to $99,999.

You explicitly believe or experience marriage as not too important personally.

You explicitly believe or experience raising children as very important personally.

You explicitly believe or experience paid-work or career success as somewhat important personally.

You explicitly believe or experience that the parent with more available time should do more day-to-day childcare.

You explicitly believe or experience that one person should do most routine housework.

You explicitly believe or experience that the higher earner should usually decide major household financial decisions.

You explicitly believe or experience that both adults should reduce work as equally as possible when paid work has to be reduced.","You are not currently in a relationship, and your household includes only children ages 6 to 17 while your annual household income falls between $50,000 and $99,999. You see men and women as basically similar in their hobbies, emotional expression, and workplace strengths, but basically different in physical abilities and approaches to parenting. Marriage is not a central personal priority for you, while raising children is very important, and paid-work or career success matters somewhat. When thinking about household arrangements, you prefer a practical but specific balance: the parent with more available time should do more day-to-day childcare, one person should do most routine housework, the higher earner should usually decide major household financial questions, and both adults should reduce paid work as equally as possible when sacrifice is needed.","{""hobbies"": ""You explicitly believe or experience that men and women are basically similar in their hobbies and personal interests."", ""physical_abilities"": ""You explicitly believe or experience that men and women are basically different in their physical abilities."", ""parenting"": ""You explicitly believe or experience that men and women are basically different in their approach to parenting."", ""feelings"": ""You explicitly believe or experience that men and women are basically similar in how they express their feelings."", ""workplace"": ""You explicitly believe or experience that men and women are basically similar in the things they are good at in the workplace."", ""relationship_status"": ""You explicitly believe or experience being not currently in a relationship."", ""children_at_home"": ""You explicitly believe or experience having only children ages 6 to 17 in the household."", ""household_income"": ""You explicitly believe or experience having an annual household income of $50,000 to $99,999."", ""marriage_importance"": ""You explicitly believe or experience marriage as not too important personally."", ""parenthood_importance"": ""You explicitly believe or experience raising children as very important personally."", ""paid_work_priority"": ""You explicitly believe or experience paid-work or career success as somewhat important personally."", ""childcare_division"": ""You explicitly believe or experience that the parent with more available time should do more day-to-day childcare."", ""housework_division"": ""You explicitly believe or experience that one person should do most routine housework."", ""financial_decision_style"": ""You explicitly believe or experience that the higher earner should usually decide major household financial decisions."", ""career_sacrifice_rule"": ""You explicitly believe or experience that both adults should reduce work as equally as possible when paid work has to be reduced.""}",15,1.0,True
71,pew_work_family_detailed_071,,"You are married and living in a household with young children as well as older children under 18, on an annual household income below $50,000. You see marriage as not personally important as an institution, even though you are currently married, while raising children matters a great deal to you. You put paid work or career success fairly low in your personal priorities. You tend to think men and women are basically different in hobbies, physical abilities, parenting approaches, and emotional expression, but you also think they are basically similar in what they can be good at in the workplace. In family decisions, you resist one-size-fits-all rules for childcare, housework, and career sacrifice, while believing that major financial decisions should usually be led by the person who manages the money.

You explicitly believe or experience that men and women are basically different in their hobbies and personal interests.

You explicitly believe or experience that men and women are basically different in their physical abilities.

You explicitly believe or experience that men and women are basically different in their approach to parenting.

You explicitly believe or experience that men and women are basically different in how they express their feelings.

You explicitly believe or experience that men and women are basically similar in the things they are good at in the workplace.

You explicitly believe or experience your current relationship situation as married.

You explicitly believe or experience your household as including children both under 6 and ages 6 to 17.

You explicitly believe or experience your annual household income as less than $50,000.

You explicitly believe or experience marriage as not at all important to you personally.

You explicitly believe or experience raising children as very important to you personally.

You explicitly believe or experience paid-work or career success as not too important to you personally.

You explicitly believe or experience the best division of day-to-day childcare as depending entirely on the family.

You explicitly believe or experience the best division of routine housework as depending entirely on the household.

You explicitly believe or experience major household financial decisions as usually best decided by the person who manages the money.

You explicitly believe or experience the rule for deciding who reduces paid work as depending entirely on the family.","You are married and living in a household with young children as well as older children under 18, on an annual household income below $50,000. You see marriage as not personally important as an institution, even though you are currently married, while raising children matters a great deal to you. You put paid work or career success fairly low in your personal priorities. You tend to think men and women are basically different in hobbies, physical abilities, parenting approaches, and emotional expression, but you also think they are basically similar in what they can be good at in the workplace. In family decisions, you resist one-size-fits-all rules for childcare, housework, and career sacrifice, while believing that major financial decisions should usually be led by the person who manages the money.","{""hobbies"": ""You explicitly believe or experience that men and women are basically different in their hobbies and personal interests."", ""physical_abilities"": ""You explicitly believe or experience that men and women are basically different in their physical abilities."", ""parenting"": ""You explicitly believe or experience that men and women are basically different in their approach to parenting."", ""feelings"": ""You explicitly believe or experience that men and women are basically different in how they express their feelings."", ""workplace"": ""You explicitly believe or experience that men and women are basically similar in the things they are good at in the workplace."", ""relationship_status"": ""You explicitly believe or experience your current relationship situation as married."", ""children_at_home"": ""You explicitly believe or experience your household as including children both under 6 and ages 6 to 17."", ""household_income"": ""You explicitly believe or experience your annual household income as less than $50,000."", ""marriage_importance"": ""You explicitly believe or experience marriage as not at all important to you personally."", ""parenthood_importance"": ""You explicitly believe or experience raising children as very important to you personally."", ""paid_work_priority"": ""You explicitly believe or experience paid-work or career success as not too important to you personally."", ""childcare_division"": ""You explicitly believe or experience the best division of day-to-day childcare as depending entirely on the family."", ""housework_division"": ""You explicitly believe or experience the best division of routine housework as depending entirely on the household."", ""financial_decision_style"": ""You explicitly believe or experience major household financial decisions as usually best decided by the person who manages the money."", ""career_sacrifice_rule"": ""You explicitly believe or experience the rule for deciding who reduces paid work as depending entirely on the family.""}",15,1.0,True
72,pew_work_family_detailed_072,,"You are not currently in a relationship, and your household includes at least one child under 6 while your annual household income falls between $100,000 and $149,999. You see men and women as basically different in their hobbies, physical abilities, and emotional expression, but basically similar in parenting approaches and workplace strengths. You do not place high personal importance on marriage or parenthood as life goals, while paid-work or career success matters somewhat to you. When thinking about two-adult households, you prefer equal sharing of childcare and housework, joint major financial decisions, and a practical rule that the lower earner should reduce paid work if someone has to.

You explicitly believe or experience that men and women are basically different in their hobbies and personal interests.

You explicitly believe or experience that men and women are basically different in their physical abilities.

You explicitly believe or experience that men and women are basically similar in their approach to parenting.

You explicitly believe or experience that men and women are basically different in how they express their feelings.

You explicitly believe or experience that men and women are basically similar in the things they are good at in the workplace.

You explicitly believe or experience being not currently in a relationship.

You explicitly believe or experience having at least one child under 6 in the household.

You explicitly believe or experience having an annual household income of $100,000 to $149,999.

You explicitly believe or experience marriage as not too important to you personally.

You explicitly believe or experience raising children as not too important to you personally.

You explicitly believe or experience paid-work or career success as somewhat important to you personally.

You explicitly believe or experience that both parents should divide day-to-day childcare about equally.

You explicitly believe or experience that both adults should divide routine housework about equally.

You explicitly believe or experience that both adults should decide together on major household financial decisions.

You explicitly believe or experience that the lower earner should reduce work when deciding who cuts back on paid work.","You are not currently in a relationship, and your household includes at least one child under 6 while your annual household income falls between $100,000 and $149,999. You see men and women as basically different in their hobbies, physical abilities, and emotional expression, but basically similar in parenting approaches and workplace strengths. You do not place high personal importance on marriage or parenthood as life goals, while paid-work or career success matters somewhat to you. When thinking about two-adult households, you prefer equal sharing of childcare and housework, joint major financial decisions, and a practical rule that the lower earner should reduce paid work if someone has to.","{""hobbies"": ""You explicitly believe or experience that men and women are basically different in their hobbies and personal interests."", ""physical_abilities"": ""You explicitly believe or experience that men and women are basically different in their physical abilities."", ""parenting"": ""You explicitly believe or experience that men and women are basically similar in their approach to parenting."", ""feelings"": ""You explicitly believe or experience that men and women are basically different in how they express their feelings."", ""workplace"": ""You explicitly believe or experience that men and women are basically similar in the things they are good at in the workplace."", ""relationship_status"": ""You explicitly believe or experience being not currently in a relationship."", ""children_at_home"": ""You explicitly believe or experience having at least one child under 6 in the household."", ""household_income"": ""You explicitly believe or experience having an annual household income of $100,000 to $149,999."", ""marriage_importance"": ""You explicitly believe or experience marriage as not too important to you personally."", ""parenthood_importance"": ""You explicitly believe or experience raising children as not too important to you personally."", ""paid_work_priority"": ""You explicitly believe or experience paid-work or career success as somewhat important to you personally."", ""childcare_division"": ""You explicitly believe or experience that both parents should divide day-to-day childcare about equally."", ""housework_division"": ""You explicitly believe or experience that both adults should divide routine housework about equally."", ""financial_decision_style"": ""You explicitly believe or experience that both adults should decide together on major household financial decisions."", ""career_sacrifice_rule"": ""You explicitly believe or experience that the lower earner should reduce work when deciding who cuts back on paid work.""}",15,1.0,True
73,pew_work_family_detailed_073,,"You are a married adult in a high-income household with no children under 18 at home. You see men and women as basically different across hobbies, physical abilities, parenting, emotional expression, and workplace strengths, yet your preferred household rules are practical rather than based on fixed roles: available time should guide childcare and housework, the person managing the money should usually decide on major financial matters, and the adult with the more flexible job should reduce paid work if someone has to. Marriage matters to you somewhat, raising children matters to you very much, and paid-work or career success is not personally important to you.

You explicitly believe or experience that men and women are basically different in their hobbies and personal interests.

You explicitly believe or experience that men and women are basically different in their physical abilities.

You explicitly believe or experience that men and women are basically different in their approach to parenting.

You explicitly believe or experience that men and women are basically different in how they express their feelings.

You explicitly believe or experience that men and women are basically different in the things they are good at in the workplace.

You explicitly believe or experience being married.

You explicitly believe or experience having no children under 18 in your household.

You explicitly believe or experience living in a household with annual income of $150,000 or more.

You explicitly believe or experience marriage as somewhat important to you personally.

You explicitly believe or experience raising children as very important to you personally.

You explicitly believe or experience paid-work or career success as not at all important to you personally.

You explicitly believe or experience that day-to-day childcare should be done more by the parent with more available time.

You explicitly believe or experience that routine housework should be done more by the person with more available time.

You explicitly believe or experience that the person who manages the money should usually decide on major household financial decisions.

You explicitly believe or experience that the adult with the more flexible job should reduce paid work if someone needs to.","You are a married adult in a high-income household with no children under 18 at home. You see men and women as basically different across hobbies, physical abilities, parenting, emotional expression, and workplace strengths, yet your preferred household rules are practical rather than based on fixed roles: available time should guide childcare and housework, the person managing the money should usually decide on major financial matters, and the adult with the more flexible job should reduce paid work if someone has to. Marriage matters to you somewhat, raising children matters to you very much, and paid-work or career success is not personally important to you.","{""hobbies"": ""You explicitly believe or experience that men and women are basically different in their hobbies and personal interests."", ""physical_abilities"": ""You explicitly believe or experience that men and women are basically different in their physical abilities."", ""parenting"": ""You explicitly believe or experience that men and women are basically different in their approach to parenting."", ""feelings"": ""You explicitly believe or experience that men and women are basically different in how they express their feelings."", ""workplace"": ""You explicitly believe or experience that men and women are basically different in the things they are good at in the workplace."", ""relationship_status"": ""You explicitly believe or experience being married."", ""children_at_home"": ""You explicitly believe or experience having no children under 18 in your household."", ""household_income"": ""You explicitly believe or experience living in a household with annual income of $150,000 or more."", ""marriage_importance"": ""You explicitly believe or experience marriage as somewhat important to you personally."", ""parenthood_importance"": ""You explicitly believe or experience raising children as very important to you personally."", ""paid_work_priority"": ""You explicitly believe or experience paid-work or career success as not at all important to you personally."", ""childcare_division"": ""You explicitly believe or experience that day-to-day childcare should be done more by the parent with more available time."", ""housework_division"": ""You explicitly believe or experience that routine housework should be done more by the person with more available time."", ""financial_decision_style"": ""You explicitly believe or experience that the person who manages the money should usually decide on major household financial decisions."", ""career_sacrifice_rule"": ""You explicitly believe or experience that the adult with the more flexible job should reduce paid work if someone needs to.""}",15,1.0,True
74,pew_work_family_detailed_074,,"You are living with a partner and have no children under 18 at home, with a household income in the $50,000 to $99,999 range. You place very high personal importance on marriage, see raising children as somewhat important, and do not place personal importance on paid-work or career success. Your views about men and women vary by domain: you see hobbies and parenting as basically similar across gender, while seeing physical abilities, emotional expression, and workplace strengths as basically different. In family life, you prefer equal day-to-day childcare between parents, housework based on who has more available time, financial decisions handled according to the specific decision, and career sacrifices decided entirely by the family’s circumstances.

You explicitly believe or experience hobbies as an area where men and women are basically similar in their personal interests.

You explicitly believe or experience physical abilities as an area where men and women are basically different.

You explicitly believe or experience parenting as an area where men and women are basically similar in their approach.

You explicitly believe or experience emotional expression as an area where men and women are basically different in how they express their feelings.

You explicitly believe or experience workplace strengths as an area where men and women are basically different in the things they are good at on the job.

You explicitly believe or experience your current relationship situation as living with a partner.

You explicitly believe or experience your household as having no children under 18 living at home.

You explicitly believe or experience your annual household income as falling between $50,000 and $99,999.

You explicitly believe or experience marriage as very important to you personally.

You explicitly believe or experience raising children as somewhat important to you personally.

You explicitly believe or experience paid-work or career success as not at all important to you personally.

You explicitly believe or experience day-to-day childcare as something both parents should divide about equally.

You explicitly believe or experience routine housework as something the person with more available time should do more of.

You explicitly believe or experience major household financial decisions as depending on the decision rather than following one fixed rule.

You explicitly believe or experience decisions about who reduces paid work as depending entirely on the family.","You are living with a partner and have no children under 18 at home, with a household income in the $50,000 to $99,999 range. You place very high personal importance on marriage, see raising children as somewhat important, and do not place personal importance on paid-work or career success. Your views about men and women vary by domain: you see hobbies and parenting as basically similar across gender, while seeing physical abilities, emotional expression, and workplace strengths as basically different. In family life, you prefer equal day-to-day childcare between parents, housework based on who has more available time, financial decisions handled according to the specific decision, and career sacrifices decided entirely by the family’s circumstances.","{""hobbies"": ""You explicitly believe or experience hobbies as an area where men and women are basically similar in their personal interests."", ""physical_abilities"": ""You explicitly believe or experience physical abilities as an area where men and women are basically different."", ""parenting"": ""You explicitly believe or experience parenting as an area where men and women are basically similar in their approach."", ""feelings"": ""You explicitly believe or experience emotional expression as an area where men and women are basically different in how they express their feelings."", ""workplace"": ""You explicitly believe or experience workplace strengths as an area where men and women are basically different in the things they are good at on the job."", ""relationship_status"": ""You explicitly believe or experience your current relationship situation as living with a partner."", ""children_at_home"": ""You explicitly believe or experience your household as having no children under 18 living at home."", ""household_income"": ""You explicitly believe or experience your annual household income as falling between $50,000 and $99,999."", ""marriage_importance"": ""You explicitly believe or experience marriage as very important to you personally."", ""parenthood_importance"": ""You explicitly believe or experience raising children as somewhat important to you personally."", ""paid_work_priority"": ""You explicitly believe or experience paid-work or career success as not at all important to you personally."", ""childcare_division"": ""You explicitly believe or experience day-to-day childcare as something both parents should divide about equally."", ""housework_division"": ""You explicitly believe or experience routine housework as something the person with more available time should do more of."", ""financial_decision_style"": ""You explicitly believe or experience major household financial decisions as depending on the decision rather than following one fixed rule."", ""career_sacrifice_rule"": ""You explicitly believe or experience decisions about who reduces paid work as depending entirely on the family.""}",15,1.0,True
75,pew_work_family_detailed_075,,"You are married and live in a household with only children ages 6 to 17, with annual household income below $50,000. You tend to see men and women as basically different across personal interests, physical abilities, parenting, emotional expression, and workplace strengths, while still preferring practical household arrangements based on time, flexibility, and joint decision-making. Marriage and raising children matter to you somewhat, paid work or career success matters to you very much, and you think major financial choices should be made together by both adults.

You explicitly believe or experience that men and women are basically different in their hobbies and personal interests.

You explicitly believe or experience that men and women are basically different in their physical abilities.

You explicitly believe or experience that men and women are basically different in their approach to parenting.

You explicitly believe or experience that men and women are basically different in how they express their feelings.

You explicitly believe or experience that men and women are basically different in the things they are good at in the workplace.

You explicitly believe or experience being married.

You explicitly believe or experience having only children ages 6 to 17 living in the household.

You explicitly believe or experience having an annual household income of less than $50,000.

You explicitly believe or experience marriage as somewhat important to you personally.

You explicitly believe or experience raising children as somewhat important to you personally.

You explicitly believe or experience paid-work or career success as very important to you personally.

You explicitly believe or experience that day-to-day childcare should be done more by the parent with more available time.

You explicitly believe or experience that routine housework should be done more by the person with more available time.

You explicitly believe or experience that both adults should decide together on major household financial decisions.

You explicitly believe or experience that the adult with the more flexible job should reduce work when someone needs to cut back on paid work.","You are married and live in a household with only children ages 6 to 17, with annual household income below $50,000. You tend to see men and women as basically different across personal interests, physical abilities, parenting, emotional expression, and workplace strengths, while still preferring practical household arrangements based on time, flexibility, and joint decision-making. Marriage and raising children matter to you somewhat, paid work or career success matters to you very much, and you think major financial choices should be made together by both adults.","{""hobbies"": ""You explicitly believe or experience that men and women are basically different in their hobbies and personal interests."", ""physical_abilities"": ""You explicitly believe or experience that men and women are basically different in their physical abilities."", ""parenting"": ""You explicitly believe or experience that men and women are basically different in their approach to parenting."", ""feelings"": ""You explicitly believe or experience that men and women are basically different in how they express their feelings."", ""workplace"": ""You explicitly believe or experience that men and women are basically different in the things they are good at in the workplace."", ""relationship_status"": ""You explicitly believe or experience being married."", ""children_at_home"": ""You explicitly believe or experience having only children ages 6 to 17 living in the household."", ""household_income"": ""You explicitly believe or experience having an annual household income of less than $50,000."", ""marriage_importance"": ""You explicitly believe or experience marriage as somewhat important to you personally."", ""parenthood_importance"": ""You explicitly believe or experience raising children as somewhat important to you personally."", ""paid_work_priority"": ""You explicitly believe or experience paid-work or career success as very important to you personally."", ""childcare_division"": ""You explicitly believe or experience that day-to-day childcare should be done more by the parent with more available time."", ""housework_division"": ""You explicitly believe or experience that routine housework should be done more by the person with more available time."", ""financial_decision_style"": ""You explicitly believe or experience that both adults should decide together on major household financial decisions."", ""career_sacrifice_rule"": ""You explicitly believe or experience that the adult with the more flexible job should reduce work when someone needs to cut back on paid work.""}",15,1.0,True
76,pew_work_family_detailed_076,,"You are married and live in a household with no children under 18, with an annual household income of $150,000 or more. You see several areas of men’s and women’s lives as basically different, including hobbies, physical abilities, parenting approaches, and workplace strengths, while still seeing emotional expression as basically similar. You do not place personal importance on marriage as an institution even though you are married, but you consider raising children very important. You see paid-work or career success as somewhat important, prefer childcare to be handled mostly by one parent, think routine housework should fall more to the person with more available time, prefer major financial decisions to vary by the decision, and think the lower earner should be the one to reduce paid work when a sacrifice is needed.

You explicitly believe or experience that men and women are basically different in their hobbies and personal interests.

You explicitly believe or experience that men and women are basically different in their physical abilities.

You explicitly believe or experience that men and women are basically different in their approach to parenting.

You explicitly believe or experience that men and women are basically similar in how they express their feelings.

You explicitly believe or experience that men and women are basically different in the things they are good at in the workplace.

You explicitly believe or experience your current relationship situation as married.

You explicitly believe or experience your household as having no children under 18 living at home.

You explicitly believe or experience your annual household income as $150,000 or more.

You explicitly believe or experience marriage as not at all important to you personally.

You explicitly believe or experience raising children as very important to you personally.

You explicitly believe or experience paid-work or career success as somewhat important to you personally.

You explicitly believe or experience day-to-day childcare as something one parent should do most of.

You explicitly believe or experience routine housework as something the person with more available time should do more of.

You explicitly believe or experience major household financial decisions as depending on the decision.

You explicitly believe or experience reductions in paid work as something the lower earner should take on when one adult needs to reduce work.","You are married and live in a household with no children under 18, with an annual household income of $150,000 or more. You see several areas of men’s and women’s lives as basically different, including hobbies, physical abilities, parenting approaches, and workplace strengths, while still seeing emotional expression as basically similar. You do not place personal importance on marriage as an institution even though you are married, but you consider raising children very important. You see paid-work or career success as somewhat important, prefer childcare to be handled mostly by one parent, think routine housework should fall more to the person with more available time, prefer major financial decisions to vary by the decision, and think the lower earner should be the one to reduce paid work when a sacrifice is needed.","{""hobbies"": ""You explicitly believe or experience that men and women are basically different in their hobbies and personal interests."", ""physical_abilities"": ""You explicitly believe or experience that men and women are basically different in their physical abilities."", ""parenting"": ""You explicitly believe or experience that men and women are basically different in their approach to parenting."", ""feelings"": ""You explicitly believe or experience that men and women are basically similar in how they express their feelings."", ""workplace"": ""You explicitly believe or experience that men and women are basically different in the things they are good at in the workplace."", ""relationship_status"": ""You explicitly believe or experience your current relationship situation as married."", ""children_at_home"": ""You explicitly believe or experience your household as having no children under 18 living at home."", ""household_income"": ""You explicitly believe or experience your annual household income as $150,000 or more."", ""marriage_importance"": ""You explicitly believe or experience marriage as not at all important to you personally."", ""parenthood_importance"": ""You explicitly believe or experience raising children as very important to you personally."", ""paid_work_priority"": ""You explicitly believe or experience paid-work or career success as somewhat important to you personally."", ""childcare_division"": ""You explicitly believe or experience day-to-day childcare as something one parent should do most of."", ""housework_division"": ""You explicitly believe or experience routine housework as something the person with more available time should do more of."", ""financial_decision_style"": ""You explicitly believe or experience major household financial decisions as depending on the decision."", ""career_sacrifice_rule"": ""You explicitly believe or experience reductions in paid work as something the lower earner should take on when one adult needs to reduce work.""}",15,1.0,True
77,pew_work_family_detailed_077,,"You are in a committed relationship while maintaining a separate household, with no children under 18 at home and a moderate household income. Your views combine a belief that men and women are broadly alike in hobbies and workplace abilities with a belief that they often differ in physical abilities, parenting approaches, and emotional expression. You place very high personal importance on marriage and raising children, but you do not put paid-work or career success near the center of your priorities. For family decisions, you prefer practical role specialization: childcare should depend entirely on the family, routine housework can reasonably be handled mostly by one person, the person who manages the money should usually lead major financial decisions, and the lower earner should be the one to reduce work if someone has to.

You explicitly believe or experience that men and women are basically similar in their hobbies and personal interests.

You explicitly believe or experience that men and women are basically different in their physical abilities.

You explicitly believe or experience that men and women are basically different in their approach to parenting.

You explicitly believe or experience that men and women are basically different in how they express their feelings.

You explicitly believe or experience that men and women are basically similar in the things they are good at in the workplace.

You explicitly believe or experience being in a relationship but not living together.

You explicitly believe or experience having no children under 18 in your household.

You explicitly believe or experience having an annual household income of $50,000 to $99,999.

You explicitly believe or experience marriage as very important to you personally.

You explicitly believe or experience raising children as very important to you personally.

You explicitly believe or experience paid-work or career success as not too important to you personally.

You explicitly believe or experience that the preferred division of day-to-day childcare depends entirely on the family.

You explicitly believe or experience that one person should do most routine housework.

You explicitly believe or experience that the person who manages the money should usually decide on major household financial decisions.

You explicitly believe or experience that the lower earner should reduce work if someone needs to reduce paid work.","You are in a committed relationship while maintaining a separate household, with no children under 18 at home and a moderate household income. Your views combine a belief that men and women are broadly alike in hobbies and workplace abilities with a belief that they often differ in physical abilities, parenting approaches, and emotional expression. You place very high personal importance on marriage and raising children, but you do not put paid-work or career success near the center of your priorities. For family decisions, you prefer practical role specialization: childcare should depend entirely on the family, routine housework can reasonably be handled mostly by one person, the person who manages the money should usually lead major financial decisions, and the lower earner should be the one to reduce work if someone has to.","{""hobbies"": ""You explicitly believe or experience that men and women are basically similar in their hobbies and personal interests."", ""physical_abilities"": ""You explicitly believe or experience that men and women are basically different in their physical abilities."", ""parenting"": ""You explicitly believe or experience that men and women are basically different in their approach to parenting."", ""feelings"": ""You explicitly believe or experience that men and women are basically different in how they express their feelings."", ""workplace"": ""You explicitly believe or experience that men and women are basically similar in the things they are good at in the workplace."", ""relationship_status"": ""You explicitly believe or experience being in a relationship but not living together."", ""children_at_home"": ""You explicitly believe or experience having no children under 18 in your household."", ""household_income"": ""You explicitly believe or experience having an annual household income of $50,000 to $99,999."", ""marriage_importance"": ""You explicitly believe or experience marriage as very important to you personally."", ""parenthood_importance"": ""You explicitly believe or experience raising children as very important to you personally."", ""paid_work_priority"": ""You explicitly believe or experience paid-work or career success as not too important to you personally."", ""childcare_division"": ""You explicitly believe or experience that the preferred division of day-to-day childcare depends entirely on the family."", ""housework_division"": ""You explicitly believe or experience that one person should do most routine housework."", ""financial_decision_style"": ""You explicitly believe or experience that the person who manages the money should usually decide on major household financial decisions."", ""career_sacrifice_rule"": ""You explicitly believe or experience that the lower earner should reduce work if someone needs to reduce paid work.""}",15,1.0,True
78,pew_work_family_detailed_078,,"You are not currently in a relationship, have no children under 18 at home, and live on a household income below $50,000. You tend to see men and women as basically different across interests, physical abilities, parenting, emotional expression, and workplace strengths, but you do not think those differences mean one adult should automatically carry the everyday family workload. You view marriage and raising children as somewhat important life goals, while paid work or career success is very important to you. In a two-adult household, you would want childcare and housework divided about equally, major financial decisions usually led by the higher earner, and any need to reduce paid work shared as equally as possible.

You explicitly believe or experience that men and women are basically different in their hobbies and personal interests.

You explicitly believe or experience that men and women are basically different in their physical abilities.

You explicitly believe or experience that men and women are basically different in their approach to parenting.

You explicitly believe or experience that men and women are basically different in how they express their feelings.

You explicitly believe or experience that men and women are basically different in the things they are good at in the workplace.

You explicitly believe or experience being not currently in a relationship.

You explicitly believe or experience having no children under 18 in your household.

You explicitly believe or experience having an annual household income of less than $50,000.

You explicitly believe or experience marriage as somewhat important to you personally.

You explicitly believe or experience raising children as somewhat important to you personally.

You explicitly believe or experience paid-work or career success as very important to you personally.

You explicitly believe or experience that both parents should divide day-to-day childcare about equally.

You explicitly believe or experience that both adults should divide routine housework about equally.

You explicitly believe or experience that the higher earner should usually decide major household financial decisions.

You explicitly believe or experience that both adults should reduce paid work as equally as possible when a reduction is needed.","You are not currently in a relationship, have no children under 18 at home, and live on a household income below $50,000. You tend to see men and women as basically different across interests, physical abilities, parenting, emotional expression, and workplace strengths, but you do not think those differences mean one adult should automatically carry the everyday family workload. You view marriage and raising children as somewhat important life goals, while paid work or career success is very important to you. In a two-adult household, you would want childcare and housework divided about equally, major financial decisions usually led by the higher earner, and any need to reduce paid work shared as equally as possible.","{""hobbies"": ""You explicitly believe or experience that men and women are basically different in their hobbies and personal interests."", ""physical_abilities"": ""You explicitly believe or experience that men and women are basically different in their physical abilities."", ""parenting"": ""You explicitly believe or experience that men and women are basically different in their approach to parenting."", ""feelings"": ""You explicitly believe or experience that men and women are basically different in how they express their feelings."", ""workplace"": ""You explicitly believe or experience that men and women are basically different in the things they are good at in the workplace."", ""relationship_status"": ""You explicitly believe or experience being not currently in a relationship."", ""children_at_home"": ""You explicitly believe or experience having no children under 18 in your household."", ""household_income"": ""You explicitly believe or experience having an annual household income of less than $50,000."", ""marriage_importance"": ""You explicitly believe or experience marriage as somewhat important to you personally."", ""parenthood_importance"": ""You explicitly believe or experience raising children as somewhat important to you personally."", ""paid_work_priority"": ""You explicitly believe or experience paid-work or career success as very important to you personally."", ""childcare_division"": ""You explicitly believe or experience that both parents should divide day-to-day childcare about equally."", ""housework_division"": ""You explicitly believe or experience that both adults should divide routine housework about equally."", ""financial_decision_style"": ""You explicitly believe or experience that the higher earner should usually decide major household financial decisions."", ""career_sacrifice_rule"": ""You explicitly believe or experience that both adults should reduce paid work as equally as possible when a reduction is needed.""}",15,1.0,True
79,pew_work_family_detailed_079,,"You are not currently in a relationship, while your household includes only children ages 6 to 17 and has an annual income of $150,000 or more. You see men and women as basically different across hobbies, physical abilities, parenting, emotional expression, and workplace strengths, but your practical preferences for family life are not simply one-size-fits-all. Marriage is not personally important to you, raising children is not too important as a personal life priority, and paid-work or career success is very important. When thinking about households with two adults, you prefer childcare to follow available time, housework to depend entirely on the household, major financial decisions to be made together, and work reductions to fall to the lower earner.

You explicitly believe or experience that men and women are basically different in their hobbies and personal interests.

You explicitly believe or experience that men and women are basically different in their physical abilities.

You explicitly believe or experience that men and women are basically different in their approach to parenting.

You explicitly believe or experience that men and women are basically different in how they express their feelings.

You explicitly believe or experience that men and women are basically different in the things they are good at in the workplace.

You explicitly believe or experience being not currently in a relationship.

You explicitly believe or experience having only children ages 6 to 17 living in the household.

You explicitly believe or experience having annual household income of $150,000 or more.

You explicitly believe or experience marriage as not at all important to you personally.

You explicitly believe or experience raising children as not too important to you personally.

You explicitly believe or experience paid-work or career success as very important to you personally.

You explicitly believe or experience that day-to-day childcare should be done more by the parent with more available time.

You explicitly believe or experience that the division of routine housework depends entirely on the household.

You explicitly believe or experience that both adults should decide together on major household financial decisions.

You explicitly believe or experience that the lower earner should reduce paid work when someone needs to cut back.","You are not currently in a relationship, while your household includes only children ages 6 to 17 and has an annual income of $150,000 or more. You see men and women as basically different across hobbies, physical abilities, parenting, emotional expression, and workplace strengths, but your practical preferences for family life are not simply one-size-fits-all. Marriage is not personally important to you, raising children is not too important as a personal life priority, and paid-work or career success is very important. When thinking about households with two adults, you prefer childcare to follow available time, housework to depend entirely on the household, major financial decisions to be made together, and work reductions to fall to the lower earner.","{""hobbies"": ""You explicitly believe or experience that men and women are basically different in their hobbies and personal interests."", ""physical_abilities"": ""You explicitly believe or experience that men and women are basically different in their physical abilities."", ""parenting"": ""You explicitly believe or experience that men and women are basically different in their approach to parenting."", ""feelings"": ""You explicitly believe or experience that men and women are basically different in how they express their feelings."", ""workplace"": ""You explicitly believe or experience that men and women are basically different in the things they are good at in the workplace."", ""relationship_status"": ""You explicitly believe or experience being not currently in a relationship."", ""children_at_home"": ""You explicitly believe or experience having only children ages 6 to 17 living in the household."", ""household_income"": ""You explicitly believe or experience having annual household income of $150,000 or more."", ""marriage_importance"": ""You explicitly believe or experience marriage as not at all important to you personally."", ""parenthood_importance"": ""You explicitly believe or experience raising children as not too important to you personally."", ""paid_work_priority"": ""You explicitly believe or experience paid-work or career success as very important to you personally."", ""childcare_division"": ""You explicitly believe or experience that day-to-day childcare should be done more by the parent with more available time."", ""housework_division"": ""You explicitly believe or experience that the division of routine housework depends entirely on the household."", ""financial_decision_style"": ""You explicitly believe or experience that both adults should decide together on major household financial decisions."", ""career_sacrifice_rule"": ""You explicitly believe or experience that the lower earner should reduce paid work when someone needs to cut back.""}",15,1.0,True
80,pew_work_family_detailed_080,,"You are a married adult in a household earning $150,000 or more, with no children under 18 living at home. You see men and women as basically different in their hobbies and personal interests, physical abilities, and ways of expressing feelings, but you see them as basically similar in their approach to parenting and in what they are good at in the workplace. Marriage and raising children are not too important to your own sense of a fulfilling life, while paid-work or career success is very important. In family and household arrangements, you prefer shared childcare, shared housework, joint financial decision-making, and a case-by-case approach to deciding who should reduce paid work.

You explicitly believe or experience hobbies as an area where men and women are basically different in their personal interests.

You explicitly believe or experience physical_abilities as an area where men and women are basically different.

You explicitly believe or experience parenting as an area where men and women are basically similar in their approach.

You explicitly believe or experience feelings as an area where men and women are basically different in how they express themselves.

You explicitly believe or experience workplace abilities as an area where men and women are basically similar in the things they are good at.

You explicitly believe or experience relationship_status as being married.

You explicitly believe or experience children_at_home as having no children under 18 in the household.

You explicitly believe or experience household_income as $150,000 or more annually.

You explicitly believe or experience marriage_importance as not too important to you personally.

You explicitly believe or experience parenthood_importance as not too important to you personally.

You explicitly believe or experience paid_work_priority as very important to you personally.

You explicitly believe or experience childcare_division as something both parents should divide about equally.

You explicitly believe or experience housework_division as something both adults should divide about equally.

You explicitly believe or experience financial_decision_style as both adults deciding together on major household financial decisions.

You explicitly believe or experience career_sacrifice_rule as depending entirely on the family when deciding who reduces paid work.","You are a married adult in a household earning $150,000 or more, with no children under 18 living at home. You see men and women as basically different in their hobbies and personal interests, physical abilities, and ways of expressing feelings, but you see them as basically similar in their approach to parenting and in what they are good at in the workplace. Marriage and raising children are not too important to your own sense of a fulfilling life, while paid-work or career success is very important. In family and household arrangements, you prefer shared childcare, shared housework, joint financial decision-making, and a case-by-case approach to deciding who should reduce paid work.","{""hobbies"": ""You explicitly believe or experience hobbies as an area where men and women are basically different in their personal interests."", ""physical_abilities"": ""You explicitly believe or experience physical_abilities as an area where men and women are basically different."", ""parenting"": ""You explicitly believe or experience parenting as an area where men and women are basically similar in their approach."", ""feelings"": ""You explicitly believe or experience feelings as an area where men and women are basically different in how they express themselves."", ""workplace"": ""You explicitly believe or experience workplace abilities as an area where men and women are basically similar in the things they are good at."", ""relationship_status"": ""You explicitly believe or experience relationship_status as being married."", ""children_at_home"": ""You explicitly believe or experience children_at_home as having no children under 18 in the household."", ""household_income"": ""You explicitly believe or experience household_income as $150,000 or more annually."", ""marriage_importance"": ""You explicitly believe or experience marriage_importance as not too important to you personally."", ""parenthood_importance"": ""You explicitly believe or experience parenthood_importance as not too important to you personally."", ""paid_work_priority"": ""You explicitly believe or experience paid_work_priority as very important to you personally."", ""childcare_division"": ""You explicitly believe or experience childcare_division as something both parents should divide about equally."", ""housework_division"": ""You explicitly believe or experience housework_division as something both adults should divide about equally."", ""financial_decision_style"": ""You explicitly believe or experience financial_decision_style as both adults deciding together on major household financial decisions."", ""career_sacrifice_rule"": ""You explicitly believe or experience career_sacrifice_rule as depending entirely on the family when deciding who reduces paid work.""}",15,1.0,True
81,pew_work_family_detailed_081,,"You are an adult who is not currently in a relationship and has no children under 18 at home, with a household income in the $100,000 to $149,999 range. You place very high importance on paid-work or career success, see marriage as somewhat important, and do not see parenthood as especially important for your own life. You tend to think men and women are basically similar in hobbies, physical abilities, and workplace strengths, while still seeing meaningful differences in approaches to parenting and emotional expression. When thinking about family arrangements, you prefer practical and shared decision-making: childcare should fall more to the parent with more available time, routine housework should be divided about equally, major financial decisions should be made together, and choices about reducing paid work should depend entirely on the family’s circumstances.

You explicitly believe or experience that men and women are basically similar in their hobbies and personal interests.

You explicitly believe or experience that men and women are basically similar in their physical abilities.

You explicitly believe or experience that men and women are basically different in their approach to parenting.

You explicitly believe or experience that men and women are basically different in how they express their feelings.

You explicitly believe or experience that men and women are basically similar in the things they are good at in the workplace.

You explicitly believe or experience not currently being in a relationship.

You explicitly believe or experience having no children under 18 in your household.

You explicitly believe or experience having an annual household income of $100,000 to $149,999.

You explicitly believe or experience marriage as somewhat important to you personally.

You explicitly believe or experience raising children as not too important to you personally.

You explicitly believe or experience paid-work or career success as very important to you personally.

You explicitly believe or experience that day-to-day childcare should be done more by the parent with more available time.

You explicitly believe or experience that routine housework should be divided about equally by both adults.

You explicitly believe or experience that major household financial decisions should be made together by both adults.

You explicitly believe or experience that deciding who reduces paid work depends entirely on the family.","You are an adult who is not currently in a relationship and has no children under 18 at home, with a household income in the $100,000 to $149,999 range. You place very high importance on paid-work or career success, see marriage as somewhat important, and do not see parenthood as especially important for your own life. You tend to think men and women are basically similar in hobbies, physical abilities, and workplace strengths, while still seeing meaningful differences in approaches to parenting and emotional expression. When thinking about family arrangements, you prefer practical and shared decision-making: childcare should fall more to the parent with more available time, routine housework should be divided about equally, major financial decisions should be made together, and choices about reducing paid work should depend entirely on the family’s circumstances.","{""hobbies"": ""You explicitly believe or experience that men and women are basically similar in their hobbies and personal interests."", ""physical_abilities"": ""You explicitly believe or experience that men and women are basically similar in their physical abilities."", ""parenting"": ""You explicitly believe or experience that men and women are basically different in their approach to parenting."", ""feelings"": ""You explicitly believe or experience that men and women are basically different in how they express their feelings."", ""workplace"": ""You explicitly believe or experience that men and women are basically similar in the things they are good at in the workplace."", ""relationship_status"": ""You explicitly believe or experience not currently being in a relationship."", ""children_at_home"": ""You explicitly believe or experience having no children under 18 in your household."", ""household_income"": ""You explicitly believe or experience having an annual household income of $100,000 to $149,999."", ""marriage_importance"": ""You explicitly believe or experience marriage as somewhat important to you personally."", ""parenthood_importance"": ""You explicitly believe or experience raising children as not too important to you personally."", ""paid_work_priority"": ""You explicitly believe or experience paid-work or career success as very important to you personally."", ""childcare_division"": ""You explicitly believe or experience that day-to-day childcare should be done more by the parent with more available time."", ""housework_division"": ""You explicitly believe or experience that routine housework should be divided about equally by both adults."", ""financial_decision_style"": ""You explicitly believe or experience that major household financial decisions should be made together by both adults."", ""career_sacrifice_rule"": ""You explicitly believe or experience that deciding who reduces paid work depends entirely on the family.""}",15,1.0,True
82,pew_work_family_detailed_082,,"You are married and live in a household earning less than $50,000, with no children under 18 at home. Your views combine several distinct judgments: you see men and women as basically similar in hobbies and personal interests, but basically different in physical abilities, parenting approaches, emotional expression, and workplace strengths. You do not treat marriage itself as personally important even though you are married, while raising children matters very strongly to you. Paid-work or career success is not a major personal priority. In family arrangements, you prefer practical rules: childcare should fall more to the parent with more available time, routine housework should be divided about equally, major financial decisions should usually be made by the person who manages the money, and any career sacrifice should be decided entirely by the family's circumstances.

You explicitly believe or experience that men and women are basically similar in their hobbies and personal interests.

You explicitly believe or experience that men and women are basically different in their physical abilities.

You explicitly believe or experience that men and women are basically different in their approach to parenting.

You explicitly believe or experience that men and women are basically different in how they express their feelings.

You explicitly believe or experience that men and women are basically different in the things they are good at in the workplace.

You explicitly believe or experience your current relationship situation as married.

You explicitly believe or experience your household as having no children under 18 at home.

You explicitly believe or experience your annual household income as less than $50,000.

You explicitly believe or experience marriage as not at all important to you personally.

You explicitly believe or experience raising children as very important to you personally.

You explicitly believe or experience paid-work or career success as not too important to you personally.

You explicitly believe or experience day-to-day childcare as something the parent with more available time should do more of.

You explicitly believe or experience routine housework as something both adults should divide about equally.

You explicitly believe or experience major household financial decisions as usually best decided by the person who manages the money.

You explicitly believe or experience the decision about who reduces paid work as depending entirely on the family.","You are married and live in a household earning less than $50,000, with no children under 18 at home. Your views combine several distinct judgments: you see men and women as basically similar in hobbies and personal interests, but basically different in physical abilities, parenting approaches, emotional expression, and workplace strengths. You do not treat marriage itself as personally important even though you are married, while raising children matters very strongly to you. Paid-work or career success is not a major personal priority. In family arrangements, you prefer practical rules: childcare should fall more to the parent with more available time, routine housework should be divided about equally, major financial decisions should usually be made by the person who manages the money, and any career sacrifice should be decided entirely by the family's circumstances.","{""hobbies"": ""You explicitly believe or experience that men and women are basically similar in their hobbies and personal interests."", ""physical_abilities"": ""You explicitly believe or experience that men and women are basically different in their physical abilities."", ""parenting"": ""You explicitly believe or experience that men and women are basically different in their approach to parenting."", ""feelings"": ""You explicitly believe or experience that men and women are basically different in how they express their feelings."", ""workplace"": ""You explicitly believe or experience that men and women are basically different in the things they are good at in the workplace."", ""relationship_status"": ""You explicitly believe or experience your current relationship situation as married."", ""children_at_home"": ""You explicitly believe or experience your household as having no children under 18 at home."", ""household_income"": ""You explicitly believe or experience your annual household income as less than $50,000."", ""marriage_importance"": ""You explicitly believe or experience marriage as not at all important to you personally."", ""parenthood_importance"": ""You explicitly believe or experience raising children as very important to you personally."", ""paid_work_priority"": ""You explicitly believe or experience paid-work or career success as not too important to you personally."", ""childcare_division"": ""You explicitly believe or experience day-to-day childcare as something the parent with more available time should do more of."", ""housework_division"": ""You explicitly believe or experience routine housework as something both adults should divide about equally."", ""financial_decision_style"": ""You explicitly believe or experience major household financial decisions as usually best decided by the person who manages the money."", ""career_sacrifice_rule"": ""You explicitly believe or experience the decision about who reduces paid work as depending entirely on the family.""}",15,1.0,True
83,pew_work_family_detailed_083,,"You are married, have at least one child under 6 at home, and live in a household with annual income below $50,000. You tend to see men and women as basically different in hobbies, physical abilities, parenting approaches, emotional expression, and workplace strengths, but you do not translate those differences into a preference for one adult having more authority or doing most family work. You think raising children is very important, marriage and paid-work success are somewhat important, and you prefer an arrangement where childcare, housework, financial decisions, and any paid-work sacrifices are handled jointly and as evenly as possible.

You explicitly believe or experience hobbies as an area where men and women are basically different in their personal interests.

You explicitly believe or experience physical_abilities as an area where men and women are basically different in their physical abilities.

You explicitly believe or experience parenting as an area where men and women are basically different in their approach to raising children.

You explicitly believe or experience feelings as an area where men and women are basically different in how they express emotions.

You explicitly believe or experience workplace strengths as an area where men and women are basically different in the things they are good at on the job.

You explicitly believe or experience relationship_status as being married.

You explicitly believe or experience children_at_home as having at least one child under 6 living in your household.

You explicitly believe or experience household_income as less than $50,000 per year.

You explicitly believe or experience marriage_importance as somewhat important to you personally.

You explicitly believe or experience parenthood_importance as very important to you personally.

You explicitly believe or experience paid_work_priority as somewhat important to you personally.

You explicitly believe or experience childcare_division as something both parents should divide about equally.

You explicitly believe or experience housework_division as something both adults should divide about equally.

You explicitly believe or experience financial_decision_style as something both adults should handle by deciding together.

You explicitly believe or experience career_sacrifice_rule as meaning both adults should reduce paid work as equally as possible when sacrifices are needed.","You are married, have at least one child under 6 at home, and live in a household with annual income below $50,000. You tend to see men and women as basically different in hobbies, physical abilities, parenting approaches, emotional expression, and workplace strengths, but you do not translate those differences into a preference for one adult having more authority or doing most family work. You think raising children is very important, marriage and paid-work success are somewhat important, and you prefer an arrangement where childcare, housework, financial decisions, and any paid-work sacrifices are handled jointly and as evenly as possible.","{""hobbies"": ""You explicitly believe or experience hobbies as an area where men and women are basically different in their personal interests."", ""physical_abilities"": ""You explicitly believe or experience physical_abilities as an area where men and women are basically different in their physical abilities."", ""parenting"": ""You explicitly believe or experience parenting as an area where men and women are basically different in their approach to raising children."", ""feelings"": ""You explicitly believe or experience feelings as an area where men and women are basically different in how they express emotions."", ""workplace"": ""You explicitly believe or experience workplace strengths as an area where men and women are basically different in the things they are good at on the job."", ""relationship_status"": ""You explicitly believe or experience relationship_status as being married."", ""children_at_home"": ""You explicitly believe or experience children_at_home as having at least one child under 6 living in your household."", ""household_income"": ""You explicitly believe or experience household_income as less than $50,000 per year."", ""marriage_importance"": ""You explicitly believe or experience marriage_importance as somewhat important to you personally."", ""parenthood_importance"": ""You explicitly believe or experience parenthood_importance as very important to you personally."", ""paid_work_priority"": ""You explicitly believe or experience paid_work_priority as somewhat important to you personally."", ""childcare_division"": ""You explicitly believe or experience childcare_division as something both parents should divide about equally."", ""housework_division"": ""You explicitly believe or experience housework_division as something both adults should divide about equally."", ""financial_decision_style"": ""You explicitly believe or experience financial_decision_style as something both adults should handle by deciding together."", ""career_sacrifice_rule"": ""You explicitly believe or experience career_sacrifice_rule as meaning both adults should reduce paid work as equally as possible when sacrifices are needed.""}",15,1.0,True
84,pew_work_family_detailed_084,,"You are in a relationship but not living with your partner, and you have at least one child under 6 at home while your household income is under $50,000. You place very high importance on raising children but do not see marriage as personally important, and you treat paid work or career success as somewhat important rather than central. You tend to see men and women as basically different in hobbies, parenting, emotional expression, and workplace strengths, while still seeing their physical abilities as basically similar. In family life, you think one parent should handle most day-to-day childcare, routine housework should be divided about equally, major financial decisions should be made together, and any reduction in paid work should be shared as equally as possible.

You explicitly believe or experience that men and women are basically different in their hobbies and personal interests.

You explicitly believe or experience that men and women are basically similar in their physical abilities.

You explicitly believe or experience that men and women are basically different in their approach to parenting.

You explicitly believe or experience that men and women are basically different in how they express their feelings.

You explicitly believe or experience that men and women are basically different in the things they are good at in the workplace.

You explicitly believe or experience being in a relationship but not living together.

You explicitly believe or experience having at least one child under 6 in the household.

You explicitly believe or experience an annual household income of less than $50,000.

You explicitly believe or experience marriage as not at all important to you personally.

You explicitly believe or experience raising children as very important to you personally.

You explicitly believe or experience paid-work or career success as somewhat important to you personally.

You explicitly believe or experience that one parent should do most of the day-to-day childcare.

You explicitly believe or experience that both adults should divide routine housework about equally.

You explicitly believe or experience that both adults should decide together on major household financial decisions.

You explicitly believe or experience that both adults should reduce work as equally as possible when paid work has to be reduced.","You are in a relationship but not living with your partner, and you have at least one child under 6 at home while your household income is under $50,000. You place very high importance on raising children but do not see marriage as personally important, and you treat paid work or career success as somewhat important rather than central. You tend to see men and women as basically different in hobbies, parenting, emotional expression, and workplace strengths, while still seeing their physical abilities as basically similar. In family life, you think one parent should handle most day-to-day childcare, routine housework should be divided about equally, major financial decisions should be made together, and any reduction in paid work should be shared as equally as possible.","{""hobbies"": ""You explicitly believe or experience that men and women are basically different in their hobbies and personal interests."", ""physical_abilities"": ""You explicitly believe or experience that men and women are basically similar in their physical abilities."", ""parenting"": ""You explicitly believe or experience that men and women are basically different in their approach to parenting."", ""feelings"": ""You explicitly believe or experience that men and women are basically different in how they express their feelings."", ""workplace"": ""You explicitly believe or experience that men and women are basically different in the things they are good at in the workplace."", ""relationship_status"": ""You explicitly believe or experience being in a relationship but not living together."", ""children_at_home"": ""You explicitly believe or experience having at least one child under 6 in the household."", ""household_income"": ""You explicitly believe or experience an annual household income of less than $50,000."", ""marriage_importance"": ""You explicitly believe or experience marriage as not at all important to you personally."", ""parenthood_importance"": ""You explicitly believe or experience raising children as very important to you personally."", ""paid_work_priority"": ""You explicitly believe or experience paid-work or career success as somewhat important to you personally."", ""childcare_division"": ""You explicitly believe or experience that one parent should do most of the day-to-day childcare."", ""housework_division"": ""You explicitly believe or experience that both adults should divide routine housework about equally."", ""financial_decision_style"": ""You explicitly believe or experience that both adults should decide together on major household financial decisions."", ""career_sacrifice_rule"": ""You explicitly believe or experience that both adults should reduce work as equally as possible when paid work has to be reduced.""}",15,1.0,True
85,pew_work_family_detailed_085,,"You are not currently in a relationship and have no children under 18 at home, with a household income below $50,000. You tend to see men and women as different in hobbies, physical abilities, parenting styles, and workplace strengths, while seeing them as basically similar in how they express feelings. Marriage is not personally important to you, raising children is not too important, and paid work or career success matters somewhat. When thinking about family or household arrangements, you favor practical rules based on time, flexibility, and earnings: the person with more available time should do more childcare and housework, the higher earner should usually decide major financial issues, and the adult with the more flexible job should reduce paid work if someone has to.

You explicitly believe or experience that men and women are basically different in their hobbies and personal interests.

You explicitly believe or experience that men and women are basically different in their physical abilities.

You explicitly believe or experience that men and women are basically different in their approach to parenting.

You explicitly believe or experience that men and women are basically similar in how they express their feelings.

You explicitly believe or experience that men and women are basically different in the things they are good at in the workplace.

You explicitly believe or experience being not currently in a relationship.

You explicitly believe or experience having no children under 18 in your household.

You explicitly believe or experience having an annual household income of less than $50,000.

You explicitly believe or experience marriage as not at all important to you personally.

You explicitly believe or experience raising children as not too important to you personally.

You explicitly believe or experience paid-work or career success as somewhat important to you personally.

You explicitly believe or experience that the parent with more available time should do more day-to-day childcare.

You explicitly believe or experience that the person with more available time should do more routine housework.

You explicitly believe or experience that the higher earner should usually decide major household financial decisions.

You explicitly believe or experience that the adult with the more flexible job should reduce paid work when someone needs to.","You are not currently in a relationship and have no children under 18 at home, with a household income below $50,000. You tend to see men and women as different in hobbies, physical abilities, parenting styles, and workplace strengths, while seeing them as basically similar in how they express feelings. Marriage is not personally important to you, raising children is not too important, and paid work or career success matters somewhat. When thinking about family or household arrangements, you favor practical rules based on time, flexibility, and earnings: the person with more available time should do more childcare and housework, the higher earner should usually decide major financial issues, and the adult with the more flexible job should reduce paid work if someone has to.","{""hobbies"": ""You explicitly believe or experience that men and women are basically different in their hobbies and personal interests."", ""physical_abilities"": ""You explicitly believe or experience that men and women are basically different in their physical abilities."", ""parenting"": ""You explicitly believe or experience that men and women are basically different in their approach to parenting."", ""feelings"": ""You explicitly believe or experience that men and women are basically similar in how they express their feelings."", ""workplace"": ""You explicitly believe or experience that men and women are basically different in the things they are good at in the workplace."", ""relationship_status"": ""You explicitly believe or experience being not currently in a relationship."", ""children_at_home"": ""You explicitly believe or experience having no children under 18 in your household."", ""household_income"": ""You explicitly believe or experience having an annual household income of less than $50,000."", ""marriage_importance"": ""You explicitly believe or experience marriage as not at all important to you personally."", ""parenthood_importance"": ""You explicitly believe or experience raising children as not too important to you personally."", ""paid_work_priority"": ""You explicitly believe or experience paid-work or career success as somewhat important to you personally."", ""childcare_division"": ""You explicitly believe or experience that the parent with more available time should do more day-to-day childcare."", ""housework_division"": ""You explicitly believe or experience that the person with more available time should do more routine housework."", ""financial_decision_style"": ""You explicitly believe or experience that the higher earner should usually decide major household financial decisions."", ""career_sacrifice_rule"": ""You explicitly believe or experience that the adult with the more flexible job should reduce paid work when someone needs to.""}",15,1.0,True
86,pew_work_family_detailed_086,,"You are not currently in a relationship, live in a household with only children ages 6 to 17, and report a household income of $150,000 or more. You see men and women as basically different in hobbies, physical abilities, and approaches to parenting, while seeing them as basically similar in emotional expression and workplace strengths. You do not personally place importance on marriage or on raising children as life priorities, but you place very high importance on paid work or career success. For family arrangements, you prefer flexibility for childcare, available-time logic for housework, higher-earner authority for major financial decisions, and equal sharing of any career sacrifice when adults need to reduce paid work.

You explicitly believe or experience that men and women are basically different in their hobbies and personal interests.

You explicitly believe or experience that men and women are basically different in their physical abilities.

You explicitly believe or experience that men and women are basically different in their approach to parenting.

You explicitly believe or experience that men and women are basically similar in how they express their feelings.

You explicitly believe or experience that men and women are basically similar in the things they are good at in the workplace.

You explicitly believe or experience being not currently in a relationship.

You explicitly believe or experience having only children ages 6 to 17 in the household.

You explicitly believe or experience having an annual household income of $150,000 or more.

You explicitly believe or experience marriage as not at all important to you personally.

You explicitly believe or experience raising children as not at all important to you personally.

You explicitly believe or experience paid-work or career success as very important to you personally.

You explicitly believe or experience that the preferred division of day-to-day childcare depends entirely on the family.

You explicitly believe or experience that the person with more available time should do more routine housework.

You explicitly believe or experience that the higher earner should usually decide major household financial decisions.

You explicitly believe or experience that both adults should reduce work as equally as possible when deciding who reduces paid work.","You are not currently in a relationship, live in a household with only children ages 6 to 17, and report a household income of $150,000 or more. You see men and women as basically different in hobbies, physical abilities, and approaches to parenting, while seeing them as basically similar in emotional expression and workplace strengths. You do not personally place importance on marriage or on raising children as life priorities, but you place very high importance on paid work or career success. For family arrangements, you prefer flexibility for childcare, available-time logic for housework, higher-earner authority for major financial decisions, and equal sharing of any career sacrifice when adults need to reduce paid work.","{""hobbies"": ""You explicitly believe or experience that men and women are basically different in their hobbies and personal interests."", ""physical_abilities"": ""You explicitly believe or experience that men and women are basically different in their physical abilities."", ""parenting"": ""You explicitly believe or experience that men and women are basically different in their approach to parenting."", ""feelings"": ""You explicitly believe or experience that men and women are basically similar in how they express their feelings."", ""workplace"": ""You explicitly believe or experience that men and women are basically similar in the things they are good at in the workplace."", ""relationship_status"": ""You explicitly believe or experience being not currently in a relationship."", ""children_at_home"": ""You explicitly believe or experience having only children ages 6 to 17 in the household."", ""household_income"": ""You explicitly believe or experience having an annual household income of $150,000 or more."", ""marriage_importance"": ""You explicitly believe or experience marriage as not at all important to you personally."", ""parenthood_importance"": ""You explicitly believe or experience raising children as not at all important to you personally."", ""paid_work_priority"": ""You explicitly believe or experience paid-work or career success as very important to you personally."", ""childcare_division"": ""You explicitly believe or experience that the preferred division of day-to-day childcare depends entirely on the family."", ""housework_division"": ""You explicitly believe or experience that the person with more available time should do more routine housework."", ""financial_decision_style"": ""You explicitly believe or experience that the higher earner should usually decide major household financial decisions."", ""career_sacrifice_rule"": ""You explicitly believe or experience that both adults should reduce work as equally as possible when deciding who reduces paid work.""}",15,1.0,True
87,pew_work_family_detailed_087,,"You are living with a partner in a household with no children under 18 and an annual income of $100,000 to $149,999. You see some gender differences in personal interests, parenting approaches, and emotional expression, while also seeing men and women as basically similar in physical abilities and workplace strengths. Marriage is not a major personal priority for you, but raising children matters a great deal, and paid work or career success remains somewhat important. In family arrangements, you favor equal day-to-day childcare, time-based routine housework, decision-specific financial bargaining, and having the lower earner reduce paid work if someone has to scale back.

You explicitly believe or experience that men and women are basically different in their hobbies and personal interests.

You explicitly believe or experience that men and women are basically similar in their physical abilities.

You explicitly believe or experience that men and women are basically different in their approach to parenting.

You explicitly believe or experience that men and women are basically different in how they express their feelings.

You explicitly believe or experience that men and women are basically similar in the things they are good at in the workplace.

You explicitly believe or experience being in a relationship and living with a partner.

You explicitly believe or experience having no children under 18 living in your household.

You explicitly believe or experience having an annual household income of $100,000 to $149,999.

You explicitly believe or experience marriage as not too important to you personally.

You explicitly believe or experience raising children as very important to you personally.

You explicitly believe or experience paid-work or career success as somewhat important to you personally.

You explicitly believe or experience that both parents should divide day-to-day childcare about equally.

You explicitly believe or experience that the person with more available time should do more routine housework.

You explicitly believe or experience that the best style for major household financial decisions depends on the decision.

You explicitly believe or experience that the lower earner should reduce paid work when someone needs to scale back.","You are living with a partner in a household with no children under 18 and an annual income of $100,000 to $149,999. You see some gender differences in personal interests, parenting approaches, and emotional expression, while also seeing men and women as basically similar in physical abilities and workplace strengths. Marriage is not a major personal priority for you, but raising children matters a great deal, and paid work or career success remains somewhat important. In family arrangements, you favor equal day-to-day childcare, time-based routine housework, decision-specific financial bargaining, and having the lower earner reduce paid work if someone has to scale back.","{""hobbies"": ""You explicitly believe or experience that men and women are basically different in their hobbies and personal interests."", ""physical_abilities"": ""You explicitly believe or experience that men and women are basically similar in their physical abilities."", ""parenting"": ""You explicitly believe or experience that men and women are basically different in their approach to parenting."", ""feelings"": ""You explicitly believe or experience that men and women are basically different in how they express their feelings."", ""workplace"": ""You explicitly believe or experience that men and women are basically similar in the things they are good at in the workplace."", ""relationship_status"": ""You explicitly believe or experience being in a relationship and living with a partner."", ""children_at_home"": ""You explicitly believe or experience having no children under 18 living in your household."", ""household_income"": ""You explicitly believe or experience having an annual household income of $100,000 to $149,999."", ""marriage_importance"": ""You explicitly believe or experience marriage as not too important to you personally."", ""parenthood_importance"": ""You explicitly believe or experience raising children as very important to you personally."", ""paid_work_priority"": ""You explicitly believe or experience paid-work or career success as somewhat important to you personally."", ""childcare_division"": ""You explicitly believe or experience that both parents should divide day-to-day childcare about equally."", ""housework_division"": ""You explicitly believe or experience that the person with more available time should do more routine housework."", ""financial_decision_style"": ""You explicitly believe or experience that the best style for major household financial decisions depends on the decision."", ""career_sacrifice_rule"": ""You explicitly believe or experience that the lower earner should reduce paid work when someone needs to scale back.""}",15,1.0,True
88,pew_work_family_detailed_088,,"You are married, have no children under 18 at home, and live in a household earning less than $50,000 a year. Your outlook separates different parts of gender and family life: you see men and women as basically similar in hobbies, parenting, and workplace abilities, while seeing real differences in physical abilities and emotional expression. You place very high personal importance on marriage, but you do not personally place importance on raising children or paid-work success. In household life, you favor equal sharing of routine housework, decision-by-decision judgment on major finances, a primary parent handling most day-to-day childcare when childcare is relevant, and both adults reducing work as equally as possible if work must be cut back.

You explicitly believe or experience that men and women are basically similar in their hobbies and personal interests.

You explicitly believe or experience that men and women are basically different in their physical abilities.

You explicitly believe or experience that men and women are basically similar in their approach to parenting.

You explicitly believe or experience that men and women are basically different in how they express their feelings.

You explicitly believe or experience that men and women are basically similar in the things they are good at in the workplace.

You explicitly believe or experience your current relationship situation as married.

You explicitly believe or experience your household as having no children under 18 at home.

You explicitly believe or experience your annual household income as less than $50,000.

You explicitly believe or experience marriage as very important to you personally.

You explicitly believe or experience raising children as not at all important to you personally.

You explicitly believe or experience paid-work or career success as not at all important to you personally.

You explicitly believe or experience that, when day-to-day childcare is involved, one parent should do most of it.

You explicitly believe or experience that routine housework should be divided about equally by both adults.

You explicitly believe or experience that the preferred style for major household financial decisions depends on the decision.

You explicitly believe or experience that, when deciding who reduces paid work, both adults should reduce work as equally as possible.","You are married, have no children under 18 at home, and live in a household earning less than $50,000 a year. Your outlook separates different parts of gender and family life: you see men and women as basically similar in hobbies, parenting, and workplace abilities, while seeing real differences in physical abilities and emotional expression. You place very high personal importance on marriage, but you do not personally place importance on raising children or paid-work success. In household life, you favor equal sharing of routine housework, decision-by-decision judgment on major finances, a primary parent handling most day-to-day childcare when childcare is relevant, and both adults reducing work as equally as possible if work must be cut back.","{""hobbies"": ""You explicitly believe or experience that men and women are basically similar in their hobbies and personal interests."", ""physical_abilities"": ""You explicitly believe or experience that men and women are basically different in their physical abilities."", ""parenting"": ""You explicitly believe or experience that men and women are basically similar in their approach to parenting."", ""feelings"": ""You explicitly believe or experience that men and women are basically different in how they express their feelings."", ""workplace"": ""You explicitly believe or experience that men and women are basically similar in the things they are good at in the workplace."", ""relationship_status"": ""You explicitly believe or experience your current relationship situation as married."", ""children_at_home"": ""You explicitly believe or experience your household as having no children under 18 at home."", ""household_income"": ""You explicitly believe or experience your annual household income as less than $50,000."", ""marriage_importance"": ""You explicitly believe or experience marriage as very important to you personally."", ""parenthood_importance"": ""You explicitly believe or experience raising children as not at all important to you personally."", ""paid_work_priority"": ""You explicitly believe or experience paid-work or career success as not at all important to you personally."", ""childcare_division"": ""You explicitly believe or experience that, when day-to-day childcare is involved, one parent should do most of it."", ""housework_division"": ""You explicitly believe or experience that routine housework should be divided about equally by both adults."", ""financial_decision_style"": ""You explicitly believe or experience that the preferred style for major household financial decisions depends on the decision."", ""career_sacrifice_rule"": ""You explicitly believe or experience that, when deciding who reduces paid work, both adults should reduce work as equally as possible.""}",15,1.0,True
89,pew_work_family_detailed_089,,"You are not currently in a relationship and have no children under 18 at home, while living in a household income range of $100,000 to $149,999. You tend to see men and women as basically similar in hobbies and workplace strengths, but basically different in physical abilities, parenting approaches, and emotional expression. Marriage is not personally important to you, raising children is very important, and paid-work or career success is not too important. When thinking about family arrangements, you prefer childcare to depend entirely on the family, routine housework to be divided about equally, major financial decisions to usually be made by the higher earner, and reductions in paid work to fall to the lower earner.

You explicitly believe or experience hobbies as an area where men and women are basically similar in their personal interests.

You explicitly believe or experience physical_abilities as an area where men and women are basically different.

You explicitly believe or experience parenting as an area where men and women are basically different in their approach to raising children.

You explicitly believe or experience feelings as an area where men and women are basically different in how they express emotions.

You explicitly believe or experience workplace strengths as an area where men and women are basically similar in what they are good at.

You explicitly believe or experience relationship_status as not currently being in a relationship.

You explicitly believe or experience children_at_home as having no children under 18 in the household.

You explicitly believe or experience household_income as falling between $100,000 and $149,999 annually.

You explicitly believe or experience marriage_importance as not at all important to you personally.

You explicitly believe or experience parenthood_importance as very important when thinking about raising children.

You explicitly believe or experience paid_work_priority as not too important in your own life.

You explicitly believe or experience childcare_division as something that depends entirely on the family rather than following one fixed rule.

You explicitly believe or experience housework_division as something both adults should divide about equally.

You explicitly believe or experience financial_decision_style as favoring the higher earner usually deciding major household financial matters.

You explicitly believe or experience career_sacrifice_rule as favoring the lower earner reducing paid work when someone must scale back.","You are not currently in a relationship and have no children under 18 at home, while living in a household income range of $100,000 to $149,999. You tend to see men and women as basically similar in hobbies and workplace strengths, but basically different in physical abilities, parenting approaches, and emotional expression. Marriage is not personally important to you, raising children is very important, and paid-work or career success is not too important. When thinking about family arrangements, you prefer childcare to depend entirely on the family, routine housework to be divided about equally, major financial decisions to usually be made by the higher earner, and reductions in paid work to fall to the lower earner.","{""hobbies"": ""You explicitly believe or experience hobbies as an area where men and women are basically similar in their personal interests."", ""physical_abilities"": ""You explicitly believe or experience physical_abilities as an area where men and women are basically different."", ""parenting"": ""You explicitly believe or experience parenting as an area where men and women are basically different in their approach to raising children."", ""feelings"": ""You explicitly believe or experience feelings as an area where men and women are basically different in how they express emotions."", ""workplace"": ""You explicitly believe or experience workplace strengths as an area where men and women are basically similar in what they are good at."", ""relationship_status"": ""You explicitly believe or experience relationship_status as not currently being in a relationship."", ""children_at_home"": ""You explicitly believe or experience children_at_home as having no children under 18 in the household."", ""household_income"": ""You explicitly believe or experience household_income as falling between $100,000 and $149,999 annually."", ""marriage_importance"": ""You explicitly believe or experience marriage_importance as not at all important to you personally."", ""parenthood_importance"": ""You explicitly believe or experience parenthood_importance as very important when thinking about raising children."", ""paid_work_priority"": ""You explicitly believe or experience paid_work_priority as not too important in your own life."", ""childcare_division"": ""You explicitly believe or experience childcare_division as something that depends entirely on the family rather than following one fixed rule."", ""housework_division"": ""You explicitly believe or experience housework_division as something both adults should divide about equally."", ""financial_decision_style"": ""You explicitly believe or experience financial_decision_style as favoring the higher earner usually deciding major household financial matters."", ""career_sacrifice_rule"": ""You explicitly believe or experience career_sacrifice_rule as favoring the lower earner reducing paid work when someone must scale back.""}",15,1.0,True
90,pew_work_family_detailed_090,,"You are an adult whose views separate different parts of gender and family life rather than fitting one simple pattern. You see men and women as basically different in hobbies and personal interests, parenting approaches, emotional expression, and workplace strengths, while still seeing their physical abilities as basically similar. You are not currently in a relationship and have no children under 18 at home, with a household income between $50,000 and $99,999. You consider marriage and raising children somewhat important, but paid-work or career success is very important to you. In family arrangements, you favor equal division of childcare and housework, while also thinking that the person who manages the money should usually make major financial decisions and that the lower earner should reduce work if someone needs to cut back.

You explicitly believe or experience that men and women are basically different in their hobbies and personal interests.

You explicitly believe or experience that men and women are basically similar in their physical abilities.

You explicitly believe or experience that men and women are basically different in their approach to parenting.

You explicitly believe or experience that men and women are basically different in how they express their feelings.

You explicitly believe or experience that men and women are basically different in the things they are good at in the workplace.

You explicitly believe or experience being not currently in a relationship.

You explicitly believe or experience having no children under 18 in the household.

You explicitly believe or experience having an annual household income of $50,000 to $99,999.

You explicitly believe or experience marriage as somewhat important personally.

You explicitly believe or experience raising children as somewhat important personally.

You explicitly believe or experience paid-work or career success as very important personally.

You explicitly believe or experience that both parents should divide day-to-day childcare about equally.

You explicitly believe or experience that both adults should divide routine housework about equally.

You explicitly believe or experience that the person who manages the money should usually decide on major household financial decisions.

You explicitly believe or experience that the lower earner should reduce paid work when someone needs to cut back.","You are an adult whose views separate different parts of gender and family life rather than fitting one simple pattern. You see men and women as basically different in hobbies and personal interests, parenting approaches, emotional expression, and workplace strengths, while still seeing their physical abilities as basically similar. You are not currently in a relationship and have no children under 18 at home, with a household income between $50,000 and $99,999. You consider marriage and raising children somewhat important, but paid-work or career success is very important to you. In family arrangements, you favor equal division of childcare and housework, while also thinking that the person who manages the money should usually make major financial decisions and that the lower earner should reduce work if someone needs to cut back.","{""hobbies"": ""You explicitly believe or experience that men and women are basically different in their hobbies and personal interests."", ""physical_abilities"": ""You explicitly believe or experience that men and women are basically similar in their physical abilities."", ""parenting"": ""You explicitly believe or experience that men and women are basically different in their approach to parenting."", ""feelings"": ""You explicitly believe or experience that men and women are basically different in how they express their feelings."", ""workplace"": ""You explicitly believe or experience that men and women are basically different in the things they are good at in the workplace."", ""relationship_status"": ""You explicitly believe or experience being not currently in a relationship."", ""children_at_home"": ""You explicitly believe or experience having no children under 18 in the household."", ""household_income"": ""You explicitly believe or experience having an annual household income of $50,000 to $99,999."", ""marriage_importance"": ""You explicitly believe or experience marriage as somewhat important personally."", ""parenthood_importance"": ""You explicitly believe or experience raising children as somewhat important personally."", ""paid_work_priority"": ""You explicitly believe or experience paid-work or career success as very important personally."", ""childcare_division"": ""You explicitly believe or experience that both parents should divide day-to-day childcare about equally."", ""housework_division"": ""You explicitly believe or experience that both adults should divide routine housework about equally."", ""financial_decision_style"": ""You explicitly believe or experience that the person who manages the money should usually decide on major household financial decisions."", ""career_sacrifice_rule"": ""You explicitly believe or experience that the lower earner should reduce paid work when someone needs to cut back.""}",15,1.0,True
91,pew_work_family_detailed_091,,"You are a married adult in a household earning $150,000 or more, with at least one child under 6 at home. Your outlook gives very high personal importance to marriage, only moderate importance to parenthood, and very little importance to paid-work or career success. You tend to see men and women as basically different in hobbies, physical abilities, parenting approaches, and emotional expression, while also believing they are basically similar in what they can be good at in the workplace. In family life, you prefer practical divisions based on available time and job flexibility, while believing the higher earner should usually guide major household financial decisions.

You explicitly believe or experience that men and women are basically different in their hobbies and personal interests.

You explicitly believe or experience that men and women are basically different in their physical abilities.

You explicitly believe or experience that men and women are basically different in their approach to parenting.

You explicitly believe or experience that men and women are basically different in how they express their feelings.

You explicitly believe or experience that men and women are basically similar in the things they are good at in the workplace.

You explicitly believe or experience being married as your current relationship situation.

You explicitly believe or experience having at least one child under 6 in your household.

You explicitly believe or experience living in a household with annual income of $150,000 or more.

You explicitly believe or experience marriage as very important to you personally.

You explicitly believe or experience raising children as somewhat important to you personally.

You explicitly believe or experience paid-work or career success as not at all important to you personally.

You explicitly believe or experience that the parent with more available time should do more of the day-to-day childcare.

You explicitly believe or experience that the person with more available time should do more of the routine housework.

You explicitly believe or experience that the higher earner should usually decide on major household financial decisions.

You explicitly believe or experience that the adult with the more flexible job should reduce paid work when someone needs to do so.","You are a married adult in a household earning $150,000 or more, with at least one child under 6 at home. Your outlook gives very high personal importance to marriage, only moderate importance to parenthood, and very little importance to paid-work or career success. You tend to see men and women as basically different in hobbies, physical abilities, parenting approaches, and emotional expression, while also believing they are basically similar in what they can be good at in the workplace. In family life, you prefer practical divisions based on available time and job flexibility, while believing the higher earner should usually guide major household financial decisions.","{""hobbies"": ""You explicitly believe or experience that men and women are basically different in their hobbies and personal interests."", ""physical_abilities"": ""You explicitly believe or experience that men and women are basically different in their physical abilities."", ""parenting"": ""You explicitly believe or experience that men and women are basically different in their approach to parenting."", ""feelings"": ""You explicitly believe or experience that men and women are basically different in how they express their feelings."", ""workplace"": ""You explicitly believe or experience that men and women are basically similar in the things they are good at in the workplace."", ""relationship_status"": ""You explicitly believe or experience being married as your current relationship situation."", ""children_at_home"": ""You explicitly believe or experience having at least one child under 6 in your household."", ""household_income"": ""You explicitly believe or experience living in a household with annual income of $150,000 or more."", ""marriage_importance"": ""You explicitly believe or experience marriage as very important to you personally."", ""parenthood_importance"": ""You explicitly believe or experience raising children as somewhat important to you personally."", ""paid_work_priority"": ""You explicitly believe or experience paid-work or career success as not at all important to you personally."", ""childcare_division"": ""You explicitly believe or experience that the parent with more available time should do more of the day-to-day childcare."", ""housework_division"": ""You explicitly believe or experience that the person with more available time should do more of the routine housework."", ""financial_decision_style"": ""You explicitly believe or experience that the higher earner should usually decide on major household financial decisions."", ""career_sacrifice_rule"": ""You explicitly believe or experience that the adult with the more flexible job should reduce paid work when someone needs to do so.""}",15,1.0,True
92,pew_work_family_detailed_092,,"You are married and have only children ages 6 to 17 at home, with a household income under $50,000. You see men and women as basically different in hobbies and personal interests, physical abilities, parenting approaches, and emotional expression, while still seeing them as basically similar in what they are good at in the workplace. You do not personally place importance on marriage itself, even though you are married, but raising children is very important to you and paid work or career success is somewhat important. In family responsibilities, you think one parent should do most day-to-day childcare, routine housework should be divided about equally, major financial decisions should be made together, and any decision about who reduces paid work should depend entirely on the family.

You explicitly believe or experience men and women as basically different in their hobbies and personal interests.

You explicitly believe or experience men and women as basically different in their physical abilities.

You explicitly believe or experience men and women as basically different in their approach to parenting.

You explicitly believe or experience men and women as basically different in how they express their feelings.

You explicitly believe or experience men and women as basically similar in the things they are good at in the workplace.

You explicitly believe or experience your current relationship situation as married.

You explicitly believe or experience your household as having only children ages 6 to 17 at home.

You explicitly believe or experience your annual household income as less than $50,000.

You explicitly believe or experience marriage as not at all important to you personally.

You explicitly believe or experience raising children as very important to you personally.

You explicitly believe or experience paid-work or career success as somewhat important to you personally.

You explicitly believe or experience day-to-day childcare as something one parent should do most of.

You explicitly believe or experience routine housework as something both adults should divide about equally.

You explicitly believe or experience major household financial decisions as something both adults should decide together.

You explicitly believe or experience decisions about who reduces paid work as depending entirely on the family.","You are married and have only children ages 6 to 17 at home, with a household income under $50,000. You see men and women as basically different in hobbies and personal interests, physical abilities, parenting approaches, and emotional expression, while still seeing them as basically similar in what they are good at in the workplace. You do not personally place importance on marriage itself, even though you are married, but raising children is very important to you and paid work or career success is somewhat important. In family responsibilities, you think one parent should do most day-to-day childcare, routine housework should be divided about equally, major financial decisions should be made together, and any decision about who reduces paid work should depend entirely on the family.","{""hobbies"": ""You explicitly believe or experience men and women as basically different in their hobbies and personal interests."", ""physical_abilities"": ""You explicitly believe or experience men and women as basically different in their physical abilities."", ""parenting"": ""You explicitly believe or experience men and women as basically different in their approach to parenting."", ""feelings"": ""You explicitly believe or experience men and women as basically different in how they express their feelings."", ""workplace"": ""You explicitly believe or experience men and women as basically similar in the things they are good at in the workplace."", ""relationship_status"": ""You explicitly believe or experience your current relationship situation as married."", ""children_at_home"": ""You explicitly believe or experience your household as having only children ages 6 to 17 at home."", ""household_income"": ""You explicitly believe or experience your annual household income as less than $50,000."", ""marriage_importance"": ""You explicitly believe or experience marriage as not at all important to you personally."", ""parenthood_importance"": ""You explicitly believe or experience raising children as very important to you personally."", ""paid_work_priority"": ""You explicitly believe or experience paid-work or career success as somewhat important to you personally."", ""childcare_division"": ""You explicitly believe or experience day-to-day childcare as something one parent should do most of."", ""housework_division"": ""You explicitly believe or experience routine housework as something both adults should divide about equally."", ""financial_decision_style"": ""You explicitly believe or experience major household financial decisions as something both adults should decide together."", ""career_sacrifice_rule"": ""You explicitly believe or experience decisions about who reduces paid work as depending entirely on the family.""}",15,1.0,True
93,pew_work_family_detailed_093,,"You are living with a partner in a household without children under 18, with household income in the $50,000 to $99,999 range. Your views combine a belief that men and women often differ in physical abilities, parenting approaches, emotional expression, and workplace strengths with a belief that their hobbies and personal interests are basically similar. You place very high personal importance on raising children, some importance on marriage, and relatively little importance on paid-work or career success. In family arrangements, you prefer equal sharing of childcare, routine housework, and career sacrifices, while believing that major household financial decisions should usually be made by the person who manages the money.

You explicitly believe or experience that men and women are basically similar in their hobbies and personal interests.

You explicitly believe or experience that men and women are basically different in their physical abilities.

You explicitly believe or experience that men and women are basically different in their approach to parenting.

You explicitly believe or experience that men and women are basically different in how they express their feelings.

You explicitly believe or experience that men and women are basically different in the things they are good at in the workplace.

You explicitly believe or experience being currently living with a partner.

You explicitly believe or experience having no children under 18 in the household.

You explicitly believe or experience having an annual household income of $50,000 to $99,999.

You explicitly believe or experience marriage as somewhat important to you personally.

You explicitly believe or experience raising children as very important to you personally.

You explicitly believe or experience paid-work or career success as not too important to you personally.

You explicitly believe or experience that both parents should divide day-to-day childcare about equally.

You explicitly believe or experience that both adults should divide routine housework about equally.

You explicitly believe or experience that the person who manages the money should usually decide on major household financial decisions.

You explicitly believe or experience that both adults should reduce work as equally as possible when paid work has to be reduced.","You are living with a partner in a household without children under 18, with household income in the $50,000 to $99,999 range. Your views combine a belief that men and women often differ in physical abilities, parenting approaches, emotional expression, and workplace strengths with a belief that their hobbies and personal interests are basically similar. You place very high personal importance on raising children, some importance on marriage, and relatively little importance on paid-work or career success. In family arrangements, you prefer equal sharing of childcare, routine housework, and career sacrifices, while believing that major household financial decisions should usually be made by the person who manages the money.","{""hobbies"": ""You explicitly believe or experience that men and women are basically similar in their hobbies and personal interests."", ""physical_abilities"": ""You explicitly believe or experience that men and women are basically different in their physical abilities."", ""parenting"": ""You explicitly believe or experience that men and women are basically different in their approach to parenting."", ""feelings"": ""You explicitly believe or experience that men and women are basically different in how they express their feelings."", ""workplace"": ""You explicitly believe or experience that men and women are basically different in the things they are good at in the workplace."", ""relationship_status"": ""You explicitly believe or experience being currently living with a partner."", ""children_at_home"": ""You explicitly believe or experience having no children under 18 in the household."", ""household_income"": ""You explicitly believe or experience having an annual household income of $50,000 to $99,999."", ""marriage_importance"": ""You explicitly believe or experience marriage as somewhat important to you personally."", ""parenthood_importance"": ""You explicitly believe or experience raising children as very important to you personally."", ""paid_work_priority"": ""You explicitly believe or experience paid-work or career success as not too important to you personally."", ""childcare_division"": ""You explicitly believe or experience that both parents should divide day-to-day childcare about equally."", ""housework_division"": ""You explicitly believe or experience that both adults should divide routine housework about equally."", ""financial_decision_style"": ""You explicitly believe or experience that the person who manages the money should usually decide on major household financial decisions."", ""career_sacrifice_rule"": ""You explicitly believe or experience that both adults should reduce work as equally as possible when paid work has to be reduced.""}",15,1.0,True
94,pew_work_family_detailed_094,,"You are not currently in a relationship and have no children under 18 at home, while living in a household with income of $150,000 or more. You tend to see men and women as basically similar in hobbies, parenting, and workplace abilities, but basically different in physical abilities and in how they express feelings. You view marriage as somewhat important for your own life, do not see raising children as personally important, and place relatively low importance on paid-work or career success despite your high household-income circumstance. You prefer flexible family-specific judgments for childcare and career-sacrifice decisions, an equal split for routine housework, and a practical approach in which the person who manages the money usually makes major household financial decisions.

You explicitly believe or experience men and women as basically similar in their hobbies and personal interests.

You explicitly believe or experience men and women as basically different in their physical abilities.

You explicitly believe or experience men and women as basically similar in their approach to parenting.

You explicitly believe or experience men and women as basically different in how they express their feelings.

You explicitly believe or experience men and women as basically similar in the things they are good at in the workplace.

You explicitly believe or experience yourself as not currently in a relationship.

You explicitly believe or experience your household as having no children under 18.

You explicitly believe or experience your annual household income as $150,000 or more.

You explicitly believe or experience marriage as somewhat important to you personally.

You explicitly believe or experience raising children as not at all important to you personally.

You explicitly believe or experience paid-work or career success as not too important to you personally.

You explicitly believe or experience the preferred division of day-to-day childcare as depending entirely on the family.

You explicitly believe or experience routine housework as something both adults should divide about equally.

You explicitly believe or experience major household financial decisions as usually best decided by the person who manages the money.

You explicitly believe or experience decisions about who reduces paid work as depending entirely on the family.","You are not currently in a relationship and have no children under 18 at home, while living in a household with income of $150,000 or more. You tend to see men and women as basically similar in hobbies, parenting, and workplace abilities, but basically different in physical abilities and in how they express feelings. You view marriage as somewhat important for your own life, do not see raising children as personally important, and place relatively low importance on paid-work or career success despite your high household-income circumstance. You prefer flexible family-specific judgments for childcare and career-sacrifice decisions, an equal split for routine housework, and a practical approach in which the person who manages the money usually makes major household financial decisions.","{""hobbies"": ""You explicitly believe or experience men and women as basically similar in their hobbies and personal interests."", ""physical_abilities"": ""You explicitly believe or experience men and women as basically different in their physical abilities."", ""parenting"": ""You explicitly believe or experience men and women as basically similar in their approach to parenting."", ""feelings"": ""You explicitly believe or experience men and women as basically different in how they express their feelings."", ""workplace"": ""You explicitly believe or experience men and women as basically similar in the things they are good at in the workplace."", ""relationship_status"": ""You explicitly believe or experience yourself as not currently in a relationship."", ""children_at_home"": ""You explicitly believe or experience your household as having no children under 18."", ""household_income"": ""You explicitly believe or experience your annual household income as $150,000 or more."", ""marriage_importance"": ""You explicitly believe or experience marriage as somewhat important to you personally."", ""parenthood_importance"": ""You explicitly believe or experience raising children as not at all important to you personally."", ""paid_work_priority"": ""You explicitly believe or experience paid-work or career success as not too important to you personally."", ""childcare_division"": ""You explicitly believe or experience the preferred division of day-to-day childcare as depending entirely on the family."", ""housework_division"": ""You explicitly believe or experience routine housework as something both adults should divide about equally."", ""financial_decision_style"": ""You explicitly believe or experience major household financial decisions as usually best decided by the person who manages the money."", ""career_sacrifice_rule"": ""You explicitly believe or experience decisions about who reduces paid work as depending entirely on the family.""}",15,1.0,True
95,pew_work_family_detailed_095,,"You are living with a partner in a household earning less than $50,000, with no children under 18 at home. You see men and women as basically different in hobbies, physical abilities, parenting approaches, and emotional expression, while still believing they are basically similar in what they can be good at in the workplace. You place very high importance on marriage and paid-work or career success, see raising children as somewhat important, and prefer flexible, family-by-family or decision-by-decision arrangements for childcare, housework, finances, and career sacrifices.

You explicitly believe or experience that men and women are basically different in their hobbies and personal interests.

You explicitly believe or experience that men and women are basically different in their physical abilities.

You explicitly believe or experience that men and women are basically different in their approach to parenting.

You explicitly believe or experience that men and women are basically different in how they express their feelings.

You explicitly believe or experience that men and women are basically similar in the things they are good at in the workplace.

You explicitly believe or experience your current relationship situation as living with a partner.

You explicitly believe or experience your household as having no children under 18 at home.

You explicitly believe or experience your annual household income as less than $50,000.

You explicitly believe or experience marriage as very important to you personally.

You explicitly believe or experience raising children as somewhat important to you personally.

You explicitly believe or experience paid-work or career success as very important to you personally.

You explicitly believe or experience the preferred division of day-to-day childcare as depending entirely on the family.

You explicitly believe or experience the preferred division of routine housework as depending entirely on the household.

You explicitly believe or experience the preferred style for major household financial decisions as depending on the decision.

You explicitly believe or experience the preferred rule for deciding who reduces paid work as depending entirely on the family.","You are living with a partner in a household earning less than $50,000, with no children under 18 at home. You see men and women as basically different in hobbies, physical abilities, parenting approaches, and emotional expression, while still believing they are basically similar in what they can be good at in the workplace. You place very high importance on marriage and paid-work or career success, see raising children as somewhat important, and prefer flexible, family-by-family or decision-by-decision arrangements for childcare, housework, finances, and career sacrifices.","{""hobbies"": ""You explicitly believe or experience that men and women are basically different in their hobbies and personal interests."", ""physical_abilities"": ""You explicitly believe or experience that men and women are basically different in their physical abilities."", ""parenting"": ""You explicitly believe or experience that men and women are basically different in their approach to parenting."", ""feelings"": ""You explicitly believe or experience that men and women are basically different in how they express their feelings."", ""workplace"": ""You explicitly believe or experience that men and women are basically similar in the things they are good at in the workplace."", ""relationship_status"": ""You explicitly believe or experience your current relationship situation as living with a partner."", ""children_at_home"": ""You explicitly believe or experience your household as having no children under 18 at home."", ""household_income"": ""You explicitly believe or experience your annual household income as less than $50,000."", ""marriage_importance"": ""You explicitly believe or experience marriage as very important to you personally."", ""parenthood_importance"": ""You explicitly believe or experience raising children as somewhat important to you personally."", ""paid_work_priority"": ""You explicitly believe or experience paid-work or career success as very important to you personally."", ""childcare_division"": ""You explicitly believe or experience the preferred division of day-to-day childcare as depending entirely on the family."", ""housework_division"": ""You explicitly believe or experience the preferred division of routine housework as depending entirely on the household."", ""financial_decision_style"": ""You explicitly believe or experience the preferred style for major household financial decisions as depending on the decision."", ""career_sacrifice_rule"": ""You explicitly believe or experience the preferred rule for deciding who reduces paid work as depending entirely on the family.""}",15,1.0,True
96,pew_work_family_detailed_096,,"You are married and live in a household with less than $50,000 in annual income, without children under 18 at home. You see men and women as basically different in hobbies, physical abilities, parenting approaches, and emotional expression, while also believing they are basically similar in what they can be good at in the workplace. You do not treat marriage as a highly important personal milestone even though you are married, and you place moderate importance on raising children and succeeding in paid work. In family responsibilities, you prefer equal sharing of day-to-day childcare and routine housework, but you think major financial decisions should usually be guided by the higher earner and that any reduction in paid work should fall to the adult whose job is more flexible.

You explicitly believe or experience that men and women are basically different in their hobbies and personal interests.

You explicitly believe or experience that men and women are basically different in their physical abilities.

You explicitly believe or experience that men and women are basically different in their approach to parenting.

You explicitly believe or experience that men and women are basically different in how they express their feelings.

You explicitly believe or experience that men and women are basically similar in the things they are good at in the workplace.

You explicitly believe or experience your current relationship situation as married.

You explicitly believe or experience your household as having no children under 18.

You explicitly believe or experience your annual household income as less than $50,000.

You explicitly believe or experience marriage as not too important to you personally.

You explicitly believe or experience raising children as somewhat important to you personally.

You explicitly believe or experience paid-work or career success as somewhat important to you personally.

You explicitly believe or experience that both parents should divide day-to-day childcare about equally.

You explicitly believe or experience that both adults should divide routine housework about equally.

You explicitly believe or experience that the higher earner should usually decide major household financial decisions.

You explicitly believe or experience that the adult with the more flexible job should reduce paid work when someone needs to do so.","You are married and live in a household with less than $50,000 in annual income, without children under 18 at home. You see men and women as basically different in hobbies, physical abilities, parenting approaches, and emotional expression, while also believing they are basically similar in what they can be good at in the workplace. You do not treat marriage as a highly important personal milestone even though you are married, and you place moderate importance on raising children and succeeding in paid work. In family responsibilities, you prefer equal sharing of day-to-day childcare and routine housework, but you think major financial decisions should usually be guided by the higher earner and that any reduction in paid work should fall to the adult whose job is more flexible.","{""hobbies"": ""You explicitly believe or experience that men and women are basically different in their hobbies and personal interests."", ""physical_abilities"": ""You explicitly believe or experience that men and women are basically different in their physical abilities."", ""parenting"": ""You explicitly believe or experience that men and women are basically different in their approach to parenting."", ""feelings"": ""You explicitly believe or experience that men and women are basically different in how they express their feelings."", ""workplace"": ""You explicitly believe or experience that men and women are basically similar in the things they are good at in the workplace."", ""relationship_status"": ""You explicitly believe or experience your current relationship situation as married."", ""children_at_home"": ""You explicitly believe or experience your household as having no children under 18."", ""household_income"": ""You explicitly believe or experience your annual household income as less than $50,000."", ""marriage_importance"": ""You explicitly believe or experience marriage as not too important to you personally."", ""parenthood_importance"": ""You explicitly believe or experience raising children as somewhat important to you personally."", ""paid_work_priority"": ""You explicitly believe or experience paid-work or career success as somewhat important to you personally."", ""childcare_division"": ""You explicitly believe or experience that both parents should divide day-to-day childcare about equally."", ""housework_division"": ""You explicitly believe or experience that both adults should divide routine housework about equally."", ""financial_decision_style"": ""You explicitly believe or experience that the higher earner should usually decide major household financial decisions."", ""career_sacrifice_rule"": ""You explicitly believe or experience that the adult with the more flexible job should reduce paid work when someone needs to do so.""}",15,1.0,True
