support_id,job_id,item,option_index,option_code,option_label,probability
1,teen_social_big_support_aug2_129,social_media_hours,0,1,Less than one hour,0.58
1,teen_social_big_support_aug2_129,social_media_hours,1,2,One to three hours,0.34
1,teen_social_big_support_aug2_129,social_media_hours,2,3,Four or more hours,0.08
1,teen_social_big_support_aug2_129,posting_frequency,0,1,Never or almost never,0.27
1,teen_social_big_support_aug2_129,posting_frequency,1,2,Less than once a week,0.48
1,teen_social_big_support_aug2_129,posting_frequency,2,3,A few times a week,0.18
1,teen_social_big_support_aug2_129,posting_frequency,3,4,At least once a day,0.07
1,teen_social_big_support_aug2_129,late_night_use,0,1,Never,0.54
1,teen_social_big_support_aug2_129,late_night_use,1,2,Rarely,0.3
1,teen_social_big_support_aug2_129,late_night_use,2,3,Sometimes,0.12
1,teen_social_big_support_aug2_129,late_night_use,3,4,Often,0.04
1,teen_social_big_support_aug2_129,sleep_interference,0,1,Never,0.07
1,teen_social_big_support_aug2_129,sleep_interference,1,2,Rarely,0.18
1,teen_social_big_support_aug2_129,sleep_interference,2,3,Sometimes,0.3
1,teen_social_big_support_aug2_129,sleep_interference,3,4,Often,0.45
1,teen_social_big_support_aug2_129,social_comparison,0,1,Never,0.12
1,teen_social_big_support_aug2_129,social_comparison,1,2,Rarely,0.24
1,teen_social_big_support_aug2_129,social_comparison,2,3,Sometimes,0.46
1,teen_social_big_support_aug2_129,social_comparison,3,4,Often,0.18
1,teen_social_big_support_aug2_129,connection_effect,0,1,Makes me feel less connected,0.18
1,teen_social_big_support_aug2_129,connection_effect,1,2,Makes little difference,0.57
1,teen_social_big_support_aug2_129,connection_effect,2,3,Makes me feel more connected,0.25
1,teen_social_big_support_aug2_129,parental_rules,0,1,No rules,0.1
1,teen_social_big_support_aug2_129,parental_rules,1,2,A few loose rules,0.25
1,teen_social_big_support_aug2_129,parental_rules,2,3,Some clear rules,0.48
1,teen_social_big_support_aug2_129,parental_rules,3,4,Very strict rules,0.17
1,teen_social_big_support_aug2_129,primary_platform,0,1,TikTok,0.2
1,teen_social_big_support_aug2_129,primary_platform,1,2,Instagram,0.42
1,teen_social_big_support_aug2_129,primary_platform,2,3,YouTube,0.14
1,teen_social_big_support_aug2_129,primary_platform,3,4,Snapchat,0.16
1,teen_social_big_support_aug2_129,primary_platform,4,5,Another platform,0.06
1,teen_social_big_support_aug2_129,primary_platform,5,6,I do not use social media,0.02
2,teen_social_big_support_aug2_130,social_media_hours,0,1,Less than one hour,0.52
2,teen_social_big_support_aug2_130,social_media_hours,1,2,One to three hours,0.38
2,teen_social_big_support_aug2_130,social_media_hours,2,3,Four or more hours,0.1
2,teen_social_big_support_aug2_130,posting_frequency,0,1,Never or almost never,0.12
2,teen_social_big_support_aug2_130,posting_frequency,1,2,Less than once a week,0.23
2,teen_social_big_support_aug2_130,posting_frequency,2,3,A few times a week,0.45
2,teen_social_big_support_aug2_130,posting_frequency,3,4,At least once a day,0.2
2,teen_social_big_support_aug2_130,late_night_use,0,1,Never,0.24
2,teen_social_big_support_aug2_130,late_night_use,1,2,Rarely,0.48
2,teen_social_big_support_aug2_130,late_night_use,2,3,Sometimes,0.2
2,teen_social_big_support_aug2_130,late_night_use,3,4,Often,0.08
2,teen_social_big_support_aug2_130,sleep_interference,0,1,Never,0.58
2,teen_social_big_support_aug2_130,sleep_interference,1,2,Rarely,0.28
2,teen_social_big_support_aug2_130,sleep_interference,2,3,Sometimes,0.1
2,teen_social_big_support_aug2_130,sleep_interference,3,4,Often,0.04
2,teen_social_big_support_aug2_130,social_comparison,0,1,Never,0.55
2,teen_social_big_support_aug2_130,social_comparison,1,2,Rarely,0.29
2,teen_social_big_support_aug2_130,social_comparison,2,3,Sometimes,0.12
2,teen_social_big_support_aug2_130,social_comparison,3,4,Often,0.04
2,teen_social_big_support_aug2_130,connection_effect,0,1,Makes me feel less connected,0.1
2,teen_social_big_support_aug2_130,connection_effect,1,2,Makes little difference,0.35
2,teen_social_big_support_aug2_130,connection_effect,2,3,Makes me feel more connected,0.55
2,teen_social_big_support_aug2_130,parental_rules,0,1,No rules,0.08
2,teen_social_big_support_aug2_130,parental_rules,1,2,A few loose rules,0.25
2,teen_social_big_support_aug2_130,parental_rules,2,3,Some clear rules,0.5
2,teen_social_big_support_aug2_130,parental_rules,3,4,Very strict rules,0.17
2,teen_social_big_support_aug2_130,primary_platform,0,1,TikTok,0.18
2,teen_social_big_support_aug2_130,primary_platform,1,2,Instagram,0.46
2,teen_social_big_support_aug2_130,primary_platform,2,3,YouTube,0.13
2,teen_social_big_support_aug2_130,primary_platform,3,4,Snapchat,0.16
2,teen_social_big_support_aug2_130,primary_platform,4,5,Another platform,0.04
2,teen_social_big_support_aug2_130,primary_platform,5,6,I do not use social media,0.03
3,teen_social_big_support_aug2_131,social_media_hours,0,1,Less than one hour,0.22
3,teen_social_big_support_aug2_131,social_media_hours,1,2,One to three hours,0.62
3,teen_social_big_support_aug2_131,social_media_hours,2,3,Four or more hours,0.16
3,teen_social_big_support_aug2_131,posting_frequency,0,1,Never or almost never,0.58
3,teen_social_big_support_aug2_131,posting_frequency,1,2,Less than once a week,0.22
3,teen_social_big_support_aug2_131,posting_frequency,2,3,A few times a week,0.14
3,teen_social_big_support_aug2_131,posting_frequency,3,4,At least once a day,0.06
3,teen_social_big_support_aug2_131,late_night_use,0,1,Never,0.64
3,teen_social_big_support_aug2_131,late_night_use,1,2,Rarely,0.2
3,teen_social_big_support_aug2_131,late_night_use,2,3,Sometimes,0.11
3,teen_social_big_support_aug2_131,late_night_use,3,4,Often,0.05
3,teen_social_big_support_aug2_131,sleep_interference,0,1,Never,0.07
3,teen_social_big_support_aug2_131,sleep_interference,1,2,Rarely,0.13
3,teen_social_big_support_aug2_131,sleep_interference,2,3,Sometimes,0.25
3,teen_social_big_support_aug2_131,sleep_interference,3,4,Often,0.55
3,teen_social_big_support_aug2_131,social_comparison,0,1,Never,0.18
3,teen_social_big_support_aug2_131,social_comparison,1,2,Rarely,0.52
3,teen_social_big_support_aug2_131,social_comparison,2,3,Sometimes,0.22
3,teen_social_big_support_aug2_131,social_comparison,3,4,Often,0.08
3,teen_social_big_support_aug2_131,connection_effect,0,1,Makes me feel less connected,0.08
3,teen_social_big_support_aug2_131,connection_effect,1,2,Makes little difference,0.25
3,teen_social_big_support_aug2_131,connection_effect,2,3,Makes me feel more connected,0.67
3,teen_social_big_support_aug2_131,parental_rules,0,1,No rules,0.15
3,teen_social_big_support_aug2_131,parental_rules,1,2,A few loose rules,0.55
3,teen_social_big_support_aug2_131,parental_rules,2,3,Some clear rules,0.22
3,teen_social_big_support_aug2_131,parental_rules,3,4,Very strict rules,0.08
3,teen_social_big_support_aug2_131,primary_platform,0,1,TikTok,0.12
3,teen_social_big_support_aug2_131,primary_platform,1,2,Instagram,0.13
3,teen_social_big_support_aug2_131,primary_platform,2,3,YouTube,0.17
3,teen_social_big_support_aug2_131,primary_platform,3,4,Snapchat,0.11
3,teen_social_big_support_aug2_131,primary_platform,4,5,Another platform,0.42
3,teen_social_big_support_aug2_131,primary_platform,5,6,I do not use social media,0.05
4,teen_social_big_support_aug2_132,social_media_hours,0,1,Less than one hour,0.52
4,teen_social_big_support_aug2_132,social_media_hours,1,2,One to three hours,0.38
4,teen_social_big_support_aug2_132,social_media_hours,2,3,Four or more hours,0.1
4,teen_social_big_support_aug2_132,posting_frequency,0,1,Never or almost never,0.08
4,teen_social_big_support_aug2_132,posting_frequency,1,2,Less than once a week,0.14
4,teen_social_big_support_aug2_132,posting_frequency,2,3,A few times a week,0.25
4,teen_social_big_support_aug2_132,posting_frequency,3,4,At least once a day,0.53
4,teen_social_big_support_aug2_132,late_night_use,0,1,Never,0.22
4,teen_social_big_support_aug2_132,late_night_use,1,2,Rarely,0.48
4,teen_social_big_support_aug2_132,late_night_use,2,3,Sometimes,0.22
4,teen_social_big_support_aug2_132,late_night_use,3,4,Often,0.08
4,teen_social_big_support_aug2_132,sleep_interference,0,1,Never,0.08
4,teen_social_big_support_aug2_132,sleep_interference,1,2,Rarely,0.16
4,teen_social_big_support_aug2_132,sleep_interference,2,3,Sometimes,0.3
4,teen_social_big_support_aug2_132,sleep_interference,3,4,Often,0.46
4,teen_social_big_support_aug2_132,social_comparison,0,1,Never,0.12
4,teen_social_big_support_aug2_132,social_comparison,1,2,Rarely,0.26
4,teen_social_big_support_aug2_132,social_comparison,2,3,Sometimes,0.44
4,teen_social_big_support_aug2_132,social_comparison,3,4,Often,0.18
4,teen_social_big_support_aug2_132,connection_effect,0,1,Makes me feel less connected,0.1
4,teen_social_big_support_aug2_132,connection_effect,1,2,Makes little difference,0.3
4,teen_social_big_support_aug2_132,connection_effect,2,3,Makes me feel more connected,0.6
4,teen_social_big_support_aug2_132,parental_rules,0,1,No rules,0.2
4,teen_social_big_support_aug2_132,parental_rules,1,2,A few loose rules,0.46
4,teen_social_big_support_aug2_132,parental_rules,2,3,Some clear rules,0.24
4,teen_social_big_support_aug2_132,parental_rules,3,4,Very strict rules,0.1
4,teen_social_big_support_aug2_132,primary_platform,0,1,TikTok,0.16
4,teen_social_big_support_aug2_132,primary_platform,1,2,Instagram,0.14
4,teen_social_big_support_aug2_132,primary_platform,2,3,YouTube,0.15
4,teen_social_big_support_aug2_132,primary_platform,3,4,Snapchat,0.12
4,teen_social_big_support_aug2_132,primary_platform,4,5,Another platform,0.4
4,teen_social_big_support_aug2_132,primary_platform,5,6,I do not use social media,0.03
5,teen_social_big_support_aug2_133,social_media_hours,0,1,Less than one hour,0.56
5,teen_social_big_support_aug2_133,social_media_hours,1,2,One to three hours,0.34
5,teen_social_big_support_aug2_133,social_media_hours,2,3,Four or more hours,0.1
5,teen_social_big_support_aug2_133,posting_frequency,0,1,Never or almost never,0.58
5,teen_social_big_support_aug2_133,posting_frequency,1,2,Less than once a week,0.22
5,teen_social_big_support_aug2_133,posting_frequency,2,3,A few times a week,0.14
5,teen_social_big_support_aug2_133,posting_frequency,3,4,At least once a day,0.06
5,teen_social_big_support_aug2_133,late_night_use,0,1,Never,0.08
5,teen_social_big_support_aug2_133,late_night_use,1,2,Rarely,0.14
5,teen_social_big_support_aug2_133,late_night_use,2,3,Sometimes,0.3
5,teen_social_big_support_aug2_133,late_night_use,3,4,Often,0.48
5,teen_social_big_support_aug2_133,sleep_interference,0,1,Never,0.5
5,teen_social_big_support_aug2_133,sleep_interference,1,2,Rarely,0.28
5,teen_social_big_support_aug2_133,sleep_interference,2,3,Sometimes,0.16
5,teen_social_big_support_aug2_133,sleep_interference,3,4,Often,0.06
5,teen_social_big_support_aug2_133,social_comparison,0,1,Never,0.06
5,teen_social_big_support_aug2_133,social_comparison,1,2,Rarely,0.16
5,teen_social_big_support_aug2_133,social_comparison,2,3,Sometimes,0.31
5,teen_social_big_support_aug2_133,social_comparison,3,4,Often,0.47
5,teen_social_big_support_aug2_133,connection_effect,0,1,Makes me feel less connected,0.1
5,teen_social_big_support_aug2_133,connection_effect,1,2,Makes little difference,0.31
5,teen_social_big_support_aug2_133,connection_effect,2,3,Makes me feel more connected,0.59
5,teen_social_big_support_aug2_133,parental_rules,0,1,No rules,0.22
5,teen_social_big_support_aug2_133,parental_rules,1,2,A few loose rules,0.47
5,teen_social_big_support_aug2_133,parental_rules,2,3,Some clear rules,0.23
5,teen_social_big_support_aug2_133,parental_rules,3,4,Very strict rules,0.08
5,teen_social_big_support_aug2_133,primary_platform,0,1,TikTok,0.18
5,teen_social_big_support_aug2_133,primary_platform,1,2,Instagram,0.16
5,teen_social_big_support_aug2_133,primary_platform,2,3,YouTube,0.14
5,teen_social_big_support_aug2_133,primary_platform,3,4,Snapchat,0.43
5,teen_social_big_support_aug2_133,primary_platform,4,5,Another platform,0.06
5,teen_social_big_support_aug2_133,primary_platform,5,6,I do not use social media,0.03
6,teen_social_big_support_aug2_134,social_media_hours,0,1,Less than one hour,0.56
6,teen_social_big_support_aug2_134,social_media_hours,1,2,One to three hours,0.34
6,teen_social_big_support_aug2_134,social_media_hours,2,3,Four or more hours,0.1
6,teen_social_big_support_aug2_134,posting_frequency,0,1,Never or almost never,0.62
6,teen_social_big_support_aug2_134,posting_frequency,1,2,Less than once a week,0.22
6,teen_social_big_support_aug2_134,posting_frequency,2,3,A few times a week,0.11
6,teen_social_big_support_aug2_134,posting_frequency,3,4,At least once a day,0.05
6,teen_social_big_support_aug2_134,late_night_use,0,1,Never,0.18
6,teen_social_big_support_aug2_134,late_night_use,1,2,Rarely,0.3
6,teen_social_big_support_aug2_134,late_night_use,2,3,Sometimes,0.41
6,teen_social_big_support_aug2_134,late_night_use,3,4,Often,0.11
6,teen_social_big_support_aug2_134,sleep_interference,0,1,Never,0.55
6,teen_social_big_support_aug2_134,sleep_interference,1,2,Rarely,0.29
6,teen_social_big_support_aug2_134,sleep_interference,2,3,Sometimes,0.12
6,teen_social_big_support_aug2_134,sleep_interference,3,4,Often,0.04
6,teen_social_big_support_aug2_134,social_comparison,0,1,Never,0.06
6,teen_social_big_support_aug2_134,social_comparison,1,2,Rarely,0.16
6,teen_social_big_support_aug2_134,social_comparison,2,3,Sometimes,0.32
6,teen_social_big_support_aug2_134,social_comparison,3,4,Often,0.46
6,teen_social_big_support_aug2_134,connection_effect,0,1,Makes me feel less connected,0.24
6,teen_social_big_support_aug2_134,connection_effect,1,2,Makes little difference,0.54
6,teen_social_big_support_aug2_134,connection_effect,2,3,Makes me feel more connected,0.22
6,teen_social_big_support_aug2_134,parental_rules,0,1,No rules,0.06
6,teen_social_big_support_aug2_134,parental_rules,1,2,A few loose rules,0.13
6,teen_social_big_support_aug2_134,parental_rules,2,3,Some clear rules,0.31
6,teen_social_big_support_aug2_134,parental_rules,3,4,Very strict rules,0.5
6,teen_social_big_support_aug2_134,primary_platform,0,1,TikTok,0.15
6,teen_social_big_support_aug2_134,primary_platform,1,2,Instagram,0.14
6,teen_social_big_support_aug2_134,primary_platform,2,3,YouTube,0.16
6,teen_social_big_support_aug2_134,primary_platform,3,4,Snapchat,0.1
6,teen_social_big_support_aug2_134,primary_platform,4,5,Another platform,0.38
6,teen_social_big_support_aug2_134,primary_platform,5,6,I do not use social media,0.07
7,teen_social_big_support_aug2_135,social_media_hours,0,1,Less than one hour,0.55
7,teen_social_big_support_aug2_135,social_media_hours,1,2,One to three hours,0.35
7,teen_social_big_support_aug2_135,social_media_hours,2,3,Four or more hours,0.1
7,teen_social_big_support_aug2_135,posting_frequency,0,1,Never or almost never,0.25
7,teen_social_big_support_aug2_135,posting_frequency,1,2,Less than once a week,0.45
7,teen_social_big_support_aug2_135,posting_frequency,2,3,A few times a week,0.2
7,teen_social_big_support_aug2_135,posting_frequency,3,4,At least once a day,0.1
7,teen_social_big_support_aug2_135,late_night_use,0,1,Never,0.18
7,teen_social_big_support_aug2_135,late_night_use,1,2,Rarely,0.46
7,teen_social_big_support_aug2_135,late_night_use,2,3,Sometimes,0.26
7,teen_social_big_support_aug2_135,late_night_use,3,4,Often,0.1
7,teen_social_big_support_aug2_135,sleep_interference,0,1,Never,0.12
7,teen_social_big_support_aug2_135,sleep_interference,1,2,Rarely,0.28
7,teen_social_big_support_aug2_135,sleep_interference,2,3,Sometimes,0.45
7,teen_social_big_support_aug2_135,sleep_interference,3,4,Often,0.15
7,teen_social_big_support_aug2_135,social_comparison,0,1,Never,0.06
7,teen_social_big_support_aug2_135,social_comparison,1,2,Rarely,0.17
7,teen_social_big_support_aug2_135,social_comparison,2,3,Sometimes,0.32
7,teen_social_big_support_aug2_135,social_comparison,3,4,Often,0.45
7,teen_social_big_support_aug2_135,connection_effect,0,1,Makes me feel less connected,0.12
7,teen_social_big_support_aug2_135,connection_effect,1,2,Makes little difference,0.3
7,teen_social_big_support_aug2_135,connection_effect,2,3,Makes me feel more connected,0.58
7,teen_social_big_support_aug2_135,parental_rules,0,1,No rules,0.04
7,teen_social_big_support_aug2_135,parental_rules,1,2,A few loose rules,0.1
7,teen_social_big_support_aug2_135,parental_rules,2,3,Some clear rules,0.28
7,teen_social_big_support_aug2_135,parental_rules,3,4,Very strict rules,0.58
7,teen_social_big_support_aug2_135,primary_platform,0,1,TikTok,0.13
7,teen_social_big_support_aug2_135,primary_platform,1,2,Instagram,0.12
7,teen_social_big_support_aug2_135,primary_platform,2,3,YouTube,0.46
7,teen_social_big_support_aug2_135,primary_platform,3,4,Snapchat,0.1
7,teen_social_big_support_aug2_135,primary_platform,4,5,Another platform,0.14
7,teen_social_big_support_aug2_135,primary_platform,5,6,I do not use social media,0.05
8,teen_social_big_support_aug2_136,social_media_hours,0,1,Less than one hour,0.06
8,teen_social_big_support_aug2_136,social_media_hours,1,2,One to three hours,0.24
8,teen_social_big_support_aug2_136,social_media_hours,2,3,Four or more hours,0.7
8,teen_social_big_support_aug2_136,posting_frequency,0,1,Never or almost never,0.1
8,teen_social_big_support_aug2_136,posting_frequency,1,2,Less than once a week,0.17
8,teen_social_big_support_aug2_136,posting_frequency,2,3,A few times a week,0.5
8,teen_social_big_support_aug2_136,posting_frequency,3,4,At least once a day,0.23
8,teen_social_big_support_aug2_136,late_night_use,0,1,Never,0.04
8,teen_social_big_support_aug2_136,late_night_use,1,2,Rarely,0.12
8,teen_social_big_support_aug2_136,late_night_use,2,3,Sometimes,0.26
8,teen_social_big_support_aug2_136,late_night_use,3,4,Often,0.58
8,teen_social_big_support_aug2_136,sleep_interference,0,1,Never,0.52
8,teen_social_big_support_aug2_136,sleep_interference,1,2,Rarely,0.25
8,teen_social_big_support_aug2_136,sleep_interference,2,3,Sometimes,0.16
8,teen_social_big_support_aug2_136,sleep_interference,3,4,Often,0.07
8,teen_social_big_support_aug2_136,social_comparison,0,1,Never,0.05
8,teen_social_big_support_aug2_136,social_comparison,1,2,Rarely,0.14
8,teen_social_big_support_aug2_136,social_comparison,2,3,Sometimes,0.31
8,teen_social_big_support_aug2_136,social_comparison,3,4,Often,0.5
8,teen_social_big_support_aug2_136,connection_effect,0,1,Makes me feel less connected,0.18
8,teen_social_big_support_aug2_136,connection_effect,1,2,Makes little difference,0.57
8,teen_social_big_support_aug2_136,connection_effect,2,3,Makes me feel more connected,0.25
8,teen_social_big_support_aug2_136,parental_rules,0,1,No rules,0.55
8,teen_social_big_support_aug2_136,parental_rules,1,2,A few loose rules,0.25
8,teen_social_big_support_aug2_136,parental_rules,2,3,Some clear rules,0.14
8,teen_social_big_support_aug2_136,parental_rules,3,4,Very strict rules,0.06
8,teen_social_big_support_aug2_136,primary_platform,0,1,TikTok,0.22
8,teen_social_big_support_aug2_136,primary_platform,1,2,Instagram,0.42
8,teen_social_big_support_aug2_136,primary_platform,2,3,YouTube,0.12
8,teen_social_big_support_aug2_136,primary_platform,3,4,Snapchat,0.17
8,teen_social_big_support_aug2_136,primary_platform,4,5,Another platform,0.05
8,teen_social_big_support_aug2_136,primary_platform,5,6,I do not use social media,0.02
9,teen_social_big_support_aug2_137,social_media_hours,0,1,Less than one hour,0.06
9,teen_social_big_support_aug2_137,social_media_hours,1,2,One to three hours,0.24
9,teen_social_big_support_aug2_137,social_media_hours,2,3,Four or more hours,0.7
9,teen_social_big_support_aug2_137,posting_frequency,0,1,Never or almost never,0.08
9,teen_social_big_support_aug2_137,posting_frequency,1,2,Less than once a week,0.17
9,teen_social_big_support_aug2_137,posting_frequency,2,3,A few times a week,0.52
9,teen_social_big_support_aug2_137,posting_frequency,3,4,At least once a day,0.23
9,teen_social_big_support_aug2_137,late_night_use,0,1,Never,0.04
9,teen_social_big_support_aug2_137,late_night_use,1,2,Rarely,0.11
9,teen_social_big_support_aug2_137,late_night_use,2,3,Sometimes,0.25
9,teen_social_big_support_aug2_137,late_night_use,3,4,Often,0.6
9,teen_social_big_support_aug2_137,sleep_interference,0,1,Never,0.04
9,teen_social_big_support_aug2_137,sleep_interference,1,2,Rarely,0.13
9,teen_social_big_support_aug2_137,sleep_interference,2,3,Sometimes,0.28
9,teen_social_big_support_aug2_137,sleep_interference,3,4,Often,0.55
9,teen_social_big_support_aug2_137,social_comparison,0,1,Never,0.08
9,teen_social_big_support_aug2_137,social_comparison,1,2,Rarely,0.22
9,teen_social_big_support_aug2_137,social_comparison,2,3,Sometimes,0.5
9,teen_social_big_support_aug2_137,social_comparison,3,4,Often,0.2
9,teen_social_big_support_aug2_137,connection_effect,0,1,Makes me feel less connected,0.56
9,teen_social_big_support_aug2_137,connection_effect,1,2,Makes little difference,0.31
9,teen_social_big_support_aug2_137,connection_effect,2,3,Makes me feel more connected,0.13
9,teen_social_big_support_aug2_137,parental_rules,0,1,No rules,0.04
9,teen_social_big_support_aug2_137,parental_rules,1,2,A few loose rules,0.12
9,teen_social_big_support_aug2_137,parental_rules,2,3,Some clear rules,0.27
9,teen_social_big_support_aug2_137,parental_rules,3,4,Very strict rules,0.57
9,teen_social_big_support_aug2_137,primary_platform,0,1,TikTok,0.2
9,teen_social_big_support_aug2_137,primary_platform,1,2,Instagram,0.45
9,teen_social_big_support_aug2_137,primary_platform,2,3,YouTube,0.11
9,teen_social_big_support_aug2_137,primary_platform,3,4,Snapchat,0.17
9,teen_social_big_support_aug2_137,primary_platform,4,5,Another platform,0.05
9,teen_social_big_support_aug2_137,primary_platform,5,6,I do not use social media,0.02
10,teen_social_big_support_aug2_138,social_media_hours,0,1,Less than one hour,0.52
10,teen_social_big_support_aug2_138,social_media_hours,1,2,One to three hours,0.34
10,teen_social_big_support_aug2_138,social_media_hours,2,3,Four or more hours,0.14
10,teen_social_big_support_aug2_138,posting_frequency,0,1,Never or almost never,0.12
10,teen_social_big_support_aug2_138,posting_frequency,1,2,Less than once a week,0.2
10,teen_social_big_support_aug2_138,posting_frequency,2,3,A few times a week,0.48
10,teen_social_big_support_aug2_138,posting_frequency,3,4,At least once a day,0.2
10,teen_social_big_support_aug2_138,late_night_use,0,1,Never,0.05
10,teen_social_big_support_aug2_138,late_night_use,1,2,Rarely,0.12
10,teen_social_big_support_aug2_138,late_night_use,2,3,Sometimes,0.3
10,teen_social_big_support_aug2_138,late_night_use,3,4,Often,0.53
10,teen_social_big_support_aug2_138,sleep_interference,0,1,Never,0.06
10,teen_social_big_support_aug2_138,sleep_interference,1,2,Rarely,0.14
10,teen_social_big_support_aug2_138,sleep_interference,2,3,Sometimes,0.29
10,teen_social_big_support_aug2_138,sleep_interference,3,4,Often,0.51
10,teen_social_big_support_aug2_138,social_comparison,0,1,Never,0.05
10,teen_social_big_support_aug2_138,social_comparison,1,2,Rarely,0.15
10,teen_social_big_support_aug2_138,social_comparison,2,3,Sometimes,0.31
10,teen_social_big_support_aug2_138,social_comparison,3,4,Often,0.49
10,teen_social_big_support_aug2_138,connection_effect,0,1,Makes me feel less connected,0.14
10,teen_social_big_support_aug2_138,connection_effect,1,2,Makes little difference,0.28
10,teen_social_big_support_aug2_138,connection_effect,2,3,Makes me feel more connected,0.58
10,teen_social_big_support_aug2_138,parental_rules,0,1,No rules,0.46
10,teen_social_big_support_aug2_138,parental_rules,1,2,A few loose rules,0.28
10,teen_social_big_support_aug2_138,parental_rules,2,3,Some clear rules,0.17
10,teen_social_big_support_aug2_138,parental_rules,3,4,Very strict rules,0.09
10,teen_social_big_support_aug2_138,primary_platform,0,1,TikTok,0.18
10,teen_social_big_support_aug2_138,primary_platform,1,2,Instagram,0.45
10,teen_social_big_support_aug2_138,primary_platform,2,3,YouTube,0.12
10,teen_social_big_support_aug2_138,primary_platform,3,4,Snapchat,0.16
10,teen_social_big_support_aug2_138,primary_platform,4,5,Another platform,0.06
10,teen_social_big_support_aug2_138,primary_platform,5,6,I do not use social media,0.03
11,teen_social_big_support_aug2_139,social_media_hours,0,1,Less than one hour,0.05
11,teen_social_big_support_aug2_139,social_media_hours,1,2,One to three hours,0.24
11,teen_social_big_support_aug2_139,social_media_hours,2,3,Four or more hours,0.71
11,teen_social_big_support_aug2_139,posting_frequency,0,1,Never or almost never,0.04
11,teen_social_big_support_aug2_139,posting_frequency,1,2,Less than once a week,0.1
11,teen_social_big_support_aug2_139,posting_frequency,2,3,A few times a week,0.26
11,teen_social_big_support_aug2_139,posting_frequency,3,4,At least once a day,0.6
11,teen_social_big_support_aug2_139,late_night_use,0,1,Never,0.04
11,teen_social_big_support_aug2_139,late_night_use,1,2,Rarely,0.11
11,teen_social_big_support_aug2_139,late_night_use,2,3,Sometimes,0.27
11,teen_social_big_support_aug2_139,late_night_use,3,4,Often,0.58
11,teen_social_big_support_aug2_139,sleep_interference,0,1,Never,0.05
11,teen_social_big_support_aug2_139,sleep_interference,1,2,Rarely,0.13
11,teen_social_big_support_aug2_139,sleep_interference,2,3,Sometimes,0.29
11,teen_social_big_support_aug2_139,sleep_interference,3,4,Often,0.53
11,teen_social_big_support_aug2_139,social_comparison,0,1,Never,0.57
11,teen_social_big_support_aug2_139,social_comparison,1,2,Rarely,0.25
11,teen_social_big_support_aug2_139,social_comparison,2,3,Sometimes,0.13
11,teen_social_big_support_aug2_139,social_comparison,3,4,Often,0.05
11,teen_social_big_support_aug2_139,connection_effect,0,1,Makes me feel less connected,0.16
11,teen_social_big_support_aug2_139,connection_effect,1,2,Makes little difference,0.58
11,teen_social_big_support_aug2_139,connection_effect,2,3,Makes me feel more connected,0.26
11,teen_social_big_support_aug2_139,parental_rules,0,1,No rules,0.55
11,teen_social_big_support_aug2_139,parental_rules,1,2,A few loose rules,0.27
11,teen_social_big_support_aug2_139,parental_rules,2,3,Some clear rules,0.13
11,teen_social_big_support_aug2_139,parental_rules,3,4,Very strict rules,0.05
11,teen_social_big_support_aug2_139,primary_platform,0,1,TikTok,0.16
11,teen_social_big_support_aug2_139,primary_platform,1,2,Instagram,0.12
11,teen_social_big_support_aug2_139,primary_platform,2,3,YouTube,0.45
11,teen_social_big_support_aug2_139,primary_platform,3,4,Snapchat,0.16
11,teen_social_big_support_aug2_139,primary_platform,4,5,Another platform,0.1
11,teen_social_big_support_aug2_139,primary_platform,5,6,I do not use social media,0.01
12,teen_social_big_support_aug2_140,social_media_hours,0,1,Less than one hour,0.55
12,teen_social_big_support_aug2_140,social_media_hours,1,2,One to three hours,0.35
12,teen_social_big_support_aug2_140,social_media_hours,2,3,Four or more hours,0.1
12,teen_social_big_support_aug2_140,posting_frequency,0,1,Never or almost never,0.16
12,teen_social_big_support_aug2_140,posting_frequency,1,2,Less than once a week,0.22
12,teen_social_big_support_aug2_140,posting_frequency,2,3,A few times a week,0.45
12,teen_social_big_support_aug2_140,posting_frequency,3,4,At least once a day,0.17
12,teen_social_big_support_aug2_140,late_night_use,0,1,Never,0.1
12,teen_social_big_support_aug2_140,late_night_use,1,2,Rarely,0.18
12,teen_social_big_support_aug2_140,late_night_use,2,3,Sometimes,0.3
12,teen_social_big_support_aug2_140,late_night_use,3,4,Often,0.42
12,teen_social_big_support_aug2_140,sleep_interference,0,1,Never,0.3
12,teen_social_big_support_aug2_140,sleep_interference,1,2,Rarely,0.44
12,teen_social_big_support_aug2_140,sleep_interference,2,3,Sometimes,0.2
12,teen_social_big_support_aug2_140,sleep_interference,3,4,Often,0.06
12,teen_social_big_support_aug2_140,social_comparison,0,1,Never,0.55
12,teen_social_big_support_aug2_140,social_comparison,1,2,Rarely,0.28
12,teen_social_big_support_aug2_140,social_comparison,2,3,Sometimes,0.12
12,teen_social_big_support_aug2_140,social_comparison,3,4,Often,0.05
12,teen_social_big_support_aug2_140,connection_effect,0,1,Makes me feel less connected,0.5
12,teen_social_big_support_aug2_140,connection_effect,1,2,Makes little difference,0.35
12,teen_social_big_support_aug2_140,connection_effect,2,3,Makes me feel more connected,0.15
12,teen_social_big_support_aug2_140,parental_rules,0,1,No rules,0.07
12,teen_social_big_support_aug2_140,parental_rules,1,2,A few loose rules,0.13
12,teen_social_big_support_aug2_140,parental_rules,2,3,Some clear rules,0.3
12,teen_social_big_support_aug2_140,parental_rules,3,4,Very strict rules,0.5
12,teen_social_big_support_aug2_140,primary_platform,0,1,TikTok,0.16
12,teen_social_big_support_aug2_140,primary_platform,1,2,Instagram,0.14
12,teen_social_big_support_aug2_140,primary_platform,2,3,YouTube,0.15
12,teen_social_big_support_aug2_140,primary_platform,3,4,Snapchat,0.1
12,teen_social_big_support_aug2_140,primary_platform,4,5,Another platform,0.38
12,teen_social_big_support_aug2_140,primary_platform,5,6,I do not use social media,0.07
13,teen_social_big_support_aug2_141,social_media_hours,0,1,Less than one hour,0.56
13,teen_social_big_support_aug2_141,social_media_hours,1,2,One to three hours,0.35
13,teen_social_big_support_aug2_141,social_media_hours,2,3,Four or more hours,0.09
13,teen_social_big_support_aug2_141,posting_frequency,0,1,Never or almost never,0.24
13,teen_social_big_support_aug2_141,posting_frequency,1,2,Less than once a week,0.46
13,teen_social_big_support_aug2_141,posting_frequency,2,3,A few times a week,0.2
13,teen_social_big_support_aug2_141,posting_frequency,3,4,At least once a day,0.1
13,teen_social_big_support_aug2_141,late_night_use,0,1,Never,0.08
13,teen_social_big_support_aug2_141,late_night_use,1,2,Rarely,0.15
13,teen_social_big_support_aug2_141,late_night_use,2,3,Sometimes,0.3
13,teen_social_big_support_aug2_141,late_night_use,3,4,Often,0.47
13,teen_social_big_support_aug2_141,sleep_interference,0,1,Never,0.16
13,teen_social_big_support_aug2_141,sleep_interference,1,2,Rarely,0.28
13,teen_social_big_support_aug2_141,sleep_interference,2,3,Sometimes,0.4
13,teen_social_big_support_aug2_141,sleep_interference,3,4,Often,0.16
13,teen_social_big_support_aug2_141,social_comparison,0,1,Never,0.52
13,teen_social_big_support_aug2_141,social_comparison,1,2,Rarely,0.29
13,teen_social_big_support_aug2_141,social_comparison,2,3,Sometimes,0.13
13,teen_social_big_support_aug2_141,social_comparison,3,4,Often,0.06
13,teen_social_big_support_aug2_141,connection_effect,0,1,Makes me feel less connected,0.09
13,teen_social_big_support_aug2_141,connection_effect,1,2,Makes little difference,0.31
13,teen_social_big_support_aug2_141,connection_effect,2,3,Makes me feel more connected,0.6
13,teen_social_big_support_aug2_141,parental_rules,0,1,No rules,0.05
13,teen_social_big_support_aug2_141,parental_rules,1,2,A few loose rules,0.12
13,teen_social_big_support_aug2_141,parental_rules,2,3,Some clear rules,0.28
13,teen_social_big_support_aug2_141,parental_rules,3,4,Very strict rules,0.55
13,teen_social_big_support_aug2_141,primary_platform,0,1,TikTok,0.13
13,teen_social_big_support_aug2_141,primary_platform,1,2,Instagram,0.13
13,teen_social_big_support_aug2_141,primary_platform,2,3,YouTube,0.17
13,teen_social_big_support_aug2_141,primary_platform,3,4,Snapchat,0.14
13,teen_social_big_support_aug2_141,primary_platform,4,5,Another platform,0.35
13,teen_social_big_support_aug2_141,primary_platform,5,6,I do not use social media,0.08
14,teen_social_big_support_aug2_142,social_media_hours,0,1,Less than one hour,0.62
14,teen_social_big_support_aug2_142,social_media_hours,1,2,One to three hours,0.3
14,teen_social_big_support_aug2_142,social_media_hours,2,3,Four or more hours,0.08
14,teen_social_big_support_aug2_142,posting_frequency,0,1,Never or almost never,0.15
14,teen_social_big_support_aug2_142,posting_frequency,1,2,Less than once a week,0.2
14,teen_social_big_support_aug2_142,posting_frequency,2,3,A few times a week,0.46
14,teen_social_big_support_aug2_142,posting_frequency,3,4,At least once a day,0.19
14,teen_social_big_support_aug2_142,late_night_use,0,1,Never,0.55
14,teen_social_big_support_aug2_142,late_night_use,1,2,Rarely,0.27
14,teen_social_big_support_aug2_142,late_night_use,2,3,Sometimes,0.13
14,teen_social_big_support_aug2_142,late_night_use,3,4,Often,0.05
14,teen_social_big_support_aug2_142,sleep_interference,0,1,Never,0.2
14,teen_social_big_support_aug2_142,sleep_interference,1,2,Rarely,0.28
14,teen_social_big_support_aug2_142,sleep_interference,2,3,Sometimes,0.4
14,teen_social_big_support_aug2_142,sleep_interference,3,4,Often,0.12
14,teen_social_big_support_aug2_142,social_comparison,0,1,Never,0.25
14,teen_social_big_support_aug2_142,social_comparison,1,2,Rarely,0.47
14,teen_social_big_support_aug2_142,social_comparison,2,3,Sometimes,0.2
14,teen_social_big_support_aug2_142,social_comparison,3,4,Often,0.08
14,teen_social_big_support_aug2_142,connection_effect,0,1,Makes me feel less connected,0.5
14,teen_social_big_support_aug2_142,connection_effect,1,2,Makes little difference,0.34
14,teen_social_big_support_aug2_142,connection_effect,2,3,Makes me feel more connected,0.16
14,teen_social_big_support_aug2_142,parental_rules,0,1,No rules,0.05
14,teen_social_big_support_aug2_142,parental_rules,1,2,A few loose rules,0.1
14,teen_social_big_support_aug2_142,parental_rules,2,3,Some clear rules,0.27
14,teen_social_big_support_aug2_142,parental_rules,3,4,Very strict rules,0.58
14,teen_social_big_support_aug2_142,primary_platform,0,1,TikTok,0.06
14,teen_social_big_support_aug2_142,primary_platform,1,2,Instagram,0.07
14,teen_social_big_support_aug2_142,primary_platform,2,3,YouTube,0.12
14,teen_social_big_support_aug2_142,primary_platform,3,4,Snapchat,0.05
14,teen_social_big_support_aug2_142,primary_platform,4,5,Another platform,0.1
14,teen_social_big_support_aug2_142,primary_platform,5,6,I do not use social media,0.6
15,teen_social_big_support_aug2_143,social_media_hours,0,1,Less than one hour,0.58
15,teen_social_big_support_aug2_143,social_media_hours,1,2,One to three hours,0.31
15,teen_social_big_support_aug2_143,social_media_hours,2,3,Four or more hours,0.11
15,teen_social_big_support_aug2_143,posting_frequency,0,1,Never or almost never,0.28
15,teen_social_big_support_aug2_143,posting_frequency,1,2,Less than once a week,0.46
15,teen_social_big_support_aug2_143,posting_frequency,2,3,A few times a week,0.18
15,teen_social_big_support_aug2_143,posting_frequency,3,4,At least once a day,0.08
15,teen_social_big_support_aug2_143,late_night_use,0,1,Never,0.08
15,teen_social_big_support_aug2_143,late_night_use,1,2,Rarely,0.14
15,teen_social_big_support_aug2_143,late_night_use,2,3,Sometimes,0.28
15,teen_social_big_support_aug2_143,late_night_use,3,4,Often,0.5
15,teen_social_big_support_aug2_143,sleep_interference,0,1,Never,0.22
15,teen_social_big_support_aug2_143,sleep_interference,1,2,Rarely,0.45
15,teen_social_big_support_aug2_143,sleep_interference,2,3,Sometimes,0.23
15,teen_social_big_support_aug2_143,sleep_interference,3,4,Often,0.1
15,teen_social_big_support_aug2_143,social_comparison,0,1,Never,0.08
15,teen_social_big_support_aug2_143,social_comparison,1,2,Rarely,0.14
15,teen_social_big_support_aug2_143,social_comparison,2,3,Sometimes,0.28
15,teen_social_big_support_aug2_143,social_comparison,3,4,Often,0.5
15,teen_social_big_support_aug2_143,connection_effect,0,1,Makes me feel less connected,0.52
15,teen_social_big_support_aug2_143,connection_effect,1,2,Makes little difference,0.34
15,teen_social_big_support_aug2_143,connection_effect,2,3,Makes me feel more connected,0.14
15,teen_social_big_support_aug2_143,parental_rules,0,1,No rules,0.1
15,teen_social_big_support_aug2_143,parental_rules,1,2,A few loose rules,0.24
15,teen_social_big_support_aug2_143,parental_rules,2,3,Some clear rules,0.48
15,teen_social_big_support_aug2_143,parental_rules,3,4,Very strict rules,0.18
15,teen_social_big_support_aug2_143,primary_platform,0,1,TikTok,0.1
15,teen_social_big_support_aug2_143,primary_platform,1,2,Instagram,0.1
15,teen_social_big_support_aug2_143,primary_platform,2,3,YouTube,0.16
15,teen_social_big_support_aug2_143,primary_platform,3,4,Snapchat,0.09
15,teen_social_big_support_aug2_143,primary_platform,4,5,Another platform,0.1
15,teen_social_big_support_aug2_143,primary_platform,5,6,I do not use social media,0.45
16,teen_social_big_support_aug2_144,social_media_hours,0,1,Less than one hour,0.26
16,teen_social_big_support_aug2_144,social_media_hours,1,2,One to three hours,0.58
16,teen_social_big_support_aug2_144,social_media_hours,2,3,Four or more hours,0.16
16,teen_social_big_support_aug2_144,posting_frequency,0,1,Never or almost never,0.08
16,teen_social_big_support_aug2_144,posting_frequency,1,2,Less than once a week,0.12
16,teen_social_big_support_aug2_144,posting_frequency,2,3,A few times a week,0.28
16,teen_social_big_support_aug2_144,posting_frequency,3,4,At least once a day,0.52
16,teen_social_big_support_aug2_144,late_night_use,0,1,Never,0.55
16,teen_social_big_support_aug2_144,late_night_use,1,2,Rarely,0.27
16,teen_social_big_support_aug2_144,late_night_use,2,3,Sometimes,0.13
16,teen_social_big_support_aug2_144,late_night_use,3,4,Often,0.05
16,teen_social_big_support_aug2_144,sleep_interference,0,1,Never,0.15
16,teen_social_big_support_aug2_144,sleep_interference,1,2,Rarely,0.26
16,teen_social_big_support_aug2_144,sleep_interference,2,3,Sometimes,0.44
16,teen_social_big_support_aug2_144,sleep_interference,3,4,Often,0.15
16,teen_social_big_support_aug2_144,social_comparison,0,1,Never,0.05
16,teen_social_big_support_aug2_144,social_comparison,1,2,Rarely,0.15
16,teen_social_big_support_aug2_144,social_comparison,2,3,Sometimes,0.3
16,teen_social_big_support_aug2_144,social_comparison,3,4,Often,0.5
16,teen_social_big_support_aug2_144,connection_effect,0,1,Makes me feel less connected,0.5
16,teen_social_big_support_aug2_144,connection_effect,1,2,Makes little difference,0.32
16,teen_social_big_support_aug2_144,connection_effect,2,3,Makes me feel more connected,0.18
16,teen_social_big_support_aug2_144,parental_rules,0,1,No rules,0.03
16,teen_social_big_support_aug2_144,parental_rules,1,2,A few loose rules,0.08
16,teen_social_big_support_aug2_144,parental_rules,2,3,Some clear rules,0.24
16,teen_social_big_support_aug2_144,parental_rules,3,4,Very strict rules,0.65
16,teen_social_big_support_aug2_144,primary_platform,0,1,TikTok,0.12
16,teen_social_big_support_aug2_144,primary_platform,1,2,Instagram,0.14
16,teen_social_big_support_aug2_144,primary_platform,2,3,YouTube,0.16
16,teen_social_big_support_aug2_144,primary_platform,3,4,Snapchat,0.1
16,teen_social_big_support_aug2_144,primary_platform,4,5,Another platform,0.08
16,teen_social_big_support_aug2_144,primary_platform,5,6,I do not use social media,0.4
17,teen_social_big_support_aug2_145,social_media_hours,0,1,Less than one hour,0.12
17,teen_social_big_support_aug2_145,social_media_hours,1,2,One to three hours,0.3
17,teen_social_big_support_aug2_145,social_media_hours,2,3,Four or more hours,0.58
17,teen_social_big_support_aug2_145,posting_frequency,0,1,Never or almost never,0.24
17,teen_social_big_support_aug2_145,posting_frequency,1,2,Less than once a week,0.46
17,teen_social_big_support_aug2_145,posting_frequency,2,3,A few times a week,0.2
17,teen_social_big_support_aug2_145,posting_frequency,3,4,At least once a day,0.1
17,teen_social_big_support_aug2_145,late_night_use,0,1,Never,0.08
17,teen_social_big_support_aug2_145,late_night_use,1,2,Rarely,0.17
17,teen_social_big_support_aug2_145,late_night_use,2,3,Sometimes,0.29
17,teen_social_big_support_aug2_145,late_night_use,3,4,Often,0.46
17,teen_social_big_support_aug2_145,sleep_interference,0,1,Never,0.24
17,teen_social_big_support_aug2_145,sleep_interference,1,2,Rarely,0.43
17,teen_social_big_support_aug2_145,sleep_interference,2,3,Sometimes,0.23
17,teen_social_big_support_aug2_145,sleep_interference,3,4,Often,0.1
17,teen_social_big_support_aug2_145,social_comparison,0,1,Never,0.14
17,teen_social_big_support_aug2_145,social_comparison,1,2,Rarely,0.25
17,teen_social_big_support_aug2_145,social_comparison,2,3,Sometimes,0.43
17,teen_social_big_support_aug2_145,social_comparison,3,4,Often,0.18
17,teen_social_big_support_aug2_145,connection_effect,0,1,Makes me feel less connected,0.48
17,teen_social_big_support_aug2_145,connection_effect,1,2,Makes little difference,0.35
17,teen_social_big_support_aug2_145,connection_effect,2,3,Makes me feel more connected,0.17
17,teen_social_big_support_aug2_145,parental_rules,0,1,No rules,0.22
17,teen_social_big_support_aug2_145,parental_rules,1,2,A few loose rules,0.43
17,teen_social_big_support_aug2_145,parental_rules,2,3,Some clear rules,0.25
17,teen_social_big_support_aug2_145,parental_rules,3,4,Very strict rules,0.1
17,teen_social_big_support_aug2_145,primary_platform,0,1,TikTok,0.12
17,teen_social_big_support_aug2_145,primary_platform,1,2,Instagram,0.1
17,teen_social_big_support_aug2_145,primary_platform,2,3,YouTube,0.18
17,teen_social_big_support_aug2_145,primary_platform,3,4,Snapchat,0.1
17,teen_social_big_support_aug2_145,primary_platform,4,5,Another platform,0.12
17,teen_social_big_support_aug2_145,primary_platform,5,6,I do not use social media,0.38
18,teen_social_big_support_aug2_146,social_media_hours,0,1,Less than one hour,0.58
18,teen_social_big_support_aug2_146,social_media_hours,1,2,One to three hours,0.32
18,teen_social_big_support_aug2_146,social_media_hours,2,3,Four or more hours,0.1
18,teen_social_big_support_aug2_146,posting_frequency,0,1,Never or almost never,0.12
18,teen_social_big_support_aug2_146,posting_frequency,1,2,Less than once a week,0.14
18,teen_social_big_support_aug2_146,posting_frequency,2,3,A few times a week,0.28
18,teen_social_big_support_aug2_146,posting_frequency,3,4,At least once a day,0.46
18,teen_social_big_support_aug2_146,late_night_use,0,1,Never,0.18
18,teen_social_big_support_aug2_146,late_night_use,1,2,Rarely,0.27
18,teen_social_big_support_aug2_146,late_night_use,2,3,Sometimes,0.42
18,teen_social_big_support_aug2_146,late_night_use,3,4,Often,0.13
18,teen_social_big_support_aug2_146,sleep_interference,0,1,Never,0.55
18,teen_social_big_support_aug2_146,sleep_interference,1,2,Rarely,0.28
18,teen_social_big_support_aug2_146,sleep_interference,2,3,Sometimes,0.12
18,teen_social_big_support_aug2_146,sleep_interference,3,4,Often,0.05
18,teen_social_big_support_aug2_146,social_comparison,0,1,Never,0.57
18,teen_social_big_support_aug2_146,social_comparison,1,2,Rarely,0.27
18,teen_social_big_support_aug2_146,social_comparison,2,3,Sometimes,0.11
18,teen_social_big_support_aug2_146,social_comparison,3,4,Often,0.05
18,teen_social_big_support_aug2_146,connection_effect,0,1,Makes me feel less connected,0.08
18,teen_social_big_support_aug2_146,connection_effect,1,2,Makes little difference,0.34
18,teen_social_big_support_aug2_146,connection_effect,2,3,Makes me feel more connected,0.58
18,teen_social_big_support_aug2_146,parental_rules,0,1,No rules,0.1
18,teen_social_big_support_aug2_146,parental_rules,1,2,A few loose rules,0.28
18,teen_social_big_support_aug2_146,parental_rules,2,3,Some clear rules,0.48
18,teen_social_big_support_aug2_146,parental_rules,3,4,Very strict rules,0.14
18,teen_social_big_support_aug2_146,primary_platform,0,1,TikTok,0.08
18,teen_social_big_support_aug2_146,primary_platform,1,2,Instagram,0.08
18,teen_social_big_support_aug2_146,primary_platform,2,3,YouTube,0.14
18,teen_social_big_support_aug2_146,primary_platform,3,4,Snapchat,0.09
18,teen_social_big_support_aug2_146,primary_platform,4,5,Another platform,0.16
18,teen_social_big_support_aug2_146,primary_platform,5,6,I do not use social media,0.45
19,teen_social_big_support_aug2_147,social_media_hours,0,1,Less than one hour,0.52
19,teen_social_big_support_aug2_147,social_media_hours,1,2,One to three hours,0.34
19,teen_social_big_support_aug2_147,social_media_hours,2,3,Four or more hours,0.14
19,teen_social_big_support_aug2_147,posting_frequency,0,1,Never or almost never,0.08
19,teen_social_big_support_aug2_147,posting_frequency,1,2,Less than once a week,0.12
19,teen_social_big_support_aug2_147,posting_frequency,2,3,A few times a week,0.27
19,teen_social_big_support_aug2_147,posting_frequency,3,4,At least once a day,0.53
19,teen_social_big_support_aug2_147,late_night_use,0,1,Never,0.22
19,teen_social_big_support_aug2_147,late_night_use,1,2,Rarely,0.47
19,teen_social_big_support_aug2_147,late_night_use,2,3,Sometimes,0.21
19,teen_social_big_support_aug2_147,late_night_use,3,4,Often,0.1
19,teen_social_big_support_aug2_147,sleep_interference,0,1,Never,0.09
19,teen_social_big_support_aug2_147,sleep_interference,1,2,Rarely,0.14
19,teen_social_big_support_aug2_147,sleep_interference,2,3,Sometimes,0.31
19,teen_social_big_support_aug2_147,sleep_interference,3,4,Often,0.46
19,teen_social_big_support_aug2_147,social_comparison,0,1,Never,0.07
19,teen_social_big_support_aug2_147,social_comparison,1,2,Rarely,0.16
19,teen_social_big_support_aug2_147,social_comparison,2,3,Sometimes,0.32
19,teen_social_big_support_aug2_147,social_comparison,3,4,Often,0.45
19,teen_social_big_support_aug2_147,connection_effect,0,1,Makes me feel less connected,0.5
19,teen_social_big_support_aug2_147,connection_effect,1,2,Makes little difference,0.32
19,teen_social_big_support_aug2_147,connection_effect,2,3,Makes me feel more connected,0.18
19,teen_social_big_support_aug2_147,parental_rules,0,1,No rules,0.05
19,teen_social_big_support_aug2_147,parental_rules,1,2,A few loose rules,0.08
19,teen_social_big_support_aug2_147,parental_rules,2,3,Some clear rules,0.27
19,teen_social_big_support_aug2_147,parental_rules,3,4,Very strict rules,0.6
19,teen_social_big_support_aug2_147,primary_platform,0,1,TikTok,0.12
19,teen_social_big_support_aug2_147,primary_platform,1,2,Instagram,0.11
19,teen_social_big_support_aug2_147,primary_platform,2,3,YouTube,0.15
19,teen_social_big_support_aug2_147,primary_platform,3,4,Snapchat,0.1
19,teen_social_big_support_aug2_147,primary_platform,4,5,Another platform,0.46
19,teen_social_big_support_aug2_147,primary_platform,5,6,I do not use social media,0.06
20,teen_social_big_support_aug2_148,social_media_hours,0,1,Less than one hour,0.52
20,teen_social_big_support_aug2_148,social_media_hours,1,2,One to three hours,0.38
20,teen_social_big_support_aug2_148,social_media_hours,2,3,Four or more hours,0.1
20,teen_social_big_support_aug2_148,posting_frequency,0,1,Never or almost never,0.46
20,teen_social_big_support_aug2_148,posting_frequency,1,2,Less than once a week,0.3
20,teen_social_big_support_aug2_148,posting_frequency,2,3,A few times a week,0.17
20,teen_social_big_support_aug2_148,posting_frequency,3,4,At least once a day,0.07
20,teen_social_big_support_aug2_148,late_night_use,0,1,Never,0.2
20,teen_social_big_support_aug2_148,late_night_use,1,2,Rarely,0.48
20,teen_social_big_support_aug2_148,late_night_use,2,3,Sometimes,0.24
20,teen_social_big_support_aug2_148,late_night_use,3,4,Often,0.08
20,teen_social_big_support_aug2_148,sleep_interference,0,1,Never,0.12
20,teen_social_big_support_aug2_148,sleep_interference,1,2,Rarely,0.26
20,teen_social_big_support_aug2_148,sleep_interference,2,3,Sometimes,0.45
20,teen_social_big_support_aug2_148,sleep_interference,3,4,Often,0.17
20,teen_social_big_support_aug2_148,social_comparison,0,1,Never,0.05
20,teen_social_big_support_aug2_148,social_comparison,1,2,Rarely,0.16
20,teen_social_big_support_aug2_148,social_comparison,2,3,Sometimes,0.34
20,teen_social_big_support_aug2_148,social_comparison,3,4,Often,0.45
20,teen_social_big_support_aug2_148,connection_effect,0,1,Makes me feel less connected,0.1
20,teen_social_big_support_aug2_148,connection_effect,1,2,Makes little difference,0.31
20,teen_social_big_support_aug2_148,connection_effect,2,3,Makes me feel more connected,0.59
20,teen_social_big_support_aug2_148,parental_rules,0,1,No rules,0.16
20,teen_social_big_support_aug2_148,parental_rules,1,2,A few loose rules,0.5
20,teen_social_big_support_aug2_148,parental_rules,2,3,Some clear rules,0.25
20,teen_social_big_support_aug2_148,parental_rules,3,4,Very strict rules,0.09
20,teen_social_big_support_aug2_148,primary_platform,0,1,TikTok,0.14
20,teen_social_big_support_aug2_148,primary_platform,1,2,Instagram,0.13
20,teen_social_big_support_aug2_148,primary_platform,2,3,YouTube,0.16
20,teen_social_big_support_aug2_148,primary_platform,3,4,Snapchat,0.42
20,teen_social_big_support_aug2_148,primary_platform,4,5,Another platform,0.08
20,teen_social_big_support_aug2_148,primary_platform,5,6,I do not use social media,0.07
21,teen_social_big_support_aug2_149,social_media_hours,0,1,Less than one hour,0.55
21,teen_social_big_support_aug2_149,social_media_hours,1,2,One to three hours,0.35
21,teen_social_big_support_aug2_149,social_media_hours,2,3,Four or more hours,0.1
21,teen_social_big_support_aug2_149,posting_frequency,0,1,Never or almost never,0.08
21,teen_social_big_support_aug2_149,posting_frequency,1,2,Less than once a week,0.12
21,teen_social_big_support_aug2_149,posting_frequency,2,3,A few times a week,0.25
21,teen_social_big_support_aug2_149,posting_frequency,3,4,At least once a day,0.55
21,teen_social_big_support_aug2_149,late_night_use,0,1,Never,0.62
21,teen_social_big_support_aug2_149,late_night_use,1,2,Rarely,0.24
21,teen_social_big_support_aug2_149,late_night_use,2,3,Sometimes,0.1
21,teen_social_big_support_aug2_149,late_night_use,3,4,Often,0.04
21,teen_social_big_support_aug2_149,sleep_interference,0,1,Never,0.66
21,teen_social_big_support_aug2_149,sleep_interference,1,2,Rarely,0.22
21,teen_social_big_support_aug2_149,sleep_interference,2,3,Sometimes,0.09
21,teen_social_big_support_aug2_149,sleep_interference,3,4,Often,0.03
21,teen_social_big_support_aug2_149,social_comparison,0,1,Never,0.24
21,teen_social_big_support_aug2_149,social_comparison,1,2,Rarely,0.49
21,teen_social_big_support_aug2_149,social_comparison,2,3,Sometimes,0.2
21,teen_social_big_support_aug2_149,social_comparison,3,4,Often,0.07
21,teen_social_big_support_aug2_149,connection_effect,0,1,Makes me feel less connected,0.08
21,teen_social_big_support_aug2_149,connection_effect,1,2,Makes little difference,0.3
21,teen_social_big_support_aug2_149,connection_effect,2,3,Makes me feel more connected,0.62
21,teen_social_big_support_aug2_149,parental_rules,0,1,No rules,0.03
21,teen_social_big_support_aug2_149,parental_rules,1,2,A few loose rules,0.1
21,teen_social_big_support_aug2_149,parental_rules,2,3,Some clear rules,0.27
21,teen_social_big_support_aug2_149,parental_rules,3,4,Very strict rules,0.6
21,teen_social_big_support_aug2_149,primary_platform,0,1,TikTok,0.1
21,teen_social_big_support_aug2_149,primary_platform,1,2,Instagram,0.12
21,teen_social_big_support_aug2_149,primary_platform,2,3,YouTube,0.16
21,teen_social_big_support_aug2_149,primary_platform,3,4,Snapchat,0.11
21,teen_social_big_support_aug2_149,primary_platform,4,5,Another platform,0.45
21,teen_social_big_support_aug2_149,primary_platform,5,6,I do not use social media,0.06
22,teen_social_big_support_aug2_150,social_media_hours,0,1,Less than one hour,0.52
22,teen_social_big_support_aug2_150,social_media_hours,1,2,One to three hours,0.38
22,teen_social_big_support_aug2_150,social_media_hours,2,3,Four or more hours,0.1
22,teen_social_big_support_aug2_150,posting_frequency,0,1,Never or almost never,0.18
22,teen_social_big_support_aug2_150,posting_frequency,1,2,Less than once a week,0.2
22,teen_social_big_support_aug2_150,posting_frequency,2,3,A few times a week,0.44
22,teen_social_big_support_aug2_150,posting_frequency,3,4,At least once a day,0.18
22,teen_social_big_support_aug2_150,late_night_use,0,1,Never,0.58
22,teen_social_big_support_aug2_150,late_night_use,1,2,Rarely,0.27
22,teen_social_big_support_aug2_150,late_night_use,2,3,Sometimes,0.11
22,teen_social_big_support_aug2_150,late_night_use,3,4,Often,0.04
22,teen_social_big_support_aug2_150,sleep_interference,0,1,Never,0.62
22,teen_social_big_support_aug2_150,sleep_interference,1,2,Rarely,0.25
22,teen_social_big_support_aug2_150,sleep_interference,2,3,Sometimes,0.1
22,teen_social_big_support_aug2_150,sleep_interference,3,4,Often,0.03
22,teen_social_big_support_aug2_150,social_comparison,0,1,Never,0.55
22,teen_social_big_support_aug2_150,social_comparison,1,2,Rarely,0.3
22,teen_social_big_support_aug2_150,social_comparison,2,3,Sometimes,0.11
22,teen_social_big_support_aug2_150,social_comparison,3,4,Often,0.04
22,teen_social_big_support_aug2_150,connection_effect,0,1,Makes me feel less connected,0.08
22,teen_social_big_support_aug2_150,connection_effect,1,2,Makes little difference,0.32
22,teen_social_big_support_aug2_150,connection_effect,2,3,Makes me feel more connected,0.6
22,teen_social_big_support_aug2_150,parental_rules,0,1,No rules,0.08
22,teen_social_big_support_aug2_150,parental_rules,1,2,A few loose rules,0.25
22,teen_social_big_support_aug2_150,parental_rules,2,3,Some clear rules,0.5
22,teen_social_big_support_aug2_150,parental_rules,3,4,Very strict rules,0.17
22,teen_social_big_support_aug2_150,primary_platform,0,1,TikTok,0.13
22,teen_social_big_support_aug2_150,primary_platform,1,2,Instagram,0.17
22,teen_social_big_support_aug2_150,primary_platform,2,3,YouTube,0.16
22,teen_social_big_support_aug2_150,primary_platform,3,4,Snapchat,0.42
22,teen_social_big_support_aug2_150,primary_platform,4,5,Another platform,0.07
22,teen_social_big_support_aug2_150,primary_platform,5,6,I do not use social media,0.05
23,teen_social_big_support_aug2_151,social_media_hours,0,1,Less than one hour,0.08
23,teen_social_big_support_aug2_151,social_media_hours,1,2,One to three hours,0.27
23,teen_social_big_support_aug2_151,social_media_hours,2,3,Four or more hours,0.65
23,teen_social_big_support_aug2_151,posting_frequency,0,1,Never or almost never,0.06
23,teen_social_big_support_aug2_151,posting_frequency,1,2,Less than once a week,0.1
23,teen_social_big_support_aug2_151,posting_frequency,2,3,A few times a week,0.26
23,teen_social_big_support_aug2_151,posting_frequency,3,4,At least once a day,0.58
23,teen_social_big_support_aug2_151,late_night_use,0,1,Never,0.55
23,teen_social_big_support_aug2_151,late_night_use,1,2,Rarely,0.25
23,teen_social_big_support_aug2_151,late_night_use,2,3,Sometimes,0.15
23,teen_social_big_support_aug2_151,late_night_use,3,4,Often,0.05
23,teen_social_big_support_aug2_151,sleep_interference,0,1,Never,0.18
23,teen_social_big_support_aug2_151,sleep_interference,1,2,Rarely,0.25
23,teen_social_big_support_aug2_151,sleep_interference,2,3,Sometimes,0.42
23,teen_social_big_support_aug2_151,sleep_interference,3,4,Often,0.15
23,teen_social_big_support_aug2_151,social_comparison,0,1,Never,0.62
23,teen_social_big_support_aug2_151,social_comparison,1,2,Rarely,0.21
23,teen_social_big_support_aug2_151,social_comparison,2,3,Sometimes,0.12
23,teen_social_big_support_aug2_151,social_comparison,3,4,Often,0.05
23,teen_social_big_support_aug2_151,connection_effect,0,1,Makes me feel less connected,0.5
23,teen_social_big_support_aug2_151,connection_effect,1,2,Makes little difference,0.32
23,teen_social_big_support_aug2_151,connection_effect,2,3,Makes me feel more connected,0.18
23,teen_social_big_support_aug2_151,parental_rules,0,1,No rules,0.04
23,teen_social_big_support_aug2_151,parental_rules,1,2,A few loose rules,0.08
23,teen_social_big_support_aug2_151,parental_rules,2,3,Some clear rules,0.23
23,teen_social_big_support_aug2_151,parental_rules,3,4,Very strict rules,0.65
23,teen_social_big_support_aug2_151,primary_platform,0,1,TikTok,0.09
23,teen_social_big_support_aug2_151,primary_platform,1,2,Instagram,0.08
23,teen_social_big_support_aug2_151,primary_platform,2,3,YouTube,0.19
23,teen_social_big_support_aug2_151,primary_platform,3,4,Snapchat,0.07
23,teen_social_big_support_aug2_151,primary_platform,4,5,Another platform,0.13
23,teen_social_big_support_aug2_151,primary_platform,5,6,I do not use social media,0.44
24,teen_social_big_support_aug2_152,social_media_hours,0,1,Less than one hour,0.05
24,teen_social_big_support_aug2_152,social_media_hours,1,2,One to three hours,0.3
24,teen_social_big_support_aug2_152,social_media_hours,2,3,Four or more hours,0.65
24,teen_social_big_support_aug2_152,posting_frequency,0,1,Never or almost never,0.05
24,teen_social_big_support_aug2_152,posting_frequency,1,2,Less than once a week,0.12
24,teen_social_big_support_aug2_152,posting_frequency,2,3,A few times a week,0.28
24,teen_social_big_support_aug2_152,posting_frequency,3,4,At least once a day,0.55
24,teen_social_big_support_aug2_152,late_night_use,0,1,Never,0.3
24,teen_social_big_support_aug2_152,late_night_use,1,2,Rarely,0.45
24,teen_social_big_support_aug2_152,late_night_use,2,3,Sometimes,0.18
24,teen_social_big_support_aug2_152,late_night_use,3,4,Often,0.07
24,teen_social_big_support_aug2_152,sleep_interference,0,1,Never,0.58
24,teen_social_big_support_aug2_152,sleep_interference,1,2,Rarely,0.26
24,teen_social_big_support_aug2_152,sleep_interference,2,3,Sometimes,0.12
24,teen_social_big_support_aug2_152,sleep_interference,3,4,Often,0.04
24,teen_social_big_support_aug2_152,social_comparison,0,1,Never,0.55
24,teen_social_big_support_aug2_152,social_comparison,1,2,Rarely,0.25
24,teen_social_big_support_aug2_152,social_comparison,2,3,Sometimes,0.15
24,teen_social_big_support_aug2_152,social_comparison,3,4,Often,0.05
24,teen_social_big_support_aug2_152,connection_effect,0,1,Makes me feel less connected,0.48
24,teen_social_big_support_aug2_152,connection_effect,1,2,Makes little difference,0.35
24,teen_social_big_support_aug2_152,connection_effect,2,3,Makes me feel more connected,0.17
24,teen_social_big_support_aug2_152,parental_rules,0,1,No rules,0.04
24,teen_social_big_support_aug2_152,parental_rules,1,2,A few loose rules,0.11
24,teen_social_big_support_aug2_152,parental_rules,2,3,Some clear rules,0.25
24,teen_social_big_support_aug2_152,parental_rules,3,4,Very strict rules,0.6
24,teen_social_big_support_aug2_152,primary_platform,0,1,TikTok,0.14
24,teen_social_big_support_aug2_152,primary_platform,1,2,Instagram,0.14
24,teen_social_big_support_aug2_152,primary_platform,2,3,YouTube,0.15
24,teen_social_big_support_aug2_152,primary_platform,3,4,Snapchat,0.11
24,teen_social_big_support_aug2_152,primary_platform,4,5,Another platform,0.45
24,teen_social_big_support_aug2_152,primary_platform,5,6,I do not use social media,0.01
25,teen_social_big_support_aug2_153,social_media_hours,0,1,Less than one hour,0.22
25,teen_social_big_support_aug2_153,social_media_hours,1,2,One to three hours,0.62
25,teen_social_big_support_aug2_153,social_media_hours,2,3,Four or more hours,0.16
25,teen_social_big_support_aug2_153,posting_frequency,0,1,Never or almost never,0.22
25,teen_social_big_support_aug2_153,posting_frequency,1,2,Less than once a week,0.48
25,teen_social_big_support_aug2_153,posting_frequency,2,3,A few times a week,0.2
25,teen_social_big_support_aug2_153,posting_frequency,3,4,At least once a day,0.1
25,teen_social_big_support_aug2_153,late_night_use,0,1,Never,0.55
25,teen_social_big_support_aug2_153,late_night_use,1,2,Rarely,0.25
25,teen_social_big_support_aug2_153,late_night_use,2,3,Sometimes,0.14
25,teen_social_big_support_aug2_153,late_night_use,3,4,Often,0.06
25,teen_social_big_support_aug2_153,sleep_interference,0,1,Never,0.06
25,teen_social_big_support_aug2_153,sleep_interference,1,2,Rarely,0.14
25,teen_social_big_support_aug2_153,sleep_interference,2,3,Sometimes,0.28
25,teen_social_big_support_aug2_153,sleep_interference,3,4,Often,0.52
25,teen_social_big_support_aug2_153,social_comparison,0,1,Never,0.56
25,teen_social_big_support_aug2_153,social_comparison,1,2,Rarely,0.26
25,teen_social_big_support_aug2_153,social_comparison,2,3,Sometimes,0.12
25,teen_social_big_support_aug2_153,social_comparison,3,4,Often,0.06
25,teen_social_big_support_aug2_153,connection_effect,0,1,Makes me feel less connected,0.08
25,teen_social_big_support_aug2_153,connection_effect,1,2,Makes little difference,0.29
25,teen_social_big_support_aug2_153,connection_effect,2,3,Makes me feel more connected,0.63
25,teen_social_big_support_aug2_153,parental_rules,0,1,No rules,0.5
25,teen_social_big_support_aug2_153,parental_rules,1,2,A few loose rules,0.24
25,teen_social_big_support_aug2_153,parental_rules,2,3,Some clear rules,0.17
25,teen_social_big_support_aug2_153,parental_rules,3,4,Very strict rules,0.09
25,teen_social_big_support_aug2_153,primary_platform,0,1,TikTok,0.52
25,teen_social_big_support_aug2_153,primary_platform,1,2,Instagram,0.16
25,teen_social_big_support_aug2_153,primary_platform,2,3,YouTube,0.12
25,teen_social_big_support_aug2_153,primary_platform,3,4,Snapchat,0.13
25,teen_social_big_support_aug2_153,primary_platform,4,5,Another platform,0.05
25,teen_social_big_support_aug2_153,primary_platform,5,6,I do not use social media,0.02
26,teen_social_big_support_aug2_154,social_media_hours,0,1,Less than one hour,0.18
26,teen_social_big_support_aug2_154,social_media_hours,1,2,One to three hours,0.62
26,teen_social_big_support_aug2_154,social_media_hours,2,3,Four or more hours,0.2
26,teen_social_big_support_aug2_154,posting_frequency,0,1,Never or almost never,0.08
26,teen_social_big_support_aug2_154,posting_frequency,1,2,Less than once a week,0.18
26,teen_social_big_support_aug2_154,posting_frequency,2,3,A few times a week,0.55
26,teen_social_big_support_aug2_154,posting_frequency,3,4,At least once a day,0.19
26,teen_social_big_support_aug2_154,late_night_use,0,1,Never,0.05
26,teen_social_big_support_aug2_154,late_night_use,1,2,Rarely,0.12
26,teen_social_big_support_aug2_154,late_night_use,2,3,Sometimes,0.3
26,teen_social_big_support_aug2_154,late_night_use,3,4,Often,0.53
26,teen_social_big_support_aug2_154,sleep_interference,0,1,Never,0.06
26,teen_social_big_support_aug2_154,sleep_interference,1,2,Rarely,0.15
26,teen_social_big_support_aug2_154,sleep_interference,2,3,Sometimes,0.31
26,teen_social_big_support_aug2_154,sleep_interference,3,4,Often,0.48
26,teen_social_big_support_aug2_154,social_comparison,0,1,Never,0.55
26,teen_social_big_support_aug2_154,social_comparison,1,2,Rarely,0.25
26,teen_social_big_support_aug2_154,social_comparison,2,3,Sometimes,0.14
26,teen_social_big_support_aug2_154,social_comparison,3,4,Often,0.06
26,teen_social_big_support_aug2_154,connection_effect,0,1,Makes me feel less connected,0.07
26,teen_social_big_support_aug2_154,connection_effect,1,2,Makes little difference,0.25
26,teen_social_big_support_aug2_154,connection_effect,2,3,Makes me feel more connected,0.68
26,teen_social_big_support_aug2_154,parental_rules,0,1,No rules,0.5
26,teen_social_big_support_aug2_154,parental_rules,1,2,A few loose rules,0.28
26,teen_social_big_support_aug2_154,parental_rules,2,3,Some clear rules,0.16
26,teen_social_big_support_aug2_154,parental_rules,3,4,Very strict rules,0.06
26,teen_social_big_support_aug2_154,primary_platform,0,1,TikTok,0.18
26,teen_social_big_support_aug2_154,primary_platform,1,2,Instagram,0.16
26,teen_social_big_support_aug2_154,primary_platform,2,3,YouTube,0.1
26,teen_social_big_support_aug2_154,primary_platform,3,4,Snapchat,0.48
26,teen_social_big_support_aug2_154,primary_platform,4,5,Another platform,0.07
26,teen_social_big_support_aug2_154,primary_platform,5,6,I do not use social media,0.01
27,teen_social_big_support_aug2_155,social_media_hours,0,1,Less than one hour,0.05
27,teen_social_big_support_aug2_155,social_media_hours,1,2,One to three hours,0.25
27,teen_social_big_support_aug2_155,social_media_hours,2,3,Four or more hours,0.7
27,teen_social_big_support_aug2_155,posting_frequency,0,1,Never or almost never,0.04
27,teen_social_big_support_aug2_155,posting_frequency,1,2,Less than once a week,0.1
27,teen_social_big_support_aug2_155,posting_frequency,2,3,A few times a week,0.24
27,teen_social_big_support_aug2_155,posting_frequency,3,4,At least once a day,0.62
27,teen_social_big_support_aug2_155,late_night_use,0,1,Never,0.08
27,teen_social_big_support_aug2_155,late_night_use,1,2,Rarely,0.22
27,teen_social_big_support_aug2_155,late_night_use,2,3,Sometimes,0.5
27,teen_social_big_support_aug2_155,late_night_use,3,4,Often,0.2
27,teen_social_big_support_aug2_155,sleep_interference,0,1,Never,0.1
27,teen_social_big_support_aug2_155,sleep_interference,1,2,Rarely,0.2
27,teen_social_big_support_aug2_155,sleep_interference,2,3,Sometimes,0.5
27,teen_social_big_support_aug2_155,sleep_interference,3,4,Often,0.2
27,teen_social_big_support_aug2_155,social_comparison,0,1,Never,0.04
27,teen_social_big_support_aug2_155,social_comparison,1,2,Rarely,0.12
27,teen_social_big_support_aug2_155,social_comparison,2,3,Sometimes,0.3
27,teen_social_big_support_aug2_155,social_comparison,3,4,Often,0.54
27,teen_social_big_support_aug2_155,connection_effect,0,1,Makes me feel less connected,0.55
27,teen_social_big_support_aug2_155,connection_effect,1,2,Makes little difference,0.3
27,teen_social_big_support_aug2_155,connection_effect,2,3,Makes me feel more connected,0.15
27,teen_social_big_support_aug2_155,parental_rules,0,1,No rules,0.03
27,teen_social_big_support_aug2_155,parental_rules,1,2,A few loose rules,0.09
27,teen_social_big_support_aug2_155,parental_rules,2,3,Some clear rules,0.28
27,teen_social_big_support_aug2_155,parental_rules,3,4,Very strict rules,0.6
27,teen_social_big_support_aug2_155,primary_platform,0,1,TikTok,0.18
27,teen_social_big_support_aug2_155,primary_platform,1,2,Instagram,0.14
27,teen_social_big_support_aug2_155,primary_platform,2,3,YouTube,0.08
27,teen_social_big_support_aug2_155,primary_platform,3,4,Snapchat,0.52
27,teen_social_big_support_aug2_155,primary_platform,4,5,Another platform,0.07
27,teen_social_big_support_aug2_155,primary_platform,5,6,I do not use social media,0.01
28,teen_social_big_support_aug2_156,social_media_hours,0,1,Less than one hour,0.58
28,teen_social_big_support_aug2_156,social_media_hours,1,2,One to three hours,0.32
28,teen_social_big_support_aug2_156,social_media_hours,2,3,Four or more hours,0.1
28,teen_social_big_support_aug2_156,posting_frequency,0,1,Never or almost never,0.28
28,teen_social_big_support_aug2_156,posting_frequency,1,2,Less than once a week,0.42
28,teen_social_big_support_aug2_156,posting_frequency,2,3,A few times a week,0.2
28,teen_social_big_support_aug2_156,posting_frequency,3,4,At least once a day,0.1
28,teen_social_big_support_aug2_156,late_night_use,0,1,Never,0.62
28,teen_social_big_support_aug2_156,late_night_use,1,2,Rarely,0.24
28,teen_social_big_support_aug2_156,late_night_use,2,3,Sometimes,0.1
28,teen_social_big_support_aug2_156,late_night_use,3,4,Often,0.04
28,teen_social_big_support_aug2_156,sleep_interference,0,1,Never,0.68
28,teen_social_big_support_aug2_156,sleep_interference,1,2,Rarely,0.2
28,teen_social_big_support_aug2_156,sleep_interference,2,3,Sometimes,0.09
28,teen_social_big_support_aug2_156,sleep_interference,3,4,Often,0.03
28,teen_social_big_support_aug2_156,social_comparison,0,1,Never,0.58
28,teen_social_big_support_aug2_156,social_comparison,1,2,Rarely,0.25
28,teen_social_big_support_aug2_156,social_comparison,2,3,Sometimes,0.12
28,teen_social_big_support_aug2_156,social_comparison,3,4,Often,0.05
28,teen_social_big_support_aug2_156,connection_effect,0,1,Makes me feel less connected,0.48
28,teen_social_big_support_aug2_156,connection_effect,1,2,Makes little difference,0.37
28,teen_social_big_support_aug2_156,connection_effect,2,3,Makes me feel more connected,0.15
28,teen_social_big_support_aug2_156,parental_rules,0,1,No rules,0.04
28,teen_social_big_support_aug2_156,parental_rules,1,2,A few loose rules,0.1
28,teen_social_big_support_aug2_156,parental_rules,2,3,Some clear rules,0.28
28,teen_social_big_support_aug2_156,parental_rules,3,4,Very strict rules,0.58
28,teen_social_big_support_aug2_156,primary_platform,0,1,TikTok,0.06
28,teen_social_big_support_aug2_156,primary_platform,1,2,Instagram,0.05
28,teen_social_big_support_aug2_156,primary_platform,2,3,YouTube,0.12
28,teen_social_big_support_aug2_156,primary_platform,3,4,Snapchat,0.04
28,teen_social_big_support_aug2_156,primary_platform,4,5,Another platform,0.08
28,teen_social_big_support_aug2_156,primary_platform,5,6,I do not use social media,0.65
29,teen_social_big_support_aug2_157,social_media_hours,0,1,Less than one hour,0.55
29,teen_social_big_support_aug2_157,social_media_hours,1,2,One to three hours,0.34
29,teen_social_big_support_aug2_157,social_media_hours,2,3,Four or more hours,0.11
29,teen_social_big_support_aug2_157,posting_frequency,0,1,Never or almost never,0.6
29,teen_social_big_support_aug2_157,posting_frequency,1,2,Less than once a week,0.22
29,teen_social_big_support_aug2_157,posting_frequency,2,3,A few times a week,0.12
29,teen_social_big_support_aug2_157,posting_frequency,3,4,At least once a day,0.06
29,teen_social_big_support_aug2_157,late_night_use,0,1,Never,0.06
29,teen_social_big_support_aug2_157,late_night_use,1,2,Rarely,0.14
29,teen_social_big_support_aug2_157,late_night_use,2,3,Sometimes,0.3
29,teen_social_big_support_aug2_157,late_night_use,3,4,Often,0.5
29,teen_social_big_support_aug2_157,sleep_interference,0,1,Never,0.24
29,teen_social_big_support_aug2_157,sleep_interference,1,2,Rarely,0.48
29,teen_social_big_support_aug2_157,sleep_interference,2,3,Sometimes,0.2
29,teen_social_big_support_aug2_157,sleep_interference,3,4,Often,0.08
29,teen_social_big_support_aug2_157,social_comparison,0,1,Never,0.28
29,teen_social_big_support_aug2_157,social_comparison,1,2,Rarely,0.46
29,teen_social_big_support_aug2_157,social_comparison,2,3,Sometimes,0.18
29,teen_social_big_support_aug2_157,social_comparison,3,4,Often,0.08
29,teen_social_big_support_aug2_157,connection_effect,0,1,Makes me feel less connected,0.08
29,teen_social_big_support_aug2_157,connection_effect,1,2,Makes little difference,0.36
29,teen_social_big_support_aug2_157,connection_effect,2,3,Makes me feel more connected,0.56
29,teen_social_big_support_aug2_157,parental_rules,0,1,No rules,0.52
29,teen_social_big_support_aug2_157,parental_rules,1,2,A few loose rules,0.28
29,teen_social_big_support_aug2_157,parental_rules,2,3,Some clear rules,0.14
29,teen_social_big_support_aug2_157,parental_rules,3,4,Very strict rules,0.06
29,teen_social_big_support_aug2_157,primary_platform,0,1,TikTok,0.14
29,teen_social_big_support_aug2_157,primary_platform,1,2,Instagram,0.1
29,teen_social_big_support_aug2_157,primary_platform,2,3,YouTube,0.5
29,teen_social_big_support_aug2_157,primary_platform,3,4,Snapchat,0.12
29,teen_social_big_support_aug2_157,primary_platform,4,5,Another platform,0.1
29,teen_social_big_support_aug2_157,primary_platform,5,6,I do not use social media,0.04
30,teen_social_big_support_aug2_158,social_media_hours,0,1,Less than one hour,0.08
30,teen_social_big_support_aug2_158,social_media_hours,1,2,One to three hours,0.32
30,teen_social_big_support_aug2_158,social_media_hours,2,3,Four or more hours,0.6
30,teen_social_big_support_aug2_158,posting_frequency,0,1,Never or almost never,0.55
30,teen_social_big_support_aug2_158,posting_frequency,1,2,Less than once a week,0.22
30,teen_social_big_support_aug2_158,posting_frequency,2,3,A few times a week,0.15
30,teen_social_big_support_aug2_158,posting_frequency,3,4,At least once a day,0.08
30,teen_social_big_support_aug2_158,late_night_use,0,1,Never,0.05
30,teen_social_big_support_aug2_158,late_night_use,1,2,Rarely,0.12
30,teen_social_big_support_aug2_158,late_night_use,2,3,Sometimes,0.28
30,teen_social_big_support_aug2_158,late_night_use,3,4,Often,0.55
30,teen_social_big_support_aug2_158,sleep_interference,0,1,Never,0.26
30,teen_social_big_support_aug2_158,sleep_interference,1,2,Rarely,0.42
30,teen_social_big_support_aug2_158,sleep_interference,2,3,Sometimes,0.22
30,teen_social_big_support_aug2_158,sleep_interference,3,4,Often,0.1
30,teen_social_big_support_aug2_158,social_comparison,0,1,Never,0.04
30,teen_social_big_support_aug2_158,social_comparison,1,2,Rarely,0.14
30,teen_social_big_support_aug2_158,social_comparison,2,3,Sometimes,0.31
30,teen_social_big_support_aug2_158,social_comparison,3,4,Often,0.51
30,teen_social_big_support_aug2_158,connection_effect,0,1,Makes me feel less connected,0.1
30,teen_social_big_support_aug2_158,connection_effect,1,2,Makes little difference,0.28
30,teen_social_big_support_aug2_158,connection_effect,2,3,Makes me feel more connected,0.62
30,teen_social_big_support_aug2_158,parental_rules,0,1,No rules,0.1
30,teen_social_big_support_aug2_158,parental_rules,1,2,A few loose rules,0.24
30,teen_social_big_support_aug2_158,parental_rules,2,3,Some clear rules,0.48
30,teen_social_big_support_aug2_158,parental_rules,3,4,Very strict rules,0.18
30,teen_social_big_support_aug2_158,primary_platform,0,1,TikTok,0.14
30,teen_social_big_support_aug2_158,primary_platform,1,2,Instagram,0.16
30,teen_social_big_support_aug2_158,primary_platform,2,3,YouTube,0.18
30,teen_social_big_support_aug2_158,primary_platform,3,4,Snapchat,0.13
30,teen_social_big_support_aug2_158,primary_platform,4,5,Another platform,0.38
30,teen_social_big_support_aug2_158,primary_platform,5,6,I do not use social media,0.01
31,teen_social_big_support_aug2_159,social_media_hours,0,1,Less than one hour,0.06
31,teen_social_big_support_aug2_159,social_media_hours,1,2,One to three hours,0.3
31,teen_social_big_support_aug2_159,social_media_hours,2,3,Four or more hours,0.64
31,teen_social_big_support_aug2_159,posting_frequency,0,1,Never or almost never,0.07
31,teen_social_big_support_aug2_159,posting_frequency,1,2,Less than once a week,0.12
31,teen_social_big_support_aug2_159,posting_frequency,2,3,A few times a week,0.31
31,teen_social_big_support_aug2_159,posting_frequency,3,4,At least once a day,0.5
31,teen_social_big_support_aug2_159,late_night_use,0,1,Never,0.05
31,teen_social_big_support_aug2_159,late_night_use,1,2,Rarely,0.14
31,teen_social_big_support_aug2_159,late_night_use,2,3,Sometimes,0.31
31,teen_social_big_support_aug2_159,late_night_use,3,4,Often,0.5
31,teen_social_big_support_aug2_159,sleep_interference,0,1,Never,0.1
31,teen_social_big_support_aug2_159,sleep_interference,1,2,Rarely,0.24
31,teen_social_big_support_aug2_159,sleep_interference,2,3,Sometimes,0.46
31,teen_social_big_support_aug2_159,sleep_interference,3,4,Often,0.2
31,teen_social_big_support_aug2_159,social_comparison,0,1,Never,0.12
31,teen_social_big_support_aug2_159,social_comparison,1,2,Rarely,0.28
31,teen_social_big_support_aug2_159,social_comparison,2,3,Sometimes,0.42
31,teen_social_big_support_aug2_159,social_comparison,3,4,Often,0.18
31,teen_social_big_support_aug2_159,connection_effect,0,1,Makes me feel less connected,0.18
31,teen_social_big_support_aug2_159,connection_effect,1,2,Makes little difference,0.56
31,teen_social_big_support_aug2_159,connection_effect,2,3,Makes me feel more connected,0.26
31,teen_social_big_support_aug2_159,parental_rules,0,1,No rules,0.08
31,teen_social_big_support_aug2_159,parental_rules,1,2,A few loose rules,0.25
31,teen_social_big_support_aug2_159,parental_rules,2,3,Some clear rules,0.49
31,teen_social_big_support_aug2_159,parental_rules,3,4,Very strict rules,0.18
31,teen_social_big_support_aug2_159,primary_platform,0,1,TikTok,0.16
31,teen_social_big_support_aug2_159,primary_platform,1,2,Instagram,0.13
31,teen_social_big_support_aug2_159,primary_platform,2,3,YouTube,0.14
31,teen_social_big_support_aug2_159,primary_platform,3,4,Snapchat,0.12
31,teen_social_big_support_aug2_159,primary_platform,4,5,Another platform,0.44
31,teen_social_big_support_aug2_159,primary_platform,5,6,I do not use social media,0.01
32,teen_social_big_support_aug2_160,social_media_hours,0,1,Less than one hour,0.55
32,teen_social_big_support_aug2_160,social_media_hours,1,2,One to three hours,0.35
32,teen_social_big_support_aug2_160,social_media_hours,2,3,Four or more hours,0.1
32,teen_social_big_support_aug2_160,posting_frequency,0,1,Never or almost never,0.12
32,teen_social_big_support_aug2_160,posting_frequency,1,2,Less than once a week,0.2
32,teen_social_big_support_aug2_160,posting_frequency,2,3,A few times a week,0.52
32,teen_social_big_support_aug2_160,posting_frequency,3,4,At least once a day,0.16
32,teen_social_big_support_aug2_160,late_night_use,0,1,Never,0.22
32,teen_social_big_support_aug2_160,late_night_use,1,2,Rarely,0.5
32,teen_social_big_support_aug2_160,late_night_use,2,3,Sometimes,0.2
32,teen_social_big_support_aug2_160,late_night_use,3,4,Often,0.08
32,teen_social_big_support_aug2_160,sleep_interference,0,1,Never,0.07
32,teen_social_big_support_aug2_160,sleep_interference,1,2,Rarely,0.14
32,teen_social_big_support_aug2_160,sleep_interference,2,3,Sometimes,0.28
32,teen_social_big_support_aug2_160,sleep_interference,3,4,Often,0.51
32,teen_social_big_support_aug2_160,social_comparison,0,1,Never,0.12
32,teen_social_big_support_aug2_160,social_comparison,1,2,Rarely,0.24
32,teen_social_big_support_aug2_160,social_comparison,2,3,Sometimes,0.46
32,teen_social_big_support_aug2_160,social_comparison,3,4,Often,0.18
32,teen_social_big_support_aug2_160,connection_effect,0,1,Makes me feel less connected,0.18
32,teen_social_big_support_aug2_160,connection_effect,1,2,Makes little difference,0.57
32,teen_social_big_support_aug2_160,connection_effect,2,3,Makes me feel more connected,0.25
32,teen_social_big_support_aug2_160,parental_rules,0,1,No rules,0.52
32,teen_social_big_support_aug2_160,parental_rules,1,2,A few loose rules,0.29
32,teen_social_big_support_aug2_160,parental_rules,2,3,Some clear rules,0.14
32,teen_social_big_support_aug2_160,parental_rules,3,4,Very strict rules,0.05
32,teen_social_big_support_aug2_160,primary_platform,0,1,TikTok,0.48
32,teen_social_big_support_aug2_160,primary_platform,1,2,Instagram,0.18
32,teen_social_big_support_aug2_160,primary_platform,2,3,YouTube,0.13
32,teen_social_big_support_aug2_160,primary_platform,3,4,Snapchat,0.12
32,teen_social_big_support_aug2_160,primary_platform,4,5,Another platform,0.06
32,teen_social_big_support_aug2_160,primary_platform,5,6,I do not use social media,0.03
33,teen_social_big_support_aug2_161,social_media_hours,0,1,Less than one hour,0.08
33,teen_social_big_support_aug2_161,social_media_hours,1,2,One to three hours,0.3
33,teen_social_big_support_aug2_161,social_media_hours,2,3,Four or more hours,0.62
33,teen_social_big_support_aug2_161,posting_frequency,0,1,Never or almost never,0.56
33,teen_social_big_support_aug2_161,posting_frequency,1,2,Less than once a week,0.22
33,teen_social_big_support_aug2_161,posting_frequency,2,3,A few times a week,0.14
33,teen_social_big_support_aug2_161,posting_frequency,3,4,At least once a day,0.08
33,teen_social_big_support_aug2_161,late_night_use,0,1,Never,0.6
33,teen_social_big_support_aug2_161,late_night_use,1,2,Rarely,0.24
33,teen_social_big_support_aug2_161,late_night_use,2,3,Sometimes,0.11
33,teen_social_big_support_aug2_161,late_night_use,3,4,Often,0.05
33,teen_social_big_support_aug2_161,sleep_interference,0,1,Never,0.64
33,teen_social_big_support_aug2_161,sleep_interference,1,2,Rarely,0.22
33,teen_social_big_support_aug2_161,sleep_interference,2,3,Sometimes,0.1
33,teen_social_big_support_aug2_161,sleep_interference,3,4,Often,0.04
33,teen_social_big_support_aug2_161,social_comparison,0,1,Never,0.55
33,teen_social_big_support_aug2_161,social_comparison,1,2,Rarely,0.28
33,teen_social_big_support_aug2_161,social_comparison,2,3,Sometimes,0.12
33,teen_social_big_support_aug2_161,social_comparison,3,4,Often,0.05
33,teen_social_big_support_aug2_161,connection_effect,0,1,Makes me feel less connected,0.52
33,teen_social_big_support_aug2_161,connection_effect,1,2,Makes little difference,0.3
33,teen_social_big_support_aug2_161,connection_effect,2,3,Makes me feel more connected,0.18
33,teen_social_big_support_aug2_161,parental_rules,0,1,No rules,0.1
33,teen_social_big_support_aug2_161,parental_rules,1,2,A few loose rules,0.23
33,teen_social_big_support_aug2_161,parental_rules,2,3,Some clear rules,0.52
33,teen_social_big_support_aug2_161,parental_rules,3,4,Very strict rules,0.15
33,teen_social_big_support_aug2_161,primary_platform,0,1,TikTok,0.13
33,teen_social_big_support_aug2_161,primary_platform,1,2,Instagram,0.11
33,teen_social_big_support_aug2_161,primary_platform,2,3,YouTube,0.2
33,teen_social_big_support_aug2_161,primary_platform,3,4,Snapchat,0.1
33,teen_social_big_support_aug2_161,primary_platform,4,5,Another platform,0.45
33,teen_social_big_support_aug2_161,primary_platform,5,6,I do not use social media,0.01
34,teen_social_big_support_aug2_162,social_media_hours,0,1,Less than one hour,0.56
34,teen_social_big_support_aug2_162,social_media_hours,1,2,One to three hours,0.34
34,teen_social_big_support_aug2_162,social_media_hours,2,3,Four or more hours,0.1
34,teen_social_big_support_aug2_162,posting_frequency,0,1,Never or almost never,0.16
34,teen_social_big_support_aug2_162,posting_frequency,1,2,Less than once a week,0.2
34,teen_social_big_support_aug2_162,posting_frequency,2,3,A few times a week,0.48
34,teen_social_big_support_aug2_162,posting_frequency,3,4,At least once a day,0.16
34,teen_social_big_support_aug2_162,late_night_use,0,1,Never,0.55
34,teen_social_big_support_aug2_162,late_night_use,1,2,Rarely,0.25
34,teen_social_big_support_aug2_162,late_night_use,2,3,Sometimes,0.12
34,teen_social_big_support_aug2_162,late_night_use,3,4,Often,0.08
34,teen_social_big_support_aug2_162,sleep_interference,0,1,Never,0.08
34,teen_social_big_support_aug2_162,sleep_interference,1,2,Rarely,0.14
34,teen_social_big_support_aug2_162,sleep_interference,2,3,Sometimes,0.28
34,teen_social_big_support_aug2_162,sleep_interference,3,4,Often,0.5
34,teen_social_big_support_aug2_162,social_comparison,0,1,Never,0.25
34,teen_social_big_support_aug2_162,social_comparison,1,2,Rarely,0.45
34,teen_social_big_support_aug2_162,social_comparison,2,3,Sometimes,0.22
34,teen_social_big_support_aug2_162,social_comparison,3,4,Often,0.08
34,teen_social_big_support_aug2_162,connection_effect,0,1,Makes me feel less connected,0.5
34,teen_social_big_support_aug2_162,connection_effect,1,2,Makes little difference,0.34
34,teen_social_big_support_aug2_162,connection_effect,2,3,Makes me feel more connected,0.16
34,teen_social_big_support_aug2_162,parental_rules,0,1,No rules,0.52
34,teen_social_big_support_aug2_162,parental_rules,1,2,A few loose rules,0.25
34,teen_social_big_support_aug2_162,parental_rules,2,3,Some clear rules,0.16
34,teen_social_big_support_aug2_162,parental_rules,3,4,Very strict rules,0.07
34,teen_social_big_support_aug2_162,primary_platform,0,1,TikTok,0.1
34,teen_social_big_support_aug2_162,primary_platform,1,2,Instagram,0.12
34,teen_social_big_support_aug2_162,primary_platform,2,3,YouTube,0.13
34,teen_social_big_support_aug2_162,primary_platform,3,4,Snapchat,0.1
34,teen_social_big_support_aug2_162,primary_platform,4,5,Another platform,0.15
34,teen_social_big_support_aug2_162,primary_platform,5,6,I do not use social media,0.4
35,teen_social_big_support_aug2_163,social_media_hours,0,1,Less than one hour,0.08
35,teen_social_big_support_aug2_163,social_media_hours,1,2,One to three hours,0.27
35,teen_social_big_support_aug2_163,social_media_hours,2,3,Four or more hours,0.65
35,teen_social_big_support_aug2_163,posting_frequency,0,1,Never or almost never,0.06
35,teen_social_big_support_aug2_163,posting_frequency,1,2,Less than once a week,0.12
35,teen_social_big_support_aug2_163,posting_frequency,2,3,A few times a week,0.27
35,teen_social_big_support_aug2_163,posting_frequency,3,4,At least once a day,0.55
35,teen_social_big_support_aug2_163,late_night_use,0,1,Never,0.58
35,teen_social_big_support_aug2_163,late_night_use,1,2,Rarely,0.24
35,teen_social_big_support_aug2_163,late_night_use,2,3,Sometimes,0.13
35,teen_social_big_support_aug2_163,late_night_use,3,4,Often,0.05
35,teen_social_big_support_aug2_163,sleep_interference,0,1,Never,0.62
35,teen_social_big_support_aug2_163,sleep_interference,1,2,Rarely,0.22
35,teen_social_big_support_aug2_163,sleep_interference,2,3,Sometimes,0.11
35,teen_social_big_support_aug2_163,sleep_interference,3,4,Often,0.05
35,teen_social_big_support_aug2_163,social_comparison,0,1,Never,0.22
35,teen_social_big_support_aug2_163,social_comparison,1,2,Rarely,0.46
35,teen_social_big_support_aug2_163,social_comparison,2,3,Sometimes,0.23
35,teen_social_big_support_aug2_163,social_comparison,3,4,Often,0.09
35,teen_social_big_support_aug2_163,connection_effect,0,1,Makes me feel less connected,0.5
35,teen_social_big_support_aug2_163,connection_effect,1,2,Makes little difference,0.32
35,teen_social_big_support_aug2_163,connection_effect,2,3,Makes me feel more connected,0.18
35,teen_social_big_support_aug2_163,parental_rules,0,1,No rules,0.05
35,teen_social_big_support_aug2_163,parental_rules,1,2,A few loose rules,0.1
35,teen_social_big_support_aug2_163,parental_rules,2,3,Some clear rules,0.25
35,teen_social_big_support_aug2_163,parental_rules,3,4,Very strict rules,0.6
35,teen_social_big_support_aug2_163,primary_platform,0,1,TikTok,0.2
35,teen_social_big_support_aug2_163,primary_platform,1,2,Instagram,0.47
35,teen_social_big_support_aug2_163,primary_platform,2,3,YouTube,0.13
35,teen_social_big_support_aug2_163,primary_platform,3,4,Snapchat,0.13
35,teen_social_big_support_aug2_163,primary_platform,4,5,Another platform,0.05
35,teen_social_big_support_aug2_163,primary_platform,5,6,I do not use social media,0.02
36,teen_social_big_support_aug2_164,social_media_hours,0,1,Less than one hour,0.62
36,teen_social_big_support_aug2_164,social_media_hours,1,2,One to three hours,0.3
36,teen_social_big_support_aug2_164,social_media_hours,2,3,Four or more hours,0.08
36,teen_social_big_support_aug2_164,posting_frequency,0,1,Never or almost never,0.27
36,teen_social_big_support_aug2_164,posting_frequency,1,2,Less than once a week,0.45
36,teen_social_big_support_aug2_164,posting_frequency,2,3,A few times a week,0.2
36,teen_social_big_support_aug2_164,posting_frequency,3,4,At least once a day,0.08
36,teen_social_big_support_aug2_164,late_night_use,0,1,Never,0.55
36,teen_social_big_support_aug2_164,late_night_use,1,2,Rarely,0.25
36,teen_social_big_support_aug2_164,late_night_use,2,3,Sometimes,0.14
36,teen_social_big_support_aug2_164,late_night_use,3,4,Often,0.06
36,teen_social_big_support_aug2_164,sleep_interference,0,1,Never,0.12
36,teen_social_big_support_aug2_164,sleep_interference,1,2,Rarely,0.17
36,teen_social_big_support_aug2_164,sleep_interference,2,3,Sometimes,0.28
36,teen_social_big_support_aug2_164,sleep_interference,3,4,Often,0.43
36,teen_social_big_support_aug2_164,social_comparison,0,1,Never,0.16
36,teen_social_big_support_aug2_164,social_comparison,1,2,Rarely,0.26
36,teen_social_big_support_aug2_164,social_comparison,2,3,Sometimes,0.4
36,teen_social_big_support_aug2_164,social_comparison,3,4,Often,0.18
36,teen_social_big_support_aug2_164,connection_effect,0,1,Makes me feel less connected,0.18
36,teen_social_big_support_aug2_164,connection_effect,1,2,Makes little difference,0.62
36,teen_social_big_support_aug2_164,connection_effect,2,3,Makes me feel more connected,0.2
36,teen_social_big_support_aug2_164,parental_rules,0,1,No rules,0.5
36,teen_social_big_support_aug2_164,parental_rules,1,2,A few loose rules,0.25
36,teen_social_big_support_aug2_164,parental_rules,2,3,Some clear rules,0.17
36,teen_social_big_support_aug2_164,parental_rules,3,4,Very strict rules,0.08
36,teen_social_big_support_aug2_164,primary_platform,0,1,TikTok,0.07
36,teen_social_big_support_aug2_164,primary_platform,1,2,Instagram,0.08
36,teen_social_big_support_aug2_164,primary_platform,2,3,YouTube,0.14
36,teen_social_big_support_aug2_164,primary_platform,3,4,Snapchat,0.07
36,teen_social_big_support_aug2_164,primary_platform,4,5,Another platform,0.1
36,teen_social_big_support_aug2_164,primary_platform,5,6,I do not use social media,0.54
37,teen_social_big_support_aug2_165,social_media_hours,0,1,Less than one hour,0.05
37,teen_social_big_support_aug2_165,social_media_hours,1,2,One to three hours,0.3
37,teen_social_big_support_aug2_165,social_media_hours,2,3,Four or more hours,0.65
37,teen_social_big_support_aug2_165,posting_frequency,0,1,Never or almost never,0.06
37,teen_social_big_support_aug2_165,posting_frequency,1,2,Less than once a week,0.12
37,teen_social_big_support_aug2_165,posting_frequency,2,3,A few times a week,0.27
37,teen_social_big_support_aug2_165,posting_frequency,3,4,At least once a day,0.55
37,teen_social_big_support_aug2_165,late_night_use,0,1,Never,0.1
37,teen_social_big_support_aug2_165,late_night_use,1,2,Rarely,0.25
37,teen_social_big_support_aug2_165,late_night_use,2,3,Sometimes,0.45
37,teen_social_big_support_aug2_165,late_night_use,3,4,Often,0.2
37,teen_social_big_support_aug2_165,sleep_interference,0,1,Never,0.2
37,teen_social_big_support_aug2_165,sleep_interference,1,2,Rarely,0.5
37,teen_social_big_support_aug2_165,sleep_interference,2,3,Sometimes,0.22
37,teen_social_big_support_aug2_165,sleep_interference,3,4,Often,0.08
37,teen_social_big_support_aug2_165,social_comparison,0,1,Never,0.24
37,teen_social_big_support_aug2_165,social_comparison,1,2,Rarely,0.46
37,teen_social_big_support_aug2_165,social_comparison,2,3,Sometimes,0.22
37,teen_social_big_support_aug2_165,social_comparison,3,4,Often,0.08
37,teen_social_big_support_aug2_165,connection_effect,0,1,Makes me feel less connected,0.48
37,teen_social_big_support_aug2_165,connection_effect,1,2,Makes little difference,0.34
37,teen_social_big_support_aug2_165,connection_effect,2,3,Makes me feel more connected,0.18
37,teen_social_big_support_aug2_165,parental_rules,0,1,No rules,0.2
37,teen_social_big_support_aug2_165,parental_rules,1,2,A few loose rules,0.48
37,teen_social_big_support_aug2_165,parental_rules,2,3,Some clear rules,0.24
37,teen_social_big_support_aug2_165,parental_rules,3,4,Very strict rules,0.08
37,teen_social_big_support_aug2_165,primary_platform,0,1,TikTok,0.18
37,teen_social_big_support_aug2_165,primary_platform,1,2,Instagram,0.12
37,teen_social_big_support_aug2_165,primary_platform,2,3,YouTube,0.45
37,teen_social_big_support_aug2_165,primary_platform,3,4,Snapchat,0.15
37,teen_social_big_support_aug2_165,primary_platform,4,5,Another platform,0.08
37,teen_social_big_support_aug2_165,primary_platform,5,6,I do not use social media,0.02
38,teen_social_big_support_aug2_166,social_media_hours,0,1,Less than one hour,0.12
38,teen_social_big_support_aug2_166,social_media_hours,1,2,One to three hours,0.3
38,teen_social_big_support_aug2_166,social_media_hours,2,3,Four or more hours,0.58
38,teen_social_big_support_aug2_166,posting_frequency,0,1,Never or almost never,0.48
38,teen_social_big_support_aug2_166,posting_frequency,1,2,Less than once a week,0.27
38,teen_social_big_support_aug2_166,posting_frequency,2,3,A few times a week,0.17
38,teen_social_big_support_aug2_166,posting_frequency,3,4,At least once a day,0.08
38,teen_social_big_support_aug2_166,late_night_use,0,1,Never,0.52
38,teen_social_big_support_aug2_166,late_night_use,1,2,Rarely,0.27
38,teen_social_big_support_aug2_166,late_night_use,2,3,Sometimes,0.15
38,teen_social_big_support_aug2_166,late_night_use,3,4,Often,0.06
38,teen_social_big_support_aug2_166,sleep_interference,0,1,Never,0.16
38,teen_social_big_support_aug2_166,sleep_interference,1,2,Rarely,0.27
38,teen_social_big_support_aug2_166,sleep_interference,2,3,Sometimes,0.41
38,teen_social_big_support_aug2_166,sleep_interference,3,4,Often,0.16
38,teen_social_big_support_aug2_166,social_comparison,0,1,Never,0.25
38,teen_social_big_support_aug2_166,social_comparison,1,2,Rarely,0.43
38,teen_social_big_support_aug2_166,social_comparison,2,3,Sometimes,0.23
38,teen_social_big_support_aug2_166,social_comparison,3,4,Often,0.09
38,teen_social_big_support_aug2_166,connection_effect,0,1,Makes me feel less connected,0.11
38,teen_social_big_support_aug2_166,connection_effect,1,2,Makes little difference,0.31
38,teen_social_big_support_aug2_166,connection_effect,2,3,Makes me feel more connected,0.58
38,teen_social_big_support_aug2_166,parental_rules,0,1,No rules,0.05
38,teen_social_big_support_aug2_166,parental_rules,1,2,A few loose rules,0.12
38,teen_social_big_support_aug2_166,parental_rules,2,3,Some clear rules,0.26
38,teen_social_big_support_aug2_166,parental_rules,3,4,Very strict rules,0.57
38,teen_social_big_support_aug2_166,primary_platform,0,1,TikTok,0.13
38,teen_social_big_support_aug2_166,primary_platform,1,2,Instagram,0.12
38,teen_social_big_support_aug2_166,primary_platform,2,3,YouTube,0.17
38,teen_social_big_support_aug2_166,primary_platform,3,4,Snapchat,0.13
38,teen_social_big_support_aug2_166,primary_platform,4,5,Another platform,0.43
38,teen_social_big_support_aug2_166,primary_platform,5,6,I do not use social media,0.02
39,teen_social_big_support_aug2_167,social_media_hours,0,1,Less than one hour,0.08
39,teen_social_big_support_aug2_167,social_media_hours,1,2,One to three hours,0.32
39,teen_social_big_support_aug2_167,social_media_hours,2,3,Four or more hours,0.6
39,teen_social_big_support_aug2_167,posting_frequency,0,1,Never or almost never,0.58
39,teen_social_big_support_aug2_167,posting_frequency,1,2,Less than once a week,0.22
39,teen_social_big_support_aug2_167,posting_frequency,2,3,A few times a week,0.13
39,teen_social_big_support_aug2_167,posting_frequency,3,4,At least once a day,0.07
39,teen_social_big_support_aug2_167,late_night_use,0,1,Never,0.27
39,teen_social_big_support_aug2_167,late_night_use,1,2,Rarely,0.43
39,teen_social_big_support_aug2_167,late_night_use,2,3,Sometimes,0.2
39,teen_social_big_support_aug2_167,late_night_use,3,4,Often,0.1
39,teen_social_big_support_aug2_167,sleep_interference,0,1,Never,0.3
39,teen_social_big_support_aug2_167,sleep_interference,1,2,Rarely,0.42
39,teen_social_big_support_aug2_167,sleep_interference,2,3,Sometimes,0.19
39,teen_social_big_support_aug2_167,sleep_interference,3,4,Often,0.09
39,teen_social_big_support_aug2_167,social_comparison,0,1,Never,0.55
39,teen_social_big_support_aug2_167,social_comparison,1,2,Rarely,0.25
39,teen_social_big_support_aug2_167,social_comparison,2,3,Sometimes,0.14
39,teen_social_big_support_aug2_167,social_comparison,3,4,Often,0.06
39,teen_social_big_support_aug2_167,connection_effect,0,1,Makes me feel less connected,0.08
39,teen_social_big_support_aug2_167,connection_effect,1,2,Makes little difference,0.32
39,teen_social_big_support_aug2_167,connection_effect,2,3,Makes me feel more connected,0.6
39,teen_social_big_support_aug2_167,parental_rules,0,1,No rules,0.46
39,teen_social_big_support_aug2_167,parental_rules,1,2,A few loose rules,0.3
39,teen_social_big_support_aug2_167,parental_rules,2,3,Some clear rules,0.17
39,teen_social_big_support_aug2_167,parental_rules,3,4,Very strict rules,0.07
39,teen_social_big_support_aug2_167,primary_platform,0,1,TikTok,0.13
39,teen_social_big_support_aug2_167,primary_platform,1,2,Instagram,0.1
39,teen_social_big_support_aug2_167,primary_platform,2,3,YouTube,0.52
39,teen_social_big_support_aug2_167,primary_platform,3,4,Snapchat,0.12
39,teen_social_big_support_aug2_167,primary_platform,4,5,Another platform,0.1
39,teen_social_big_support_aug2_167,primary_platform,5,6,I do not use social media,0.03
40,teen_social_big_support_aug2_168,social_media_hours,0,1,Less than one hour,0.05
40,teen_social_big_support_aug2_168,social_media_hours,1,2,One to three hours,0.27
40,teen_social_big_support_aug2_168,social_media_hours,2,3,Four or more hours,0.68
40,teen_social_big_support_aug2_168,posting_frequency,0,1,Never or almost never,0.22
40,teen_social_big_support_aug2_168,posting_frequency,1,2,Less than once a week,0.46
40,teen_social_big_support_aug2_168,posting_frequency,2,3,A few times a week,0.21
40,teen_social_big_support_aug2_168,posting_frequency,3,4,At least once a day,0.11
40,teen_social_big_support_aug2_168,late_night_use,0,1,Never,0.04
40,teen_social_big_support_aug2_168,late_night_use,1,2,Rarely,0.12
40,teen_social_big_support_aug2_168,late_night_use,2,3,Sometimes,0.29
40,teen_social_big_support_aug2_168,late_night_use,3,4,Often,0.55
40,teen_social_big_support_aug2_168,sleep_interference,0,1,Never,0.05
40,teen_social_big_support_aug2_168,sleep_interference,1,2,Rarely,0.15
40,teen_social_big_support_aug2_168,sleep_interference,2,3,Sometimes,0.31
40,teen_social_big_support_aug2_168,sleep_interference,3,4,Often,0.49
40,teen_social_big_support_aug2_168,social_comparison,0,1,Never,0.23
40,teen_social_big_support_aug2_168,social_comparison,1,2,Rarely,0.45
40,teen_social_big_support_aug2_168,social_comparison,2,3,Sometimes,0.23
40,teen_social_big_support_aug2_168,social_comparison,3,4,Often,0.09
40,teen_social_big_support_aug2_168,connection_effect,0,1,Makes me feel less connected,0.52
40,teen_social_big_support_aug2_168,connection_effect,1,2,Makes little difference,0.35
40,teen_social_big_support_aug2_168,connection_effect,2,3,Makes me feel more connected,0.13
40,teen_social_big_support_aug2_168,parental_rules,0,1,No rules,0.04
40,teen_social_big_support_aug2_168,parental_rules,1,2,A few loose rules,0.11
40,teen_social_big_support_aug2_168,parental_rules,2,3,Some clear rules,0.28
40,teen_social_big_support_aug2_168,parental_rules,3,4,Very strict rules,0.57
40,teen_social_big_support_aug2_168,primary_platform,0,1,TikTok,0.14
40,teen_social_big_support_aug2_168,primary_platform,1,2,Instagram,0.13
40,teen_social_big_support_aug2_168,primary_platform,2,3,YouTube,0.18
40,teen_social_big_support_aug2_168,primary_platform,3,4,Snapchat,0.12
40,teen_social_big_support_aug2_168,primary_platform,4,5,Another platform,0.42
40,teen_social_big_support_aug2_168,primary_platform,5,6,I do not use social media,0.01
41,teen_social_big_support_aug2_169,social_media_hours,0,1,Less than one hour,0.22
41,teen_social_big_support_aug2_169,social_media_hours,1,2,One to three hours,0.62
41,teen_social_big_support_aug2_169,social_media_hours,2,3,Four or more hours,0.16
41,teen_social_big_support_aug2_169,posting_frequency,0,1,Never or almost never,0.55
41,teen_social_big_support_aug2_169,posting_frequency,1,2,Less than once a week,0.23
41,teen_social_big_support_aug2_169,posting_frequency,2,3,A few times a week,0.15
41,teen_social_big_support_aug2_169,posting_frequency,3,4,At least once a day,0.07
41,teen_social_big_support_aug2_169,late_night_use,0,1,Never,0.58
41,teen_social_big_support_aug2_169,late_night_use,1,2,Rarely,0.26
41,teen_social_big_support_aug2_169,late_night_use,2,3,Sometimes,0.11
41,teen_social_big_support_aug2_169,late_night_use,3,4,Often,0.05
41,teen_social_big_support_aug2_169,sleep_interference,0,1,Never,0.22
41,teen_social_big_support_aug2_169,sleep_interference,1,2,Rarely,0.5
41,teen_social_big_support_aug2_169,sleep_interference,2,3,Sometimes,0.2
41,teen_social_big_support_aug2_169,sleep_interference,3,4,Often,0.08
41,teen_social_big_support_aug2_169,social_comparison,0,1,Never,0.56
41,teen_social_big_support_aug2_169,social_comparison,1,2,Rarely,0.27
41,teen_social_big_support_aug2_169,social_comparison,2,3,Sometimes,0.12
41,teen_social_big_support_aug2_169,social_comparison,3,4,Often,0.05
41,teen_social_big_support_aug2_169,connection_effect,0,1,Makes me feel less connected,0.13
41,teen_social_big_support_aug2_169,connection_effect,1,2,Makes little difference,0.65
41,teen_social_big_support_aug2_169,connection_effect,2,3,Makes me feel more connected,0.22
41,teen_social_big_support_aug2_169,parental_rules,0,1,No rules,0.1
41,teen_social_big_support_aug2_169,parental_rules,1,2,A few loose rules,0.24
41,teen_social_big_support_aug2_169,parental_rules,2,3,Some clear rules,0.52
41,teen_social_big_support_aug2_169,parental_rules,3,4,Very strict rules,0.14
41,teen_social_big_support_aug2_169,primary_platform,0,1,TikTok,0.15
41,teen_social_big_support_aug2_169,primary_platform,1,2,Instagram,0.16
41,teen_social_big_support_aug2_169,primary_platform,2,3,YouTube,0.13
41,teen_social_big_support_aug2_169,primary_platform,3,4,Snapchat,0.45
41,teen_social_big_support_aug2_169,primary_platform,4,5,Another platform,0.06
41,teen_social_big_support_aug2_169,primary_platform,5,6,I do not use social media,0.05
42,teen_social_big_support_aug2_170,social_media_hours,0,1,Less than one hour,0.22
42,teen_social_big_support_aug2_170,social_media_hours,1,2,One to three hours,0.58
42,teen_social_big_support_aug2_170,social_media_hours,2,3,Four or more hours,0.2
42,teen_social_big_support_aug2_170,posting_frequency,0,1,Never or almost never,0.25
42,teen_social_big_support_aug2_170,posting_frequency,1,2,Less than once a week,0.45
42,teen_social_big_support_aug2_170,posting_frequency,2,3,A few times a week,0.2
42,teen_social_big_support_aug2_170,posting_frequency,3,4,At least once a day,0.1
42,teen_social_big_support_aug2_170,late_night_use,0,1,Never,0.5
42,teen_social_big_support_aug2_170,late_night_use,1,2,Rarely,0.28
42,teen_social_big_support_aug2_170,late_night_use,2,3,Sometimes,0.16
42,teen_social_big_support_aug2_170,late_night_use,3,4,Often,0.06
42,teen_social_big_support_aug2_170,sleep_interference,0,1,Never,0.08
42,teen_social_big_support_aug2_170,sleep_interference,1,2,Rarely,0.15
42,teen_social_big_support_aug2_170,sleep_interference,2,3,Sometimes,0.3
42,teen_social_big_support_aug2_170,sleep_interference,3,4,Often,0.47
42,teen_social_big_support_aug2_170,social_comparison,0,1,Never,0.24
42,teen_social_big_support_aug2_170,social_comparison,1,2,Rarely,0.46
42,teen_social_big_support_aug2_170,social_comparison,2,3,Sometimes,0.22
42,teen_social_big_support_aug2_170,social_comparison,3,4,Often,0.08
42,teen_social_big_support_aug2_170,connection_effect,0,1,Makes me feel less connected,0.5
42,teen_social_big_support_aug2_170,connection_effect,1,2,Makes little difference,0.32
42,teen_social_big_support_aug2_170,connection_effect,2,3,Makes me feel more connected,0.18
42,teen_social_big_support_aug2_170,parental_rules,0,1,No rules,0.46
42,teen_social_big_support_aug2_170,parental_rules,1,2,A few loose rules,0.29
42,teen_social_big_support_aug2_170,parental_rules,2,3,Some clear rules,0.18
42,teen_social_big_support_aug2_170,parental_rules,3,4,Very strict rules,0.07
42,teen_social_big_support_aug2_170,primary_platform,0,1,TikTok,0.46
42,teen_social_big_support_aug2_170,primary_platform,1,2,Instagram,0.17
42,teen_social_big_support_aug2_170,primary_platform,2,3,YouTube,0.14
42,teen_social_big_support_aug2_170,primary_platform,3,4,Snapchat,0.12
42,teen_social_big_support_aug2_170,primary_platform,4,5,Another platform,0.08
42,teen_social_big_support_aug2_170,primary_platform,5,6,I do not use social media,0.03
43,teen_social_big_support_aug2_171,social_media_hours,0,1,Less than one hour,0.08
43,teen_social_big_support_aug2_171,social_media_hours,1,2,One to three hours,0.3
43,teen_social_big_support_aug2_171,social_media_hours,2,3,Four or more hours,0.62
43,teen_social_big_support_aug2_171,posting_frequency,0,1,Never or almost never,0.12
43,teen_social_big_support_aug2_171,posting_frequency,1,2,Less than once a week,0.2
43,teen_social_big_support_aug2_171,posting_frequency,2,3,A few times a week,0.48
43,teen_social_big_support_aug2_171,posting_frequency,3,4,At least once a day,0.2
43,teen_social_big_support_aug2_171,late_night_use,0,1,Never,0.05
43,teen_social_big_support_aug2_171,late_night_use,1,2,Rarely,0.12
43,teen_social_big_support_aug2_171,late_night_use,2,3,Sometimes,0.3
43,teen_social_big_support_aug2_171,late_night_use,3,4,Often,0.53
43,teen_social_big_support_aug2_171,sleep_interference,0,1,Never,0.25
43,teen_social_big_support_aug2_171,sleep_interference,1,2,Rarely,0.45
43,teen_social_big_support_aug2_171,sleep_interference,2,3,Sometimes,0.22
43,teen_social_big_support_aug2_171,sleep_interference,3,4,Often,0.08
43,teen_social_big_support_aug2_171,social_comparison,0,1,Never,0.06
43,teen_social_big_support_aug2_171,social_comparison,1,2,Rarely,0.14
43,teen_social_big_support_aug2_171,social_comparison,2,3,Sometimes,0.3
43,teen_social_big_support_aug2_171,social_comparison,3,4,Often,0.5
43,teen_social_big_support_aug2_171,connection_effect,0,1,Makes me feel less connected,0.5
43,teen_social_big_support_aug2_171,connection_effect,1,2,Makes little difference,0.32
43,teen_social_big_support_aug2_171,connection_effect,2,3,Makes me feel more connected,0.18
43,teen_social_big_support_aug2_171,parental_rules,0,1,No rules,0.5
43,teen_social_big_support_aug2_171,parental_rules,1,2,A few loose rules,0.28
43,teen_social_big_support_aug2_171,parental_rules,2,3,Some clear rules,0.16
43,teen_social_big_support_aug2_171,parental_rules,3,4,Very strict rules,0.06
43,teen_social_big_support_aug2_171,primary_platform,0,1,TikTok,0.14
43,teen_social_big_support_aug2_171,primary_platform,1,2,Instagram,0.13
43,teen_social_big_support_aug2_171,primary_platform,2,3,YouTube,0.17
43,teen_social_big_support_aug2_171,primary_platform,3,4,Snapchat,0.13
43,teen_social_big_support_aug2_171,primary_platform,4,5,Another platform,0.42
43,teen_social_big_support_aug2_171,primary_platform,5,6,I do not use social media,0.01
44,teen_social_big_support_aug2_172,social_media_hours,0,1,Less than one hour,0.25
44,teen_social_big_support_aug2_172,social_media_hours,1,2,One to three hours,0.6
44,teen_social_big_support_aug2_172,social_media_hours,2,3,Four or more hours,0.15
44,teen_social_big_support_aug2_172,posting_frequency,0,1,Never or almost never,0.22
44,teen_social_big_support_aug2_172,posting_frequency,1,2,Less than once a week,0.45
44,teen_social_big_support_aug2_172,posting_frequency,2,3,A few times a week,0.23
44,teen_social_big_support_aug2_172,posting_frequency,3,4,At least once a day,0.1
44,teen_social_big_support_aug2_172,late_night_use,0,1,Never,0.14
44,teen_social_big_support_aug2_172,late_night_use,1,2,Rarely,0.27
44,teen_social_big_support_aug2_172,late_night_use,2,3,Sometimes,0.43
44,teen_social_big_support_aug2_172,late_night_use,3,4,Often,0.16
44,teen_social_big_support_aug2_172,sleep_interference,0,1,Never,0.25
44,teen_social_big_support_aug2_172,sleep_interference,1,2,Rarely,0.45
44,teen_social_big_support_aug2_172,sleep_interference,2,3,Sometimes,0.22
44,teen_social_big_support_aug2_172,sleep_interference,3,4,Often,0.08
44,teen_social_big_support_aug2_172,social_comparison,0,1,Never,0.3
44,teen_social_big_support_aug2_172,social_comparison,1,2,Rarely,0.42
44,teen_social_big_support_aug2_172,social_comparison,2,3,Sometimes,0.2
44,teen_social_big_support_aug2_172,social_comparison,3,4,Often,0.08
44,teen_social_big_support_aug2_172,connection_effect,0,1,Makes me feel less connected,0.1
44,teen_social_big_support_aug2_172,connection_effect,1,2,Makes little difference,0.32
44,teen_social_big_support_aug2_172,connection_effect,2,3,Makes me feel more connected,0.58
44,teen_social_big_support_aug2_172,parental_rules,0,1,No rules,0.1
44,teen_social_big_support_aug2_172,parental_rules,1,2,A few loose rules,0.28
44,teen_social_big_support_aug2_172,parental_rules,2,3,Some clear rules,0.47
44,teen_social_big_support_aug2_172,parental_rules,3,4,Very strict rules,0.15
44,teen_social_big_support_aug2_172,primary_platform,0,1,TikTok,0.16
44,teen_social_big_support_aug2_172,primary_platform,1,2,Instagram,0.14
44,teen_social_big_support_aug2_172,primary_platform,2,3,YouTube,0.12
44,teen_social_big_support_aug2_172,primary_platform,3,4,Snapchat,0.18
44,teen_social_big_support_aug2_172,primary_platform,4,5,Another platform,0.34
44,teen_social_big_support_aug2_172,primary_platform,5,6,I do not use social media,0.06
45,teen_social_big_support_aug2_173,social_media_hours,0,1,Less than one hour,0.22
45,teen_social_big_support_aug2_173,social_media_hours,1,2,One to three hours,0.62
45,teen_social_big_support_aug2_173,social_media_hours,2,3,Four or more hours,0.16
45,teen_social_big_support_aug2_173,posting_frequency,0,1,Never or almost never,0.55
45,teen_social_big_support_aug2_173,posting_frequency,1,2,Less than once a week,0.25
45,teen_social_big_support_aug2_173,posting_frequency,2,3,A few times a week,0.14
45,teen_social_big_support_aug2_173,posting_frequency,3,4,At least once a day,0.06
45,teen_social_big_support_aug2_173,late_night_use,0,1,Never,0.06
45,teen_social_big_support_aug2_173,late_night_use,1,2,Rarely,0.15
45,teen_social_big_support_aug2_173,late_night_use,2,3,Sometimes,0.29
45,teen_social_big_support_aug2_173,late_night_use,3,4,Often,0.5
45,teen_social_big_support_aug2_173,sleep_interference,0,1,Never,0.13
45,teen_social_big_support_aug2_173,sleep_interference,1,2,Rarely,0.24
45,teen_social_big_support_aug2_173,sleep_interference,2,3,Sometimes,0.45
45,teen_social_big_support_aug2_173,sleep_interference,3,4,Often,0.18
45,teen_social_big_support_aug2_173,social_comparison,0,1,Never,0.58
45,teen_social_big_support_aug2_173,social_comparison,1,2,Rarely,0.24
45,teen_social_big_support_aug2_173,social_comparison,2,3,Sometimes,0.12
45,teen_social_big_support_aug2_173,social_comparison,3,4,Often,0.06
45,teen_social_big_support_aug2_173,connection_effect,0,1,Makes me feel less connected,0.07
45,teen_social_big_support_aug2_173,connection_effect,1,2,Makes little difference,0.24
45,teen_social_big_support_aug2_173,connection_effect,2,3,Makes me feel more connected,0.69
45,teen_social_big_support_aug2_173,parental_rules,0,1,No rules,0.18
45,teen_social_big_support_aug2_173,parental_rules,1,2,A few loose rules,0.5
45,teen_social_big_support_aug2_173,parental_rules,2,3,Some clear rules,0.24
45,teen_social_big_support_aug2_173,parental_rules,3,4,Very strict rules,0.08
45,teen_social_big_support_aug2_173,primary_platform,0,1,TikTok,0.48
45,teen_social_big_support_aug2_173,primary_platform,1,2,Instagram,0.16
45,teen_social_big_support_aug2_173,primary_platform,2,3,YouTube,0.13
45,teen_social_big_support_aug2_173,primary_platform,3,4,Snapchat,0.15
45,teen_social_big_support_aug2_173,primary_platform,4,5,Another platform,0.07
45,teen_social_big_support_aug2_173,primary_platform,5,6,I do not use social media,0.01
46,teen_social_big_support_aug2_174,social_media_hours,0,1,Less than one hour,0.06
46,teen_social_big_support_aug2_174,social_media_hours,1,2,One to three hours,0.28
46,teen_social_big_support_aug2_174,social_media_hours,2,3,Four or more hours,0.66
46,teen_social_big_support_aug2_174,posting_frequency,0,1,Never or almost never,0.08
46,teen_social_big_support_aug2_174,posting_frequency,1,2,Less than once a week,0.17
46,teen_social_big_support_aug2_174,posting_frequency,2,3,A few times a week,0.55
46,teen_social_big_support_aug2_174,posting_frequency,3,4,At least once a day,0.2
46,teen_social_big_support_aug2_174,late_night_use,0,1,Never,0.04
46,teen_social_big_support_aug2_174,late_night_use,1,2,Rarely,0.11
46,teen_social_big_support_aug2_174,late_night_use,2,3,Sometimes,0.28
46,teen_social_big_support_aug2_174,late_night_use,3,4,Often,0.57
46,teen_social_big_support_aug2_174,sleep_interference,0,1,Never,0.1
46,teen_social_big_support_aug2_174,sleep_interference,1,2,Rarely,0.24
46,teen_social_big_support_aug2_174,sleep_interference,2,3,Sometimes,0.49
46,teen_social_big_support_aug2_174,sleep_interference,3,4,Often,0.17
46,teen_social_big_support_aug2_174,social_comparison,0,1,Never,0.11
46,teen_social_big_support_aug2_174,social_comparison,1,2,Rarely,0.25
46,teen_social_big_support_aug2_174,social_comparison,2,3,Sometimes,0.47
46,teen_social_big_support_aug2_174,social_comparison,3,4,Often,0.17
46,teen_social_big_support_aug2_174,connection_effect,0,1,Makes me feel less connected,0.18
46,teen_social_big_support_aug2_174,connection_effect,1,2,Makes little difference,0.56
46,teen_social_big_support_aug2_174,connection_effect,2,3,Makes me feel more connected,0.26
46,teen_social_big_support_aug2_174,parental_rules,0,1,No rules,0.04
46,teen_social_big_support_aug2_174,parental_rules,1,2,A few loose rules,0.1
46,teen_social_big_support_aug2_174,parental_rules,2,3,Some clear rules,0.24
46,teen_social_big_support_aug2_174,parental_rules,3,4,Very strict rules,0.62
46,teen_social_big_support_aug2_174,primary_platform,0,1,TikTok,0.14
46,teen_social_big_support_aug2_174,primary_platform,1,2,Instagram,0.12
46,teen_social_big_support_aug2_174,primary_platform,2,3,YouTube,0.52
46,teen_social_big_support_aug2_174,primary_platform,3,4,Snapchat,0.12
46,teen_social_big_support_aug2_174,primary_platform,4,5,Another platform,0.07
46,teen_social_big_support_aug2_174,primary_platform,5,6,I do not use social media,0.03
47,teen_social_big_support_aug2_175,social_media_hours,0,1,Less than one hour,0.52
47,teen_social_big_support_aug2_175,social_media_hours,1,2,One to three hours,0.37
47,teen_social_big_support_aug2_175,social_media_hours,2,3,Four or more hours,0.11
47,teen_social_big_support_aug2_175,posting_frequency,0,1,Never or almost never,0.06
47,teen_social_big_support_aug2_175,posting_frequency,1,2,Less than once a week,0.12
47,teen_social_big_support_aug2_175,posting_frequency,2,3,A few times a week,0.25
47,teen_social_big_support_aug2_175,posting_frequency,3,4,At least once a day,0.57
47,teen_social_big_support_aug2_175,late_night_use,0,1,Never,0.14
47,teen_social_big_support_aug2_175,late_night_use,1,2,Rarely,0.25
47,teen_social_big_support_aug2_175,late_night_use,2,3,Sometimes,0.46
47,teen_social_big_support_aug2_175,late_night_use,3,4,Often,0.15
47,teen_social_big_support_aug2_175,sleep_interference,0,1,Never,0.23
47,teen_social_big_support_aug2_175,sleep_interference,1,2,Rarely,0.48
47,teen_social_big_support_aug2_175,sleep_interference,2,3,Sometimes,0.22
47,teen_social_big_support_aug2_175,sleep_interference,3,4,Often,0.07
47,teen_social_big_support_aug2_175,social_comparison,0,1,Never,0.07
47,teen_social_big_support_aug2_175,social_comparison,1,2,Rarely,0.16
47,teen_social_big_support_aug2_175,social_comparison,2,3,Sometimes,0.3
47,teen_social_big_support_aug2_175,social_comparison,3,4,Often,0.47
47,teen_social_big_support_aug2_175,connection_effect,0,1,Makes me feel less connected,0.19
47,teen_social_big_support_aug2_175,connection_effect,1,2,Makes little difference,0.55
47,teen_social_big_support_aug2_175,connection_effect,2,3,Makes me feel more connected,0.26
47,teen_social_big_support_aug2_175,parental_rules,0,1,No rules,0.1
47,teen_social_big_support_aug2_175,parental_rules,1,2,A few loose rules,0.27
47,teen_social_big_support_aug2_175,parental_rules,2,3,Some clear rules,0.48
47,teen_social_big_support_aug2_175,parental_rules,3,4,Very strict rules,0.15
47,teen_social_big_support_aug2_175,primary_platform,0,1,TikTok,0.16
47,teen_social_big_support_aug2_175,primary_platform,1,2,Instagram,0.47
47,teen_social_big_support_aug2_175,primary_platform,2,3,YouTube,0.12
47,teen_social_big_support_aug2_175,primary_platform,3,4,Snapchat,0.17
47,teen_social_big_support_aug2_175,primary_platform,4,5,Another platform,0.07
47,teen_social_big_support_aug2_175,primary_platform,5,6,I do not use social media,0.01
48,teen_social_big_support_aug2_176,social_media_hours,0,1,Less than one hour,0.56
48,teen_social_big_support_aug2_176,social_media_hours,1,2,One to three hours,0.33
48,teen_social_big_support_aug2_176,social_media_hours,2,3,Four or more hours,0.11
48,teen_social_big_support_aug2_176,posting_frequency,0,1,Never or almost never,0.1
48,teen_social_big_support_aug2_176,posting_frequency,1,2,Less than once a week,0.12
48,teen_social_big_support_aug2_176,posting_frequency,2,3,A few times a week,0.3
48,teen_social_big_support_aug2_176,posting_frequency,3,4,At least once a day,0.48
48,teen_social_big_support_aug2_176,late_night_use,0,1,Never,0.08
48,teen_social_big_support_aug2_176,late_night_use,1,2,Rarely,0.16
48,teen_social_big_support_aug2_176,late_night_use,2,3,Sometimes,0.31
48,teen_social_big_support_aug2_176,late_night_use,3,4,Often,0.45
48,teen_social_big_support_aug2_176,sleep_interference,0,1,Never,0.22
48,teen_social_big_support_aug2_176,sleep_interference,1,2,Rarely,0.45
48,teen_social_big_support_aug2_176,sleep_interference,2,3,Sometimes,0.24
48,teen_social_big_support_aug2_176,sleep_interference,3,4,Often,0.09
48,teen_social_big_support_aug2_176,social_comparison,0,1,Never,0.07
48,teen_social_big_support_aug2_176,social_comparison,1,2,Rarely,0.17
48,teen_social_big_support_aug2_176,social_comparison,2,3,Sometimes,0.31
48,teen_social_big_support_aug2_176,social_comparison,3,4,Often,0.45
48,teen_social_big_support_aug2_176,connection_effect,0,1,Makes me feel less connected,0.22
48,teen_social_big_support_aug2_176,connection_effect,1,2,Makes little difference,0.56
48,teen_social_big_support_aug2_176,connection_effect,2,3,Makes me feel more connected,0.22
48,teen_social_big_support_aug2_176,parental_rules,0,1,No rules,0.05
48,teen_social_big_support_aug2_176,parental_rules,1,2,A few loose rules,0.12
48,teen_social_big_support_aug2_176,parental_rules,2,3,Some clear rules,0.3
48,teen_social_big_support_aug2_176,parental_rules,3,4,Very strict rules,0.53
48,teen_social_big_support_aug2_176,primary_platform,0,1,TikTok,0.11
48,teen_social_big_support_aug2_176,primary_platform,1,2,Instagram,0.1
48,teen_social_big_support_aug2_176,primary_platform,2,3,YouTube,0.18
48,teen_social_big_support_aug2_176,primary_platform,3,4,Snapchat,0.1
48,teen_social_big_support_aug2_176,primary_platform,4,5,Another platform,0.12
48,teen_social_big_support_aug2_176,primary_platform,5,6,I do not use social media,0.39
49,teen_social_big_support_aug2_177,social_media_hours,0,1,Less than one hour,0.2
49,teen_social_big_support_aug2_177,social_media_hours,1,2,One to three hours,0.62
49,teen_social_big_support_aug2_177,social_media_hours,2,3,Four or more hours,0.18
49,teen_social_big_support_aug2_177,posting_frequency,0,1,Never or almost never,0.08
49,teen_social_big_support_aug2_177,posting_frequency,1,2,Less than once a week,0.12
49,teen_social_big_support_aug2_177,posting_frequency,2,3,A few times a week,0.25
49,teen_social_big_support_aug2_177,posting_frequency,3,4,At least once a day,0.55
49,teen_social_big_support_aug2_177,late_night_use,0,1,Never,0.58
49,teen_social_big_support_aug2_177,late_night_use,1,2,Rarely,0.24
49,teen_social_big_support_aug2_177,late_night_use,2,3,Sometimes,0.12
49,teen_social_big_support_aug2_177,late_night_use,3,4,Often,0.06
49,teen_social_big_support_aug2_177,sleep_interference,0,1,Never,0.07
49,teen_social_big_support_aug2_177,sleep_interference,1,2,Rarely,0.13
49,teen_social_big_support_aug2_177,sleep_interference,2,3,Sometimes,0.3
49,teen_social_big_support_aug2_177,sleep_interference,3,4,Often,0.5
49,teen_social_big_support_aug2_177,social_comparison,0,1,Never,0.12
49,teen_social_big_support_aug2_177,social_comparison,1,2,Rarely,0.24
49,teen_social_big_support_aug2_177,social_comparison,2,3,Sometimes,0.46
49,teen_social_big_support_aug2_177,social_comparison,3,4,Often,0.18
49,teen_social_big_support_aug2_177,connection_effect,0,1,Makes me feel less connected,0.22
49,teen_social_big_support_aug2_177,connection_effect,1,2,Makes little difference,0.56
49,teen_social_big_support_aug2_177,connection_effect,2,3,Makes me feel more connected,0.22
49,teen_social_big_support_aug2_177,parental_rules,0,1,No rules,0.55
49,teen_social_big_support_aug2_177,parental_rules,1,2,A few loose rules,0.25
49,teen_social_big_support_aug2_177,parental_rules,2,3,Some clear rules,0.14
49,teen_social_big_support_aug2_177,parental_rules,3,4,Very strict rules,0.06
49,teen_social_big_support_aug2_177,primary_platform,0,1,TikTok,0.49
49,teen_social_big_support_aug2_177,primary_platform,1,2,Instagram,0.17
49,teen_social_big_support_aug2_177,primary_platform,2,3,YouTube,0.14
49,teen_social_big_support_aug2_177,primary_platform,3,4,Snapchat,0.13
49,teen_social_big_support_aug2_177,primary_platform,4,5,Another platform,0.06
49,teen_social_big_support_aug2_177,primary_platform,5,6,I do not use social media,0.01
50,teen_social_big_support_aug2_178,social_media_hours,0,1,Less than one hour,0.18
50,teen_social_big_support_aug2_178,social_media_hours,1,2,One to three hours,0.64
50,teen_social_big_support_aug2_178,social_media_hours,2,3,Four or more hours,0.18
50,teen_social_big_support_aug2_178,posting_frequency,0,1,Never or almost never,0.08
50,teen_social_big_support_aug2_178,posting_frequency,1,2,Less than once a week,0.18
50,teen_social_big_support_aug2_178,posting_frequency,2,3,A few times a week,0.56
50,teen_social_big_support_aug2_178,posting_frequency,3,4,At least once a day,0.18
50,teen_social_big_support_aug2_178,late_night_use,0,1,Never,0.04
50,teen_social_big_support_aug2_178,late_night_use,1,2,Rarely,0.12
50,teen_social_big_support_aug2_178,late_night_use,2,3,Sometimes,0.28
50,teen_social_big_support_aug2_178,late_night_use,3,4,Often,0.56
50,teen_social_big_support_aug2_178,sleep_interference,0,1,Never,0.22
50,teen_social_big_support_aug2_178,sleep_interference,1,2,Rarely,0.5
50,teen_social_big_support_aug2_178,sleep_interference,2,3,Sometimes,0.2
50,teen_social_big_support_aug2_178,sleep_interference,3,4,Often,0.08
50,teen_social_big_support_aug2_178,social_comparison,0,1,Never,0.24
50,teen_social_big_support_aug2_178,social_comparison,1,2,Rarely,0.5
50,teen_social_big_support_aug2_178,social_comparison,2,3,Sometimes,0.18
50,teen_social_big_support_aug2_178,social_comparison,3,4,Often,0.08
50,teen_social_big_support_aug2_178,connection_effect,0,1,Makes me feel less connected,0.52
50,teen_social_big_support_aug2_178,connection_effect,1,2,Makes little difference,0.34
50,teen_social_big_support_aug2_178,connection_effect,2,3,Makes me feel more connected,0.14
50,teen_social_big_support_aug2_178,parental_rules,0,1,No rules,0.03
50,teen_social_big_support_aug2_178,parental_rules,1,2,A few loose rules,0.1
50,teen_social_big_support_aug2_178,parental_rules,2,3,Some clear rules,0.29
50,teen_social_big_support_aug2_178,parental_rules,3,4,Very strict rules,0.58
50,teen_social_big_support_aug2_178,primary_platform,0,1,TikTok,0.2
50,teen_social_big_support_aug2_178,primary_platform,1,2,Instagram,0.45
50,teen_social_big_support_aug2_178,primary_platform,2,3,YouTube,0.12
50,teen_social_big_support_aug2_178,primary_platform,3,4,Snapchat,0.16
50,teen_social_big_support_aug2_178,primary_platform,4,5,Another platform,0.05
50,teen_social_big_support_aug2_178,primary_platform,5,6,I do not use social media,0.02
51,teen_social_big_support_aug2_179,social_media_hours,0,1,Less than one hour,0.25
51,teen_social_big_support_aug2_179,social_media_hours,1,2,One to three hours,0.55
51,teen_social_big_support_aug2_179,social_media_hours,2,3,Four or more hours,0.2
51,teen_social_big_support_aug2_179,posting_frequency,0,1,Never or almost never,0.12
51,teen_social_big_support_aug2_179,posting_frequency,1,2,Less than once a week,0.23
51,teen_social_big_support_aug2_179,posting_frequency,2,3,A few times a week,0.48
51,teen_social_big_support_aug2_179,posting_frequency,3,4,At least once a day,0.17
51,teen_social_big_support_aug2_179,late_night_use,0,1,Never,0.12
51,teen_social_big_support_aug2_179,late_night_use,1,2,Rarely,0.24
51,teen_social_big_support_aug2_179,late_night_use,2,3,Sometimes,0.46
51,teen_social_big_support_aug2_179,late_night_use,3,4,Often,0.18
51,teen_social_big_support_aug2_179,sleep_interference,0,1,Never,0.24
51,teen_social_big_support_aug2_179,sleep_interference,1,2,Rarely,0.47
51,teen_social_big_support_aug2_179,sleep_interference,2,3,Sometimes,0.21
51,teen_social_big_support_aug2_179,sleep_interference,3,4,Often,0.08
51,teen_social_big_support_aug2_179,social_comparison,0,1,Never,0.15
51,teen_social_big_support_aug2_179,social_comparison,1,2,Rarely,0.27
51,teen_social_big_support_aug2_179,social_comparison,2,3,Sometimes,0.43
51,teen_social_big_support_aug2_179,social_comparison,3,4,Often,0.15
51,teen_social_big_support_aug2_179,connection_effect,0,1,Makes me feel less connected,0.22
51,teen_social_big_support_aug2_179,connection_effect,1,2,Makes little difference,0.55
51,teen_social_big_support_aug2_179,connection_effect,2,3,Makes me feel more connected,0.23
51,teen_social_big_support_aug2_179,parental_rules,0,1,No rules,0.1
51,teen_social_big_support_aug2_179,parental_rules,1,2,A few loose rules,0.25
51,teen_social_big_support_aug2_179,parental_rules,2,3,Some clear rules,0.48
51,teen_social_big_support_aug2_179,parental_rules,3,4,Very strict rules,0.17
51,teen_social_big_support_aug2_179,primary_platform,0,1,TikTok,0.12
51,teen_social_big_support_aug2_179,primary_platform,1,2,Instagram,0.14
51,teen_social_big_support_aug2_179,primary_platform,2,3,YouTube,0.18
51,teen_social_big_support_aug2_179,primary_platform,3,4,Snapchat,0.1
51,teen_social_big_support_aug2_179,primary_platform,4,5,Another platform,0.13
51,teen_social_big_support_aug2_179,primary_platform,5,6,I do not use social media,0.33
52,teen_social_big_support_aug2_180,social_media_hours,0,1,Less than one hour,0.58
52,teen_social_big_support_aug2_180,social_media_hours,1,2,One to three hours,0.34
52,teen_social_big_support_aug2_180,social_media_hours,2,3,Four or more hours,0.08
52,teen_social_big_support_aug2_180,posting_frequency,0,1,Never or almost never,0.26
52,teen_social_big_support_aug2_180,posting_frequency,1,2,Less than once a week,0.48
52,teen_social_big_support_aug2_180,posting_frequency,2,3,A few times a week,0.18
52,teen_social_big_support_aug2_180,posting_frequency,3,4,At least once a day,0.08
52,teen_social_big_support_aug2_180,late_night_use,0,1,Never,0.22
52,teen_social_big_support_aug2_180,late_night_use,1,2,Rarely,0.48
52,teen_social_big_support_aug2_180,late_night_use,2,3,Sometimes,0.22
52,teen_social_big_support_aug2_180,late_night_use,3,4,Often,0.08
52,teen_social_big_support_aug2_180,sleep_interference,0,1,Never,0.25
52,teen_social_big_support_aug2_180,sleep_interference,1,2,Rarely,0.47
52,teen_social_big_support_aug2_180,sleep_interference,2,3,Sometimes,0.2
52,teen_social_big_support_aug2_180,sleep_interference,3,4,Often,0.08
52,teen_social_big_support_aug2_180,social_comparison,0,1,Never,0.06
52,teen_social_big_support_aug2_180,social_comparison,1,2,Rarely,0.16
52,teen_social_big_support_aug2_180,social_comparison,2,3,Sometimes,0.28
52,teen_social_big_support_aug2_180,social_comparison,3,4,Often,0.5
52,teen_social_big_support_aug2_180,connection_effect,0,1,Makes me feel less connected,0.55
52,teen_social_big_support_aug2_180,connection_effect,1,2,Makes little difference,0.32
52,teen_social_big_support_aug2_180,connection_effect,2,3,Makes me feel more connected,0.13
52,teen_social_big_support_aug2_180,parental_rules,0,1,No rules,0.52
52,teen_social_big_support_aug2_180,parental_rules,1,2,A few loose rules,0.27
52,teen_social_big_support_aug2_180,parental_rules,2,3,Some clear rules,0.15
52,teen_social_big_support_aug2_180,parental_rules,3,4,Very strict rules,0.06
52,teen_social_big_support_aug2_180,primary_platform,0,1,TikTok,0.14
52,teen_social_big_support_aug2_180,primary_platform,1,2,Instagram,0.16
52,teen_social_big_support_aug2_180,primary_platform,2,3,YouTube,0.18
52,teen_social_big_support_aug2_180,primary_platform,3,4,Snapchat,0.12
52,teen_social_big_support_aug2_180,primary_platform,4,5,Another platform,0.32
52,teen_social_big_support_aug2_180,primary_platform,5,6,I do not use social media,0.08
53,teen_social_big_support_aug2_181,social_media_hours,0,1,Less than one hour,0.08
53,teen_social_big_support_aug2_181,social_media_hours,1,2,One to three hours,0.27
53,teen_social_big_support_aug2_181,social_media_hours,2,3,Four or more hours,0.65
53,teen_social_big_support_aug2_181,posting_frequency,0,1,Never or almost never,0.56
53,teen_social_big_support_aug2_181,posting_frequency,1,2,Less than once a week,0.22
53,teen_social_big_support_aug2_181,posting_frequency,2,3,A few times a week,0.14
53,teen_social_big_support_aug2_181,posting_frequency,3,4,At least once a day,0.08
53,teen_social_big_support_aug2_181,late_night_use,0,1,Never,0.09
53,teen_social_big_support_aug2_181,late_night_use,1,2,Rarely,0.22
53,teen_social_big_support_aug2_181,late_night_use,2,3,Sometimes,0.43
53,teen_social_big_support_aug2_181,late_night_use,3,4,Often,0.26
53,teen_social_big_support_aug2_181,sleep_interference,0,1,Never,0.07
53,teen_social_big_support_aug2_181,sleep_interference,1,2,Rarely,0.17
53,teen_social_big_support_aug2_181,sleep_interference,2,3,Sometimes,0.29
53,teen_social_big_support_aug2_181,sleep_interference,3,4,Often,0.47
53,teen_social_big_support_aug2_181,social_comparison,0,1,Never,0.13
53,teen_social_big_support_aug2_181,social_comparison,1,2,Rarely,0.24
53,teen_social_big_support_aug2_181,social_comparison,2,3,Sometimes,0.43
53,teen_social_big_support_aug2_181,social_comparison,3,4,Often,0.2
53,teen_social_big_support_aug2_181,connection_effect,0,1,Makes me feel less connected,0.48
53,teen_social_big_support_aug2_181,connection_effect,1,2,Makes little difference,0.32
53,teen_social_big_support_aug2_181,connection_effect,2,3,Makes me feel more connected,0.2
53,teen_social_big_support_aug2_181,parental_rules,0,1,No rules,0.49
53,teen_social_big_support_aug2_181,parental_rules,1,2,A few loose rules,0.29
53,teen_social_big_support_aug2_181,parental_rules,2,3,Some clear rules,0.16
53,teen_social_big_support_aug2_181,parental_rules,3,4,Very strict rules,0.06
53,teen_social_big_support_aug2_181,primary_platform,0,1,TikTok,0.18
53,teen_social_big_support_aug2_181,primary_platform,1,2,Instagram,0.17
53,teen_social_big_support_aug2_181,primary_platform,2,3,YouTube,0.12
53,teen_social_big_support_aug2_181,primary_platform,3,4,Snapchat,0.44
53,teen_social_big_support_aug2_181,primary_platform,4,5,Another platform,0.07
53,teen_social_big_support_aug2_181,primary_platform,5,6,I do not use social media,0.02
54,teen_social_big_support_aug2_182,social_media_hours,0,1,Less than one hour,0.55
54,teen_social_big_support_aug2_182,social_media_hours,1,2,One to three hours,0.34
54,teen_social_big_support_aug2_182,social_media_hours,2,3,Four or more hours,0.11
54,teen_social_big_support_aug2_182,posting_frequency,0,1,Never or almost never,0.06
54,teen_social_big_support_aug2_182,posting_frequency,1,2,Less than once a week,0.1
54,teen_social_big_support_aug2_182,posting_frequency,2,3,A few times a week,0.24
54,teen_social_big_support_aug2_182,posting_frequency,3,4,At least once a day,0.6
54,teen_social_big_support_aug2_182,late_night_use,0,1,Never,0.58
54,teen_social_big_support_aug2_182,late_night_use,1,2,Rarely,0.24
54,teen_social_big_support_aug2_182,late_night_use,2,3,Sometimes,0.12
54,teen_social_big_support_aug2_182,late_night_use,3,4,Often,0.06
54,teen_social_big_support_aug2_182,sleep_interference,0,1,Never,0.08
54,teen_social_big_support_aug2_182,sleep_interference,1,2,Rarely,0.15
54,teen_social_big_support_aug2_182,sleep_interference,2,3,Sometimes,0.27
54,teen_social_big_support_aug2_182,sleep_interference,3,4,Often,0.5
54,teen_social_big_support_aug2_182,social_comparison,0,1,Never,0.1
54,teen_social_big_support_aug2_182,social_comparison,1,2,Rarely,0.25
54,teen_social_big_support_aug2_182,social_comparison,2,3,Sometimes,0.45
54,teen_social_big_support_aug2_182,social_comparison,3,4,Often,0.2
54,teen_social_big_support_aug2_182,connection_effect,0,1,Makes me feel less connected,0.46
54,teen_social_big_support_aug2_182,connection_effect,1,2,Makes little difference,0.34
54,teen_social_big_support_aug2_182,connection_effect,2,3,Makes me feel more connected,0.2
54,teen_social_big_support_aug2_182,parental_rules,0,1,No rules,0.12
54,teen_social_big_support_aug2_182,parental_rules,1,2,A few loose rules,0.46
54,teen_social_big_support_aug2_182,parental_rules,2,3,Some clear rules,0.3
54,teen_social_big_support_aug2_182,parental_rules,3,4,Very strict rules,0.12
54,teen_social_big_support_aug2_182,primary_platform,0,1,TikTok,0.5
54,teen_social_big_support_aug2_182,primary_platform,1,2,Instagram,0.18
54,teen_social_big_support_aug2_182,primary_platform,2,3,YouTube,0.14
54,teen_social_big_support_aug2_182,primary_platform,3,4,Snapchat,0.1
54,teen_social_big_support_aug2_182,primary_platform,4,5,Another platform,0.06
54,teen_social_big_support_aug2_182,primary_platform,5,6,I do not use social media,0.02
55,teen_social_big_support_aug2_183,social_media_hours,0,1,Less than one hour,0.12
55,teen_social_big_support_aug2_183,social_media_hours,1,2,One to three hours,0.28
55,teen_social_big_support_aug2_183,social_media_hours,2,3,Four or more hours,0.6
55,teen_social_big_support_aug2_183,posting_frequency,0,1,Never or almost never,0.62
55,teen_social_big_support_aug2_183,posting_frequency,1,2,Less than once a week,0.2
55,teen_social_big_support_aug2_183,posting_frequency,2,3,A few times a week,0.12
55,teen_social_big_support_aug2_183,posting_frequency,3,4,At least once a day,0.06
55,teen_social_big_support_aug2_183,late_night_use,0,1,Never,0.24
55,teen_social_big_support_aug2_183,late_night_use,1,2,Rarely,0.46
55,teen_social_big_support_aug2_183,late_night_use,2,3,Sometimes,0.2
55,teen_social_big_support_aug2_183,late_night_use,3,4,Often,0.1
55,teen_social_big_support_aug2_183,sleep_interference,0,1,Never,0.25
55,teen_social_big_support_aug2_183,sleep_interference,1,2,Rarely,0.45
55,teen_social_big_support_aug2_183,sleep_interference,2,3,Sometimes,0.21
55,teen_social_big_support_aug2_183,sleep_interference,3,4,Often,0.09
55,teen_social_big_support_aug2_183,social_comparison,0,1,Never,0.55
55,teen_social_big_support_aug2_183,social_comparison,1,2,Rarely,0.25
55,teen_social_big_support_aug2_183,social_comparison,2,3,Sometimes,0.14
55,teen_social_big_support_aug2_183,social_comparison,3,4,Often,0.06
55,teen_social_big_support_aug2_183,connection_effect,0,1,Makes me feel less connected,0.52
55,teen_social_big_support_aug2_183,connection_effect,1,2,Makes little difference,0.34
55,teen_social_big_support_aug2_183,connection_effect,2,3,Makes me feel more connected,0.14
55,teen_social_big_support_aug2_183,parental_rules,0,1,No rules,0.06
55,teen_social_big_support_aug2_183,parental_rules,1,2,A few loose rules,0.12
55,teen_social_big_support_aug2_183,parental_rules,2,3,Some clear rules,0.27
55,teen_social_big_support_aug2_183,parental_rules,3,4,Very strict rules,0.55
55,teen_social_big_support_aug2_183,primary_platform,0,1,TikTok,0.08
55,teen_social_big_support_aug2_183,primary_platform,1,2,Instagram,0.07
55,teen_social_big_support_aug2_183,primary_platform,2,3,YouTube,0.2
55,teen_social_big_support_aug2_183,primary_platform,3,4,Snapchat,0.06
55,teen_social_big_support_aug2_183,primary_platform,4,5,Another platform,0.09
55,teen_social_big_support_aug2_183,primary_platform,5,6,I do not use social media,0.5
56,teen_social_big_support_aug2_184,social_media_hours,0,1,Less than one hour,0.52
56,teen_social_big_support_aug2_184,social_media_hours,1,2,One to three hours,0.36
56,teen_social_big_support_aug2_184,social_media_hours,2,3,Four or more hours,0.12
56,teen_social_big_support_aug2_184,posting_frequency,0,1,Never or almost never,0.24
56,teen_social_big_support_aug2_184,posting_frequency,1,2,Less than once a week,0.46
56,teen_social_big_support_aug2_184,posting_frequency,2,3,A few times a week,0.2
56,teen_social_big_support_aug2_184,posting_frequency,3,4,At least once a day,0.1
56,teen_social_big_support_aug2_184,late_night_use,0,1,Never,0.18
56,teen_social_big_support_aug2_184,late_night_use,1,2,Rarely,0.24
56,teen_social_big_support_aug2_184,late_night_use,2,3,Sometimes,0.4
56,teen_social_big_support_aug2_184,late_night_use,3,4,Often,0.18
56,teen_social_big_support_aug2_184,sleep_interference,0,1,Never,0.16
56,teen_social_big_support_aug2_184,sleep_interference,1,2,Rarely,0.25
56,teen_social_big_support_aug2_184,sleep_interference,2,3,Sometimes,0.42
56,teen_social_big_support_aug2_184,sleep_interference,3,4,Often,0.17
56,teen_social_big_support_aug2_184,social_comparison,0,1,Never,0.08
56,teen_social_big_support_aug2_184,social_comparison,1,2,Rarely,0.18
56,teen_social_big_support_aug2_184,social_comparison,2,3,Sometimes,0.33
56,teen_social_big_support_aug2_184,social_comparison,3,4,Often,0.41
56,teen_social_big_support_aug2_184,connection_effect,0,1,Makes me feel less connected,0.2
56,teen_social_big_support_aug2_184,connection_effect,1,2,Makes little difference,0.58
56,teen_social_big_support_aug2_184,connection_effect,2,3,Makes me feel more connected,0.22
56,teen_social_big_support_aug2_184,parental_rules,0,1,No rules,0.45
56,teen_social_big_support_aug2_184,parental_rules,1,2,A few loose rules,0.3
56,teen_social_big_support_aug2_184,parental_rules,2,3,Some clear rules,0.18
56,teen_social_big_support_aug2_184,parental_rules,3,4,Very strict rules,0.07
56,teen_social_big_support_aug2_184,primary_platform,0,1,TikTok,0.18
56,teen_social_big_support_aug2_184,primary_platform,1,2,Instagram,0.42
56,teen_social_big_support_aug2_184,primary_platform,2,3,YouTube,0.14
56,teen_social_big_support_aug2_184,primary_platform,3,4,Snapchat,0.17
56,teen_social_big_support_aug2_184,primary_platform,4,5,Another platform,0.06
56,teen_social_big_support_aug2_184,primary_platform,5,6,I do not use social media,0.03
57,teen_social_big_support_aug2_185,social_media_hours,0,1,Less than one hour,0.52
57,teen_social_big_support_aug2_185,social_media_hours,1,2,One to three hours,0.36
57,teen_social_big_support_aug2_185,social_media_hours,2,3,Four or more hours,0.12
57,teen_social_big_support_aug2_185,posting_frequency,0,1,Never or almost never,0.18
57,teen_social_big_support_aug2_185,posting_frequency,1,2,Less than once a week,0.22
57,teen_social_big_support_aug2_185,posting_frequency,2,3,A few times a week,0.42
57,teen_social_big_support_aug2_185,posting_frequency,3,4,At least once a day,0.18
57,teen_social_big_support_aug2_185,late_night_use,0,1,Never,0.18
57,teen_social_big_support_aug2_185,late_night_use,1,2,Rarely,0.23
57,teen_social_big_support_aug2_185,late_night_use,2,3,Sometimes,0.4
57,teen_social_big_support_aug2_185,late_night_use,3,4,Often,0.19
57,teen_social_big_support_aug2_185,sleep_interference,0,1,Never,0.5
57,teen_social_big_support_aug2_185,sleep_interference,1,2,Rarely,0.28
57,teen_social_big_support_aug2_185,sleep_interference,2,3,Sometimes,0.15
57,teen_social_big_support_aug2_185,sleep_interference,3,4,Often,0.07
57,teen_social_big_support_aug2_185,social_comparison,0,1,Never,0.07
57,teen_social_big_support_aug2_185,social_comparison,1,2,Rarely,0.16
57,teen_social_big_support_aug2_185,social_comparison,2,3,Sometimes,0.29
57,teen_social_big_support_aug2_185,social_comparison,3,4,Often,0.48
57,teen_social_big_support_aug2_185,connection_effect,0,1,Makes me feel less connected,0.46
57,teen_social_big_support_aug2_185,connection_effect,1,2,Makes little difference,0.36
57,teen_social_big_support_aug2_185,connection_effect,2,3,Makes me feel more connected,0.18
57,teen_social_big_support_aug2_185,parental_rules,0,1,No rules,0.18
57,teen_social_big_support_aug2_185,parental_rules,1,2,A few loose rules,0.42
57,teen_social_big_support_aug2_185,parental_rules,2,3,Some clear rules,0.28
57,teen_social_big_support_aug2_185,parental_rules,3,4,Very strict rules,0.12
57,teen_social_big_support_aug2_185,primary_platform,0,1,TikTok,0.1
57,teen_social_big_support_aug2_185,primary_platform,1,2,Instagram,0.11
57,teen_social_big_support_aug2_185,primary_platform,2,3,YouTube,0.16
57,teen_social_big_support_aug2_185,primary_platform,3,4,Snapchat,0.1
57,teen_social_big_support_aug2_185,primary_platform,4,5,Another platform,0.11
57,teen_social_big_support_aug2_185,primary_platform,5,6,I do not use social media,0.42
58,teen_social_big_support_aug2_186,social_media_hours,0,1,Less than one hour,0.05
58,teen_social_big_support_aug2_186,social_media_hours,1,2,One to three hours,0.25
58,teen_social_big_support_aug2_186,social_media_hours,2,3,Four or more hours,0.7
58,teen_social_big_support_aug2_186,posting_frequency,0,1,Never or almost never,0.08
58,teen_social_big_support_aug2_186,posting_frequency,1,2,Less than once a week,0.14
58,teen_social_big_support_aug2_186,posting_frequency,2,3,A few times a week,0.55
58,teen_social_big_support_aug2_186,posting_frequency,3,4,At least once a day,0.23
58,teen_social_big_support_aug2_186,late_night_use,0,1,Never,0.04
58,teen_social_big_support_aug2_186,late_night_use,1,2,Rarely,0.1
58,teen_social_big_support_aug2_186,late_night_use,2,3,Sometimes,0.25
58,teen_social_big_support_aug2_186,late_night_use,3,4,Often,0.61
58,teen_social_big_support_aug2_186,sleep_interference,0,1,Never,0.05
58,teen_social_big_support_aug2_186,sleep_interference,1,2,Rarely,0.12
58,teen_social_big_support_aug2_186,sleep_interference,2,3,Sometimes,0.31
58,teen_social_big_support_aug2_186,sleep_interference,3,4,Often,0.52
58,teen_social_big_support_aug2_186,social_comparison,0,1,Never,0.62
58,teen_social_big_support_aug2_186,social_comparison,1,2,Rarely,0.2
58,teen_social_big_support_aug2_186,social_comparison,2,3,Sometimes,0.12
58,teen_social_big_support_aug2_186,social_comparison,3,4,Often,0.06
58,teen_social_big_support_aug2_186,connection_effect,0,1,Makes me feel less connected,0.56
58,teen_social_big_support_aug2_186,connection_effect,1,2,Makes little difference,0.31
58,teen_social_big_support_aug2_186,connection_effect,2,3,Makes me feel more connected,0.13
58,teen_social_big_support_aug2_186,parental_rules,0,1,No rules,0.07
58,teen_social_big_support_aug2_186,parental_rules,1,2,A few loose rules,0.24
58,teen_social_big_support_aug2_186,parental_rules,2,3,Some clear rules,0.53
58,teen_social_big_support_aug2_186,parental_rules,3,4,Very strict rules,0.16
58,teen_social_big_support_aug2_186,primary_platform,0,1,TikTok,0.18
58,teen_social_big_support_aug2_186,primary_platform,1,2,Instagram,0.45
58,teen_social_big_support_aug2_186,primary_platform,2,3,YouTube,0.12
58,teen_social_big_support_aug2_186,primary_platform,3,4,Snapchat,0.18
58,teen_social_big_support_aug2_186,primary_platform,4,5,Another platform,0.06
58,teen_social_big_support_aug2_186,primary_platform,5,6,I do not use social media,0.01
59,teen_social_big_support_aug2_187,social_media_hours,0,1,Less than one hour,0.22
59,teen_social_big_support_aug2_187,social_media_hours,1,2,One to three hours,0.62
59,teen_social_big_support_aug2_187,social_media_hours,2,3,Four or more hours,0.16
59,teen_social_big_support_aug2_187,posting_frequency,0,1,Never or almost never,0.08
59,teen_social_big_support_aug2_187,posting_frequency,1,2,Less than once a week,0.12
59,teen_social_big_support_aug2_187,posting_frequency,2,3,A few times a week,0.25
59,teen_social_big_support_aug2_187,posting_frequency,3,4,At least once a day,0.55
59,teen_social_big_support_aug2_187,late_night_use,0,1,Never,0.55
59,teen_social_big_support_aug2_187,late_night_use,1,2,Rarely,0.25
59,teen_social_big_support_aug2_187,late_night_use,2,3,Sometimes,0.14
59,teen_social_big_support_aug2_187,late_night_use,3,4,Often,0.06
59,teen_social_big_support_aug2_187,sleep_interference,0,1,Never,0.25
59,teen_social_big_support_aug2_187,sleep_interference,1,2,Rarely,0.5
59,teen_social_big_support_aug2_187,sleep_interference,2,3,Sometimes,0.18
59,teen_social_big_support_aug2_187,sleep_interference,3,4,Often,0.07
59,teen_social_big_support_aug2_187,social_comparison,0,1,Never,0.58
59,teen_social_big_support_aug2_187,social_comparison,1,2,Rarely,0.25
59,teen_social_big_support_aug2_187,social_comparison,2,3,Sometimes,0.12
59,teen_social_big_support_aug2_187,social_comparison,3,4,Often,0.05
59,teen_social_big_support_aug2_187,connection_effect,0,1,Makes me feel less connected,0.48
59,teen_social_big_support_aug2_187,connection_effect,1,2,Makes little difference,0.34
59,teen_social_big_support_aug2_187,connection_effect,2,3,Makes me feel more connected,0.18
59,teen_social_big_support_aug2_187,parental_rules,0,1,No rules,0.5
59,teen_social_big_support_aug2_187,parental_rules,1,2,A few loose rules,0.28
59,teen_social_big_support_aug2_187,parental_rules,2,3,Some clear rules,0.16
59,teen_social_big_support_aug2_187,parental_rules,3,4,Very strict rules,0.06
59,teen_social_big_support_aug2_187,primary_platform,0,1,TikTok,0.16
59,teen_social_big_support_aug2_187,primary_platform,1,2,Instagram,0.14
59,teen_social_big_support_aug2_187,primary_platform,2,3,YouTube,0.18
59,teen_social_big_support_aug2_187,primary_platform,3,4,Snapchat,0.12
59,teen_social_big_support_aug2_187,primary_platform,4,5,Another platform,0.36
59,teen_social_big_support_aug2_187,primary_platform,5,6,I do not use social media,0.04
60,teen_social_big_support_aug2_188,social_media_hours,0,1,Less than one hour,0.52
60,teen_social_big_support_aug2_188,social_media_hours,1,2,One to three hours,0.36
60,teen_social_big_support_aug2_188,social_media_hours,2,3,Four or more hours,0.12
60,teen_social_big_support_aug2_188,posting_frequency,0,1,Never or almost never,0.25
60,teen_social_big_support_aug2_188,posting_frequency,1,2,Less than once a week,0.46
60,teen_social_big_support_aug2_188,posting_frequency,2,3,A few times a week,0.2
60,teen_social_big_support_aug2_188,posting_frequency,3,4,At least once a day,0.09
60,teen_social_big_support_aug2_188,late_night_use,0,1,Never,0.18
60,teen_social_big_support_aug2_188,late_night_use,1,2,Rarely,0.26
60,teen_social_big_support_aug2_188,late_night_use,2,3,Sometimes,0.41
60,teen_social_big_support_aug2_188,late_night_use,3,4,Often,0.15
60,teen_social_big_support_aug2_188,sleep_interference,0,1,Never,0.5
60,teen_social_big_support_aug2_188,sleep_interference,1,2,Rarely,0.3
60,teen_social_big_support_aug2_188,sleep_interference,2,3,Sometimes,0.14
60,teen_social_big_support_aug2_188,sleep_interference,3,4,Often,0.06
60,teen_social_big_support_aug2_188,social_comparison,0,1,Never,0.25
60,teen_social_big_support_aug2_188,social_comparison,1,2,Rarely,0.45
60,teen_social_big_support_aug2_188,social_comparison,2,3,Sometimes,0.22
60,teen_social_big_support_aug2_188,social_comparison,3,4,Often,0.08
60,teen_social_big_support_aug2_188,connection_effect,0,1,Makes me feel less connected,0.18
60,teen_social_big_support_aug2_188,connection_effect,1,2,Makes little difference,0.55
60,teen_social_big_support_aug2_188,connection_effect,2,3,Makes me feel more connected,0.27
60,teen_social_big_support_aug2_188,parental_rules,0,1,No rules,0.1
60,teen_social_big_support_aug2_188,parental_rules,1,2,A few loose rules,0.24
60,teen_social_big_support_aug2_188,parental_rules,2,3,Some clear rules,0.48
60,teen_social_big_support_aug2_188,parental_rules,3,4,Very strict rules,0.18
60,teen_social_big_support_aug2_188,primary_platform,0,1,TikTok,0.16
60,teen_social_big_support_aug2_188,primary_platform,1,2,Instagram,0.13
60,teen_social_big_support_aug2_188,primary_platform,2,3,YouTube,0.43
60,teen_social_big_support_aug2_188,primary_platform,3,4,Snapchat,0.14
60,teen_social_big_support_aug2_188,primary_platform,4,5,Another platform,0.08
60,teen_social_big_support_aug2_188,primary_platform,5,6,I do not use social media,0.06
61,teen_social_big_support_aug2_189,social_media_hours,0,1,Less than one hour,0.08
61,teen_social_big_support_aug2_189,social_media_hours,1,2,One to three hours,0.32
61,teen_social_big_support_aug2_189,social_media_hours,2,3,Four or more hours,0.6
61,teen_social_big_support_aug2_189,posting_frequency,0,1,Never or almost never,0.22
61,teen_social_big_support_aug2_189,posting_frequency,1,2,Less than once a week,0.5
61,teen_social_big_support_aug2_189,posting_frequency,2,3,A few times a week,0.18
61,teen_social_big_support_aug2_189,posting_frequency,3,4,At least once a day,0.1
61,teen_social_big_support_aug2_189,late_night_use,0,1,Never,0.55
61,teen_social_big_support_aug2_189,late_night_use,1,2,Rarely,0.25
61,teen_social_big_support_aug2_189,late_night_use,2,3,Sometimes,0.14
61,teen_social_big_support_aug2_189,late_night_use,3,4,Often,0.06
61,teen_social_big_support_aug2_189,sleep_interference,0,1,Never,0.18
61,teen_social_big_support_aug2_189,sleep_interference,1,2,Rarely,0.26
61,teen_social_big_support_aug2_189,sleep_interference,2,3,Sometimes,0.42
61,teen_social_big_support_aug2_189,sleep_interference,3,4,Often,0.14
61,teen_social_big_support_aug2_189,social_comparison,0,1,Never,0.14
61,teen_social_big_support_aug2_189,social_comparison,1,2,Rarely,0.28
61,teen_social_big_support_aug2_189,social_comparison,2,3,Sometimes,0.43
61,teen_social_big_support_aug2_189,social_comparison,3,4,Often,0.15
61,teen_social_big_support_aug2_189,connection_effect,0,1,Makes me feel less connected,0.2
61,teen_social_big_support_aug2_189,connection_effect,1,2,Makes little difference,0.58
61,teen_social_big_support_aug2_189,connection_effect,2,3,Makes me feel more connected,0.22
61,teen_social_big_support_aug2_189,parental_rules,0,1,No rules,0.16
61,teen_social_big_support_aug2_189,parental_rules,1,2,A few loose rules,0.49
61,teen_social_big_support_aug2_189,parental_rules,2,3,Some clear rules,0.25
61,teen_social_big_support_aug2_189,parental_rules,3,4,Very strict rules,0.1
61,teen_social_big_support_aug2_189,primary_platform,0,1,TikTok,0.16
61,teen_social_big_support_aug2_189,primary_platform,1,2,Instagram,0.12
61,teen_social_big_support_aug2_189,primary_platform,2,3,YouTube,0.46
61,teen_social_big_support_aug2_189,primary_platform,3,4,Snapchat,0.13
61,teen_social_big_support_aug2_189,primary_platform,4,5,Another platform,0.1
61,teen_social_big_support_aug2_189,primary_platform,5,6,I do not use social media,0.03
62,teen_social_big_support_aug2_190,social_media_hours,0,1,Less than one hour,0.24
62,teen_social_big_support_aug2_190,social_media_hours,1,2,One to three hours,0.58
62,teen_social_big_support_aug2_190,social_media_hours,2,3,Four or more hours,0.18
62,teen_social_big_support_aug2_190,posting_frequency,0,1,Never or almost never,0.55
62,teen_social_big_support_aug2_190,posting_frequency,1,2,Less than once a week,0.24
62,teen_social_big_support_aug2_190,posting_frequency,2,3,A few times a week,0.15
62,teen_social_big_support_aug2_190,posting_frequency,3,4,At least once a day,0.06
62,teen_social_big_support_aug2_190,late_night_use,0,1,Never,0.23
62,teen_social_big_support_aug2_190,late_night_use,1,2,Rarely,0.46
62,teen_social_big_support_aug2_190,late_night_use,2,3,Sometimes,0.22
62,teen_social_big_support_aug2_190,late_night_use,3,4,Often,0.09
62,teen_social_big_support_aug2_190,sleep_interference,0,1,Never,0.13
62,teen_social_big_support_aug2_190,sleep_interference,1,2,Rarely,0.24
62,teen_social_big_support_aug2_190,sleep_interference,2,3,Sometimes,0.47
62,teen_social_big_support_aug2_190,sleep_interference,3,4,Often,0.16
62,teen_social_big_support_aug2_190,social_comparison,0,1,Never,0.06
62,teen_social_big_support_aug2_190,social_comparison,1,2,Rarely,0.16
62,teen_social_big_support_aug2_190,social_comparison,2,3,Sometimes,0.31
62,teen_social_big_support_aug2_190,social_comparison,3,4,Often,0.47
62,teen_social_big_support_aug2_190,connection_effect,0,1,Makes me feel less connected,0.5
62,teen_social_big_support_aug2_190,connection_effect,1,2,Makes little difference,0.34
62,teen_social_big_support_aug2_190,connection_effect,2,3,Makes me feel more connected,0.16
62,teen_social_big_support_aug2_190,parental_rules,0,1,No rules,0.49
62,teen_social_big_support_aug2_190,parental_rules,1,2,A few loose rules,0.31
62,teen_social_big_support_aug2_190,parental_rules,2,3,Some clear rules,0.15
62,teen_social_big_support_aug2_190,parental_rules,3,4,Very strict rules,0.05
62,teen_social_big_support_aug2_190,primary_platform,0,1,TikTok,0.17
62,teen_social_big_support_aug2_190,primary_platform,1,2,Instagram,0.11
62,teen_social_big_support_aug2_190,primary_platform,2,3,YouTube,0.48
62,teen_social_big_support_aug2_190,primary_platform,3,4,Snapchat,0.13
62,teen_social_big_support_aug2_190,primary_platform,4,5,Another platform,0.08
62,teen_social_big_support_aug2_190,primary_platform,5,6,I do not use social media,0.03
63,teen_social_big_support_aug2_191,social_media_hours,0,1,Less than one hour,0.58
63,teen_social_big_support_aug2_191,social_media_hours,1,2,One to three hours,0.32
63,teen_social_big_support_aug2_191,social_media_hours,2,3,Four or more hours,0.1
63,teen_social_big_support_aug2_191,posting_frequency,0,1,Never or almost never,0.24
63,teen_social_big_support_aug2_191,posting_frequency,1,2,Less than once a week,0.46
63,teen_social_big_support_aug2_191,posting_frequency,2,3,A few times a week,0.2
63,teen_social_big_support_aug2_191,posting_frequency,3,4,At least once a day,0.1
63,teen_social_big_support_aug2_191,late_night_use,0,1,Never,0.08
63,teen_social_big_support_aug2_191,late_night_use,1,2,Rarely,0.16
63,teen_social_big_support_aug2_191,late_night_use,2,3,Sometimes,0.28
63,teen_social_big_support_aug2_191,late_night_use,3,4,Often,0.48
63,teen_social_big_support_aug2_191,sleep_interference,0,1,Never,0.55
63,teen_social_big_support_aug2_191,sleep_interference,1,2,Rarely,0.27
63,teen_social_big_support_aug2_191,sleep_interference,2,3,Sometimes,0.13
63,teen_social_big_support_aug2_191,sleep_interference,3,4,Often,0.05
63,teen_social_big_support_aug2_191,social_comparison,0,1,Never,0.25
63,teen_social_big_support_aug2_191,social_comparison,1,2,Rarely,0.48
63,teen_social_big_support_aug2_191,social_comparison,2,3,Sometimes,0.2
63,teen_social_big_support_aug2_191,social_comparison,3,4,Often,0.07
63,teen_social_big_support_aug2_191,connection_effect,0,1,Makes me feel less connected,0.18
63,teen_social_big_support_aug2_191,connection_effect,1,2,Makes little difference,0.58
63,teen_social_big_support_aug2_191,connection_effect,2,3,Makes me feel more connected,0.24
63,teen_social_big_support_aug2_191,parental_rules,0,1,No rules,0.04
63,teen_social_big_support_aug2_191,parental_rules,1,2,A few loose rules,0.11
63,teen_social_big_support_aug2_191,parental_rules,2,3,Some clear rules,0.29
63,teen_social_big_support_aug2_191,parental_rules,3,4,Very strict rules,0.56
63,teen_social_big_support_aug2_191,primary_platform,0,1,TikTok,0.14
63,teen_social_big_support_aug2_191,primary_platform,1,2,Instagram,0.16
63,teen_social_big_support_aug2_191,primary_platform,2,3,YouTube,0.13
63,teen_social_big_support_aug2_191,primary_platform,3,4,Snapchat,0.45
63,teen_social_big_support_aug2_191,primary_platform,4,5,Another platform,0.08
63,teen_social_big_support_aug2_191,primary_platform,5,6,I do not use social media,0.04
64,teen_social_big_support_aug2_192,social_media_hours,0,1,Less than one hour,0.22
64,teen_social_big_support_aug2_192,social_media_hours,1,2,One to three hours,0.61
64,teen_social_big_support_aug2_192,social_media_hours,2,3,Four or more hours,0.17
64,teen_social_big_support_aug2_192,posting_frequency,0,1,Never or almost never,0.13
64,teen_social_big_support_aug2_192,posting_frequency,1,2,Less than once a week,0.23
64,teen_social_big_support_aug2_192,posting_frequency,2,3,A few times a week,0.48
64,teen_social_big_support_aug2_192,posting_frequency,3,4,At least once a day,0.16
64,teen_social_big_support_aug2_192,late_night_use,0,1,Never,0.55
64,teen_social_big_support_aug2_192,late_night_use,1,2,Rarely,0.25
64,teen_social_big_support_aug2_192,late_night_use,2,3,Sometimes,0.14
64,teen_social_big_support_aug2_192,late_night_use,3,4,Often,0.06
64,teen_social_big_support_aug2_192,sleep_interference,0,1,Never,0.1
64,teen_social_big_support_aug2_192,sleep_interference,1,2,Rarely,0.18
64,teen_social_big_support_aug2_192,sleep_interference,2,3,Sometimes,0.3
64,teen_social_big_support_aug2_192,sleep_interference,3,4,Often,0.42
64,teen_social_big_support_aug2_192,social_comparison,0,1,Never,0.24
64,teen_social_big_support_aug2_192,social_comparison,1,2,Rarely,0.46
64,teen_social_big_support_aug2_192,social_comparison,2,3,Sometimes,0.22
64,teen_social_big_support_aug2_192,social_comparison,3,4,Often,0.08
64,teen_social_big_support_aug2_192,connection_effect,0,1,Makes me feel less connected,0.08
64,teen_social_big_support_aug2_192,connection_effect,1,2,Makes little difference,0.29
64,teen_social_big_support_aug2_192,connection_effect,2,3,Makes me feel more connected,0.63
64,teen_social_big_support_aug2_192,parental_rules,0,1,No rules,0.52
64,teen_social_big_support_aug2_192,parental_rules,1,2,A few loose rules,0.26
64,teen_social_big_support_aug2_192,parental_rules,2,3,Some clear rules,0.15
64,teen_social_big_support_aug2_192,parental_rules,3,4,Very strict rules,0.07
64,teen_social_big_support_aug2_192,primary_platform,0,1,TikTok,0.13
64,teen_social_big_support_aug2_192,primary_platform,1,2,Instagram,0.15
64,teen_social_big_support_aug2_192,primary_platform,2,3,YouTube,0.17
64,teen_social_big_support_aug2_192,primary_platform,3,4,Snapchat,0.16
64,teen_social_big_support_aug2_192,primary_platform,4,5,Another platform,0.37
64,teen_social_big_support_aug2_192,primary_platform,5,6,I do not use social media,0.02
65,teen_social_big_support_aug2_193,social_media_hours,0,1,Less than one hour,0.12
65,teen_social_big_support_aug2_193,social_media_hours,1,2,One to three hours,0.24
65,teen_social_big_support_aug2_193,social_media_hours,2,3,Four or more hours,0.64
65,teen_social_big_support_aug2_193,posting_frequency,0,1,Never or almost never,0.24
65,teen_social_big_support_aug2_193,posting_frequency,1,2,Less than once a week,0.46
65,teen_social_big_support_aug2_193,posting_frequency,2,3,A few times a week,0.2
65,teen_social_big_support_aug2_193,posting_frequency,3,4,At least once a day,0.1
65,teen_social_big_support_aug2_193,late_night_use,0,1,Never,0.5
65,teen_social_big_support_aug2_193,late_night_use,1,2,Rarely,0.25
65,teen_social_big_support_aug2_193,late_night_use,2,3,Sometimes,0.17
65,teen_social_big_support_aug2_193,late_night_use,3,4,Often,0.08
65,teen_social_big_support_aug2_193,sleep_interference,0,1,Never,0.17
65,teen_social_big_support_aug2_193,sleep_interference,1,2,Rarely,0.25
65,teen_social_big_support_aug2_193,sleep_interference,2,3,Sometimes,0.42
65,teen_social_big_support_aug2_193,sleep_interference,3,4,Often,0.16
65,teen_social_big_support_aug2_193,social_comparison,0,1,Never,0.24
65,teen_social_big_support_aug2_193,social_comparison,1,2,Rarely,0.45
65,teen_social_big_support_aug2_193,social_comparison,2,3,Sometimes,0.22
65,teen_social_big_support_aug2_193,social_comparison,3,4,Often,0.09
65,teen_social_big_support_aug2_193,connection_effect,0,1,Makes me feel less connected,0.48
65,teen_social_big_support_aug2_193,connection_effect,1,2,Makes little difference,0.32
65,teen_social_big_support_aug2_193,connection_effect,2,3,Makes me feel more connected,0.2
65,teen_social_big_support_aug2_193,parental_rules,0,1,No rules,0.04
65,teen_social_big_support_aug2_193,parental_rules,1,2,A few loose rules,0.1
65,teen_social_big_support_aug2_193,parental_rules,2,3,Some clear rules,0.26
65,teen_social_big_support_aug2_193,parental_rules,3,4,Very strict rules,0.6
65,teen_social_big_support_aug2_193,primary_platform,0,1,TikTok,0.11
65,teen_social_big_support_aug2_193,primary_platform,1,2,Instagram,0.08
65,teen_social_big_support_aug2_193,primary_platform,2,3,YouTube,0.25
65,teen_social_big_support_aug2_193,primary_platform,3,4,Snapchat,0.06
65,teen_social_big_support_aug2_193,primary_platform,4,5,Another platform,0.08
65,teen_social_big_support_aug2_193,primary_platform,5,6,I do not use social media,0.42
66,teen_social_big_support_aug2_194,social_media_hours,0,1,Less than one hour,0.08
66,teen_social_big_support_aug2_194,social_media_hours,1,2,One to three hours,0.32
66,teen_social_big_support_aug2_194,social_media_hours,2,3,Four or more hours,0.6
66,teen_social_big_support_aug2_194,posting_frequency,0,1,Never or almost never,0.25
66,teen_social_big_support_aug2_194,posting_frequency,1,2,Less than once a week,0.47
66,teen_social_big_support_aug2_194,posting_frequency,2,3,A few times a week,0.18
66,teen_social_big_support_aug2_194,posting_frequency,3,4,At least once a day,0.1
66,teen_social_big_support_aug2_194,late_night_use,0,1,Never,0.52
66,teen_social_big_support_aug2_194,late_night_use,1,2,Rarely,0.25
66,teen_social_big_support_aug2_194,late_night_use,2,3,Sometimes,0.15
66,teen_social_big_support_aug2_194,late_night_use,3,4,Often,0.08
66,teen_social_big_support_aug2_194,sleep_interference,0,1,Never,0.08
66,teen_social_big_support_aug2_194,sleep_interference,1,2,Rarely,0.15
66,teen_social_big_support_aug2_194,sleep_interference,2,3,Sometimes,0.28
66,teen_social_big_support_aug2_194,sleep_interference,3,4,Often,0.49
66,teen_social_big_support_aug2_194,social_comparison,0,1,Never,0.07
66,teen_social_big_support_aug2_194,social_comparison,1,2,Rarely,0.16
66,teen_social_big_support_aug2_194,social_comparison,2,3,Sometimes,0.3
66,teen_social_big_support_aug2_194,social_comparison,3,4,Often,0.47
66,teen_social_big_support_aug2_194,connection_effect,0,1,Makes me feel less connected,0.2
66,teen_social_big_support_aug2_194,connection_effect,1,2,Makes little difference,0.55
66,teen_social_big_support_aug2_194,connection_effect,2,3,Makes me feel more connected,0.25
66,teen_social_big_support_aug2_194,parental_rules,0,1,No rules,0.05
66,teen_social_big_support_aug2_194,parental_rules,1,2,A few loose rules,0.12
66,teen_social_big_support_aug2_194,parental_rules,2,3,Some clear rules,0.28
66,teen_social_big_support_aug2_194,parental_rules,3,4,Very strict rules,0.55
66,teen_social_big_support_aug2_194,primary_platform,0,1,TikTok,0.18
66,teen_social_big_support_aug2_194,primary_platform,1,2,Instagram,0.13
66,teen_social_big_support_aug2_194,primary_platform,2,3,YouTube,0.43
66,teen_social_big_support_aug2_194,primary_platform,3,4,Snapchat,0.14
66,teen_social_big_support_aug2_194,primary_platform,4,5,Another platform,0.1
66,teen_social_big_support_aug2_194,primary_platform,5,6,I do not use social media,0.02
67,teen_social_big_support_aug2_195,social_media_hours,0,1,Less than one hour,0.08
67,teen_social_big_support_aug2_195,social_media_hours,1,2,One to three hours,0.32
67,teen_social_big_support_aug2_195,social_media_hours,2,3,Four or more hours,0.6
67,teen_social_big_support_aug2_195,posting_frequency,0,1,Never or almost never,0.5
67,teen_social_big_support_aug2_195,posting_frequency,1,2,Less than once a week,0.25
67,teen_social_big_support_aug2_195,posting_frequency,2,3,A few times a week,0.17
67,teen_social_big_support_aug2_195,posting_frequency,3,4,At least once a day,0.08
67,teen_social_big_support_aug2_195,late_night_use,0,1,Never,0.46
67,teen_social_big_support_aug2_195,late_night_use,1,2,Rarely,0.3
67,teen_social_big_support_aug2_195,late_night_use,2,3,Sometimes,0.17
67,teen_social_big_support_aug2_195,late_night_use,3,4,Often,0.07
67,teen_social_big_support_aug2_195,sleep_interference,0,1,Never,0.2
67,teen_social_big_support_aug2_195,sleep_interference,1,2,Rarely,0.45
67,teen_social_big_support_aug2_195,sleep_interference,2,3,Sometimes,0.25
67,teen_social_big_support_aug2_195,sleep_interference,3,4,Often,0.1
67,teen_social_big_support_aug2_195,social_comparison,0,1,Never,0.12
67,teen_social_big_support_aug2_195,social_comparison,1,2,Rarely,0.28
67,teen_social_big_support_aug2_195,social_comparison,2,3,Sometimes,0.42
67,teen_social_big_support_aug2_195,social_comparison,3,4,Often,0.18
67,teen_social_big_support_aug2_195,connection_effect,0,1,Makes me feel less connected,0.46
67,teen_social_big_support_aug2_195,connection_effect,1,2,Makes little difference,0.34
67,teen_social_big_support_aug2_195,connection_effect,2,3,Makes me feel more connected,0.2
67,teen_social_big_support_aug2_195,parental_rules,0,1,No rules,0.52
67,teen_social_big_support_aug2_195,parental_rules,1,2,A few loose rules,0.27
67,teen_social_big_support_aug2_195,parental_rules,2,3,Some clear rules,0.15
67,teen_social_big_support_aug2_195,parental_rules,3,4,Very strict rules,0.06
67,teen_social_big_support_aug2_195,primary_platform,0,1,TikTok,0.19
67,teen_social_big_support_aug2_195,primary_platform,1,2,Instagram,0.44
67,teen_social_big_support_aug2_195,primary_platform,2,3,YouTube,0.14
67,teen_social_big_support_aug2_195,primary_platform,3,4,Snapchat,0.17
67,teen_social_big_support_aug2_195,primary_platform,4,5,Another platform,0.05
67,teen_social_big_support_aug2_195,primary_platform,5,6,I do not use social media,0.01
68,teen_social_big_support_aug2_196,social_media_hours,0,1,Less than one hour,0.18
68,teen_social_big_support_aug2_196,social_media_hours,1,2,One to three hours,0.62
68,teen_social_big_support_aug2_196,social_media_hours,2,3,Four or more hours,0.2
68,teen_social_big_support_aug2_196,posting_frequency,0,1,Never or almost never,0.08
68,teen_social_big_support_aug2_196,posting_frequency,1,2,Less than once a week,0.12
68,teen_social_big_support_aug2_196,posting_frequency,2,3,A few times a week,0.28
68,teen_social_big_support_aug2_196,posting_frequency,3,4,At least once a day,0.52
68,teen_social_big_support_aug2_196,late_night_use,0,1,Never,0.13
68,teen_social_big_support_aug2_196,late_night_use,1,2,Rarely,0.24
68,teen_social_big_support_aug2_196,late_night_use,2,3,Sometimes,0.43
68,teen_social_big_support_aug2_196,late_night_use,3,4,Often,0.2
68,teen_social_big_support_aug2_196,sleep_interference,0,1,Never,0.1
68,teen_social_big_support_aug2_196,sleep_interference,1,2,Rarely,0.17
68,teen_social_big_support_aug2_196,sleep_interference,2,3,Sometimes,0.29
68,teen_social_big_support_aug2_196,sleep_interference,3,4,Often,0.44
68,teen_social_big_support_aug2_196,social_comparison,0,1,Never,0.55
68,teen_social_big_support_aug2_196,social_comparison,1,2,Rarely,0.25
68,teen_social_big_support_aug2_196,social_comparison,2,3,Sometimes,0.14
68,teen_social_big_support_aug2_196,social_comparison,3,4,Often,0.06
68,teen_social_big_support_aug2_196,connection_effect,0,1,Makes me feel less connected,0.07
68,teen_social_big_support_aug2_196,connection_effect,1,2,Makes little difference,0.31
68,teen_social_big_support_aug2_196,connection_effect,2,3,Makes me feel more connected,0.62
68,teen_social_big_support_aug2_196,parental_rules,0,1,No rules,0.51
68,teen_social_big_support_aug2_196,parental_rules,1,2,A few loose rules,0.27
68,teen_social_big_support_aug2_196,parental_rules,2,3,Some clear rules,0.16
68,teen_social_big_support_aug2_196,parental_rules,3,4,Very strict rules,0.06
68,teen_social_big_support_aug2_196,primary_platform,0,1,TikTok,0.16
68,teen_social_big_support_aug2_196,primary_platform,1,2,Instagram,0.13
68,teen_social_big_support_aug2_196,primary_platform,2,3,YouTube,0.43
68,teen_social_big_support_aug2_196,primary_platform,3,4,Snapchat,0.16
68,teen_social_big_support_aug2_196,primary_platform,4,5,Another platform,0.11
68,teen_social_big_support_aug2_196,primary_platform,5,6,I do not use social media,0.01
69,teen_social_big_support_aug2_197,social_media_hours,0,1,Less than one hour,0.04
69,teen_social_big_support_aug2_197,social_media_hours,1,2,One to three hours,0.26
69,teen_social_big_support_aug2_197,social_media_hours,2,3,Four or more hours,0.7
69,teen_social_big_support_aug2_197,posting_frequency,0,1,Never or almost never,0.03
69,teen_social_big_support_aug2_197,posting_frequency,1,2,Less than once a week,0.07
69,teen_social_big_support_aug2_197,posting_frequency,2,3,A few times a week,0.25
69,teen_social_big_support_aug2_197,posting_frequency,3,4,At least once a day,0.65
69,teen_social_big_support_aug2_197,late_night_use,0,1,Never,0.03
69,teen_social_big_support_aug2_197,late_night_use,1,2,Rarely,0.08
69,teen_social_big_support_aug2_197,late_night_use,2,3,Sometimes,0.24
69,teen_social_big_support_aug2_197,late_night_use,3,4,Often,0.65
69,teen_social_big_support_aug2_197,sleep_interference,0,1,Never,0.04
69,teen_social_big_support_aug2_197,sleep_interference,1,2,Rarely,0.1
69,teen_social_big_support_aug2_197,sleep_interference,2,3,Sometimes,0.28
69,teen_social_big_support_aug2_197,sleep_interference,3,4,Often,0.58
69,teen_social_big_support_aug2_197,social_comparison,0,1,Never,0.04
69,teen_social_big_support_aug2_197,social_comparison,1,2,Rarely,0.12
69,teen_social_big_support_aug2_197,social_comparison,2,3,Sometimes,0.29
69,teen_social_big_support_aug2_197,social_comparison,3,4,Often,0.55
69,teen_social_big_support_aug2_197,connection_effect,0,1,Makes me feel less connected,0.58
69,teen_social_big_support_aug2_197,connection_effect,1,2,Makes little difference,0.25
69,teen_social_big_support_aug2_197,connection_effect,2,3,Makes me feel more connected,0.17
69,teen_social_big_support_aug2_197,parental_rules,0,1,No rules,0.04
69,teen_social_big_support_aug2_197,parental_rules,1,2,A few loose rules,0.1
69,teen_social_big_support_aug2_197,parental_rules,2,3,Some clear rules,0.25
69,teen_social_big_support_aug2_197,parental_rules,3,4,Very strict rules,0.61
69,teen_social_big_support_aug2_197,primary_platform,0,1,TikTok,0.21
69,teen_social_big_support_aug2_197,primary_platform,1,2,Instagram,0.48
69,teen_social_big_support_aug2_197,primary_platform,2,3,YouTube,0.1
69,teen_social_big_support_aug2_197,primary_platform,3,4,Snapchat,0.16
69,teen_social_big_support_aug2_197,primary_platform,4,5,Another platform,0.04
69,teen_social_big_support_aug2_197,primary_platform,5,6,I do not use social media,0.01
70,teen_social_big_support_aug2_198,social_media_hours,0,1,Less than one hour,0.67
70,teen_social_big_support_aug2_198,social_media_hours,1,2,One to three hours,0.25
70,teen_social_big_support_aug2_198,social_media_hours,2,3,Four or more hours,0.08
70,teen_social_big_support_aug2_198,posting_frequency,0,1,Never or almost never,0.6
70,teen_social_big_support_aug2_198,posting_frequency,1,2,Less than once a week,0.22
70,teen_social_big_support_aug2_198,posting_frequency,2,3,A few times a week,0.12
70,teen_social_big_support_aug2_198,posting_frequency,3,4,At least once a day,0.06
70,teen_social_big_support_aug2_198,late_night_use,0,1,Never,0.2
70,teen_social_big_support_aug2_198,late_night_use,1,2,Rarely,0.5
70,teen_social_big_support_aug2_198,late_night_use,2,3,Sometimes,0.22
70,teen_social_big_support_aug2_198,late_night_use,3,4,Often,0.08
70,teen_social_big_support_aug2_198,sleep_interference,0,1,Never,0.17
70,teen_social_big_support_aug2_198,sleep_interference,1,2,Rarely,0.29
70,teen_social_big_support_aug2_198,sleep_interference,2,3,Sometimes,0.42
70,teen_social_big_support_aug2_198,sleep_interference,3,4,Often,0.12
70,teen_social_big_support_aug2_198,social_comparison,0,1,Never,0.25
70,teen_social_big_support_aug2_198,social_comparison,1,2,Rarely,0.45
70,teen_social_big_support_aug2_198,social_comparison,2,3,Sometimes,0.22
70,teen_social_big_support_aug2_198,social_comparison,3,4,Often,0.08
70,teen_social_big_support_aug2_198,connection_effect,0,1,Makes me feel less connected,0.48
70,teen_social_big_support_aug2_198,connection_effect,1,2,Makes little difference,0.34
70,teen_social_big_support_aug2_198,connection_effect,2,3,Makes me feel more connected,0.18
70,teen_social_big_support_aug2_198,parental_rules,0,1,No rules,0.03
70,teen_social_big_support_aug2_198,parental_rules,1,2,A few loose rules,0.12
70,teen_social_big_support_aug2_198,parental_rules,2,3,Some clear rules,0.27
70,teen_social_big_support_aug2_198,parental_rules,3,4,Very strict rules,0.58
70,teen_social_big_support_aug2_198,primary_platform,0,1,TikTok,0.04
70,teen_social_big_support_aug2_198,primary_platform,1,2,Instagram,0.04
70,teen_social_big_support_aug2_198,primary_platform,2,3,YouTube,0.12
70,teen_social_big_support_aug2_198,primary_platform,3,4,Snapchat,0.04
70,teen_social_big_support_aug2_198,primary_platform,4,5,Another platform,0.08
70,teen_social_big_support_aug2_198,primary_platform,5,6,I do not use social media,0.68
71,teen_social_big_support_aug2_199,social_media_hours,0,1,Less than one hour,0.08
71,teen_social_big_support_aug2_199,social_media_hours,1,2,One to three hours,0.25
71,teen_social_big_support_aug2_199,social_media_hours,2,3,Four or more hours,0.67
71,teen_social_big_support_aug2_199,posting_frequency,0,1,Never or almost never,0.58
71,teen_social_big_support_aug2_199,posting_frequency,1,2,Less than once a week,0.23
71,teen_social_big_support_aug2_199,posting_frequency,2,3,A few times a week,0.13
71,teen_social_big_support_aug2_199,posting_frequency,3,4,At least once a day,0.06
71,teen_social_big_support_aug2_199,late_night_use,0,1,Never,0.06
71,teen_social_big_support_aug2_199,late_night_use,1,2,Rarely,0.14
71,teen_social_big_support_aug2_199,late_night_use,2,3,Sometimes,0.29
71,teen_social_big_support_aug2_199,late_night_use,3,4,Often,0.51
71,teen_social_big_support_aug2_199,sleep_interference,0,1,Never,0.24
71,teen_social_big_support_aug2_199,sleep_interference,1,2,Rarely,0.43
71,teen_social_big_support_aug2_199,sleep_interference,2,3,Sometimes,0.24
71,teen_social_big_support_aug2_199,sleep_interference,3,4,Often,0.09
71,teen_social_big_support_aug2_199,social_comparison,0,1,Never,0.52
71,teen_social_big_support_aug2_199,social_comparison,1,2,Rarely,0.27
71,teen_social_big_support_aug2_199,social_comparison,2,3,Sometimes,0.15
71,teen_social_big_support_aug2_199,social_comparison,3,4,Often,0.06
71,teen_social_big_support_aug2_199,connection_effect,0,1,Makes me feel less connected,0.48
71,teen_social_big_support_aug2_199,connection_effect,1,2,Makes little difference,0.34
71,teen_social_big_support_aug2_199,connection_effect,2,3,Makes me feel more connected,0.18
71,teen_social_big_support_aug2_199,parental_rules,0,1,No rules,0.1
71,teen_social_big_support_aug2_199,parental_rules,1,2,A few loose rules,0.26
71,teen_social_big_support_aug2_199,parental_rules,2,3,Some clear rules,0.46
71,teen_social_big_support_aug2_199,parental_rules,3,4,Very strict rules,0.18
71,teen_social_big_support_aug2_199,primary_platform,0,1,TikTok,0.2
71,teen_social_big_support_aug2_199,primary_platform,1,2,Instagram,0.45
71,teen_social_big_support_aug2_199,primary_platform,2,3,YouTube,0.13
71,teen_social_big_support_aug2_199,primary_platform,3,4,Snapchat,0.14
71,teen_social_big_support_aug2_199,primary_platform,4,5,Another platform,0.06
71,teen_social_big_support_aug2_199,primary_platform,5,6,I do not use social media,0.02
72,teen_social_big_support_aug2_200,social_media_hours,0,1,Less than one hour,0.08
72,teen_social_big_support_aug2_200,social_media_hours,1,2,One to three hours,0.32
72,teen_social_big_support_aug2_200,social_media_hours,2,3,Four or more hours,0.6
72,teen_social_big_support_aug2_200,posting_frequency,0,1,Never or almost never,0.09
72,teen_social_big_support_aug2_200,posting_frequency,1,2,Less than once a week,0.18
72,teen_social_big_support_aug2_200,posting_frequency,2,3,A few times a week,0.52
72,teen_social_big_support_aug2_200,posting_frequency,3,4,At least once a day,0.21
72,teen_social_big_support_aug2_200,late_night_use,0,1,Never,0.26
72,teen_social_big_support_aug2_200,late_night_use,1,2,Rarely,0.46
72,teen_social_big_support_aug2_200,late_night_use,2,3,Sometimes,0.2
72,teen_social_big_support_aug2_200,late_night_use,3,4,Often,0.08
72,teen_social_big_support_aug2_200,sleep_interference,0,1,Never,0.58
72,teen_social_big_support_aug2_200,sleep_interference,1,2,Rarely,0.25
72,teen_social_big_support_aug2_200,sleep_interference,2,3,Sometimes,0.12
72,teen_social_big_support_aug2_200,sleep_interference,3,4,Often,0.05
72,teen_social_big_support_aug2_200,social_comparison,0,1,Never,0.23
72,teen_social_big_support_aug2_200,social_comparison,1,2,Rarely,0.49
72,teen_social_big_support_aug2_200,social_comparison,2,3,Sometimes,0.2
72,teen_social_big_support_aug2_200,social_comparison,3,4,Often,0.08
72,teen_social_big_support_aug2_200,connection_effect,0,1,Makes me feel less connected,0.16
72,teen_social_big_support_aug2_200,connection_effect,1,2,Makes little difference,0.57
72,teen_social_big_support_aug2_200,connection_effect,2,3,Makes me feel more connected,0.27
72,teen_social_big_support_aug2_200,parental_rules,0,1,No rules,0.04
72,teen_social_big_support_aug2_200,parental_rules,1,2,A few loose rules,0.1
72,teen_social_big_support_aug2_200,parental_rules,2,3,Some clear rules,0.27
72,teen_social_big_support_aug2_200,parental_rules,3,4,Very strict rules,0.59
72,teen_social_big_support_aug2_200,primary_platform,0,1,TikTok,0.18
72,teen_social_big_support_aug2_200,primary_platform,1,2,Instagram,0.16
72,teen_social_big_support_aug2_200,primary_platform,2,3,YouTube,0.12
72,teen_social_big_support_aug2_200,primary_platform,3,4,Snapchat,0.43
72,teen_social_big_support_aug2_200,primary_platform,4,5,Another platform,0.08
72,teen_social_big_support_aug2_200,primary_platform,5,6,I do not use social media,0.03
73,teen_social_big_support_aug2_201,social_media_hours,0,1,Less than one hour,0.62
73,teen_social_big_support_aug2_201,social_media_hours,1,2,One to three hours,0.3
73,teen_social_big_support_aug2_201,social_media_hours,2,3,Four or more hours,0.08
73,teen_social_big_support_aug2_201,posting_frequency,0,1,Never or almost never,0.28
73,teen_social_big_support_aug2_201,posting_frequency,1,2,Less than once a week,0.46
73,teen_social_big_support_aug2_201,posting_frequency,2,3,A few times a week,0.18
73,teen_social_big_support_aug2_201,posting_frequency,3,4,At least once a day,0.08
73,teen_social_big_support_aug2_201,late_night_use,0,1,Never,0.3
73,teen_social_big_support_aug2_201,late_night_use,1,2,Rarely,0.42
73,teen_social_big_support_aug2_201,late_night_use,2,3,Sometimes,0.2
73,teen_social_big_support_aug2_201,late_night_use,3,4,Often,0.08
73,teen_social_big_support_aug2_201,sleep_interference,0,1,Never,0.2
73,teen_social_big_support_aug2_201,sleep_interference,1,2,Rarely,0.25
73,teen_social_big_support_aug2_201,sleep_interference,2,3,Sometimes,0.4
73,teen_social_big_support_aug2_201,sleep_interference,3,4,Often,0.15
73,teen_social_big_support_aug2_201,social_comparison,0,1,Never,0.08
73,teen_social_big_support_aug2_201,social_comparison,1,2,Rarely,0.16
73,teen_social_big_support_aug2_201,social_comparison,2,3,Sometimes,0.32
73,teen_social_big_support_aug2_201,social_comparison,3,4,Often,0.44
73,teen_social_big_support_aug2_201,connection_effect,0,1,Makes me feel less connected,0.48
73,teen_social_big_support_aug2_201,connection_effect,1,2,Makes little difference,0.34
73,teen_social_big_support_aug2_201,connection_effect,2,3,Makes me feel more connected,0.18
73,teen_social_big_support_aug2_201,parental_rules,0,1,No rules,0.45
73,teen_social_big_support_aug2_201,parental_rules,1,2,A few loose rules,0.28
73,teen_social_big_support_aug2_201,parental_rules,2,3,Some clear rules,0.18
73,teen_social_big_support_aug2_201,parental_rules,3,4,Very strict rules,0.09
73,teen_social_big_support_aug2_201,primary_platform,0,1,TikTok,0.08
73,teen_social_big_support_aug2_201,primary_platform,1,2,Instagram,0.1
73,teen_social_big_support_aug2_201,primary_platform,2,3,YouTube,0.14
73,teen_social_big_support_aug2_201,primary_platform,3,4,Snapchat,0.08
73,teen_social_big_support_aug2_201,primary_platform,4,5,Another platform,0.1
73,teen_social_big_support_aug2_201,primary_platform,5,6,I do not use social media,0.5
74,teen_social_big_support_aug2_202,social_media_hours,0,1,Less than one hour,0.06
74,teen_social_big_support_aug2_202,social_media_hours,1,2,One to three hours,0.31
74,teen_social_big_support_aug2_202,social_media_hours,2,3,Four or more hours,0.63
74,teen_social_big_support_aug2_202,posting_frequency,0,1,Never or almost never,0.56
74,teen_social_big_support_aug2_202,posting_frequency,1,2,Less than once a week,0.22
74,teen_social_big_support_aug2_202,posting_frequency,2,3,A few times a week,0.15
74,teen_social_big_support_aug2_202,posting_frequency,3,4,At least once a day,0.07
74,teen_social_big_support_aug2_202,late_night_use,0,1,Never,0.18
74,teen_social_big_support_aug2_202,late_night_use,1,2,Rarely,0.49
74,teen_social_big_support_aug2_202,late_night_use,2,3,Sometimes,0.24
74,teen_social_big_support_aug2_202,late_night_use,3,4,Often,0.09
74,teen_social_big_support_aug2_202,sleep_interference,0,1,Never,0.14
74,teen_social_big_support_aug2_202,sleep_interference,1,2,Rarely,0.29
74,teen_social_big_support_aug2_202,sleep_interference,2,3,Sometimes,0.43
74,teen_social_big_support_aug2_202,sleep_interference,3,4,Often,0.14
74,teen_social_big_support_aug2_202,social_comparison,0,1,Never,0.24
74,teen_social_big_support_aug2_202,social_comparison,1,2,Rarely,0.46
74,teen_social_big_support_aug2_202,social_comparison,2,3,Sometimes,0.22
74,teen_social_big_support_aug2_202,social_comparison,3,4,Often,0.08
74,teen_social_big_support_aug2_202,connection_effect,0,1,Makes me feel less connected,0.16
74,teen_social_big_support_aug2_202,connection_effect,1,2,Makes little difference,0.6
74,teen_social_big_support_aug2_202,connection_effect,2,3,Makes me feel more connected,0.24
74,teen_social_big_support_aug2_202,parental_rules,0,1,No rules,0.04
74,teen_social_big_support_aug2_202,parental_rules,1,2,A few loose rules,0.1
74,teen_social_big_support_aug2_202,parental_rules,2,3,Some clear rules,0.27
74,teen_social_big_support_aug2_202,parental_rules,3,4,Very strict rules,0.59
74,teen_social_big_support_aug2_202,primary_platform,0,1,TikTok,0.18
74,teen_social_big_support_aug2_202,primary_platform,1,2,Instagram,0.45
74,teen_social_big_support_aug2_202,primary_platform,2,3,YouTube,0.14
74,teen_social_big_support_aug2_202,primary_platform,3,4,Snapchat,0.17
74,teen_social_big_support_aug2_202,primary_platform,4,5,Another platform,0.05
74,teen_social_big_support_aug2_202,primary_platform,5,6,I do not use social media,0.01
75,teen_social_big_support_aug2_203,social_media_hours,0,1,Less than one hour,0.08
75,teen_social_big_support_aug2_203,social_media_hours,1,2,One to three hours,0.3
75,teen_social_big_support_aug2_203,social_media_hours,2,3,Four or more hours,0.62
75,teen_social_big_support_aug2_203,posting_frequency,0,1,Never or almost never,0.08
75,teen_social_big_support_aug2_203,posting_frequency,1,2,Less than once a week,0.12
75,teen_social_big_support_aug2_203,posting_frequency,2,3,A few times a week,0.25
75,teen_social_big_support_aug2_203,posting_frequency,3,4,At least once a day,0.55
75,teen_social_big_support_aug2_203,late_night_use,0,1,Never,0.12
75,teen_social_big_support_aug2_203,late_night_use,1,2,Rarely,0.25
75,teen_social_big_support_aug2_203,late_night_use,2,3,Sometimes,0.43
75,teen_social_big_support_aug2_203,late_night_use,3,4,Often,0.2
75,teen_social_big_support_aug2_203,sleep_interference,0,1,Never,0.16
75,teen_social_big_support_aug2_203,sleep_interference,1,2,Rarely,0.27
75,teen_social_big_support_aug2_203,sleep_interference,2,3,Sometimes,0.4
75,teen_social_big_support_aug2_203,sleep_interference,3,4,Often,0.17
75,teen_social_big_support_aug2_203,social_comparison,0,1,Never,0.14
75,teen_social_big_support_aug2_203,social_comparison,1,2,Rarely,0.28
75,teen_social_big_support_aug2_203,social_comparison,2,3,Sometimes,0.42
75,teen_social_big_support_aug2_203,social_comparison,3,4,Often,0.16
75,teen_social_big_support_aug2_203,connection_effect,0,1,Makes me feel less connected,0.18
75,teen_social_big_support_aug2_203,connection_effect,1,2,Makes little difference,0.55
75,teen_social_big_support_aug2_203,connection_effect,2,3,Makes me feel more connected,0.27
75,teen_social_big_support_aug2_203,parental_rules,0,1,No rules,0.16
75,teen_social_big_support_aug2_203,parental_rules,1,2,A few loose rules,0.48
75,teen_social_big_support_aug2_203,parental_rules,2,3,Some clear rules,0.27
75,teen_social_big_support_aug2_203,parental_rules,3,4,Very strict rules,0.09
75,teen_social_big_support_aug2_203,primary_platform,0,1,TikTok,0.14
75,teen_social_big_support_aug2_203,primary_platform,1,2,Instagram,0.13
75,teen_social_big_support_aug2_203,primary_platform,2,3,YouTube,0.16
75,teen_social_big_support_aug2_203,primary_platform,3,4,Snapchat,0.12
75,teen_social_big_support_aug2_203,primary_platform,4,5,Another platform,0.15
75,teen_social_big_support_aug2_203,primary_platform,5,6,I do not use social media,0.3
76,teen_social_big_support_aug2_204,social_media_hours,0,1,Less than one hour,0.08
76,teen_social_big_support_aug2_204,social_media_hours,1,2,One to three hours,0.29
76,teen_social_big_support_aug2_204,social_media_hours,2,3,Four or more hours,0.63
76,teen_social_big_support_aug2_204,posting_frequency,0,1,Never or almost never,0.52
76,teen_social_big_support_aug2_204,posting_frequency,1,2,Less than once a week,0.25
76,teen_social_big_support_aug2_204,posting_frequency,2,3,A few times a week,0.15
76,teen_social_big_support_aug2_204,posting_frequency,3,4,At least once a day,0.08
76,teen_social_big_support_aug2_204,late_night_use,0,1,Never,0.55
76,teen_social_big_support_aug2_204,late_night_use,1,2,Rarely,0.24
76,teen_social_big_support_aug2_204,late_night_use,2,3,Sometimes,0.14
76,teen_social_big_support_aug2_204,late_night_use,3,4,Often,0.07
76,teen_social_big_support_aug2_204,sleep_interference,0,1,Never,0.08
76,teen_social_big_support_aug2_204,sleep_interference,1,2,Rarely,0.16
76,teen_social_big_support_aug2_204,sleep_interference,2,3,Sometimes,0.28
76,teen_social_big_support_aug2_204,sleep_interference,3,4,Often,0.48
76,teen_social_big_support_aug2_204,social_comparison,0,1,Never,0.5
76,teen_social_big_support_aug2_204,social_comparison,1,2,Rarely,0.27
76,teen_social_big_support_aug2_204,social_comparison,2,3,Sometimes,0.16
76,teen_social_big_support_aug2_204,social_comparison,3,4,Often,0.07
76,teen_social_big_support_aug2_204,connection_effect,0,1,Makes me feel less connected,0.17
76,teen_social_big_support_aug2_204,connection_effect,1,2,Makes little difference,0.58
76,teen_social_big_support_aug2_204,connection_effect,2,3,Makes me feel more connected,0.25
76,teen_social_big_support_aug2_204,parental_rules,0,1,No rules,0.49
76,teen_social_big_support_aug2_204,parental_rules,1,2,A few loose rules,0.28
76,teen_social_big_support_aug2_204,parental_rules,2,3,Some clear rules,0.16
76,teen_social_big_support_aug2_204,parental_rules,3,4,Very strict rules,0.07
76,teen_social_big_support_aug2_204,primary_platform,0,1,TikTok,0.23
76,teen_social_big_support_aug2_204,primary_platform,1,2,Instagram,0.44
76,teen_social_big_support_aug2_204,primary_platform,2,3,YouTube,0.13
76,teen_social_big_support_aug2_204,primary_platform,3,4,Snapchat,0.12
76,teen_social_big_support_aug2_204,primary_platform,4,5,Another platform,0.07
76,teen_social_big_support_aug2_204,primary_platform,5,6,I do not use social media,0.01
77,teen_social_big_support_aug2_205,social_media_hours,0,1,Less than one hour,0.52
77,teen_social_big_support_aug2_205,social_media_hours,1,2,One to three hours,0.36
77,teen_social_big_support_aug2_205,social_media_hours,2,3,Four or more hours,0.12
77,teen_social_big_support_aug2_205,posting_frequency,0,1,Never or almost never,0.58
77,teen_social_big_support_aug2_205,posting_frequency,1,2,Less than once a week,0.22
77,teen_social_big_support_aug2_205,posting_frequency,2,3,A few times a week,0.14
77,teen_social_big_support_aug2_205,posting_frequency,3,4,At least once a day,0.06
77,teen_social_big_support_aug2_205,late_night_use,0,1,Never,0.08
77,teen_social_big_support_aug2_205,late_night_use,1,2,Rarely,0.14
77,teen_social_big_support_aug2_205,late_night_use,2,3,Sometimes,0.28
77,teen_social_big_support_aug2_205,late_night_use,3,4,Often,0.5
77,teen_social_big_support_aug2_205,sleep_interference,0,1,Never,0.55
77,teen_social_big_support_aug2_205,sleep_interference,1,2,Rarely,0.25
77,teen_social_big_support_aug2_205,sleep_interference,2,3,Sometimes,0.14
77,teen_social_big_support_aug2_205,sleep_interference,3,4,Often,0.06
77,teen_social_big_support_aug2_205,social_comparison,0,1,Never,0.16
77,teen_social_big_support_aug2_205,social_comparison,1,2,Rarely,0.25
77,teen_social_big_support_aug2_205,social_comparison,2,3,Sometimes,0.39
77,teen_social_big_support_aug2_205,social_comparison,3,4,Often,0.2
77,teen_social_big_support_aug2_205,connection_effect,0,1,Makes me feel less connected,0.45
77,teen_social_big_support_aug2_205,connection_effect,1,2,Makes little difference,0.35
77,teen_social_big_support_aug2_205,connection_effect,2,3,Makes me feel more connected,0.2
77,teen_social_big_support_aug2_205,parental_rules,0,1,No rules,0.44
77,teen_social_big_support_aug2_205,parental_rules,1,2,A few loose rules,0.28
77,teen_social_big_support_aug2_205,parental_rules,2,3,Some clear rules,0.18
77,teen_social_big_support_aug2_205,parental_rules,3,4,Very strict rules,0.1
77,teen_social_big_support_aug2_205,primary_platform,0,1,TikTok,0.42
77,teen_social_big_support_aug2_205,primary_platform,1,2,Instagram,0.18
77,teen_social_big_support_aug2_205,primary_platform,2,3,YouTube,0.16
77,teen_social_big_support_aug2_205,primary_platform,3,4,Snapchat,0.13
77,teen_social_big_support_aug2_205,primary_platform,4,5,Another platform,0.07
77,teen_social_big_support_aug2_205,primary_platform,5,6,I do not use social media,0.04
78,teen_social_big_support_aug2_206,social_media_hours,0,1,Less than one hour,0.58
78,teen_social_big_support_aug2_206,social_media_hours,1,2,One to three hours,0.31
78,teen_social_big_support_aug2_206,social_media_hours,2,3,Four or more hours,0.11
78,teen_social_big_support_aug2_206,posting_frequency,0,1,Never or almost never,0.55
78,teen_social_big_support_aug2_206,posting_frequency,1,2,Less than once a week,0.25
78,teen_social_big_support_aug2_206,posting_frequency,2,3,A few times a week,0.14
78,teen_social_big_support_aug2_206,posting_frequency,3,4,At least once a day,0.06
78,teen_social_big_support_aug2_206,late_night_use,0,1,Never,0.08
78,teen_social_big_support_aug2_206,late_night_use,1,2,Rarely,0.16
78,teen_social_big_support_aug2_206,late_night_use,2,3,Sometimes,0.3
78,teen_social_big_support_aug2_206,late_night_use,3,4,Often,0.46
78,teen_social_big_support_aug2_206,sleep_interference,0,1,Never,0.2
78,teen_social_big_support_aug2_206,sleep_interference,1,2,Rarely,0.43
78,teen_social_big_support_aug2_206,sleep_interference,2,3,Sometimes,0.27
78,teen_social_big_support_aug2_206,sleep_interference,3,4,Often,0.1
78,teen_social_big_support_aug2_206,social_comparison,0,1,Never,0.16
78,teen_social_big_support_aug2_206,social_comparison,1,2,Rarely,0.26
78,teen_social_big_support_aug2_206,social_comparison,2,3,Sometimes,0.42
78,teen_social_big_support_aug2_206,social_comparison,3,4,Often,0.16
78,teen_social_big_support_aug2_206,connection_effect,0,1,Makes me feel less connected,0.1
78,teen_social_big_support_aug2_206,connection_effect,1,2,Makes little difference,0.32
78,teen_social_big_support_aug2_206,connection_effect,2,3,Makes me feel more connected,0.58
78,teen_social_big_support_aug2_206,parental_rules,0,1,No rules,0.5
78,teen_social_big_support_aug2_206,parental_rules,1,2,A few loose rules,0.25
78,teen_social_big_support_aug2_206,parental_rules,2,3,Some clear rules,0.17
78,teen_social_big_support_aug2_206,parental_rules,3,4,Very strict rules,0.08
78,teen_social_big_support_aug2_206,primary_platform,0,1,TikTok,0.08
78,teen_social_big_support_aug2_206,primary_platform,1,2,Instagram,0.08
78,teen_social_big_support_aug2_206,primary_platform,2,3,YouTube,0.15
78,teen_social_big_support_aug2_206,primary_platform,3,4,Snapchat,0.08
78,teen_social_big_support_aug2_206,primary_platform,4,5,Another platform,0.11
78,teen_social_big_support_aug2_206,primary_platform,5,6,I do not use social media,0.5
79,teen_social_big_support_aug2_207,social_media_hours,0,1,Less than one hour,0.25
79,teen_social_big_support_aug2_207,social_media_hours,1,2,One to three hours,0.6
79,teen_social_big_support_aug2_207,social_media_hours,2,3,Four or more hours,0.15
79,teen_social_big_support_aug2_207,posting_frequency,0,1,Never or almost never,0.25
79,teen_social_big_support_aug2_207,posting_frequency,1,2,Less than once a week,0.45
79,teen_social_big_support_aug2_207,posting_frequency,2,3,A few times a week,0.2
79,teen_social_big_support_aug2_207,posting_frequency,3,4,At least once a day,0.1
79,teen_social_big_support_aug2_207,late_night_use,0,1,Never,0.25
79,teen_social_big_support_aug2_207,late_night_use,1,2,Rarely,0.45
79,teen_social_big_support_aug2_207,late_night_use,2,3,Sometimes,0.2
79,teen_social_big_support_aug2_207,late_night_use,3,4,Often,0.1
79,teen_social_big_support_aug2_207,sleep_interference,0,1,Never,0.2
79,teen_social_big_support_aug2_207,sleep_interference,1,2,Rarely,0.25
79,teen_social_big_support_aug2_207,sleep_interference,2,3,Sometimes,0.4
79,teen_social_big_support_aug2_207,sleep_interference,3,4,Often,0.15
79,teen_social_big_support_aug2_207,social_comparison,0,1,Never,0.55
79,teen_social_big_support_aug2_207,social_comparison,1,2,Rarely,0.25
79,teen_social_big_support_aug2_207,social_comparison,2,3,Sometimes,0.15
79,teen_social_big_support_aug2_207,social_comparison,3,4,Often,0.05
79,teen_social_big_support_aug2_207,connection_effect,0,1,Makes me feel less connected,0.45
79,teen_social_big_support_aug2_207,connection_effect,1,2,Makes little difference,0.35
79,teen_social_big_support_aug2_207,connection_effect,2,3,Makes me feel more connected,0.2
79,teen_social_big_support_aug2_207,parental_rules,0,1,No rules,0.05
79,teen_social_big_support_aug2_207,parental_rules,1,2,A few loose rules,0.12
79,teen_social_big_support_aug2_207,parental_rules,2,3,Some clear rules,0.28
79,teen_social_big_support_aug2_207,parental_rules,3,4,Very strict rules,0.55
79,teen_social_big_support_aug2_207,primary_platform,0,1,TikTok,0.15
79,teen_social_big_support_aug2_207,primary_platform,1,2,Instagram,0.1
79,teen_social_big_support_aug2_207,primary_platform,2,3,YouTube,0.5
79,teen_social_big_support_aug2_207,primary_platform,3,4,Snapchat,0.12
79,teen_social_big_support_aug2_207,primary_platform,4,5,Another platform,0.08
79,teen_social_big_support_aug2_207,primary_platform,5,6,I do not use social media,0.05
80,teen_social_big_support_aug2_208,social_media_hours,0,1,Less than one hour,0.55
80,teen_social_big_support_aug2_208,social_media_hours,1,2,One to three hours,0.35
80,teen_social_big_support_aug2_208,social_media_hours,2,3,Four or more hours,0.1
80,teen_social_big_support_aug2_208,posting_frequency,0,1,Never or almost never,0.08
80,teen_social_big_support_aug2_208,posting_frequency,1,2,Less than once a week,0.12
80,teen_social_big_support_aug2_208,posting_frequency,2,3,A few times a week,0.25
80,teen_social_big_support_aug2_208,posting_frequency,3,4,At least once a day,0.55
80,teen_social_big_support_aug2_208,late_night_use,0,1,Never,0.18
80,teen_social_big_support_aug2_208,late_night_use,1,2,Rarely,0.27
80,teen_social_big_support_aug2_208,late_night_use,2,3,Sometimes,0.4
80,teen_social_big_support_aug2_208,late_night_use,3,4,Often,0.15
80,teen_social_big_support_aug2_208,sleep_interference,0,1,Never,0.58
80,teen_social_big_support_aug2_208,sleep_interference,1,2,Rarely,0.27
80,teen_social_big_support_aug2_208,sleep_interference,2,3,Sometimes,0.1
80,teen_social_big_support_aug2_208,sleep_interference,3,4,Often,0.05
80,teen_social_big_support_aug2_208,social_comparison,0,1,Never,0.18
80,teen_social_big_support_aug2_208,social_comparison,1,2,Rarely,0.27
80,teen_social_big_support_aug2_208,social_comparison,2,3,Sometimes,0.39
80,teen_social_big_support_aug2_208,social_comparison,3,4,Often,0.16
80,teen_social_big_support_aug2_208,connection_effect,0,1,Makes me feel less connected,0.45
80,teen_social_big_support_aug2_208,connection_effect,1,2,Makes little difference,0.35
80,teen_social_big_support_aug2_208,connection_effect,2,3,Makes me feel more connected,0.2
80,teen_social_big_support_aug2_208,parental_rules,0,1,No rules,0.1
80,teen_social_big_support_aug2_208,parental_rules,1,2,A few loose rules,0.25
80,teen_social_big_support_aug2_208,parental_rules,2,3,Some clear rules,0.5
80,teen_social_big_support_aug2_208,parental_rules,3,4,Very strict rules,0.15
80,teen_social_big_support_aug2_208,primary_platform,0,1,TikTok,0.12
80,teen_social_big_support_aug2_208,primary_platform,1,2,Instagram,0.13
80,teen_social_big_support_aug2_208,primary_platform,2,3,YouTube,0.14
80,teen_social_big_support_aug2_208,primary_platform,3,4,Snapchat,0.1
80,teen_social_big_support_aug2_208,primary_platform,4,5,Another platform,0.48
80,teen_social_big_support_aug2_208,primary_platform,5,6,I do not use social media,0.03
81,teen_social_big_support_aug2_209,social_media_hours,0,1,Less than one hour,0.08
81,teen_social_big_support_aug2_209,social_media_hours,1,2,One to three hours,0.32
81,teen_social_big_support_aug2_209,social_media_hours,2,3,Four or more hours,0.6
81,teen_social_big_support_aug2_209,posting_frequency,0,1,Never or almost never,0.16
81,teen_social_big_support_aug2_209,posting_frequency,1,2,Less than once a week,0.5
81,teen_social_big_support_aug2_209,posting_frequency,2,3,A few times a week,0.23
81,teen_social_big_support_aug2_209,posting_frequency,3,4,At least once a day,0.11
81,teen_social_big_support_aug2_209,late_night_use,0,1,Never,0.06
81,teen_social_big_support_aug2_209,late_night_use,1,2,Rarely,0.13
81,teen_social_big_support_aug2_209,late_night_use,2,3,Sometimes,0.3
81,teen_social_big_support_aug2_209,late_night_use,3,4,Often,0.51
81,teen_social_big_support_aug2_209,sleep_interference,0,1,Never,0.56
81,teen_social_big_support_aug2_209,sleep_interference,1,2,Rarely,0.25
81,teen_social_big_support_aug2_209,sleep_interference,2,3,Sometimes,0.13
81,teen_social_big_support_aug2_209,sleep_interference,3,4,Often,0.06
81,teen_social_big_support_aug2_209,social_comparison,0,1,Never,0.22
81,teen_social_big_support_aug2_209,social_comparison,1,2,Rarely,0.48
81,teen_social_big_support_aug2_209,social_comparison,2,3,Sometimes,0.2
81,teen_social_big_support_aug2_209,social_comparison,3,4,Often,0.1
81,teen_social_big_support_aug2_209,connection_effect,0,1,Makes me feel less connected,0.16
81,teen_social_big_support_aug2_209,connection_effect,1,2,Makes little difference,0.59
81,teen_social_big_support_aug2_209,connection_effect,2,3,Makes me feel more connected,0.25
81,teen_social_big_support_aug2_209,parental_rules,0,1,No rules,0.05
81,teen_social_big_support_aug2_209,parental_rules,1,2,A few loose rules,0.12
81,teen_social_big_support_aug2_209,parental_rules,2,3,Some clear rules,0.28
81,teen_social_big_support_aug2_209,parental_rules,3,4,Very strict rules,0.55
81,teen_social_big_support_aug2_209,primary_platform,0,1,TikTok,0.14
81,teen_social_big_support_aug2_209,primary_platform,1,2,Instagram,0.1
81,teen_social_big_support_aug2_209,primary_platform,2,3,YouTube,0.56
81,teen_social_big_support_aug2_209,primary_platform,3,4,Snapchat,0.09
81,teen_social_big_support_aug2_209,primary_platform,4,5,Another platform,0.1
81,teen_social_big_support_aug2_209,primary_platform,5,6,I do not use social media,0.01
82,teen_social_big_support_aug2_210,social_media_hours,0,1,Less than one hour,0.03
82,teen_social_big_support_aug2_210,social_media_hours,1,2,One to three hours,0.27
82,teen_social_big_support_aug2_210,social_media_hours,2,3,Four or more hours,0.7
82,teen_social_big_support_aug2_210,posting_frequency,0,1,Never or almost never,0.04
82,teen_social_big_support_aug2_210,posting_frequency,1,2,Less than once a week,0.1
82,teen_social_big_support_aug2_210,posting_frequency,2,3,A few times a week,0.25
82,teen_social_big_support_aug2_210,posting_frequency,3,4,At least once a day,0.61
82,teen_social_big_support_aug2_210,late_night_use,0,1,Never,0.03
82,teen_social_big_support_aug2_210,late_night_use,1,2,Rarely,0.1
82,teen_social_big_support_aug2_210,late_night_use,2,3,Sometimes,0.29
82,teen_social_big_support_aug2_210,late_night_use,3,4,Often,0.58
82,teen_social_big_support_aug2_210,sleep_interference,0,1,Never,0.04
82,teen_social_big_support_aug2_210,sleep_interference,1,2,Rarely,0.14
82,teen_social_big_support_aug2_210,sleep_interference,2,3,Sometimes,0.31
82,teen_social_big_support_aug2_210,sleep_interference,3,4,Often,0.51
82,teen_social_big_support_aug2_210,social_comparison,0,1,Never,0.04
82,teen_social_big_support_aug2_210,social_comparison,1,2,Rarely,0.13
82,teen_social_big_support_aug2_210,social_comparison,2,3,Sometimes,0.32
82,teen_social_big_support_aug2_210,social_comparison,3,4,Often,0.51
82,teen_social_big_support_aug2_210,connection_effect,0,1,Makes me feel less connected,0.52
82,teen_social_big_support_aug2_210,connection_effect,1,2,Makes little difference,0.31
82,teen_social_big_support_aug2_210,connection_effect,2,3,Makes me feel more connected,0.17
82,teen_social_big_support_aug2_210,parental_rules,0,1,No rules,0.18
82,teen_social_big_support_aug2_210,parental_rules,1,2,A few loose rules,0.48
82,teen_social_big_support_aug2_210,parental_rules,2,3,Some clear rules,0.25
82,teen_social_big_support_aug2_210,parental_rules,3,4,Very strict rules,0.09
82,teen_social_big_support_aug2_210,primary_platform,0,1,TikTok,0.18
82,teen_social_big_support_aug2_210,primary_platform,1,2,Instagram,0.16
82,teen_social_big_support_aug2_210,primary_platform,2,3,YouTube,0.1
82,teen_social_big_support_aug2_210,primary_platform,3,4,Snapchat,0.49
82,teen_social_big_support_aug2_210,primary_platform,4,5,Another platform,0.06
82,teen_social_big_support_aug2_210,primary_platform,5,6,I do not use social media,0.01
83,teen_social_big_support_aug2_211,social_media_hours,0,1,Less than one hour,0.28
83,teen_social_big_support_aug2_211,social_media_hours,1,2,One to three hours,0.57
83,teen_social_big_support_aug2_211,social_media_hours,2,3,Four or more hours,0.15
83,teen_social_big_support_aug2_211,posting_frequency,0,1,Never or almost never,0.16
83,teen_social_big_support_aug2_211,posting_frequency,1,2,Less than once a week,0.21
83,teen_social_big_support_aug2_211,posting_frequency,2,3,A few times a week,0.48
83,teen_social_big_support_aug2_211,posting_frequency,3,4,At least once a day,0.15
83,teen_social_big_support_aug2_211,late_night_use,0,1,Never,0.18
83,teen_social_big_support_aug2_211,late_night_use,1,2,Rarely,0.25
83,teen_social_big_support_aug2_211,late_night_use,2,3,Sometimes,0.43
83,teen_social_big_support_aug2_211,late_night_use,3,4,Often,0.14
83,teen_social_big_support_aug2_211,sleep_interference,0,1,Never,0.62
83,teen_social_big_support_aug2_211,sleep_interference,1,2,Rarely,0.23
83,teen_social_big_support_aug2_211,sleep_interference,2,3,Sometimes,0.1
83,teen_social_big_support_aug2_211,sleep_interference,3,4,Often,0.05
83,teen_social_big_support_aug2_211,social_comparison,0,1,Never,0.64
83,teen_social_big_support_aug2_211,social_comparison,1,2,Rarely,0.22
83,teen_social_big_support_aug2_211,social_comparison,2,3,Sometimes,0.09
83,teen_social_big_support_aug2_211,social_comparison,3,4,Often,0.05
83,teen_social_big_support_aug2_211,connection_effect,0,1,Makes me feel less connected,0.18
83,teen_social_big_support_aug2_211,connection_effect,1,2,Makes little difference,0.62
83,teen_social_big_support_aug2_211,connection_effect,2,3,Makes me feel more connected,0.2
83,teen_social_big_support_aug2_211,parental_rules,0,1,No rules,0.52
83,teen_social_big_support_aug2_211,parental_rules,1,2,A few loose rules,0.26
83,teen_social_big_support_aug2_211,parental_rules,2,3,Some clear rules,0.16
83,teen_social_big_support_aug2_211,parental_rules,3,4,Very strict rules,0.06
83,teen_social_big_support_aug2_211,primary_platform,0,1,TikTok,0.1
83,teen_social_big_support_aug2_211,primary_platform,1,2,Instagram,0.09
83,teen_social_big_support_aug2_211,primary_platform,2,3,YouTube,0.18
83,teen_social_big_support_aug2_211,primary_platform,3,4,Snapchat,0.08
83,teen_social_big_support_aug2_211,primary_platform,4,5,Another platform,0.14
83,teen_social_big_support_aug2_211,primary_platform,5,6,I do not use social media,0.41
84,teen_social_big_support_aug2_212,social_media_hours,0,1,Less than one hour,0.14
84,teen_social_big_support_aug2_212,social_media_hours,1,2,One to three hours,0.31
84,teen_social_big_support_aug2_212,social_media_hours,2,3,Four or more hours,0.55
84,teen_social_big_support_aug2_212,posting_frequency,0,1,Never or almost never,0.24
84,teen_social_big_support_aug2_212,posting_frequency,1,2,Less than once a week,0.43
84,teen_social_big_support_aug2_212,posting_frequency,2,3,A few times a week,0.22
84,teen_social_big_support_aug2_212,posting_frequency,3,4,At least once a day,0.11
84,teen_social_big_support_aug2_212,late_night_use,0,1,Never,0.24
84,teen_social_big_support_aug2_212,late_night_use,1,2,Rarely,0.44
84,teen_social_big_support_aug2_212,late_night_use,2,3,Sometimes,0.22
84,teen_social_big_support_aug2_212,late_night_use,3,4,Often,0.1
84,teen_social_big_support_aug2_212,sleep_interference,0,1,Never,0.16
84,teen_social_big_support_aug2_212,sleep_interference,1,2,Rarely,0.27
84,teen_social_big_support_aug2_212,sleep_interference,2,3,Sometimes,0.42
84,teen_social_big_support_aug2_212,sleep_interference,3,4,Often,0.15
84,teen_social_big_support_aug2_212,social_comparison,0,1,Never,0.25
84,teen_social_big_support_aug2_212,social_comparison,1,2,Rarely,0.42
84,teen_social_big_support_aug2_212,social_comparison,2,3,Sometimes,0.23
84,teen_social_big_support_aug2_212,social_comparison,3,4,Often,0.1
84,teen_social_big_support_aug2_212,connection_effect,0,1,Makes me feel less connected,0.47
84,teen_social_big_support_aug2_212,connection_effect,1,2,Makes little difference,0.35
84,teen_social_big_support_aug2_212,connection_effect,2,3,Makes me feel more connected,0.18
84,teen_social_big_support_aug2_212,parental_rules,0,1,No rules,0.48
84,teen_social_big_support_aug2_212,parental_rules,1,2,A few loose rules,0.29
84,teen_social_big_support_aug2_212,parental_rules,2,3,Some clear rules,0.16
84,teen_social_big_support_aug2_212,parental_rules,3,4,Very strict rules,0.07
84,teen_social_big_support_aug2_212,primary_platform,0,1,TikTok,0.1
84,teen_social_big_support_aug2_212,primary_platform,1,2,Instagram,0.08
84,teen_social_big_support_aug2_212,primary_platform,2,3,YouTube,0.2
84,teen_social_big_support_aug2_212,primary_platform,3,4,Snapchat,0.07
84,teen_social_big_support_aug2_212,primary_platform,4,5,Another platform,0.12
84,teen_social_big_support_aug2_212,primary_platform,5,6,I do not use social media,0.43
85,teen_social_big_support_aug2_213,social_media_hours,0,1,Less than one hour,0.58
85,teen_social_big_support_aug2_213,social_media_hours,1,2,One to three hours,0.34
85,teen_social_big_support_aug2_213,social_media_hours,2,3,Four or more hours,0.08
85,teen_social_big_support_aug2_213,posting_frequency,0,1,Never or almost never,0.22
85,teen_social_big_support_aug2_213,posting_frequency,1,2,Less than once a week,0.46
85,teen_social_big_support_aug2_213,posting_frequency,2,3,A few times a week,0.22
85,teen_social_big_support_aug2_213,posting_frequency,3,4,At least once a day,0.1
85,teen_social_big_support_aug2_213,late_night_use,0,1,Never,0.13
85,teen_social_big_support_aug2_213,late_night_use,1,2,Rarely,0.25
85,teen_social_big_support_aug2_213,late_night_use,2,3,Sometimes,0.45
85,teen_social_big_support_aug2_213,late_night_use,3,4,Often,0.17
85,teen_social_big_support_aug2_213,sleep_interference,0,1,Never,0.55
85,teen_social_big_support_aug2_213,sleep_interference,1,2,Rarely,0.29
85,teen_social_big_support_aug2_213,sleep_interference,2,3,Sometimes,0.11
85,teen_social_big_support_aug2_213,sleep_interference,3,4,Often,0.05
85,teen_social_big_support_aug2_213,social_comparison,0,1,Never,0.04
85,teen_social_big_support_aug2_213,social_comparison,1,2,Rarely,0.16
85,teen_social_big_support_aug2_213,social_comparison,2,3,Sometimes,0.3
85,teen_social_big_support_aug2_213,social_comparison,3,4,Often,0.5
85,teen_social_big_support_aug2_213,connection_effect,0,1,Makes me feel less connected,0.08
85,teen_social_big_support_aug2_213,connection_effect,1,2,Makes little difference,0.33
85,teen_social_big_support_aug2_213,connection_effect,2,3,Makes me feel more connected,0.59
85,teen_social_big_support_aug2_213,parental_rules,0,1,No rules,0.03
85,teen_social_big_support_aug2_213,parental_rules,1,2,A few loose rules,0.09
85,teen_social_big_support_aug2_213,parental_rules,2,3,Some clear rules,0.28
85,teen_social_big_support_aug2_213,parental_rules,3,4,Very strict rules,0.6
85,teen_social_big_support_aug2_213,primary_platform,0,1,TikTok,0.13
85,teen_social_big_support_aug2_213,primary_platform,1,2,Instagram,0.12
85,teen_social_big_support_aug2_213,primary_platform,2,3,YouTube,0.18
85,teen_social_big_support_aug2_213,primary_platform,3,4,Snapchat,0.12
85,teen_social_big_support_aug2_213,primary_platform,4,5,Another platform,0.37
85,teen_social_big_support_aug2_213,primary_platform,5,6,I do not use social media,0.08
86,teen_social_big_support_aug2_214,social_media_hours,0,1,Less than one hour,0.12
86,teen_social_big_support_aug2_214,social_media_hours,1,2,One to three hours,0.33
86,teen_social_big_support_aug2_214,social_media_hours,2,3,Four or more hours,0.55
86,teen_social_big_support_aug2_214,posting_frequency,0,1,Never or almost never,0.08
86,teen_social_big_support_aug2_214,posting_frequency,1,2,Less than once a week,0.12
86,teen_social_big_support_aug2_214,posting_frequency,2,3,A few times a week,0.27
86,teen_social_big_support_aug2_214,posting_frequency,3,4,At least once a day,0.53
86,teen_social_big_support_aug2_214,late_night_use,0,1,Never,0.5
86,teen_social_big_support_aug2_214,late_night_use,1,2,Rarely,0.25
86,teen_social_big_support_aug2_214,late_night_use,2,3,Sometimes,0.17
86,teen_social_big_support_aug2_214,late_night_use,3,4,Often,0.08
86,teen_social_big_support_aug2_214,sleep_interference,0,1,Never,0.15
86,teen_social_big_support_aug2_214,sleep_interference,1,2,Rarely,0.25
86,teen_social_big_support_aug2_214,sleep_interference,2,3,Sometimes,0.42
86,teen_social_big_support_aug2_214,sleep_interference,3,4,Often,0.18
86,teen_social_big_support_aug2_214,social_comparison,0,1,Never,0.06
86,teen_social_big_support_aug2_214,social_comparison,1,2,Rarely,0.16
86,teen_social_big_support_aug2_214,social_comparison,2,3,Sometimes,0.28
86,teen_social_big_support_aug2_214,social_comparison,3,4,Often,0.5
86,teen_social_big_support_aug2_214,connection_effect,0,1,Makes me feel less connected,0.12
86,teen_social_big_support_aug2_214,connection_effect,1,2,Makes little difference,0.3
86,teen_social_big_support_aug2_214,connection_effect,2,3,Makes me feel more connected,0.58
86,teen_social_big_support_aug2_214,parental_rules,0,1,No rules,0.18
86,teen_social_big_support_aug2_214,parental_rules,1,2,A few loose rules,0.46
86,teen_social_big_support_aug2_214,parental_rules,2,3,Some clear rules,0.27
86,teen_social_big_support_aug2_214,parental_rules,3,4,Very strict rules,0.09
86,teen_social_big_support_aug2_214,primary_platform,0,1,TikTok,0.12
86,teen_social_big_support_aug2_214,primary_platform,1,2,Instagram,0.13
86,teen_social_big_support_aug2_214,primary_platform,2,3,YouTube,0.17
86,teen_social_big_support_aug2_214,primary_platform,3,4,Snapchat,0.11
86,teen_social_big_support_aug2_214,primary_platform,4,5,Another platform,0.14
86,teen_social_big_support_aug2_214,primary_platform,5,6,I do not use social media,0.33
87,teen_social_big_support_aug2_215,social_media_hours,0,1,Less than one hour,0.58
87,teen_social_big_support_aug2_215,social_media_hours,1,2,One to three hours,0.32
87,teen_social_big_support_aug2_215,social_media_hours,2,3,Four or more hours,0.1
87,teen_social_big_support_aug2_215,posting_frequency,0,1,Never or almost never,0.56
87,teen_social_big_support_aug2_215,posting_frequency,1,2,Less than once a week,0.25
87,teen_social_big_support_aug2_215,posting_frequency,2,3,A few times a week,0.13
87,teen_social_big_support_aug2_215,posting_frequency,3,4,At least once a day,0.06
87,teen_social_big_support_aug2_215,late_night_use,0,1,Never,0.08
87,teen_social_big_support_aug2_215,late_night_use,1,2,Rarely,0.14
87,teen_social_big_support_aug2_215,late_night_use,2,3,Sometimes,0.28
87,teen_social_big_support_aug2_215,late_night_use,3,4,Often,0.5
87,teen_social_big_support_aug2_215,sleep_interference,0,1,Never,0.07
87,teen_social_big_support_aug2_215,sleep_interference,1,2,Rarely,0.15
87,teen_social_big_support_aug2_215,sleep_interference,2,3,Sometimes,0.31
87,teen_social_big_support_aug2_215,sleep_interference,3,4,Often,0.47
87,teen_social_big_support_aug2_215,social_comparison,0,1,Never,0.2
87,teen_social_big_support_aug2_215,social_comparison,1,2,Rarely,0.48
87,teen_social_big_support_aug2_215,social_comparison,2,3,Sometimes,0.24
87,teen_social_big_support_aug2_215,social_comparison,3,4,Often,0.08
87,teen_social_big_support_aug2_215,connection_effect,0,1,Makes me feel less connected,0.18
87,teen_social_big_support_aug2_215,connection_effect,1,2,Makes little difference,0.58
87,teen_social_big_support_aug2_215,connection_effect,2,3,Makes me feel more connected,0.24
87,teen_social_big_support_aug2_215,parental_rules,0,1,No rules,0.04
87,teen_social_big_support_aug2_215,parental_rules,1,2,A few loose rules,0.1
87,teen_social_big_support_aug2_215,parental_rules,2,3,Some clear rules,0.27
87,teen_social_big_support_aug2_215,parental_rules,3,4,Very strict rules,0.59
87,teen_social_big_support_aug2_215,primary_platform,0,1,TikTok,0.13
87,teen_social_big_support_aug2_215,primary_platform,1,2,Instagram,0.12
87,teen_social_big_support_aug2_215,primary_platform,2,3,YouTube,0.18
87,teen_social_big_support_aug2_215,primary_platform,3,4,Snapchat,0.1
87,teen_social_big_support_aug2_215,primary_platform,4,5,Another platform,0.43
87,teen_social_big_support_aug2_215,primary_platform,5,6,I do not use social media,0.04
88,teen_social_big_support_aug2_216,social_media_hours,0,1,Less than one hour,0.16
88,teen_social_big_support_aug2_216,social_media_hours,1,2,One to three hours,0.64
88,teen_social_big_support_aug2_216,social_media_hours,2,3,Four or more hours,0.2
88,teen_social_big_support_aug2_216,posting_frequency,0,1,Never or almost never,0.05
88,teen_social_big_support_aug2_216,posting_frequency,1,2,Less than once a week,0.08
88,teen_social_big_support_aug2_216,posting_frequency,2,3,A few times a week,0.25
88,teen_social_big_support_aug2_216,posting_frequency,3,4,At least once a day,0.62
88,teen_social_big_support_aug2_216,late_night_use,0,1,Never,0.07
88,teen_social_big_support_aug2_216,late_night_use,1,2,Rarely,0.22
88,teen_social_big_support_aug2_216,late_night_use,2,3,Sometimes,0.52
88,teen_social_big_support_aug2_216,late_night_use,3,4,Often,0.19
88,teen_social_big_support_aug2_216,sleep_interference,0,1,Never,0.09
88,teen_social_big_support_aug2_216,sleep_interference,1,2,Rarely,0.24
88,teen_social_big_support_aug2_216,sleep_interference,2,3,Sometimes,0.5
88,teen_social_big_support_aug2_216,sleep_interference,3,4,Often,0.17
88,teen_social_big_support_aug2_216,social_comparison,0,1,Never,0.04
88,teen_social_big_support_aug2_216,social_comparison,1,2,Rarely,0.13
88,teen_social_big_support_aug2_216,social_comparison,2,3,Sometimes,0.3
88,teen_social_big_support_aug2_216,social_comparison,3,4,Often,0.53
88,teen_social_big_support_aug2_216,connection_effect,0,1,Makes me feel less connected,0.56
88,teen_social_big_support_aug2_216,connection_effect,1,2,Makes little difference,0.29
88,teen_social_big_support_aug2_216,connection_effect,2,3,Makes me feel more connected,0.15
88,teen_social_big_support_aug2_216,parental_rules,0,1,No rules,0.57
88,teen_social_big_support_aug2_216,parental_rules,1,2,A few loose rules,0.25
88,teen_social_big_support_aug2_216,parental_rules,2,3,Some clear rules,0.13
88,teen_social_big_support_aug2_216,parental_rules,3,4,Very strict rules,0.05
88,teen_social_big_support_aug2_216,primary_platform,0,1,TikTok,0.11
88,teen_social_big_support_aug2_216,primary_platform,1,2,Instagram,0.12
88,teen_social_big_support_aug2_216,primary_platform,2,3,YouTube,0.14
88,teen_social_big_support_aug2_216,primary_platform,3,4,Snapchat,0.13
88,teen_social_big_support_aug2_216,primary_platform,4,5,Another platform,0.49
88,teen_social_big_support_aug2_216,primary_platform,5,6,I do not use social media,0.01
89,teen_social_big_support_aug2_217,social_media_hours,0,1,Less than one hour,0.07
89,teen_social_big_support_aug2_217,social_media_hours,1,2,One to three hours,0.28
89,teen_social_big_support_aug2_217,social_media_hours,2,3,Four or more hours,0.65
89,teen_social_big_support_aug2_217,posting_frequency,0,1,Never or almost never,0.04
89,teen_social_big_support_aug2_217,posting_frequency,1,2,Less than once a week,0.09
89,teen_social_big_support_aug2_217,posting_frequency,2,3,A few times a week,0.24
89,teen_social_big_support_aug2_217,posting_frequency,3,4,At least once a day,0.63
89,teen_social_big_support_aug2_217,late_night_use,0,1,Never,0.56
89,teen_social_big_support_aug2_217,late_night_use,1,2,Rarely,0.27
89,teen_social_big_support_aug2_217,late_night_use,2,3,Sometimes,0.13
89,teen_social_big_support_aug2_217,late_night_use,3,4,Often,0.04
89,teen_social_big_support_aug2_217,sleep_interference,0,1,Never,0.18
89,teen_social_big_support_aug2_217,sleep_interference,1,2,Rarely,0.52
89,teen_social_big_support_aug2_217,sleep_interference,2,3,Sometimes,0.22
89,teen_social_big_support_aug2_217,sleep_interference,3,4,Often,0.08
89,teen_social_big_support_aug2_217,social_comparison,0,1,Never,0.55
89,teen_social_big_support_aug2_217,social_comparison,1,2,Rarely,0.27
89,teen_social_big_support_aug2_217,social_comparison,2,3,Sometimes,0.13
89,teen_social_big_support_aug2_217,social_comparison,3,4,Often,0.05
89,teen_social_big_support_aug2_217,connection_effect,0,1,Makes me feel less connected,0.5
89,teen_social_big_support_aug2_217,connection_effect,1,2,Makes little difference,0.34
89,teen_social_big_support_aug2_217,connection_effect,2,3,Makes me feel more connected,0.16
89,teen_social_big_support_aug2_217,parental_rules,0,1,No rules,0.2
89,teen_social_big_support_aug2_217,parental_rules,1,2,A few loose rules,0.48
89,teen_social_big_support_aug2_217,parental_rules,2,3,Some clear rules,0.24
89,teen_social_big_support_aug2_217,parental_rules,3,4,Very strict rules,0.08
89,teen_social_big_support_aug2_217,primary_platform,0,1,TikTok,0.53
89,teen_social_big_support_aug2_217,primary_platform,1,2,Instagram,0.16
89,teen_social_big_support_aug2_217,primary_platform,2,3,YouTube,0.12
89,teen_social_big_support_aug2_217,primary_platform,3,4,Snapchat,0.11
89,teen_social_big_support_aug2_217,primary_platform,4,5,Another platform,0.06
89,teen_social_big_support_aug2_217,primary_platform,5,6,I do not use social media,0.02
90,teen_social_big_support_aug2_218,social_media_hours,0,1,Less than one hour,0.55
90,teen_social_big_support_aug2_218,social_media_hours,1,2,One to three hours,0.35
90,teen_social_big_support_aug2_218,social_media_hours,2,3,Four or more hours,0.1
90,teen_social_big_support_aug2_218,posting_frequency,0,1,Never or almost never,0.05
90,teen_social_big_support_aug2_218,posting_frequency,1,2,Less than once a week,0.1
90,teen_social_big_support_aug2_218,posting_frequency,2,3,A few times a week,0.25
90,teen_social_big_support_aug2_218,posting_frequency,3,4,At least once a day,0.6
90,teen_social_big_support_aug2_218,late_night_use,0,1,Never,0.58
90,teen_social_big_support_aug2_218,late_night_use,1,2,Rarely,0.27
90,teen_social_big_support_aug2_218,late_night_use,2,3,Sometimes,0.1
90,teen_social_big_support_aug2_218,late_night_use,3,4,Often,0.05
90,teen_social_big_support_aug2_218,sleep_interference,0,1,Never,0.62
90,teen_social_big_support_aug2_218,sleep_interference,1,2,Rarely,0.25
90,teen_social_big_support_aug2_218,sleep_interference,2,3,Sometimes,0.09
90,teen_social_big_support_aug2_218,sleep_interference,3,4,Often,0.04
90,teen_social_big_support_aug2_218,social_comparison,0,1,Never,0.12
90,teen_social_big_support_aug2_218,social_comparison,1,2,Rarely,0.28
90,teen_social_big_support_aug2_218,social_comparison,2,3,Sometimes,0.45
90,teen_social_big_support_aug2_218,social_comparison,3,4,Often,0.15
90,teen_social_big_support_aug2_218,connection_effect,0,1,Makes me feel less connected,0.08
90,teen_social_big_support_aug2_218,connection_effect,1,2,Makes little difference,0.3
90,teen_social_big_support_aug2_218,connection_effect,2,3,Makes me feel more connected,0.62
90,teen_social_big_support_aug2_218,parental_rules,0,1,No rules,0.03
90,teen_social_big_support_aug2_218,parental_rules,1,2,A few loose rules,0.1
90,teen_social_big_support_aug2_218,parental_rules,2,3,Some clear rules,0.27
90,teen_social_big_support_aug2_218,parental_rules,3,4,Very strict rules,0.6
90,teen_social_big_support_aug2_218,primary_platform,0,1,TikTok,0.18
90,teen_social_big_support_aug2_218,primary_platform,1,2,Instagram,0.45
90,teen_social_big_support_aug2_218,primary_platform,2,3,YouTube,0.12
90,teen_social_big_support_aug2_218,primary_platform,3,4,Snapchat,0.18
90,teen_social_big_support_aug2_218,primary_platform,4,5,Another platform,0.04
90,teen_social_big_support_aug2_218,primary_platform,5,6,I do not use social media,0.03
91,teen_social_big_support_aug2_219,social_media_hours,0,1,Less than one hour,0.18
91,teen_social_big_support_aug2_219,social_media_hours,1,2,One to three hours,0.62
91,teen_social_big_support_aug2_219,social_media_hours,2,3,Four or more hours,0.2
91,teen_social_big_support_aug2_219,posting_frequency,0,1,Never or almost never,0.06
91,teen_social_big_support_aug2_219,posting_frequency,1,2,Less than once a week,0.1
91,teen_social_big_support_aug2_219,posting_frequency,2,3,A few times a week,0.28
91,teen_social_big_support_aug2_219,posting_frequency,3,4,At least once a day,0.56
91,teen_social_big_support_aug2_219,late_night_use,0,1,Never,0.04
91,teen_social_big_support_aug2_219,late_night_use,1,2,Rarely,0.11
91,teen_social_big_support_aug2_219,late_night_use,2,3,Sometimes,0.31
91,teen_social_big_support_aug2_219,late_night_use,3,4,Often,0.54
91,teen_social_big_support_aug2_219,sleep_interference,0,1,Never,0.05
91,teen_social_big_support_aug2_219,sleep_interference,1,2,Rarely,0.13
91,teen_social_big_support_aug2_219,sleep_interference,2,3,Sometimes,0.32
91,teen_social_big_support_aug2_219,sleep_interference,3,4,Often,0.5
91,teen_social_big_support_aug2_219,social_comparison,0,1,Never,0.06
91,teen_social_big_support_aug2_219,social_comparison,1,2,Rarely,0.14
91,teen_social_big_support_aug2_219,social_comparison,2,3,Sometimes,0.31
91,teen_social_big_support_aug2_219,social_comparison,3,4,Often,0.49
91,teen_social_big_support_aug2_219,connection_effect,0,1,Makes me feel less connected,0.23
91,teen_social_big_support_aug2_219,connection_effect,1,2,Makes little difference,0.54
91,teen_social_big_support_aug2_219,connection_effect,2,3,Makes me feel more connected,0.23
91,teen_social_big_support_aug2_219,parental_rules,0,1,No rules,0.06
91,teen_social_big_support_aug2_219,parental_rules,1,2,A few loose rules,0.24
91,teen_social_big_support_aug2_219,parental_rules,2,3,Some clear rules,0.55
91,teen_social_big_support_aug2_219,parental_rules,3,4,Very strict rules,0.15
91,teen_social_big_support_aug2_219,primary_platform,0,1,TikTok,0.18
91,teen_social_big_support_aug2_219,primary_platform,1,2,Instagram,0.13
91,teen_social_big_support_aug2_219,primary_platform,2,3,YouTube,0.45
91,teen_social_big_support_aug2_219,primary_platform,3,4,Snapchat,0.15
91,teen_social_big_support_aug2_219,primary_platform,4,5,Another platform,0.08
91,teen_social_big_support_aug2_219,primary_platform,5,6,I do not use social media,0.01
92,teen_social_big_support_aug2_220,social_media_hours,0,1,Less than one hour,0.06
92,teen_social_big_support_aug2_220,social_media_hours,1,2,One to three hours,0.31
92,teen_social_big_support_aug2_220,social_media_hours,2,3,Four or more hours,0.63
92,teen_social_big_support_aug2_220,posting_frequency,0,1,Never or almost never,0.04
92,teen_social_big_support_aug2_220,posting_frequency,1,2,Less than once a week,0.1
92,teen_social_big_support_aug2_220,posting_frequency,2,3,A few times a week,0.28
92,teen_social_big_support_aug2_220,posting_frequency,3,4,At least once a day,0.58
92,teen_social_big_support_aug2_220,late_night_use,0,1,Never,0.22
92,teen_social_big_support_aug2_220,late_night_use,1,2,Rarely,0.43
92,teen_social_big_support_aug2_220,late_night_use,2,3,Sometimes,0.25
92,teen_social_big_support_aug2_220,late_night_use,3,4,Often,0.1
92,teen_social_big_support_aug2_220,sleep_interference,0,1,Never,0.25
92,teen_social_big_support_aug2_220,sleep_interference,1,2,Rarely,0.45
92,teen_social_big_support_aug2_220,sleep_interference,2,3,Sometimes,0.22
92,teen_social_big_support_aug2_220,sleep_interference,3,4,Often,0.08
92,teen_social_big_support_aug2_220,social_comparison,0,1,Never,0.05
92,teen_social_big_support_aug2_220,social_comparison,1,2,Rarely,0.16
92,teen_social_big_support_aug2_220,social_comparison,2,3,Sometimes,0.34
92,teen_social_big_support_aug2_220,social_comparison,3,4,Often,0.45
92,teen_social_big_support_aug2_220,connection_effect,0,1,Makes me feel less connected,0.52
92,teen_social_big_support_aug2_220,connection_effect,1,2,Makes little difference,0.31
92,teen_social_big_support_aug2_220,connection_effect,2,3,Makes me feel more connected,0.17
92,teen_social_big_support_aug2_220,parental_rules,0,1,No rules,0.08
92,teen_social_big_support_aug2_220,parental_rules,1,2,A few loose rules,0.27
92,teen_social_big_support_aug2_220,parental_rules,2,3,Some clear rules,0.47
92,teen_social_big_support_aug2_220,parental_rules,3,4,Very strict rules,0.18
92,teen_social_big_support_aug2_220,primary_platform,0,1,TikTok,0.22
92,teen_social_big_support_aug2_220,primary_platform,1,2,Instagram,0.17
92,teen_social_big_support_aug2_220,primary_platform,2,3,YouTube,0.1
92,teen_social_big_support_aug2_220,primary_platform,3,4,Snapchat,0.42
92,teen_social_big_support_aug2_220,primary_platform,4,5,Another platform,0.07
92,teen_social_big_support_aug2_220,primary_platform,5,6,I do not use social media,0.02
93,teen_social_big_support_aug2_221,social_media_hours,0,1,Less than one hour,0.08
93,teen_social_big_support_aug2_221,social_media_hours,1,2,One to three hours,0.27
93,teen_social_big_support_aug2_221,social_media_hours,2,3,Four or more hours,0.65
93,teen_social_big_support_aug2_221,posting_frequency,0,1,Never or almost never,0.22
93,teen_social_big_support_aug2_221,posting_frequency,1,2,Less than once a week,0.45
93,teen_social_big_support_aug2_221,posting_frequency,2,3,A few times a week,0.23
93,teen_social_big_support_aug2_221,posting_frequency,3,4,At least once a day,0.1
93,teen_social_big_support_aug2_221,late_night_use,0,1,Never,0.05
93,teen_social_big_support_aug2_221,late_night_use,1,2,Rarely,0.13
93,teen_social_big_support_aug2_221,late_night_use,2,3,Sometimes,0.3
93,teen_social_big_support_aug2_221,late_night_use,3,4,Often,0.52
93,teen_social_big_support_aug2_221,sleep_interference,0,1,Never,0.2
93,teen_social_big_support_aug2_221,sleep_interference,1,2,Rarely,0.43
93,teen_social_big_support_aug2_221,sleep_interference,2,3,Sometimes,0.27
93,teen_social_big_support_aug2_221,sleep_interference,3,4,Often,0.1
93,teen_social_big_support_aug2_221,social_comparison,0,1,Never,0.04
93,teen_social_big_support_aug2_221,social_comparison,1,2,Rarely,0.16
93,teen_social_big_support_aug2_221,social_comparison,2,3,Sometimes,0.31
93,teen_social_big_support_aug2_221,social_comparison,3,4,Often,0.49
93,teen_social_big_support_aug2_221,connection_effect,0,1,Makes me feel less connected,0.2
93,teen_social_big_support_aug2_221,connection_effect,1,2,Makes little difference,0.56
93,teen_social_big_support_aug2_221,connection_effect,2,3,Makes me feel more connected,0.24
93,teen_social_big_support_aug2_221,parental_rules,0,1,No rules,0.05
93,teen_social_big_support_aug2_221,parental_rules,1,2,A few loose rules,0.11
93,teen_social_big_support_aug2_221,parental_rules,2,3,Some clear rules,0.28
93,teen_social_big_support_aug2_221,parental_rules,3,4,Very strict rules,0.56
93,teen_social_big_support_aug2_221,primary_platform,0,1,TikTok,0.14
93,teen_social_big_support_aug2_221,primary_platform,1,2,Instagram,0.12
93,teen_social_big_support_aug2_221,primary_platform,2,3,YouTube,0.5
93,teen_social_big_support_aug2_221,primary_platform,3,4,Snapchat,0.15
93,teen_social_big_support_aug2_221,primary_platform,4,5,Another platform,0.08
93,teen_social_big_support_aug2_221,primary_platform,5,6,I do not use social media,0.01
94,teen_social_big_support_aug2_222,social_media_hours,0,1,Less than one hour,0.24
94,teen_social_big_support_aug2_222,social_media_hours,1,2,One to three hours,0.58
94,teen_social_big_support_aug2_222,social_media_hours,2,3,Four or more hours,0.18
94,teen_social_big_support_aug2_222,posting_frequency,0,1,Never or almost never,0.24
94,teen_social_big_support_aug2_222,posting_frequency,1,2,Less than once a week,0.45
94,teen_social_big_support_aug2_222,posting_frequency,2,3,A few times a week,0.21
94,teen_social_big_support_aug2_222,posting_frequency,3,4,At least once a day,0.1
94,teen_social_big_support_aug2_222,late_night_use,0,1,Never,0.55
94,teen_social_big_support_aug2_222,late_night_use,1,2,Rarely,0.27
94,teen_social_big_support_aug2_222,late_night_use,2,3,Sometimes,0.13
94,teen_social_big_support_aug2_222,late_night_use,3,4,Often,0.05
94,teen_social_big_support_aug2_222,sleep_interference,0,1,Never,0.25
94,teen_social_big_support_aug2_222,sleep_interference,1,2,Rarely,0.45
94,teen_social_big_support_aug2_222,sleep_interference,2,3,Sometimes,0.21
94,teen_social_big_support_aug2_222,sleep_interference,3,4,Often,0.09
94,teen_social_big_support_aug2_222,social_comparison,0,1,Never,0.06
94,teen_social_big_support_aug2_222,social_comparison,1,2,Rarely,0.16
94,teen_social_big_support_aug2_222,social_comparison,2,3,Sometimes,0.31
94,teen_social_big_support_aug2_222,social_comparison,3,4,Often,0.47
94,teen_social_big_support_aug2_222,connection_effect,0,1,Makes me feel less connected,0.46
94,teen_social_big_support_aug2_222,connection_effect,1,2,Makes little difference,0.36
94,teen_social_big_support_aug2_222,connection_effect,2,3,Makes me feel more connected,0.18
94,teen_social_big_support_aug2_222,parental_rules,0,1,No rules,0.52
94,teen_social_big_support_aug2_222,parental_rules,1,2,A few loose rules,0.28
94,teen_social_big_support_aug2_222,parental_rules,2,3,Some clear rules,0.15
94,teen_social_big_support_aug2_222,parental_rules,3,4,Very strict rules,0.05
94,teen_social_big_support_aug2_222,primary_platform,0,1,TikTok,0.16
94,teen_social_big_support_aug2_222,primary_platform,1,2,Instagram,0.18
94,teen_social_big_support_aug2_222,primary_platform,2,3,YouTube,0.12
94,teen_social_big_support_aug2_222,primary_platform,3,4,Snapchat,0.43
94,teen_social_big_support_aug2_222,primary_platform,4,5,Another platform,0.1
94,teen_social_big_support_aug2_222,primary_platform,5,6,I do not use social media,0.01
95,teen_social_big_support_aug2_223,social_media_hours,0,1,Less than one hour,0.08
95,teen_social_big_support_aug2_223,social_media_hours,1,2,One to three hours,0.32
95,teen_social_big_support_aug2_223,social_media_hours,2,3,Four or more hours,0.6
95,teen_social_big_support_aug2_223,posting_frequency,0,1,Never or almost never,0.48
95,teen_social_big_support_aug2_223,posting_frequency,1,2,Less than once a week,0.25
95,teen_social_big_support_aug2_223,posting_frequency,2,3,A few times a week,0.17
95,teen_social_big_support_aug2_223,posting_frequency,3,4,At least once a day,0.1
95,teen_social_big_support_aug2_223,late_night_use,0,1,Never,0.16
95,teen_social_big_support_aug2_223,late_night_use,1,2,Rarely,0.27
95,teen_social_big_support_aug2_223,late_night_use,2,3,Sometimes,0.4
95,teen_social_big_support_aug2_223,late_night_use,3,4,Often,0.17
95,teen_social_big_support_aug2_223,sleep_interference,0,1,Never,0.52
95,teen_social_big_support_aug2_223,sleep_interference,1,2,Rarely,0.3
95,teen_social_big_support_aug2_223,sleep_interference,2,3,Sometimes,0.13
95,teen_social_big_support_aug2_223,sleep_interference,3,4,Often,0.05
95,teen_social_big_support_aug2_223,social_comparison,0,1,Never,0.5
95,teen_social_big_support_aug2_223,social_comparison,1,2,Rarely,0.28
95,teen_social_big_support_aug2_223,social_comparison,2,3,Sometimes,0.15
95,teen_social_big_support_aug2_223,social_comparison,3,4,Often,0.07
95,teen_social_big_support_aug2_223,connection_effect,0,1,Makes me feel less connected,0.46
95,teen_social_big_support_aug2_223,connection_effect,1,2,Makes little difference,0.36
95,teen_social_big_support_aug2_223,connection_effect,2,3,Makes me feel more connected,0.18
95,teen_social_big_support_aug2_223,parental_rules,0,1,No rules,0.2
95,teen_social_big_support_aug2_223,parental_rules,1,2,A few loose rules,0.43
95,teen_social_big_support_aug2_223,parental_rules,2,3,Some clear rules,0.27
95,teen_social_big_support_aug2_223,parental_rules,3,4,Very strict rules,0.1
95,teen_social_big_support_aug2_223,primary_platform,0,1,TikTok,0.17
95,teen_social_big_support_aug2_223,primary_platform,1,2,Instagram,0.12
95,teen_social_big_support_aug2_223,primary_platform,2,3,YouTube,0.13
95,teen_social_big_support_aug2_223,primary_platform,3,4,Snapchat,0.48
95,teen_social_big_support_aug2_223,primary_platform,4,5,Another platform,0.08
95,teen_social_big_support_aug2_223,primary_platform,5,6,I do not use social media,0.02
96,teen_social_big_support_aug2_224,social_media_hours,0,1,Less than one hour,0.08
96,teen_social_big_support_aug2_224,social_media_hours,1,2,One to three hours,0.32
96,teen_social_big_support_aug2_224,social_media_hours,2,3,Four or more hours,0.6
96,teen_social_big_support_aug2_224,posting_frequency,0,1,Never or almost never,0.06
96,teen_social_big_support_aug2_224,posting_frequency,1,2,Less than once a week,0.12
96,teen_social_big_support_aug2_224,posting_frequency,2,3,A few times a week,0.29
96,teen_social_big_support_aug2_224,posting_frequency,3,4,At least once a day,0.53
96,teen_social_big_support_aug2_224,late_night_use,0,1,Never,0.55
96,teen_social_big_support_aug2_224,late_night_use,1,2,Rarely,0.25
96,teen_social_big_support_aug2_224,late_night_use,2,3,Sometimes,0.14
96,teen_social_big_support_aug2_224,late_night_use,3,4,Often,0.06
96,teen_social_big_support_aug2_224,sleep_interference,0,1,Never,0.6
96,teen_social_big_support_aug2_224,sleep_interference,1,2,Rarely,0.24
96,teen_social_big_support_aug2_224,sleep_interference,2,3,Sometimes,0.11
96,teen_social_big_support_aug2_224,sleep_interference,3,4,Often,0.05
96,teen_social_big_support_aug2_224,social_comparison,0,1,Never,0.22
96,teen_social_big_support_aug2_224,social_comparison,1,2,Rarely,0.48
96,teen_social_big_support_aug2_224,social_comparison,2,3,Sometimes,0.22
96,teen_social_big_support_aug2_224,social_comparison,3,4,Often,0.08
96,teen_social_big_support_aug2_224,connection_effect,0,1,Makes me feel less connected,0.15
96,teen_social_big_support_aug2_224,connection_effect,1,2,Makes little difference,0.6
96,teen_social_big_support_aug2_224,connection_effect,2,3,Makes me feel more connected,0.25
96,teen_social_big_support_aug2_224,parental_rules,0,1,No rules,0.08
96,teen_social_big_support_aug2_224,parental_rules,1,2,A few loose rules,0.24
96,teen_social_big_support_aug2_224,parental_rules,2,3,Some clear rules,0.52
96,teen_social_big_support_aug2_224,parental_rules,3,4,Very strict rules,0.16
96,teen_social_big_support_aug2_224,primary_platform,0,1,TikTok,0.55
96,teen_social_big_support_aug2_224,primary_platform,1,2,Instagram,0.18
96,teen_social_big_support_aug2_224,primary_platform,2,3,YouTube,0.12
96,teen_social_big_support_aug2_224,primary_platform,3,4,Snapchat,0.09
96,teen_social_big_support_aug2_224,primary_platform,4,5,Another platform,0.04
96,teen_social_big_support_aug2_224,primary_platform,5,6,I do not use social media,0.02
97,teen_social_big_support_aug2_225,social_media_hours,0,1,Less than one hour,0.55
97,teen_social_big_support_aug2_225,social_media_hours,1,2,One to three hours,0.35
97,teen_social_big_support_aug2_225,social_media_hours,2,3,Four or more hours,0.1
97,teen_social_big_support_aug2_225,posting_frequency,0,1,Never or almost never,0.18
97,teen_social_big_support_aug2_225,posting_frequency,1,2,Less than once a week,0.47
97,teen_social_big_support_aug2_225,posting_frequency,2,3,A few times a week,0.25
97,teen_social_big_support_aug2_225,posting_frequency,3,4,At least once a day,0.1
97,teen_social_big_support_aug2_225,late_night_use,0,1,Never,0.2
97,teen_social_big_support_aug2_225,late_night_use,1,2,Rarely,0.45
97,teen_social_big_support_aug2_225,late_night_use,2,3,Sometimes,0.25
97,teen_social_big_support_aug2_225,late_night_use,3,4,Often,0.1
97,teen_social_big_support_aug2_225,sleep_interference,0,1,Never,0.6
97,teen_social_big_support_aug2_225,sleep_interference,1,2,Rarely,0.25
97,teen_social_big_support_aug2_225,sleep_interference,2,3,Sometimes,0.1
97,teen_social_big_support_aug2_225,sleep_interference,3,4,Often,0.05
97,teen_social_big_support_aug2_225,social_comparison,0,1,Never,0.58
97,teen_social_big_support_aug2_225,social_comparison,1,2,Rarely,0.27
97,teen_social_big_support_aug2_225,social_comparison,2,3,Sometimes,0.1
97,teen_social_big_support_aug2_225,social_comparison,3,4,Often,0.05
97,teen_social_big_support_aug2_225,connection_effect,0,1,Makes me feel less connected,0.08
97,teen_social_big_support_aug2_225,connection_effect,1,2,Makes little difference,0.32
97,teen_social_big_support_aug2_225,connection_effect,2,3,Makes me feel more connected,0.6
97,teen_social_big_support_aug2_225,parental_rules,0,1,No rules,0.18
97,teen_social_big_support_aug2_225,parental_rules,1,2,A few loose rules,0.44
97,teen_social_big_support_aug2_225,parental_rules,2,3,Some clear rules,0.28
97,teen_social_big_support_aug2_225,parental_rules,3,4,Very strict rules,0.1
97,teen_social_big_support_aug2_225,primary_platform,0,1,TikTok,0.15
97,teen_social_big_support_aug2_225,primary_platform,1,2,Instagram,0.12
97,teen_social_big_support_aug2_225,primary_platform,2,3,YouTube,0.45
97,teen_social_big_support_aug2_225,primary_platform,3,4,Snapchat,0.1
97,teen_social_big_support_aug2_225,primary_platform,4,5,Another platform,0.13
97,teen_social_big_support_aug2_225,primary_platform,5,6,I do not use social media,0.05
98,teen_social_big_support_aug2_226,social_media_hours,0,1,Less than one hour,0.07
98,teen_social_big_support_aug2_226,social_media_hours,1,2,One to three hours,0.28
98,teen_social_big_support_aug2_226,social_media_hours,2,3,Four or more hours,0.65
98,teen_social_big_support_aug2_226,posting_frequency,0,1,Never or almost never,0.08
98,teen_social_big_support_aug2_226,posting_frequency,1,2,Less than once a week,0.18
98,teen_social_big_support_aug2_226,posting_frequency,2,3,A few times a week,0.54
98,teen_social_big_support_aug2_226,posting_frequency,3,4,At least once a day,0.2
98,teen_social_big_support_aug2_226,late_night_use,0,1,Never,0.55
98,teen_social_big_support_aug2_226,late_night_use,1,2,Rarely,0.25
98,teen_social_big_support_aug2_226,late_night_use,2,3,Sometimes,0.14
98,teen_social_big_support_aug2_226,late_night_use,3,4,Often,0.06
98,teen_social_big_support_aug2_226,sleep_interference,0,1,Never,0.6
98,teen_social_big_support_aug2_226,sleep_interference,1,2,Rarely,0.23
98,teen_social_big_support_aug2_226,sleep_interference,2,3,Sometimes,0.12
98,teen_social_big_support_aug2_226,sleep_interference,3,4,Often,0.05
98,teen_social_big_support_aug2_226,social_comparison,0,1,Never,0.04
98,teen_social_big_support_aug2_226,social_comparison,1,2,Rarely,0.14
98,teen_social_big_support_aug2_226,social_comparison,2,3,Sometimes,0.31
98,teen_social_big_support_aug2_226,social_comparison,3,4,Often,0.51
98,teen_social_big_support_aug2_226,connection_effect,0,1,Makes me feel less connected,0.12
98,teen_social_big_support_aug2_226,connection_effect,1,2,Makes little difference,0.25
98,teen_social_big_support_aug2_226,connection_effect,2,3,Makes me feel more connected,0.63
98,teen_social_big_support_aug2_226,parental_rules,0,1,No rules,0.52
98,teen_social_big_support_aug2_226,parental_rules,1,2,A few loose rules,0.26
98,teen_social_big_support_aug2_226,parental_rules,2,3,Some clear rules,0.16
98,teen_social_big_support_aug2_226,parental_rules,3,4,Very strict rules,0.06
98,teen_social_big_support_aug2_226,primary_platform,0,1,TikTok,0.2
98,teen_social_big_support_aug2_226,primary_platform,1,2,Instagram,0.46
98,teen_social_big_support_aug2_226,primary_platform,2,3,YouTube,0.12
98,teen_social_big_support_aug2_226,primary_platform,3,4,Snapchat,0.16
98,teen_social_big_support_aug2_226,primary_platform,4,5,Another platform,0.05
98,teen_social_big_support_aug2_226,primary_platform,5,6,I do not use social media,0.01
99,teen_social_big_support_aug2_227,social_media_hours,0,1,Less than one hour,0.08
99,teen_social_big_support_aug2_227,social_media_hours,1,2,One to three hours,0.26
99,teen_social_big_support_aug2_227,social_media_hours,2,3,Four or more hours,0.66
99,teen_social_big_support_aug2_227,posting_frequency,0,1,Never or almost never,0.08
99,teen_social_big_support_aug2_227,posting_frequency,1,2,Less than once a week,0.18
99,teen_social_big_support_aug2_227,posting_frequency,2,3,A few times a week,0.5
99,teen_social_big_support_aug2_227,posting_frequency,3,4,At least once a day,0.24
99,teen_social_big_support_aug2_227,late_night_use,0,1,Never,0.07
99,teen_social_big_support_aug2_227,late_night_use,1,2,Rarely,0.22
99,teen_social_big_support_aug2_227,late_night_use,2,3,Sometimes,0.46
99,teen_social_big_support_aug2_227,late_night_use,3,4,Often,0.25
99,teen_social_big_support_aug2_227,sleep_interference,0,1,Never,0.05
99,teen_social_big_support_aug2_227,sleep_interference,1,2,Rarely,0.15
99,teen_social_big_support_aug2_227,sleep_interference,2,3,Sometimes,0.3
99,teen_social_big_support_aug2_227,sleep_interference,3,4,Often,0.5
99,teen_social_big_support_aug2_227,social_comparison,0,1,Never,0.25
99,teen_social_big_support_aug2_227,social_comparison,1,2,Rarely,0.45
99,teen_social_big_support_aug2_227,social_comparison,2,3,Sometimes,0.21
99,teen_social_big_support_aug2_227,social_comparison,3,4,Often,0.09
99,teen_social_big_support_aug2_227,connection_effect,0,1,Makes me feel less connected,0.52
99,teen_social_big_support_aug2_227,connection_effect,1,2,Makes little difference,0.32
99,teen_social_big_support_aug2_227,connection_effect,2,3,Makes me feel more connected,0.16
99,teen_social_big_support_aug2_227,parental_rules,0,1,No rules,0.55
99,teen_social_big_support_aug2_227,parental_rules,1,2,A few loose rules,0.27
99,teen_social_big_support_aug2_227,parental_rules,2,3,Some clear rules,0.13
99,teen_social_big_support_aug2_227,parental_rules,3,4,Very strict rules,0.05
99,teen_social_big_support_aug2_227,primary_platform,0,1,TikTok,0.14
99,teen_social_big_support_aug2_227,primary_platform,1,2,Instagram,0.13
99,teen_social_big_support_aug2_227,primary_platform,2,3,YouTube,0.16
99,teen_social_big_support_aug2_227,primary_platform,3,4,Snapchat,0.15
99,teen_social_big_support_aug2_227,primary_platform,4,5,Another platform,0.4
99,teen_social_big_support_aug2_227,primary_platform,5,6,I do not use social media,0.02
100,teen_social_big_support_aug2_228,social_media_hours,0,1,Less than one hour,0.56
100,teen_social_big_support_aug2_228,social_media_hours,1,2,One to three hours,0.35
100,teen_social_big_support_aug2_228,social_media_hours,2,3,Four or more hours,0.09
100,teen_social_big_support_aug2_228,posting_frequency,0,1,Never or almost never,0.05
100,teen_social_big_support_aug2_228,posting_frequency,1,2,Less than once a week,0.09
100,teen_social_big_support_aug2_228,posting_frequency,2,3,A few times a week,0.25
100,teen_social_big_support_aug2_228,posting_frequency,3,4,At least once a day,0.61
100,teen_social_big_support_aug2_228,late_night_use,0,1,Never,0.62
100,teen_social_big_support_aug2_228,late_night_use,1,2,Rarely,0.27
100,teen_social_big_support_aug2_228,late_night_use,2,3,Sometimes,0.08
100,teen_social_big_support_aug2_228,late_night_use,3,4,Often,0.03
100,teen_social_big_support_aug2_228,sleep_interference,0,1,Never,0.68
100,teen_social_big_support_aug2_228,sleep_interference,1,2,Rarely,0.22
100,teen_social_big_support_aug2_228,sleep_interference,2,3,Sometimes,0.07
100,teen_social_big_support_aug2_228,sleep_interference,3,4,Often,0.03
100,teen_social_big_support_aug2_228,social_comparison,0,1,Never,0.6
100,teen_social_big_support_aug2_228,social_comparison,1,2,Rarely,0.27
100,teen_social_big_support_aug2_228,social_comparison,2,3,Sometimes,0.1
100,teen_social_big_support_aug2_228,social_comparison,3,4,Often,0.03
100,teen_social_big_support_aug2_228,connection_effect,0,1,Makes me feel less connected,0.5
100,teen_social_big_support_aug2_228,connection_effect,1,2,Makes little difference,0.34
100,teen_social_big_support_aug2_228,connection_effect,2,3,Makes me feel more connected,0.16
100,teen_social_big_support_aug2_228,parental_rules,0,1,No rules,0.14
100,teen_social_big_support_aug2_228,parental_rules,1,2,A few loose rules,0.49
100,teen_social_big_support_aug2_228,parental_rules,2,3,Some clear rules,0.27
100,teen_social_big_support_aug2_228,parental_rules,3,4,Very strict rules,0.1
100,teen_social_big_support_aug2_228,primary_platform,0,1,TikTok,0.52
100,teen_social_big_support_aug2_228,primary_platform,1,2,Instagram,0.18
100,teen_social_big_support_aug2_228,primary_platform,2,3,YouTube,0.12
100,teen_social_big_support_aug2_228,primary_platform,3,4,Snapchat,0.1
100,teen_social_big_support_aug2_228,primary_platform,4,5,Another platform,0.06
100,teen_social_big_support_aug2_228,primary_platform,5,6,I do not use social media,0.02
101,teen_social_big_support_aug2_229,social_media_hours,0,1,Less than one hour,0.3
101,teen_social_big_support_aug2_229,social_media_hours,1,2,One to three hours,0.55
101,teen_social_big_support_aug2_229,social_media_hours,2,3,Four or more hours,0.15
101,teen_social_big_support_aug2_229,posting_frequency,0,1,Never or almost never,0.55
101,teen_social_big_support_aug2_229,posting_frequency,1,2,Less than once a week,0.25
101,teen_social_big_support_aug2_229,posting_frequency,2,3,A few times a week,0.13
101,teen_social_big_support_aug2_229,posting_frequency,3,4,At least once a day,0.07
101,teen_social_big_support_aug2_229,late_night_use,0,1,Never,0.25
101,teen_social_big_support_aug2_229,late_night_use,1,2,Rarely,0.45
101,teen_social_big_support_aug2_229,late_night_use,2,3,Sometimes,0.22
101,teen_social_big_support_aug2_229,late_night_use,3,4,Often,0.08
101,teen_social_big_support_aug2_229,sleep_interference,0,1,Never,0.28
101,teen_social_big_support_aug2_229,sleep_interference,1,2,Rarely,0.46
101,teen_social_big_support_aug2_229,sleep_interference,2,3,Sometimes,0.2
101,teen_social_big_support_aug2_229,sleep_interference,3,4,Often,0.06
101,teen_social_big_support_aug2_229,social_comparison,0,1,Never,0.15
101,teen_social_big_support_aug2_229,social_comparison,1,2,Rarely,0.25
101,teen_social_big_support_aug2_229,social_comparison,2,3,Sometimes,0.45
101,teen_social_big_support_aug2_229,social_comparison,3,4,Often,0.15
101,teen_social_big_support_aug2_229,connection_effect,0,1,Makes me feel less connected,0.44
101,teen_social_big_support_aug2_229,connection_effect,1,2,Makes little difference,0.36
101,teen_social_big_support_aug2_229,connection_effect,2,3,Makes me feel more connected,0.2
101,teen_social_big_support_aug2_229,parental_rules,0,1,No rules,0.18
101,teen_social_big_support_aug2_229,parental_rules,1,2,A few loose rules,0.42
101,teen_social_big_support_aug2_229,parental_rules,2,3,Some clear rules,0.3
101,teen_social_big_support_aug2_229,parental_rules,3,4,Very strict rules,0.1
101,teen_social_big_support_aug2_229,primary_platform,0,1,TikTok,0.1
101,teen_social_big_support_aug2_229,primary_platform,1,2,Instagram,0.1
101,teen_social_big_support_aug2_229,primary_platform,2,3,YouTube,0.16
101,teen_social_big_support_aug2_229,primary_platform,3,4,Snapchat,0.08
101,teen_social_big_support_aug2_229,primary_platform,4,5,Another platform,0.11
101,teen_social_big_support_aug2_229,primary_platform,5,6,I do not use social media,0.45
102,teen_social_big_support_aug2_230,social_media_hours,0,1,Less than one hour,0.25
102,teen_social_big_support_aug2_230,social_media_hours,1,2,One to three hours,0.6
102,teen_social_big_support_aug2_230,social_media_hours,2,3,Four or more hours,0.15
102,teen_social_big_support_aug2_230,posting_frequency,0,1,Never or almost never,0.22
102,teen_social_big_support_aug2_230,posting_frequency,1,2,Less than once a week,0.48
102,teen_social_big_support_aug2_230,posting_frequency,2,3,A few times a week,0.2
102,teen_social_big_support_aug2_230,posting_frequency,3,4,At least once a day,0.1
102,teen_social_big_support_aug2_230,late_night_use,0,1,Never,0.05
102,teen_social_big_support_aug2_230,late_night_use,1,2,Rarely,0.12
102,teen_social_big_support_aug2_230,late_night_use,2,3,Sometimes,0.3
102,teen_social_big_support_aug2_230,late_night_use,3,4,Often,0.53
102,teen_social_big_support_aug2_230,sleep_interference,0,1,Never,0.06
102,teen_social_big_support_aug2_230,sleep_interference,1,2,Rarely,0.14
102,teen_social_big_support_aug2_230,sleep_interference,2,3,Sometimes,0.28
102,teen_social_big_support_aug2_230,sleep_interference,3,4,Often,0.52
102,teen_social_big_support_aug2_230,social_comparison,0,1,Never,0.05
102,teen_social_big_support_aug2_230,social_comparison,1,2,Rarely,0.15
102,teen_social_big_support_aug2_230,social_comparison,2,3,Sometimes,0.3
102,teen_social_big_support_aug2_230,social_comparison,3,4,Often,0.5
102,teen_social_big_support_aug2_230,connection_effect,0,1,Makes me feel less connected,0.24
102,teen_social_big_support_aug2_230,connection_effect,1,2,Makes little difference,0.55
102,teen_social_big_support_aug2_230,connection_effect,2,3,Makes me feel more connected,0.21
102,teen_social_big_support_aug2_230,parental_rules,0,1,No rules,0.12
102,teen_social_big_support_aug2_230,parental_rules,1,2,A few loose rules,0.25
102,teen_social_big_support_aug2_230,parental_rules,2,3,Some clear rules,0.48
102,teen_social_big_support_aug2_230,parental_rules,3,4,Very strict rules,0.15
102,teen_social_big_support_aug2_230,primary_platform,0,1,TikTok,0.11
102,teen_social_big_support_aug2_230,primary_platform,1,2,Instagram,0.1
102,teen_social_big_support_aug2_230,primary_platform,2,3,YouTube,0.17
102,teen_social_big_support_aug2_230,primary_platform,3,4,Snapchat,0.09
102,teen_social_big_support_aug2_230,primary_platform,4,5,Another platform,0.13
102,teen_social_big_support_aug2_230,primary_platform,5,6,I do not use social media,0.4
103,teen_social_big_support_aug2_231,social_media_hours,0,1,Less than one hour,0.14
103,teen_social_big_support_aug2_231,social_media_hours,1,2,One to three hours,0.62
103,teen_social_big_support_aug2_231,social_media_hours,2,3,Four or more hours,0.24
103,teen_social_big_support_aug2_231,posting_frequency,0,1,Never or almost never,0.04
103,teen_social_big_support_aug2_231,posting_frequency,1,2,Less than once a week,0.08
103,teen_social_big_support_aug2_231,posting_frequency,2,3,A few times a week,0.25
103,teen_social_big_support_aug2_231,posting_frequency,3,4,At least once a day,0.63
103,teen_social_big_support_aug2_231,late_night_use,0,1,Never,0.05
103,teen_social_big_support_aug2_231,late_night_use,1,2,Rarely,0.12
103,teen_social_big_support_aug2_231,late_night_use,2,3,Sometimes,0.29
103,teen_social_big_support_aug2_231,late_night_use,3,4,Often,0.54
103,teen_social_big_support_aug2_231,sleep_interference,0,1,Never,0.06
103,teen_social_big_support_aug2_231,sleep_interference,1,2,Rarely,0.14
103,teen_social_big_support_aug2_231,sleep_interference,2,3,Sometimes,0.3
103,teen_social_big_support_aug2_231,sleep_interference,3,4,Often,0.5
103,teen_social_big_support_aug2_231,social_comparison,0,1,Never,0.2
103,teen_social_big_support_aug2_231,social_comparison,1,2,Rarely,0.51
103,teen_social_big_support_aug2_231,social_comparison,2,3,Sometimes,0.22
103,teen_social_big_support_aug2_231,social_comparison,3,4,Often,0.07
103,teen_social_big_support_aug2_231,connection_effect,0,1,Makes me feel less connected,0.07
103,teen_social_big_support_aug2_231,connection_effect,1,2,Makes little difference,0.24
103,teen_social_big_support_aug2_231,connection_effect,2,3,Makes me feel more connected,0.69
103,teen_social_big_support_aug2_231,parental_rules,0,1,No rules,0.08
103,teen_social_big_support_aug2_231,parental_rules,1,2,A few loose rules,0.25
103,teen_social_big_support_aug2_231,parental_rules,2,3,Some clear rules,0.51
103,teen_social_big_support_aug2_231,parental_rules,3,4,Very strict rules,0.16
103,teen_social_big_support_aug2_231,primary_platform,0,1,TikTok,0.18
103,teen_social_big_support_aug2_231,primary_platform,1,2,Instagram,0.16
103,teen_social_big_support_aug2_231,primary_platform,2,3,YouTube,0.12
103,teen_social_big_support_aug2_231,primary_platform,3,4,Snapchat,0.46
103,teen_social_big_support_aug2_231,primary_platform,4,5,Another platform,0.06
103,teen_social_big_support_aug2_231,primary_platform,5,6,I do not use social media,0.02
104,teen_social_big_support_aug2_232,social_media_hours,0,1,Less than one hour,0.58
104,teen_social_big_support_aug2_232,social_media_hours,1,2,One to three hours,0.34
104,teen_social_big_support_aug2_232,social_media_hours,2,3,Four or more hours,0.08
104,teen_social_big_support_aug2_232,posting_frequency,0,1,Never or almost never,0.55
104,teen_social_big_support_aug2_232,posting_frequency,1,2,Less than once a week,0.25
104,teen_social_big_support_aug2_232,posting_frequency,2,3,A few times a week,0.14
104,teen_social_big_support_aug2_232,posting_frequency,3,4,At least once a day,0.06
104,teen_social_big_support_aug2_232,late_night_use,0,1,Never,0.56
104,teen_social_big_support_aug2_232,late_night_use,1,2,Rarely,0.26
104,teen_social_big_support_aug2_232,late_night_use,2,3,Sometimes,0.13
104,teen_social_big_support_aug2_232,late_night_use,3,4,Often,0.05
104,teen_social_big_support_aug2_232,sleep_interference,0,1,Never,0.08
104,teen_social_big_support_aug2_232,sleep_interference,1,2,Rarely,0.16
104,teen_social_big_support_aug2_232,sleep_interference,2,3,Sometimes,0.3
104,teen_social_big_support_aug2_232,sleep_interference,3,4,Often,0.46
104,teen_social_big_support_aug2_232,social_comparison,0,1,Never,0.54
104,teen_social_big_support_aug2_232,social_comparison,1,2,Rarely,0.25
104,teen_social_big_support_aug2_232,social_comparison,2,3,Sometimes,0.15
104,teen_social_big_support_aug2_232,social_comparison,3,4,Often,0.06
104,teen_social_big_support_aug2_232,connection_effect,0,1,Makes me feel less connected,0.47
104,teen_social_big_support_aug2_232,connection_effect,1,2,Makes little difference,0.34
104,teen_social_big_support_aug2_232,connection_effect,2,3,Makes me feel more connected,0.19
104,teen_social_big_support_aug2_232,parental_rules,0,1,No rules,0.19
104,teen_social_big_support_aug2_232,parental_rules,1,2,A few loose rules,0.45
104,teen_social_big_support_aug2_232,parental_rules,2,3,Some clear rules,0.25
104,teen_social_big_support_aug2_232,parental_rules,3,4,Very strict rules,0.11
104,teen_social_big_support_aug2_232,primary_platform,0,1,TikTok,0.12
104,teen_social_big_support_aug2_232,primary_platform,1,2,Instagram,0.1
104,teen_social_big_support_aug2_232,primary_platform,2,3,YouTube,0.15
104,teen_social_big_support_aug2_232,primary_platform,3,4,Snapchat,0.45
104,teen_social_big_support_aug2_232,primary_platform,4,5,Another platform,0.12
104,teen_social_big_support_aug2_232,primary_platform,5,6,I do not use social media,0.06
105,teen_social_big_support_aug2_233,social_media_hours,0,1,Less than one hour,0.56
105,teen_social_big_support_aug2_233,social_media_hours,1,2,One to three hours,0.34
105,teen_social_big_support_aug2_233,social_media_hours,2,3,Four or more hours,0.1
105,teen_social_big_support_aug2_233,posting_frequency,0,1,Never or almost never,0.31
105,teen_social_big_support_aug2_233,posting_frequency,1,2,Less than once a week,0.45
105,teen_social_big_support_aug2_233,posting_frequency,2,3,A few times a week,0.18
105,teen_social_big_support_aug2_233,posting_frequency,3,4,At least once a day,0.06
105,teen_social_big_support_aug2_233,late_night_use,0,1,Never,0.2
105,teen_social_big_support_aug2_233,late_night_use,1,2,Rarely,0.28
105,teen_social_big_support_aug2_233,late_night_use,2,3,Sometimes,0.4
105,teen_social_big_support_aug2_233,late_night_use,3,4,Often,0.12
105,teen_social_big_support_aug2_233,sleep_interference,0,1,Never,0.54
105,teen_social_big_support_aug2_233,sleep_interference,1,2,Rarely,0.3
105,teen_social_big_support_aug2_233,sleep_interference,2,3,Sometimes,0.12
105,teen_social_big_support_aug2_233,sleep_interference,3,4,Often,0.04
105,teen_social_big_support_aug2_233,social_comparison,0,1,Never,0.14
105,teen_social_big_support_aug2_233,social_comparison,1,2,Rarely,0.27
105,teen_social_big_support_aug2_233,social_comparison,2,3,Sometimes,0.43
105,teen_social_big_support_aug2_233,social_comparison,3,4,Often,0.16
105,teen_social_big_support_aug2_233,connection_effect,0,1,Makes me feel less connected,0.45
105,teen_social_big_support_aug2_233,connection_effect,1,2,Makes little difference,0.37
105,teen_social_big_support_aug2_233,connection_effect,2,3,Makes me feel more connected,0.18
105,teen_social_big_support_aug2_233,parental_rules,0,1,No rules,0.48
105,teen_social_big_support_aug2_233,parental_rules,1,2,A few loose rules,0.29
105,teen_social_big_support_aug2_233,parental_rules,2,3,Some clear rules,0.17
105,teen_social_big_support_aug2_233,parental_rules,3,4,Very strict rules,0.06
105,teen_social_big_support_aug2_233,primary_platform,0,1,TikTok,0.18
105,teen_social_big_support_aug2_233,primary_platform,1,2,Instagram,0.38
105,teen_social_big_support_aug2_233,primary_platform,2,3,YouTube,0.17
105,teen_social_big_support_aug2_233,primary_platform,3,4,Snapchat,0.16
105,teen_social_big_support_aug2_233,primary_platform,4,5,Another platform,0.08
105,teen_social_big_support_aug2_233,primary_platform,5,6,I do not use social media,0.03
106,teen_social_big_support_aug2_234,social_media_hours,0,1,Less than one hour,0.62
106,teen_social_big_support_aug2_234,social_media_hours,1,2,One to three hours,0.3
106,teen_social_big_support_aug2_234,social_media_hours,2,3,Four or more hours,0.08
106,teen_social_big_support_aug2_234,posting_frequency,0,1,Never or almost never,0.58
106,teen_social_big_support_aug2_234,posting_frequency,1,2,Less than once a week,0.24
106,teen_social_big_support_aug2_234,posting_frequency,2,3,A few times a week,0.12
106,teen_social_big_support_aug2_234,posting_frequency,3,4,At least once a day,0.06
106,teen_social_big_support_aug2_234,late_night_use,0,1,Never,0.12
106,teen_social_big_support_aug2_234,late_night_use,1,2,Rarely,0.25
106,teen_social_big_support_aug2_234,late_night_use,2,3,Sometimes,0.45
106,teen_social_big_support_aug2_234,late_night_use,3,4,Often,0.18
106,teen_social_big_support_aug2_234,sleep_interference,0,1,Never,0.08
106,teen_social_big_support_aug2_234,sleep_interference,1,2,Rarely,0.16
106,teen_social_big_support_aug2_234,sleep_interference,2,3,Sometimes,0.31
106,teen_social_big_support_aug2_234,sleep_interference,3,4,Often,0.45
106,teen_social_big_support_aug2_234,social_comparison,0,1,Never,0.07
106,teen_social_big_support_aug2_234,social_comparison,1,2,Rarely,0.16
106,teen_social_big_support_aug2_234,social_comparison,2,3,Sometimes,0.29
106,teen_social_big_support_aug2_234,social_comparison,3,4,Often,0.48
106,teen_social_big_support_aug2_234,connection_effect,0,1,Makes me feel less connected,0.12
106,teen_social_big_support_aug2_234,connection_effect,1,2,Makes little difference,0.33
106,teen_social_big_support_aug2_234,connection_effect,2,3,Makes me feel more connected,0.55
106,teen_social_big_support_aug2_234,parental_rules,0,1,No rules,0.04
106,teen_social_big_support_aug2_234,parental_rules,1,2,A few loose rules,0.1
106,teen_social_big_support_aug2_234,parental_rules,2,3,Some clear rules,0.24
106,teen_social_big_support_aug2_234,parental_rules,3,4,Very strict rules,0.62
106,teen_social_big_support_aug2_234,primary_platform,0,1,TikTok,0.08
106,teen_social_big_support_aug2_234,primary_platform,1,2,Instagram,0.1
106,teen_social_big_support_aug2_234,primary_platform,2,3,YouTube,0.14
106,teen_social_big_support_aug2_234,primary_platform,3,4,Snapchat,0.09
106,teen_social_big_support_aug2_234,primary_platform,4,5,Another platform,0.12
106,teen_social_big_support_aug2_234,primary_platform,5,6,I do not use social media,0.47
107,teen_social_big_support_aug2_235,social_media_hours,0,1,Less than one hour,0.58
107,teen_social_big_support_aug2_235,social_media_hours,1,2,One to three hours,0.34
107,teen_social_big_support_aug2_235,social_media_hours,2,3,Four or more hours,0.08
107,teen_social_big_support_aug2_235,posting_frequency,0,1,Never or almost never,0.24
107,teen_social_big_support_aug2_235,posting_frequency,1,2,Less than once a week,0.46
107,teen_social_big_support_aug2_235,posting_frequency,2,3,A few times a week,0.21
107,teen_social_big_support_aug2_235,posting_frequency,3,4,At least once a day,0.09
107,teen_social_big_support_aug2_235,late_night_use,0,1,Never,0.22
107,teen_social_big_support_aug2_235,late_night_use,1,2,Rarely,0.45
107,teen_social_big_support_aug2_235,late_night_use,2,3,Sometimes,0.24
107,teen_social_big_support_aug2_235,late_night_use,3,4,Often,0.09
107,teen_social_big_support_aug2_235,sleep_interference,0,1,Never,0.08
107,teen_social_big_support_aug2_235,sleep_interference,1,2,Rarely,0.17
107,teen_social_big_support_aug2_235,sleep_interference,2,3,Sometimes,0.29
107,teen_social_big_support_aug2_235,sleep_interference,3,4,Often,0.46
107,teen_social_big_support_aug2_235,social_comparison,0,1,Never,0.13
107,teen_social_big_support_aug2_235,social_comparison,1,2,Rarely,0.27
107,teen_social_big_support_aug2_235,social_comparison,2,3,Sometimes,0.43
107,teen_social_big_support_aug2_235,social_comparison,3,4,Often,0.17
107,teen_social_big_support_aug2_235,connection_effect,0,1,Makes me feel less connected,0.09
107,teen_social_big_support_aug2_235,connection_effect,1,2,Makes little difference,0.32
107,teen_social_big_support_aug2_235,connection_effect,2,3,Makes me feel more connected,0.59
107,teen_social_big_support_aug2_235,parental_rules,0,1,No rules,0.18
107,teen_social_big_support_aug2_235,parental_rules,1,2,A few loose rules,0.47
107,teen_social_big_support_aug2_235,parental_rules,2,3,Some clear rules,0.27
107,teen_social_big_support_aug2_235,parental_rules,3,4,Very strict rules,0.08
107,teen_social_big_support_aug2_235,primary_platform,0,1,TikTok,0.45
107,teen_social_big_support_aug2_235,primary_platform,1,2,Instagram,0.18
107,teen_social_big_support_aug2_235,primary_platform,2,3,YouTube,0.13
107,teen_social_big_support_aug2_235,primary_platform,3,4,Snapchat,0.12
107,teen_social_big_support_aug2_235,primary_platform,4,5,Another platform,0.07
107,teen_social_big_support_aug2_235,primary_platform,5,6,I do not use social media,0.05
108,teen_social_big_support_aug2_236,social_media_hours,0,1,Less than one hour,0.52
108,teen_social_big_support_aug2_236,social_media_hours,1,2,One to three hours,0.35
108,teen_social_big_support_aug2_236,social_media_hours,2,3,Four or more hours,0.13
108,teen_social_big_support_aug2_236,posting_frequency,0,1,Never or almost never,0.55
108,teen_social_big_support_aug2_236,posting_frequency,1,2,Less than once a week,0.25
108,teen_social_big_support_aug2_236,posting_frequency,2,3,A few times a week,0.14
108,teen_social_big_support_aug2_236,posting_frequency,3,4,At least once a day,0.06
108,teen_social_big_support_aug2_236,late_night_use,0,1,Never,0.08
108,teen_social_big_support_aug2_236,late_night_use,1,2,Rarely,0.15
108,teen_social_big_support_aug2_236,late_night_use,2,3,Sometimes,0.3
108,teen_social_big_support_aug2_236,late_night_use,3,4,Often,0.47
108,teen_social_big_support_aug2_236,sleep_interference,0,1,Never,0.07
108,teen_social_big_support_aug2_236,sleep_interference,1,2,Rarely,0.16
108,teen_social_big_support_aug2_236,sleep_interference,2,3,Sometimes,0.31
108,teen_social_big_support_aug2_236,sleep_interference,3,4,Often,0.46
108,teen_social_big_support_aug2_236,social_comparison,0,1,Never,0.06
108,teen_social_big_support_aug2_236,social_comparison,1,2,Rarely,0.17
108,teen_social_big_support_aug2_236,social_comparison,2,3,Sometimes,0.32
108,teen_social_big_support_aug2_236,social_comparison,3,4,Often,0.45
108,teen_social_big_support_aug2_236,connection_effect,0,1,Makes me feel less connected,0.48
108,teen_social_big_support_aug2_236,connection_effect,1,2,Makes little difference,0.34
108,teen_social_big_support_aug2_236,connection_effect,2,3,Makes me feel more connected,0.18
108,teen_social_big_support_aug2_236,parental_rules,0,1,No rules,0.08
108,teen_social_big_support_aug2_236,parental_rules,1,2,A few loose rules,0.24
108,teen_social_big_support_aug2_236,parental_rules,2,3,Some clear rules,0.5
108,teen_social_big_support_aug2_236,parental_rules,3,4,Very strict rules,0.18
108,teen_social_big_support_aug2_236,primary_platform,0,1,TikTok,0.12
108,teen_social_big_support_aug2_236,primary_platform,1,2,Instagram,0.1
108,teen_social_big_support_aug2_236,primary_platform,2,3,YouTube,0.48
108,teen_social_big_support_aug2_236,primary_platform,3,4,Snapchat,0.12
108,teen_social_big_support_aug2_236,primary_platform,4,5,Another platform,0.1
108,teen_social_big_support_aug2_236,primary_platform,5,6,I do not use social media,0.08
109,teen_social_big_support_aug2_237,social_media_hours,0,1,Less than one hour,0.54
109,teen_social_big_support_aug2_237,social_media_hours,1,2,One to three hours,0.36
109,teen_social_big_support_aug2_237,social_media_hours,2,3,Four or more hours,0.1
109,teen_social_big_support_aug2_237,posting_frequency,0,1,Never or almost never,0.11
109,teen_social_big_support_aug2_237,posting_frequency,1,2,Less than once a week,0.22
109,teen_social_big_support_aug2_237,posting_frequency,2,3,A few times a week,0.5
109,teen_social_big_support_aug2_237,posting_frequency,3,4,At least once a day,0.17
109,teen_social_big_support_aug2_237,late_night_use,0,1,Never,0.22
109,teen_social_big_support_aug2_237,late_night_use,1,2,Rarely,0.48
109,teen_social_big_support_aug2_237,late_night_use,2,3,Sometimes,0.22
109,teen_social_big_support_aug2_237,late_night_use,3,4,Often,0.08
109,teen_social_big_support_aug2_237,sleep_interference,0,1,Never,0.14
109,teen_social_big_support_aug2_237,sleep_interference,1,2,Rarely,0.27
109,teen_social_big_support_aug2_237,sleep_interference,2,3,Sometimes,0.43
109,teen_social_big_support_aug2_237,sleep_interference,3,4,Often,0.16
109,teen_social_big_support_aug2_237,social_comparison,0,1,Never,0.06
109,teen_social_big_support_aug2_237,social_comparison,1,2,Rarely,0.16
109,teen_social_big_support_aug2_237,social_comparison,2,3,Sometimes,0.3
109,teen_social_big_support_aug2_237,social_comparison,3,4,Often,0.48
109,teen_social_big_support_aug2_237,connection_effect,0,1,Makes me feel less connected,0.18
109,teen_social_big_support_aug2_237,connection_effect,1,2,Makes little difference,0.58
109,teen_social_big_support_aug2_237,connection_effect,2,3,Makes me feel more connected,0.24
109,teen_social_big_support_aug2_237,parental_rules,0,1,No rules,0.18
109,teen_social_big_support_aug2_237,parental_rules,1,2,A few loose rules,0.49
109,teen_social_big_support_aug2_237,parental_rules,2,3,Some clear rules,0.25
109,teen_social_big_support_aug2_237,parental_rules,3,4,Very strict rules,0.08
109,teen_social_big_support_aug2_237,primary_platform,0,1,TikTok,0.18
109,teen_social_big_support_aug2_237,primary_platform,1,2,Instagram,0.13
109,teen_social_big_support_aug2_237,primary_platform,2,3,YouTube,0.46
109,teen_social_big_support_aug2_237,primary_platform,3,4,Snapchat,0.12
109,teen_social_big_support_aug2_237,primary_platform,4,5,Another platform,0.08
109,teen_social_big_support_aug2_237,primary_platform,5,6,I do not use social media,0.03
110,teen_social_big_support_aug2_238,social_media_hours,0,1,Less than one hour,0.25
110,teen_social_big_support_aug2_238,social_media_hours,1,2,One to three hours,0.6
110,teen_social_big_support_aug2_238,social_media_hours,2,3,Four or more hours,0.15
110,teen_social_big_support_aug2_238,posting_frequency,0,1,Never or almost never,0.22
110,teen_social_big_support_aug2_238,posting_frequency,1,2,Less than once a week,0.5
110,teen_social_big_support_aug2_238,posting_frequency,2,3,A few times a week,0.2
110,teen_social_big_support_aug2_238,posting_frequency,3,4,At least once a day,0.08
110,teen_social_big_support_aug2_238,late_night_use,0,1,Never,0.12
110,teen_social_big_support_aug2_238,late_night_use,1,2,Rarely,0.25
110,teen_social_big_support_aug2_238,late_night_use,2,3,Sometimes,0.48
110,teen_social_big_support_aug2_238,late_night_use,3,4,Often,0.15
110,teen_social_big_support_aug2_238,sleep_interference,0,1,Never,0.22
110,teen_social_big_support_aug2_238,sleep_interference,1,2,Rarely,0.5
110,teen_social_big_support_aug2_238,sleep_interference,2,3,Sometimes,0.22
110,teen_social_big_support_aug2_238,sleep_interference,3,4,Often,0.06
110,teen_social_big_support_aug2_238,social_comparison,0,1,Never,0.13
110,teen_social_big_support_aug2_238,social_comparison,1,2,Rarely,0.25
110,teen_social_big_support_aug2_238,social_comparison,2,3,Sometimes,0.45
110,teen_social_big_support_aug2_238,social_comparison,3,4,Often,0.17
110,teen_social_big_support_aug2_238,connection_effect,0,1,Makes me feel less connected,0.5
110,teen_social_big_support_aug2_238,connection_effect,1,2,Makes little difference,0.32
110,teen_social_big_support_aug2_238,connection_effect,2,3,Makes me feel more connected,0.18
110,teen_social_big_support_aug2_238,parental_rules,0,1,No rules,0.05
110,teen_social_big_support_aug2_238,parental_rules,1,2,A few loose rules,0.12
110,teen_social_big_support_aug2_238,parental_rules,2,3,Some clear rules,0.28
110,teen_social_big_support_aug2_238,parental_rules,3,4,Very strict rules,0.55
110,teen_social_big_support_aug2_238,primary_platform,0,1,TikTok,0.13
110,teen_social_big_support_aug2_238,primary_platform,1,2,Instagram,0.14
110,teen_social_big_support_aug2_238,primary_platform,2,3,YouTube,0.12
110,teen_social_big_support_aug2_238,primary_platform,3,4,Snapchat,0.5
110,teen_social_big_support_aug2_238,primary_platform,4,5,Another platform,0.08
110,teen_social_big_support_aug2_238,primary_platform,5,6,I do not use social media,0.03
111,teen_social_big_support_aug2_239,social_media_hours,0,1,Less than one hour,0.22
111,teen_social_big_support_aug2_239,social_media_hours,1,2,One to three hours,0.62
111,teen_social_big_support_aug2_239,social_media_hours,2,3,Four or more hours,0.16
111,teen_social_big_support_aug2_239,posting_frequency,0,1,Never or almost never,0.12
111,teen_social_big_support_aug2_239,posting_frequency,1,2,Less than once a week,0.18
111,teen_social_big_support_aug2_239,posting_frequency,2,3,A few times a week,0.52
111,teen_social_big_support_aug2_239,posting_frequency,3,4,At least once a day,0.18
111,teen_social_big_support_aug2_239,late_night_use,0,1,Never,0.58
111,teen_social_big_support_aug2_239,late_night_use,1,2,Rarely,0.25
111,teen_social_big_support_aug2_239,late_night_use,2,3,Sometimes,0.12
111,teen_social_big_support_aug2_239,late_night_use,3,4,Often,0.05
111,teen_social_big_support_aug2_239,sleep_interference,0,1,Never,0.25
111,teen_social_big_support_aug2_239,sleep_interference,1,2,Rarely,0.5
111,teen_social_big_support_aug2_239,sleep_interference,2,3,Sometimes,0.18
111,teen_social_big_support_aug2_239,sleep_interference,3,4,Often,0.07
111,teen_social_big_support_aug2_239,social_comparison,0,1,Never,0.06
111,teen_social_big_support_aug2_239,social_comparison,1,2,Rarely,0.14
111,teen_social_big_support_aug2_239,social_comparison,2,3,Sometimes,0.3
111,teen_social_big_support_aug2_239,social_comparison,3,4,Often,0.5
111,teen_social_big_support_aug2_239,connection_effect,0,1,Makes me feel less connected,0.52
111,teen_social_big_support_aug2_239,connection_effect,1,2,Makes little difference,0.35
111,teen_social_big_support_aug2_239,connection_effect,2,3,Makes me feel more connected,0.13
111,teen_social_big_support_aug2_239,parental_rules,0,1,No rules,0.1
111,teen_social_big_support_aug2_239,parental_rules,1,2,A few loose rules,0.22
111,teen_social_big_support_aug2_239,parental_rules,2,3,Some clear rules,0.52
111,teen_social_big_support_aug2_239,parental_rules,3,4,Very strict rules,0.16
111,teen_social_big_support_aug2_239,primary_platform,0,1,TikTok,0.14
111,teen_social_big_support_aug2_239,primary_platform,1,2,Instagram,0.13
111,teen_social_big_support_aug2_239,primary_platform,2,3,YouTube,0.45
111,teen_social_big_support_aug2_239,primary_platform,3,4,Snapchat,0.16
111,teen_social_big_support_aug2_239,primary_platform,4,5,Another platform,0.1
111,teen_social_big_support_aug2_239,primary_platform,5,6,I do not use social media,0.02
112,teen_social_big_support_aug2_240,social_media_hours,0,1,Less than one hour,0.06
112,teen_social_big_support_aug2_240,social_media_hours,1,2,One to three hours,0.29
112,teen_social_big_support_aug2_240,social_media_hours,2,3,Four or more hours,0.65
112,teen_social_big_support_aug2_240,posting_frequency,0,1,Never or almost never,0.22
112,teen_social_big_support_aug2_240,posting_frequency,1,2,Less than once a week,0.46
112,teen_social_big_support_aug2_240,posting_frequency,2,3,A few times a week,0.22
112,teen_social_big_support_aug2_240,posting_frequency,3,4,At least once a day,0.1
112,teen_social_big_support_aug2_240,late_night_use,0,1,Never,0.03
112,teen_social_big_support_aug2_240,late_night_use,1,2,Rarely,0.12
112,teen_social_big_support_aug2_240,late_night_use,2,3,Sometimes,0.3
112,teen_social_big_support_aug2_240,late_night_use,3,4,Often,0.55
112,teen_social_big_support_aug2_240,sleep_interference,0,1,Never,0.1
112,teen_social_big_support_aug2_240,sleep_interference,1,2,Rarely,0.24
112,teen_social_big_support_aug2_240,sleep_interference,2,3,Sometimes,0.48
112,teen_social_big_support_aug2_240,sleep_interference,3,4,Often,0.18
112,teen_social_big_support_aug2_240,social_comparison,0,1,Never,0.05
112,teen_social_big_support_aug2_240,social_comparison,1,2,Rarely,0.14
112,teen_social_big_support_aug2_240,social_comparison,2,3,Sometimes,0.32
112,teen_social_big_support_aug2_240,social_comparison,3,4,Often,0.49
112,teen_social_big_support_aug2_240,connection_effect,0,1,Makes me feel less connected,0.18
112,teen_social_big_support_aug2_240,connection_effect,1,2,Makes little difference,0.57
112,teen_social_big_support_aug2_240,connection_effect,2,3,Makes me feel more connected,0.25
112,teen_social_big_support_aug2_240,parental_rules,0,1,No rules,0.48
112,teen_social_big_support_aug2_240,parental_rules,1,2,A few loose rules,0.31
112,teen_social_big_support_aug2_240,parental_rules,2,3,Some clear rules,0.16
112,teen_social_big_support_aug2_240,parental_rules,3,4,Very strict rules,0.05
112,teen_social_big_support_aug2_240,primary_platform,0,1,TikTok,0.2
112,teen_social_big_support_aug2_240,primary_platform,1,2,Instagram,0.16
112,teen_social_big_support_aug2_240,primary_platform,2,3,YouTube,0.12
112,teen_social_big_support_aug2_240,primary_platform,3,4,Snapchat,0.43
112,teen_social_big_support_aug2_240,primary_platform,4,5,Another platform,0.08
112,teen_social_big_support_aug2_240,primary_platform,5,6,I do not use social media,0.01
113,teen_social_big_support_aug2_241,social_media_hours,0,1,Less than one hour,0.48
113,teen_social_big_support_aug2_241,social_media_hours,1,2,One to three hours,0.41
113,teen_social_big_support_aug2_241,social_media_hours,2,3,Four or more hours,0.11
113,teen_social_big_support_aug2_241,posting_frequency,0,1,Never or almost never,0.1
113,teen_social_big_support_aug2_241,posting_frequency,1,2,Less than once a week,0.22
113,teen_social_big_support_aug2_241,posting_frequency,2,3,A few times a week,0.46
113,teen_social_big_support_aug2_241,posting_frequency,3,4,At least once a day,0.22
113,teen_social_big_support_aug2_241,late_night_use,0,1,Never,0.06
113,teen_social_big_support_aug2_241,late_night_use,1,2,Rarely,0.13
113,teen_social_big_support_aug2_241,late_night_use,2,3,Sometimes,0.31
113,teen_social_big_support_aug2_241,late_night_use,3,4,Often,0.5
113,teen_social_big_support_aug2_241,sleep_interference,0,1,Never,0.55
113,teen_social_big_support_aug2_241,sleep_interference,1,2,Rarely,0.27
113,teen_social_big_support_aug2_241,sleep_interference,2,3,Sometimes,0.13
113,teen_social_big_support_aug2_241,sleep_interference,3,4,Often,0.05
113,teen_social_big_support_aug2_241,social_comparison,0,1,Never,0.57
113,teen_social_big_support_aug2_241,social_comparison,1,2,Rarely,0.25
113,teen_social_big_support_aug2_241,social_comparison,2,3,Sometimes,0.13
113,teen_social_big_support_aug2_241,social_comparison,3,4,Often,0.05
113,teen_social_big_support_aug2_241,connection_effect,0,1,Makes me feel less connected,0.08
113,teen_social_big_support_aug2_241,connection_effect,1,2,Makes little difference,0.32
113,teen_social_big_support_aug2_241,connection_effect,2,3,Makes me feel more connected,0.6
113,teen_social_big_support_aug2_241,parental_rules,0,1,No rules,0.08
113,teen_social_big_support_aug2_241,parental_rules,1,2,A few loose rules,0.25
113,teen_social_big_support_aug2_241,parental_rules,2,3,Some clear rules,0.49
113,teen_social_big_support_aug2_241,parental_rules,3,4,Very strict rules,0.18
113,teen_social_big_support_aug2_241,primary_platform,0,1,TikTok,0.5
113,teen_social_big_support_aug2_241,primary_platform,1,2,Instagram,0.18
113,teen_social_big_support_aug2_241,primary_platform,2,3,YouTube,0.12
113,teen_social_big_support_aug2_241,primary_platform,3,4,Snapchat,0.11
113,teen_social_big_support_aug2_241,primary_platform,4,5,Another platform,0.07
113,teen_social_big_support_aug2_241,primary_platform,5,6,I do not use social media,0.02
114,teen_social_big_support_aug2_242,social_media_hours,0,1,Less than one hour,0.08
114,teen_social_big_support_aug2_242,social_media_hours,1,2,One to three hours,0.27
114,teen_social_big_support_aug2_242,social_media_hours,2,3,Four or more hours,0.65
114,teen_social_big_support_aug2_242,posting_frequency,0,1,Never or almost never,0.05
114,teen_social_big_support_aug2_242,posting_frequency,1,2,Less than once a week,0.1
114,teen_social_big_support_aug2_242,posting_frequency,2,3,A few times a week,0.25
114,teen_social_big_support_aug2_242,posting_frequency,3,4,At least once a day,0.6
114,teen_social_big_support_aug2_242,late_night_use,0,1,Never,0.08
114,teen_social_big_support_aug2_242,late_night_use,1,2,Rarely,0.21
114,teen_social_big_support_aug2_242,late_night_use,2,3,Sometimes,0.46
114,teen_social_big_support_aug2_242,late_night_use,3,4,Often,0.25
114,teen_social_big_support_aug2_242,sleep_interference,0,1,Never,0.06
114,teen_social_big_support_aug2_242,sleep_interference,1,2,Rarely,0.14
114,teen_social_big_support_aug2_242,sleep_interference,2,3,Sometimes,0.3
114,teen_social_big_support_aug2_242,sleep_interference,3,4,Often,0.5
114,teen_social_big_support_aug2_242,social_comparison,0,1,Never,0.55
114,teen_social_big_support_aug2_242,social_comparison,1,2,Rarely,0.23
114,teen_social_big_support_aug2_242,social_comparison,2,3,Sometimes,0.15
114,teen_social_big_support_aug2_242,social_comparison,3,4,Often,0.07
114,teen_social_big_support_aug2_242,connection_effect,0,1,Makes me feel less connected,0.18
114,teen_social_big_support_aug2_242,connection_effect,1,2,Makes little difference,0.55
114,teen_social_big_support_aug2_242,connection_effect,2,3,Makes me feel more connected,0.27
114,teen_social_big_support_aug2_242,parental_rules,0,1,No rules,0.52
114,teen_social_big_support_aug2_242,parental_rules,1,2,A few loose rules,0.28
114,teen_social_big_support_aug2_242,parental_rules,2,3,Some clear rules,0.15
114,teen_social_big_support_aug2_242,parental_rules,3,4,Very strict rules,0.05
114,teen_social_big_support_aug2_242,primary_platform,0,1,TikTok,0.13
114,teen_social_big_support_aug2_242,primary_platform,1,2,Instagram,0.1
114,teen_social_big_support_aug2_242,primary_platform,2,3,YouTube,0.16
114,teen_social_big_support_aug2_242,primary_platform,3,4,Snapchat,0.11
114,teen_social_big_support_aug2_242,primary_platform,4,5,Another platform,0.14
114,teen_social_big_support_aug2_242,primary_platform,5,6,I do not use social media,0.36
115,teen_social_big_support_aug2_243,social_media_hours,0,1,Less than one hour,0.52
115,teen_social_big_support_aug2_243,social_media_hours,1,2,One to three hours,0.36
115,teen_social_big_support_aug2_243,social_media_hours,2,3,Four or more hours,0.12
115,teen_social_big_support_aug2_243,posting_frequency,0,1,Never or almost never,0.05
115,teen_social_big_support_aug2_243,posting_frequency,1,2,Less than once a week,0.09
115,teen_social_big_support_aug2_243,posting_frequency,2,3,A few times a week,0.25
115,teen_social_big_support_aug2_243,posting_frequency,3,4,At least once a day,0.61
115,teen_social_big_support_aug2_243,late_night_use,0,1,Never,0.05
115,teen_social_big_support_aug2_243,late_night_use,1,2,Rarely,0.13
115,teen_social_big_support_aug2_243,late_night_use,2,3,Sometimes,0.27
115,teen_social_big_support_aug2_243,late_night_use,3,4,Often,0.55
115,teen_social_big_support_aug2_243,sleep_interference,0,1,Never,0.11
115,teen_social_big_support_aug2_243,sleep_interference,1,2,Rarely,0.25
115,teen_social_big_support_aug2_243,sleep_interference,2,3,Sometimes,0.46
115,teen_social_big_support_aug2_243,sleep_interference,3,4,Often,0.18
115,teen_social_big_support_aug2_243,social_comparison,0,1,Never,0.25
115,teen_social_big_support_aug2_243,social_comparison,1,2,Rarely,0.43
115,teen_social_big_support_aug2_243,social_comparison,2,3,Sometimes,0.22
115,teen_social_big_support_aug2_243,social_comparison,3,4,Often,0.1
115,teen_social_big_support_aug2_243,connection_effect,0,1,Makes me feel less connected,0.48
115,teen_social_big_support_aug2_243,connection_effect,1,2,Makes little difference,0.34
115,teen_social_big_support_aug2_243,connection_effect,2,3,Makes me feel more connected,0.18
115,teen_social_big_support_aug2_243,parental_rules,0,1,No rules,0.11
115,teen_social_big_support_aug2_243,parental_rules,1,2,A few loose rules,0.26
115,teen_social_big_support_aug2_243,parental_rules,2,3,Some clear rules,0.47
115,teen_social_big_support_aug2_243,parental_rules,3,4,Very strict rules,0.16
115,teen_social_big_support_aug2_243,primary_platform,0,1,TikTok,0.15
115,teen_social_big_support_aug2_243,primary_platform,1,2,Instagram,0.12
115,teen_social_big_support_aug2_243,primary_platform,2,3,YouTube,0.44
115,teen_social_big_support_aug2_243,primary_platform,3,4,Snapchat,0.18
115,teen_social_big_support_aug2_243,primary_platform,4,5,Another platform,0.08
115,teen_social_big_support_aug2_243,primary_platform,5,6,I do not use social media,0.03
116,teen_social_big_support_aug2_244,social_media_hours,0,1,Less than one hour,0.56
116,teen_social_big_support_aug2_244,social_media_hours,1,2,One to three hours,0.34
116,teen_social_big_support_aug2_244,social_media_hours,2,3,Four or more hours,0.1
116,teen_social_big_support_aug2_244,posting_frequency,0,1,Never or almost never,0.52
116,teen_social_big_support_aug2_244,posting_frequency,1,2,Less than once a week,0.24
116,teen_social_big_support_aug2_244,posting_frequency,2,3,A few times a week,0.16
116,teen_social_big_support_aug2_244,posting_frequency,3,4,At least once a day,0.08
116,teen_social_big_support_aug2_244,late_night_use,0,1,Never,0.24
116,teen_social_big_support_aug2_244,late_night_use,1,2,Rarely,0.43
116,teen_social_big_support_aug2_244,late_night_use,2,3,Sometimes,0.23
116,teen_social_big_support_aug2_244,late_night_use,3,4,Often,0.1
116,teen_social_big_support_aug2_244,sleep_interference,0,1,Never,0.13
116,teen_social_big_support_aug2_244,sleep_interference,1,2,Rarely,0.27
116,teen_social_big_support_aug2_244,sleep_interference,2,3,Sometimes,0.44
116,teen_social_big_support_aug2_244,sleep_interference,3,4,Often,0.16
116,teen_social_big_support_aug2_244,social_comparison,0,1,Never,0.14
116,teen_social_big_support_aug2_244,social_comparison,1,2,Rarely,0.28
116,teen_social_big_support_aug2_244,social_comparison,2,3,Sometimes,0.4
116,teen_social_big_support_aug2_244,social_comparison,3,4,Often,0.18
116,teen_social_big_support_aug2_244,connection_effect,0,1,Makes me feel less connected,0.18
116,teen_social_big_support_aug2_244,connection_effect,1,2,Makes little difference,0.57
116,teen_social_big_support_aug2_244,connection_effect,2,3,Makes me feel more connected,0.25
116,teen_social_big_support_aug2_244,parental_rules,0,1,No rules,0.03
116,teen_social_big_support_aug2_244,parental_rules,1,2,A few loose rules,0.11
116,teen_social_big_support_aug2_244,parental_rules,2,3,Some clear rules,0.26
116,teen_social_big_support_aug2_244,parental_rules,3,4,Very strict rules,0.6
116,teen_social_big_support_aug2_244,primary_platform,0,1,TikTok,0.42
116,teen_social_big_support_aug2_244,primary_platform,1,2,Instagram,0.17
116,teen_social_big_support_aug2_244,primary_platform,2,3,YouTube,0.2
116,teen_social_big_support_aug2_244,primary_platform,3,4,Snapchat,0.09
116,teen_social_big_support_aug2_244,primary_platform,4,5,Another platform,0.05
116,teen_social_big_support_aug2_244,primary_platform,5,6,I do not use social media,0.07
117,teen_social_big_support_aug2_245,social_media_hours,0,1,Less than one hour,0.2
117,teen_social_big_support_aug2_245,social_media_hours,1,2,One to three hours,0.6
117,teen_social_big_support_aug2_245,social_media_hours,2,3,Four or more hours,0.2
117,teen_social_big_support_aug2_245,posting_frequency,0,1,Never or almost never,0.08
117,teen_social_big_support_aug2_245,posting_frequency,1,2,Less than once a week,0.18
117,teen_social_big_support_aug2_245,posting_frequency,2,3,A few times a week,0.56
117,teen_social_big_support_aug2_245,posting_frequency,3,4,At least once a day,0.18
117,teen_social_big_support_aug2_245,late_night_use,0,1,Never,0.22
117,teen_social_big_support_aug2_245,late_night_use,1,2,Rarely,0.5
117,teen_social_big_support_aug2_245,late_night_use,2,3,Sometimes,0.2
117,teen_social_big_support_aug2_245,late_night_use,3,4,Often,0.08
117,teen_social_big_support_aug2_245,sleep_interference,0,1,Never,0.25
117,teen_social_big_support_aug2_245,sleep_interference,1,2,Rarely,0.52
117,teen_social_big_support_aug2_245,sleep_interference,2,3,Sometimes,0.17
117,teen_social_big_support_aug2_245,sleep_interference,3,4,Often,0.06
117,teen_social_big_support_aug2_245,social_comparison,0,1,Never,0.05
117,teen_social_big_support_aug2_245,social_comparison,1,2,Rarely,0.15
117,teen_social_big_support_aug2_245,social_comparison,2,3,Sometimes,0.3
117,teen_social_big_support_aug2_245,social_comparison,3,4,Often,0.5
117,teen_social_big_support_aug2_245,connection_effect,0,1,Makes me feel less connected,0.1
117,teen_social_big_support_aug2_245,connection_effect,1,2,Makes little difference,0.25
117,teen_social_big_support_aug2_245,connection_effect,2,3,Makes me feel more connected,0.65
117,teen_social_big_support_aug2_245,parental_rules,0,1,No rules,0.18
117,teen_social_big_support_aug2_245,parental_rules,1,2,A few loose rules,0.5
117,teen_social_big_support_aug2_245,parental_rules,2,3,Some clear rules,0.24
117,teen_social_big_support_aug2_245,parental_rules,3,4,Very strict rules,0.08
117,teen_social_big_support_aug2_245,primary_platform,0,1,TikTok,0.14
117,teen_social_big_support_aug2_245,primary_platform,1,2,Instagram,0.16
117,teen_social_big_support_aug2_245,primary_platform,2,3,YouTube,0.15
117,teen_social_big_support_aug2_245,primary_platform,3,4,Snapchat,0.13
117,teen_social_big_support_aug2_245,primary_platform,4,5,Another platform,0.4
117,teen_social_big_support_aug2_245,primary_platform,5,6,I do not use social media,0.02
118,teen_social_big_support_aug2_246,social_media_hours,0,1,Less than one hour,0.12
118,teen_social_big_support_aug2_246,social_media_hours,1,2,One to three hours,0.33
118,teen_social_big_support_aug2_246,social_media_hours,2,3,Four or more hours,0.55
118,teen_social_big_support_aug2_246,posting_frequency,0,1,Never or almost never,0.46
118,teen_social_big_support_aug2_246,posting_frequency,1,2,Less than once a week,0.25
118,teen_social_big_support_aug2_246,posting_frequency,2,3,A few times a week,0.19
118,teen_social_big_support_aug2_246,posting_frequency,3,4,At least once a day,0.1
118,teen_social_big_support_aug2_246,late_night_use,0,1,Never,0.14
118,teen_social_big_support_aug2_246,late_night_use,1,2,Rarely,0.24
118,teen_social_big_support_aug2_246,late_night_use,2,3,Sometimes,0.42
118,teen_social_big_support_aug2_246,late_night_use,3,4,Often,0.2
118,teen_social_big_support_aug2_246,sleep_interference,0,1,Never,0.5
118,teen_social_big_support_aug2_246,sleep_interference,1,2,Rarely,0.28
118,teen_social_big_support_aug2_246,sleep_interference,2,3,Sometimes,0.15
118,teen_social_big_support_aug2_246,sleep_interference,3,4,Often,0.07
118,teen_social_big_support_aug2_246,social_comparison,0,1,Never,0.07
118,teen_social_big_support_aug2_246,social_comparison,1,2,Rarely,0.14
118,teen_social_big_support_aug2_246,social_comparison,2,3,Sometimes,0.31
118,teen_social_big_support_aug2_246,social_comparison,3,4,Often,0.48
118,teen_social_big_support_aug2_246,connection_effect,0,1,Makes me feel less connected,0.13
118,teen_social_big_support_aug2_246,connection_effect,1,2,Makes little difference,0.31
118,teen_social_big_support_aug2_246,connection_effect,2,3,Makes me feel more connected,0.56
118,teen_social_big_support_aug2_246,parental_rules,0,1,No rules,0.18
118,teen_social_big_support_aug2_246,parental_rules,1,2,A few loose rules,0.45
118,teen_social_big_support_aug2_246,parental_rules,2,3,Some clear rules,0.27
118,teen_social_big_support_aug2_246,parental_rules,3,4,Very strict rules,0.1
118,teen_social_big_support_aug2_246,primary_platform,0,1,TikTok,0.15
118,teen_social_big_support_aug2_246,primary_platform,1,2,Instagram,0.13
118,teen_social_big_support_aug2_246,primary_platform,2,3,YouTube,0.17
118,teen_social_big_support_aug2_246,primary_platform,3,4,Snapchat,0.14
118,teen_social_big_support_aug2_246,primary_platform,4,5,Another platform,0.4
118,teen_social_big_support_aug2_246,primary_platform,5,6,I do not use social media,0.01
119,teen_social_big_support_aug2_247,social_media_hours,0,1,Less than one hour,0.55
119,teen_social_big_support_aug2_247,social_media_hours,1,2,One to three hours,0.34
119,teen_social_big_support_aug2_247,social_media_hours,2,3,Four or more hours,0.11
119,teen_social_big_support_aug2_247,posting_frequency,0,1,Never or almost never,0.12
119,teen_social_big_support_aug2_247,posting_frequency,1,2,Less than once a week,0.15
119,teen_social_big_support_aug2_247,posting_frequency,2,3,A few times a week,0.25
119,teen_social_big_support_aug2_247,posting_frequency,3,4,At least once a day,0.48
119,teen_social_big_support_aug2_247,late_night_use,0,1,Never,0.12
119,teen_social_big_support_aug2_247,late_night_use,1,2,Rarely,0.5
119,teen_social_big_support_aug2_247,late_night_use,2,3,Sometimes,0.28
119,teen_social_big_support_aug2_247,late_night_use,3,4,Often,0.1
119,teen_social_big_support_aug2_247,sleep_interference,0,1,Never,0.05
119,teen_social_big_support_aug2_247,sleep_interference,1,2,Rarely,0.15
119,teen_social_big_support_aug2_247,sleep_interference,2,3,Sometimes,0.3
119,teen_social_big_support_aug2_247,sleep_interference,3,4,Often,0.5
119,teen_social_big_support_aug2_247,social_comparison,0,1,Never,0.06
119,teen_social_big_support_aug2_247,social_comparison,1,2,Rarely,0.16
119,teen_social_big_support_aug2_247,social_comparison,2,3,Sometimes,0.31
119,teen_social_big_support_aug2_247,social_comparison,3,4,Often,0.47
119,teen_social_big_support_aug2_247,connection_effect,0,1,Makes me feel less connected,0.5
119,teen_social_big_support_aug2_247,connection_effect,1,2,Makes little difference,0.32
119,teen_social_big_support_aug2_247,connection_effect,2,3,Makes me feel more connected,0.18
119,teen_social_big_support_aug2_247,parental_rules,0,1,No rules,0.16
119,teen_social_big_support_aug2_247,parental_rules,1,2,A few loose rules,0.48
119,teen_social_big_support_aug2_247,parental_rules,2,3,Some clear rules,0.25
119,teen_social_big_support_aug2_247,parental_rules,3,4,Very strict rules,0.11
119,teen_social_big_support_aug2_247,primary_platform,0,1,TikTok,0.1
119,teen_social_big_support_aug2_247,primary_platform,1,2,Instagram,0.12
119,teen_social_big_support_aug2_247,primary_platform,2,3,YouTube,0.16
119,teen_social_big_support_aug2_247,primary_platform,3,4,Snapchat,0.1
119,teen_social_big_support_aug2_247,primary_platform,4,5,Another platform,0.15
119,teen_social_big_support_aug2_247,primary_platform,5,6,I do not use social media,0.37
120,teen_social_big_support_aug2_248,social_media_hours,0,1,Less than one hour,0.08
120,teen_social_big_support_aug2_248,social_media_hours,1,2,One to three hours,0.25
120,teen_social_big_support_aug2_248,social_media_hours,2,3,Four or more hours,0.67
120,teen_social_big_support_aug2_248,posting_frequency,0,1,Never or almost never,0.08
120,teen_social_big_support_aug2_248,posting_frequency,1,2,Less than once a week,0.18
120,teen_social_big_support_aug2_248,posting_frequency,2,3,A few times a week,0.52
120,teen_social_big_support_aug2_248,posting_frequency,3,4,At least once a day,0.22
120,teen_social_big_support_aug2_248,late_night_use,0,1,Never,0.22
120,teen_social_big_support_aug2_248,late_night_use,1,2,Rarely,0.48
120,teen_social_big_support_aug2_248,late_night_use,2,3,Sometimes,0.22
120,teen_social_big_support_aug2_248,late_night_use,3,4,Often,0.08
120,teen_social_big_support_aug2_248,sleep_interference,0,1,Never,0.56
120,teen_social_big_support_aug2_248,sleep_interference,1,2,Rarely,0.27
120,teen_social_big_support_aug2_248,sleep_interference,2,3,Sometimes,0.13
120,teen_social_big_support_aug2_248,sleep_interference,3,4,Often,0.04
120,teen_social_big_support_aug2_248,social_comparison,0,1,Never,0.13
120,teen_social_big_support_aug2_248,social_comparison,1,2,Rarely,0.23
120,teen_social_big_support_aug2_248,social_comparison,2,3,Sometimes,0.48
120,teen_social_big_support_aug2_248,social_comparison,3,4,Often,0.16
120,teen_social_big_support_aug2_248,connection_effect,0,1,Makes me feel less connected,0.16
120,teen_social_big_support_aug2_248,connection_effect,1,2,Makes little difference,0.58
120,teen_social_big_support_aug2_248,connection_effect,2,3,Makes me feel more connected,0.26
120,teen_social_big_support_aug2_248,parental_rules,0,1,No rules,0.54
120,teen_social_big_support_aug2_248,parental_rules,1,2,A few loose rules,0.26
120,teen_social_big_support_aug2_248,parental_rules,2,3,Some clear rules,0.15
120,teen_social_big_support_aug2_248,parental_rules,3,4,Very strict rules,0.05
120,teen_social_big_support_aug2_248,primary_platform,0,1,TikTok,0.56
120,teen_social_big_support_aug2_248,primary_platform,1,2,Instagram,0.16
120,teen_social_big_support_aug2_248,primary_platform,2,3,YouTube,0.11
120,teen_social_big_support_aug2_248,primary_platform,3,4,Snapchat,0.11
120,teen_social_big_support_aug2_248,primary_platform,4,5,Another platform,0.05
120,teen_social_big_support_aug2_248,primary_platform,5,6,I do not use social media,0.01
121,teen_social_big_support_aug2_249,social_media_hours,0,1,Less than one hour,0.25
121,teen_social_big_support_aug2_249,social_media_hours,1,2,One to three hours,0.6
121,teen_social_big_support_aug2_249,social_media_hours,2,3,Four or more hours,0.15
121,teen_social_big_support_aug2_249,posting_frequency,0,1,Never or almost never,0.62
121,teen_social_big_support_aug2_249,posting_frequency,1,2,Less than once a week,0.22
121,teen_social_big_support_aug2_249,posting_frequency,2,3,A few times a week,0.1
121,teen_social_big_support_aug2_249,posting_frequency,3,4,At least once a day,0.06
121,teen_social_big_support_aug2_249,late_night_use,0,1,Never,0.28
121,teen_social_big_support_aug2_249,late_night_use,1,2,Rarely,0.5
121,teen_social_big_support_aug2_249,late_night_use,2,3,Sometimes,0.16
121,teen_social_big_support_aug2_249,late_night_use,3,4,Often,0.06
121,teen_social_big_support_aug2_249,sleep_interference,0,1,Never,0.07
121,teen_social_big_support_aug2_249,sleep_interference,1,2,Rarely,0.14
121,teen_social_big_support_aug2_249,sleep_interference,2,3,Sometimes,0.29
121,teen_social_big_support_aug2_249,sleep_interference,3,4,Often,0.5
121,teen_social_big_support_aug2_249,social_comparison,0,1,Never,0.64
121,teen_social_big_support_aug2_249,social_comparison,1,2,Rarely,0.22
121,teen_social_big_support_aug2_249,social_comparison,2,3,Sometimes,0.1
121,teen_social_big_support_aug2_249,social_comparison,3,4,Often,0.04
121,teen_social_big_support_aug2_249,connection_effect,0,1,Makes me feel less connected,0.52
121,teen_social_big_support_aug2_249,connection_effect,1,2,Makes little difference,0.33
121,teen_social_big_support_aug2_249,connection_effect,2,3,Makes me feel more connected,0.15
121,teen_social_big_support_aug2_249,parental_rules,0,1,No rules,0.58
121,teen_social_big_support_aug2_249,parental_rules,1,2,A few loose rules,0.26
121,teen_social_big_support_aug2_249,parental_rules,2,3,Some clear rules,0.12
121,teen_social_big_support_aug2_249,parental_rules,3,4,Very strict rules,0.04
121,teen_social_big_support_aug2_249,primary_platform,0,1,TikTok,0.06
121,teen_social_big_support_aug2_249,primary_platform,1,2,Instagram,0.05
121,teen_social_big_support_aug2_249,primary_platform,2,3,YouTube,0.12
121,teen_social_big_support_aug2_249,primary_platform,3,4,Snapchat,0.04
121,teen_social_big_support_aug2_249,primary_platform,4,5,Another platform,0.11
121,teen_social_big_support_aug2_249,primary_platform,5,6,I do not use social media,0.62
122,teen_social_big_support_aug2_250,social_media_hours,0,1,Less than one hour,0.18
122,teen_social_big_support_aug2_250,social_media_hours,1,2,One to three hours,0.62
122,teen_social_big_support_aug2_250,social_media_hours,2,3,Four or more hours,0.2
122,teen_social_big_support_aug2_250,posting_frequency,0,1,Never or almost never,0.08
122,teen_social_big_support_aug2_250,posting_frequency,1,2,Less than once a week,0.12
122,teen_social_big_support_aug2_250,posting_frequency,2,3,A few times a week,0.25
122,teen_social_big_support_aug2_250,posting_frequency,3,4,At least once a day,0.55
122,teen_social_big_support_aug2_250,late_night_use,0,1,Never,0.27
122,teen_social_big_support_aug2_250,late_night_use,1,2,Rarely,0.48
122,teen_social_big_support_aug2_250,late_night_use,2,3,Sometimes,0.18
122,teen_social_big_support_aug2_250,late_night_use,3,4,Often,0.07
122,teen_social_big_support_aug2_250,sleep_interference,0,1,Never,0.64
122,teen_social_big_support_aug2_250,sleep_interference,1,2,Rarely,0.24
122,teen_social_big_support_aug2_250,sleep_interference,2,3,Sometimes,0.09
122,teen_social_big_support_aug2_250,sleep_interference,3,4,Often,0.03
122,teen_social_big_support_aug2_250,social_comparison,0,1,Never,0.58
122,teen_social_big_support_aug2_250,social_comparison,1,2,Rarely,0.27
122,teen_social_big_support_aug2_250,social_comparison,2,3,Sometimes,0.11
122,teen_social_big_support_aug2_250,social_comparison,3,4,Often,0.04
122,teen_social_big_support_aug2_250,connection_effect,0,1,Makes me feel less connected,0.06
122,teen_social_big_support_aug2_250,connection_effect,1,2,Makes little difference,0.24
122,teen_social_big_support_aug2_250,connection_effect,2,3,Makes me feel more connected,0.7
122,teen_social_big_support_aug2_250,parental_rules,0,1,No rules,0.52
122,teen_social_big_support_aug2_250,parental_rules,1,2,A few loose rules,0.27
122,teen_social_big_support_aug2_250,parental_rules,2,3,Some clear rules,0.16
122,teen_social_big_support_aug2_250,parental_rules,3,4,Very strict rules,0.05
122,teen_social_big_support_aug2_250,primary_platform,0,1,TikTok,0.55
122,teen_social_big_support_aug2_250,primary_platform,1,2,Instagram,0.17
122,teen_social_big_support_aug2_250,primary_platform,2,3,YouTube,0.11
122,teen_social_big_support_aug2_250,primary_platform,3,4,Snapchat,0.12
122,teen_social_big_support_aug2_250,primary_platform,4,5,Another platform,0.04
122,teen_social_big_support_aug2_250,primary_platform,5,6,I do not use social media,0.01
123,teen_social_big_support_aug2_251,social_media_hours,0,1,Less than one hour,0.24
123,teen_social_big_support_aug2_251,social_media_hours,1,2,One to three hours,0.62
123,teen_social_big_support_aug2_251,social_media_hours,2,3,Four or more hours,0.14
123,teen_social_big_support_aug2_251,posting_frequency,0,1,Never or almost never,0.52
123,teen_social_big_support_aug2_251,posting_frequency,1,2,Less than once a week,0.24
123,teen_social_big_support_aug2_251,posting_frequency,2,3,A few times a week,0.16
123,teen_social_big_support_aug2_251,posting_frequency,3,4,At least once a day,0.08
123,teen_social_big_support_aug2_251,late_night_use,0,1,Never,0.25
123,teen_social_big_support_aug2_251,late_night_use,1,2,Rarely,0.49
123,teen_social_big_support_aug2_251,late_night_use,2,3,Sometimes,0.19
123,teen_social_big_support_aug2_251,late_night_use,3,4,Often,0.07
123,teen_social_big_support_aug2_251,sleep_interference,0,1,Never,0.58
123,teen_social_big_support_aug2_251,sleep_interference,1,2,Rarely,0.25
123,teen_social_big_support_aug2_251,sleep_interference,2,3,Sometimes,0.12
123,teen_social_big_support_aug2_251,sleep_interference,3,4,Often,0.05
123,teen_social_big_support_aug2_251,social_comparison,0,1,Never,0.16
123,teen_social_big_support_aug2_251,social_comparison,1,2,Rarely,0.26
123,teen_social_big_support_aug2_251,social_comparison,2,3,Sometimes,0.43
123,teen_social_big_support_aug2_251,social_comparison,3,4,Often,0.15
123,teen_social_big_support_aug2_251,connection_effect,0,1,Makes me feel less connected,0.11
123,teen_social_big_support_aug2_251,connection_effect,1,2,Makes little difference,0.29
123,teen_social_big_support_aug2_251,connection_effect,2,3,Makes me feel more connected,0.6
123,teen_social_big_support_aug2_251,parental_rules,0,1,No rules,0.09
123,teen_social_big_support_aug2_251,parental_rules,1,2,A few loose rules,0.25
123,teen_social_big_support_aug2_251,parental_rules,2,3,Some clear rules,0.48
123,teen_social_big_support_aug2_251,parental_rules,3,4,Very strict rules,0.18
123,teen_social_big_support_aug2_251,primary_platform,0,1,TikTok,0.15
123,teen_social_big_support_aug2_251,primary_platform,1,2,Instagram,0.17
123,teen_social_big_support_aug2_251,primary_platform,2,3,YouTube,0.12
123,teen_social_big_support_aug2_251,primary_platform,3,4,Snapchat,0.43
123,teen_social_big_support_aug2_251,primary_platform,4,5,Another platform,0.08
123,teen_social_big_support_aug2_251,primary_platform,5,6,I do not use social media,0.05
124,teen_social_big_support_aug2_252,social_media_hours,0,1,Less than one hour,0.52
124,teen_social_big_support_aug2_252,social_media_hours,1,2,One to three hours,0.35
124,teen_social_big_support_aug2_252,social_media_hours,2,3,Four or more hours,0.13
124,teen_social_big_support_aug2_252,posting_frequency,0,1,Never or almost never,0.06
124,teen_social_big_support_aug2_252,posting_frequency,1,2,Less than once a week,0.1
124,teen_social_big_support_aug2_252,posting_frequency,2,3,A few times a week,0.25
124,teen_social_big_support_aug2_252,posting_frequency,3,4,At least once a day,0.59
124,teen_social_big_support_aug2_252,late_night_use,0,1,Never,0.14
124,teen_social_big_support_aug2_252,late_night_use,1,2,Rarely,0.27
124,teen_social_big_support_aug2_252,late_night_use,2,3,Sometimes,0.44
124,teen_social_big_support_aug2_252,late_night_use,3,4,Often,0.15
124,teen_social_big_support_aug2_252,sleep_interference,0,1,Never,0.18
124,teen_social_big_support_aug2_252,sleep_interference,1,2,Rarely,0.28
124,teen_social_big_support_aug2_252,sleep_interference,2,3,Sometimes,0.39
124,teen_social_big_support_aug2_252,sleep_interference,3,4,Often,0.15
124,teen_social_big_support_aug2_252,social_comparison,0,1,Never,0.24
124,teen_social_big_support_aug2_252,social_comparison,1,2,Rarely,0.47
124,teen_social_big_support_aug2_252,social_comparison,2,3,Sometimes,0.22
124,teen_social_big_support_aug2_252,social_comparison,3,4,Often,0.07
124,teen_social_big_support_aug2_252,connection_effect,0,1,Makes me feel less connected,0.06
124,teen_social_big_support_aug2_252,connection_effect,1,2,Makes little difference,0.23
124,teen_social_big_support_aug2_252,connection_effect,2,3,Makes me feel more connected,0.71
124,teen_social_big_support_aug2_252,parental_rules,0,1,No rules,0.17
124,teen_social_big_support_aug2_252,parental_rules,1,2,A few loose rules,0.5
124,teen_social_big_support_aug2_252,parental_rules,2,3,Some clear rules,0.25
124,teen_social_big_support_aug2_252,parental_rules,3,4,Very strict rules,0.08
124,teen_social_big_support_aug2_252,primary_platform,0,1,TikTok,0.54
124,teen_social_big_support_aug2_252,primary_platform,1,2,Instagram,0.16
124,teen_social_big_support_aug2_252,primary_platform,2,3,YouTube,0.1
124,teen_social_big_support_aug2_252,primary_platform,3,4,Snapchat,0.12
124,teen_social_big_support_aug2_252,primary_platform,4,5,Another platform,0.05
124,teen_social_big_support_aug2_252,primary_platform,5,6,I do not use social media,0.03
125,teen_social_big_support_aug2_253,social_media_hours,0,1,Less than one hour,0.06
125,teen_social_big_support_aug2_253,social_media_hours,1,2,One to three hours,0.28
125,teen_social_big_support_aug2_253,social_media_hours,2,3,Four or more hours,0.66
125,teen_social_big_support_aug2_253,posting_frequency,0,1,Never or almost never,0.05
125,teen_social_big_support_aug2_253,posting_frequency,1,2,Less than once a week,0.08
125,teen_social_big_support_aug2_253,posting_frequency,2,3,A few times a week,0.25
125,teen_social_big_support_aug2_253,posting_frequency,3,4,At least once a day,0.62
125,teen_social_big_support_aug2_253,late_night_use,0,1,Never,0.18
125,teen_social_big_support_aug2_253,late_night_use,1,2,Rarely,0.49
125,teen_social_big_support_aug2_253,late_night_use,2,3,Sometimes,0.22
125,teen_social_big_support_aug2_253,late_night_use,3,4,Often,0.11
125,teen_social_big_support_aug2_253,sleep_interference,0,1,Never,0.06
125,teen_social_big_support_aug2_253,sleep_interference,1,2,Rarely,0.13
125,teen_social_big_support_aug2_253,sleep_interference,2,3,Sometimes,0.29
125,teen_social_big_support_aug2_253,sleep_interference,3,4,Often,0.52
125,teen_social_big_support_aug2_253,social_comparison,0,1,Never,0.58
125,teen_social_big_support_aug2_253,social_comparison,1,2,Rarely,0.24
125,teen_social_big_support_aug2_253,social_comparison,2,3,Sometimes,0.13
125,teen_social_big_support_aug2_253,social_comparison,3,4,Often,0.05
125,teen_social_big_support_aug2_253,connection_effect,0,1,Makes me feel less connected,0.54
125,teen_social_big_support_aug2_253,connection_effect,1,2,Makes little difference,0.32
125,teen_social_big_support_aug2_253,connection_effect,2,3,Makes me feel more connected,0.14
125,teen_social_big_support_aug2_253,parental_rules,0,1,No rules,0.61
125,teen_social_big_support_aug2_253,parental_rules,1,2,A few loose rules,0.22
125,teen_social_big_support_aug2_253,parental_rules,2,3,Some clear rules,0.12
125,teen_social_big_support_aug2_253,parental_rules,3,4,Very strict rules,0.05
125,teen_social_big_support_aug2_253,primary_platform,0,1,TikTok,0.13
125,teen_social_big_support_aug2_253,primary_platform,1,2,Instagram,0.16
125,teen_social_big_support_aug2_253,primary_platform,2,3,YouTube,0.14
125,teen_social_big_support_aug2_253,primary_platform,3,4,Snapchat,0.12
125,teen_social_big_support_aug2_253,primary_platform,4,5,Another platform,0.44
125,teen_social_big_support_aug2_253,primary_platform,5,6,I do not use social media,0.01
126,teen_social_big_support_aug2_254,social_media_hours,0,1,Less than one hour,0.3
126,teen_social_big_support_aug2_254,social_media_hours,1,2,One to three hours,0.55
126,teen_social_big_support_aug2_254,social_media_hours,2,3,Four or more hours,0.15
126,teen_social_big_support_aug2_254,posting_frequency,0,1,Never or almost never,0.62
126,teen_social_big_support_aug2_254,posting_frequency,1,2,Less than once a week,0.22
126,teen_social_big_support_aug2_254,posting_frequency,2,3,A few times a week,0.1
126,teen_social_big_support_aug2_254,posting_frequency,3,4,At least once a day,0.06
126,teen_social_big_support_aug2_254,late_night_use,0,1,Never,0.28
126,teen_social_big_support_aug2_254,late_night_use,1,2,Rarely,0.42
126,teen_social_big_support_aug2_254,late_night_use,2,3,Sometimes,0.2
126,teen_social_big_support_aug2_254,late_night_use,3,4,Often,0.1
126,teen_social_big_support_aug2_254,sleep_interference,0,1,Never,0.1
126,teen_social_big_support_aug2_254,sleep_interference,1,2,Rarely,0.16
126,teen_social_big_support_aug2_254,sleep_interference,2,3,Sometimes,0.29
126,teen_social_big_support_aug2_254,sleep_interference,3,4,Often,0.45
126,teen_social_big_support_aug2_254,social_comparison,0,1,Never,0.58
126,teen_social_big_support_aug2_254,social_comparison,1,2,Rarely,0.27
126,teen_social_big_support_aug2_254,social_comparison,2,3,Sometimes,0.1
126,teen_social_big_support_aug2_254,social_comparison,3,4,Often,0.05
126,teen_social_big_support_aug2_254,connection_effect,0,1,Makes me feel less connected,0.18
126,teen_social_big_support_aug2_254,connection_effect,1,2,Makes little difference,0.58
126,teen_social_big_support_aug2_254,connection_effect,2,3,Makes me feel more connected,0.24
126,teen_social_big_support_aug2_254,parental_rules,0,1,No rules,0.18
126,teen_social_big_support_aug2_254,parental_rules,1,2,A few loose rules,0.48
126,teen_social_big_support_aug2_254,parental_rules,2,3,Some clear rules,0.25
126,teen_social_big_support_aug2_254,parental_rules,3,4,Very strict rules,0.09
126,teen_social_big_support_aug2_254,primary_platform,0,1,TikTok,0.1
126,teen_social_big_support_aug2_254,primary_platform,1,2,Instagram,0.09
126,teen_social_big_support_aug2_254,primary_platform,2,3,YouTube,0.18
126,teen_social_big_support_aug2_254,primary_platform,3,4,Snapchat,0.08
126,teen_social_big_support_aug2_254,primary_platform,4,5,Another platform,0.12
126,teen_social_big_support_aug2_254,primary_platform,5,6,I do not use social media,0.43
127,teen_social_big_support_aug2_255,social_media_hours,0,1,Less than one hour,0.58
127,teen_social_big_support_aug2_255,social_media_hours,1,2,One to three hours,0.32
127,teen_social_big_support_aug2_255,social_media_hours,2,3,Four or more hours,0.1
127,teen_social_big_support_aug2_255,posting_frequency,0,1,Never or almost never,0.24
127,teen_social_big_support_aug2_255,posting_frequency,1,2,Less than once a week,0.2
127,teen_social_big_support_aug2_255,posting_frequency,2,3,A few times a week,0.46
127,teen_social_big_support_aug2_255,posting_frequency,3,4,At least once a day,0.1
127,teen_social_big_support_aug2_255,late_night_use,0,1,Never,0.62
127,teen_social_big_support_aug2_255,late_night_use,1,2,Rarely,0.22
127,teen_social_big_support_aug2_255,late_night_use,2,3,Sometimes,0.11
127,teen_social_big_support_aug2_255,late_night_use,3,4,Often,0.05
127,teen_social_big_support_aug2_255,sleep_interference,0,1,Never,0.1
127,teen_social_big_support_aug2_255,sleep_interference,1,2,Rarely,0.18
127,teen_social_big_support_aug2_255,sleep_interference,2,3,Sometimes,0.3
127,teen_social_big_support_aug2_255,sleep_interference,3,4,Often,0.42
127,teen_social_big_support_aug2_255,social_comparison,0,1,Never,0.28
127,teen_social_big_support_aug2_255,social_comparison,1,2,Rarely,0.47
127,teen_social_big_support_aug2_255,social_comparison,2,3,Sometimes,0.18
127,teen_social_big_support_aug2_255,social_comparison,3,4,Often,0.07
127,teen_social_big_support_aug2_255,connection_effect,0,1,Makes me feel less connected,0.5
127,teen_social_big_support_aug2_255,connection_effect,1,2,Makes little difference,0.36
127,teen_social_big_support_aug2_255,connection_effect,2,3,Makes me feel more connected,0.14
127,teen_social_big_support_aug2_255,parental_rules,0,1,No rules,0.04
127,teen_social_big_support_aug2_255,parental_rules,1,2,A few loose rules,0.09
127,teen_social_big_support_aug2_255,parental_rules,2,3,Some clear rules,0.3
127,teen_social_big_support_aug2_255,parental_rules,3,4,Very strict rules,0.57
127,teen_social_big_support_aug2_255,primary_platform,0,1,TikTok,0.08
127,teen_social_big_support_aug2_255,primary_platform,1,2,Instagram,0.09
127,teen_social_big_support_aug2_255,primary_platform,2,3,YouTube,0.14
127,teen_social_big_support_aug2_255,primary_platform,3,4,Snapchat,0.08
127,teen_social_big_support_aug2_255,primary_platform,4,5,Another platform,0.13
127,teen_social_big_support_aug2_255,primary_platform,5,6,I do not use social media,0.48
128,teen_social_big_support_aug2_256,social_media_hours,0,1,Less than one hour,0.55
128,teen_social_big_support_aug2_256,social_media_hours,1,2,One to three hours,0.35
128,teen_social_big_support_aug2_256,social_media_hours,2,3,Four or more hours,0.1
128,teen_social_big_support_aug2_256,posting_frequency,0,1,Never or almost never,0.22
128,teen_social_big_support_aug2_256,posting_frequency,1,2,Less than once a week,0.45
128,teen_social_big_support_aug2_256,posting_frequency,2,3,A few times a week,0.23
128,teen_social_big_support_aug2_256,posting_frequency,3,4,At least once a day,0.1
128,teen_social_big_support_aug2_256,late_night_use,0,1,Never,0.12
128,teen_social_big_support_aug2_256,late_night_use,1,2,Rarely,0.25
128,teen_social_big_support_aug2_256,late_night_use,2,3,Sometimes,0.42
128,teen_social_big_support_aug2_256,late_night_use,3,4,Often,0.21
128,teen_social_big_support_aug2_256,sleep_interference,0,1,Never,0.05
128,teen_social_big_support_aug2_256,sleep_interference,1,2,Rarely,0.15
128,teen_social_big_support_aug2_256,sleep_interference,2,3,Sometimes,0.31
128,teen_social_big_support_aug2_256,sleep_interference,3,4,Often,0.49
128,teen_social_big_support_aug2_256,social_comparison,0,1,Never,0.06
128,teen_social_big_support_aug2_256,social_comparison,1,2,Rarely,0.16
128,teen_social_big_support_aug2_256,social_comparison,2,3,Sometimes,0.32
128,teen_social_big_support_aug2_256,social_comparison,3,4,Often,0.46
128,teen_social_big_support_aug2_256,connection_effect,0,1,Makes me feel less connected,0.16
128,teen_social_big_support_aug2_256,connection_effect,1,2,Makes little difference,0.29
128,teen_social_big_support_aug2_256,connection_effect,2,3,Makes me feel more connected,0.55
128,teen_social_big_support_aug2_256,parental_rules,0,1,No rules,0.48
128,teen_social_big_support_aug2_256,parental_rules,1,2,A few loose rules,0.28
128,teen_social_big_support_aug2_256,parental_rules,2,3,Some clear rules,0.16
128,teen_social_big_support_aug2_256,parental_rules,3,4,Very strict rules,0.08
128,teen_social_big_support_aug2_256,primary_platform,0,1,TikTok,0.17
128,teen_social_big_support_aug2_256,primary_platform,1,2,Instagram,0.18
128,teen_social_big_support_aug2_256,primary_platform,2,3,YouTube,0.13
128,teen_social_big_support_aug2_256,primary_platform,3,4,Snapchat,0.42
128,teen_social_big_support_aug2_256,primary_platform,4,5,Another platform,0.08
128,teen_social_big_support_aug2_256,primary_platform,5,6,I do not use social media,0.02
